{"type":"Topology","arcs":[[[93087,112838],[52,52],[-70,85],[-33,102]],[[93036,113077],[91,16],[81,30],[16,49],[40,45],[124,59],[42,150],[43,64],[-4,34],[24,95]],[[93493,113619],[55,-31],[22,42],[90,74],[39,58],[26,-20],[58,75],[-15,46],[-1,108],[15,44],[117,99]],[[93899,114114],[56,-16],[174,-151],[30,-89],[73,-65],[27,-100],[38,-54],[46,-11],[24,-69],[38,-43],[118,-68],[189,-82],[69,24],[235,-60],[25,-24],[127,-46],[142,-107],[85,-35],[-35,-31],[14,-99],[130,-79],[36,7],[50,-76],[-8,-41],[-112,-58],[-45,-55],[-74,3],[-79,25],[-98,-32],[-66,-79],[-36,-63],[-46,-28],[-26,-91],[-48,-33],[-70,-21],[-26,-59],[-59,17],[-72,-55],[-29,21],[-54,-45],[-77,11],[-123,-44],[-92,33],[-5,41],[-45,55],[-74,50],[-230,88],[-57,7],[-100,42],[-90,-6],[-67,30],[-174,61],[-141,3],[-131,-34],[-60,-45],[-45,-66],[22,-34],[-96,-36],[-55,89],[-4,67],[70,60],[46,-46],[49,45],[13,108],[-39,52],[-41,18],[-9,43]],[[94844,120793],[-94,34],[-54,51],[-48,107],[-37,35],[15,77],[-43,51],[19,64],[-120,18],[-47,-24],[-78,35],[-106,-25],[-60,18]],[[94191,121234],[18,58],[-2,77],[-53,35],[-70,19],[-88,49],[-87,-16],[-107,145],[-7,79]],[[93795,121680],[57,44],[108,-13],[118,39],[77,-4],[41,35],[-15,40],[44,24],[56,-5],[82,16],[132,71],[196,-2],[-15,-42],[18,-46],[-9,-79],[-67,-39],[71,-85],[78,-70],[51,-20],[92,2],[109,-47],[54,-4],[126,-55],[69,-49],[75,-16],[114,-54],[233,90],[197,101],[95,62],[11,43],[80,64],[35,-27],[29,-72]],[[96137,121582],[-113,-92],[-19,17],[-101,-91]],[[95904,121416],[-49,-45],[-43,35],[-45,5],[-176,-113],[11,-45],[45,-34],[-61,-52],[-76,-132],[-76,-65],[-28,5],[-50,34],[-41,-6],[-14,55],[-64,57],[-94,25],[-54,29],[-83,-11],[-22,-59],[-50,-36],[39,-71],[-54,-18],[31,-37],[-36,-95],[-47,-10],[-23,-39]],[[101327,126375],[11,-77],[-63,-59],[16,-62],[-23,-86],[55,-128],[45,-9],[-25,-81],[-37,-15],[9,-55],[42,-11],[34,-86],[-33,-36],[31,-163],[7,-103],[77,10],[-13,39],[59,19],[48,46],[-1,30],[138,121],[197,95],[-118,108],[119,108],[-4,149],[43,93],[-3,36],[116,143]],[[102054,126401],[56,23]],[[102110,126424],[36,-83],[-19,-58],[41,-63],[20,-150],[-19,-27],[39,-56],[-3,-71],[21,-18],[-12,-59],[40,-77],[-11,-26]],[[102243,125736],[330,-335],[80,0],[62,-70],[76,33],[28,-108],[58,-22],[92,4],[17,27],[82,-32],[57,-60],[105,21],[48,-6],[73,-72],[131,-8],[57,49],[41,5]],[[103580,125162],[51,-30],[0,-37],[63,-45],[-16,-68],[53,-47],[-29,-34],[-3,-57],[24,-96]],[[103723,124748],[-17,12],[-124,6],[-41,-22],[-121,20],[-105,79],[-32,-10],[-86,32],[-12,37],[-86,81],[-165,-23],[-40,41],[-61,-11],[-110,35],[-62,43],[-61,69],[-98,39],[-68,0],[-49,-54],[-43,2],[-17,-270]],[[102325,124854],[-91,45],[-35,43],[-151,57],[-90,55],[-61,-57],[97,-209],[107,-88],[22,24],[324,-266],[35,17],[284,38],[19,-99]],[[102785,124414],[-112,-10],[-32,-24],[-253,-32],[-72,2],[-123,99],[-15,75],[-89,87],[-135,20],[-38,-24],[-5,-49],[24,-51],[-55,-46],[8,-80],[-76,-61],[-49,22],[-73,-45],[-54,-87],[-1,-75],[-91,-67],[26,-80],[-5,-49],[-33,-75]],[[101532,123864],[-108,49],[-12,76],[-58,67],[-7,126],[-17,67],[42,46],[-16,53],[25,74],[-73,127],[-61,53],[-54,2],[-97,-53]],[[101096,124551],[-154,-39],[-47,-33],[-27,83],[-88,121],[-15,50],[19,35],[-1,76],[20,109],[-48,34],[12,62],[103,4],[22,21],[-20,74],[8,55],[117,123],[37,13],[-24,73],[30,49],[64,22],[-10,58],[-42,22],[-112,166],[42,59],[19,57],[-50,69],[-120,0],[-47,25],[-36,-11],[-68,38],[-3,64],[18,45],[-68,42],[2,41]],[[100629,126158],[115,111],[47,16],[96,127],[48,24],[153,-2],[41,47]],[[101129,126481],[23,-38],[131,-65],[44,-3]],[[94893,116291],[-49,-10],[-113,-114],[-56,-69],[-21,-98],[-35,-34],[-141,50],[-36,-9],[-54,63],[-76,12],[-51,77],[-10,44],[98,44],[94,-56],[4,-54],[35,-27],[43,20],[-20,135],[10,52],[-240,45],[-102,37],[-45,67]],[[94128,116466],[129,53],[81,-5],[40,46],[52,27],[44,54],[47,20],[-22,61],[22,75],[37,35]],[[94558,116832],[72,-11],[57,-28],[8,-47],[-27,-50],[33,-55],[46,-21],[59,-172],[4,-72],[29,-58],[54,-27]],[[111487,123717],[130,-58],[-35,-36],[-27,-122],[-22,-41],[33,-51],[-45,-42],[48,-78]],[[111569,123289],[-41,-56],[44,-56],[-131,-107],[-36,-70],[-50,-51],[-85,-56],[-2,-56],[-25,-38],[-85,-57],[-39,-57],[16,-32],[-27,-98],[-38,-39],[13,-56],[-81,-18],[-8,-63],[13,-56],[90,-66],[19,-60],[54,-77],[197,-130],[39,-44],[-2,-47],[72,-62],[-8,-44],[83,-217],[50,-75],[-6,-51],[56,-24],[-23,-61],[11,-48],[74,-104],[-11,-38],[46,-105],[39,-25],[-9,-35],[53,-48],[5,-28],[73,-33],[97,-7],[31,51],[378,-77]],[[112415,120868],[25,-37],[58,-35],[40,-157],[-15,-84],[-116,-92],[35,-76],[63,30],[36,-31],[93,-11],[-12,-32],[46,-47],[120,-71],[54,-55],[23,-82],[3,-66]],[[112868,120022],[-130,35],[-55,-8],[-58,53],[-86,3],[-129,49],[-47,56],[-77,-10],[-15,115],[-62,62],[-53,17],[-48,-26],[-138,24],[-51,24],[-95,17],[-64,-2],[-239,-42]],[[111521,120389],[-33,55],[-45,4],[49,139],[-294,88],[-58,112],[-80,-31],[-107,34],[-26,-31],[-94,43],[-51,80],[6,40],[-47,100],[-3,131],[-76,51],[-71,16],[-56,35],[-46,61],[17,120],[-101,92],[-108,26],[-36,117],[15,49],[-26,38],[-9,93],[-49,94],[-57,23],[10,87],[-27,17],[28,54],[15,76],[89,52],[33,100],[84,8],[9,90],[55,29],[-16,41],[45,27],[-12,47],[52,42],[-11,53],[-81,93],[-42,6]],[[110366,122790],[11,40],[88,66],[-25,25],[37,102],[-17,106],[-49,-7],[-65,49],[-20,49],[24,39],[-33,101]],[[110317,123360],[113,-25],[104,21],[134,68],[64,101],[-34,68],[56,85],[74,9],[63,-24],[67,-4],[61,34],[11,61],[40,27],[112,-37],[90,-93],[49,71],[57,21],[29,-28],[80,2]],[[110348,119903],[-225,-142],[-173,-116],[-176,-128],[-135,-112]],[[109639,119405],[-106,62],[-56,72],[-98,76],[-64,22],[-99,81],[-60,29],[28,42],[-58,66],[-1,58],[-35,44],[10,51],[-23,35],[23,41],[1,69],[-84,68],[2,43],[-90,89],[-51,28],[-41,-37],[-68,85],[38,184],[0,66],[79,90],[77,14],[13,89],[39,17],[29,45],[-5,237]],[[109039,121171],[103,9],[101,-3],[50,12],[40,-29],[13,-80],[35,-46],[73,-13],[47,-47],[64,14],[65,-26],[86,11],[38,-18],[65,-101],[76,-45],[5,-41],[46,-31],[-18,-37],[-53,-33],[23,-102],[-56,-15],[-10,-56],[-38,-19],[20,-97],[41,-29],[20,-63],[97,-83],[89,8],[130,-97],[87,-100],[-18,-35],[20,-48],[68,-28]],[[105857,120093],[17,-38],[56,13],[72,-17],[32,31],[66,-15],[30,-65],[165,5],[56,14],[28,-32]],[[106379,119989],[-41,-12],[-46,-50],[-3,-70],[-82,-113],[61,-37],[0,-115],[-33,-107],[-35,-66],[30,-15],[-80,-141],[133,-52],[-38,-77],[129,-50],[-66,-140],[183,-41],[-54,-186],[-33,7],[-18,-61]],[[106386,118663],[-43,-151],[-170,39],[-1,-35],[-87,-18]],[[106085,118498],[-8,33],[40,126],[-201,51],[-47,-9],[-52,-65],[-107,58],[-19,-29],[-70,37],[-22,-61],[-84,-67],[-50,-59],[50,-53],[-140,-212],[-53,-31],[-29,-57],[-43,1],[-1,-58],[-55,-23],[-49,12],[-106,-65],[-86,-6],[-66,-34],[-45,23],[-110,-3],[-69,30],[-97,-77],[-116,108],[-44,3],[-57,56],[27,84],[6,91],[-11,37],[36,57],[-68,74],[-46,-25],[-49,0],[-60,-26],[-44,30],[-44,-5],[-97,19],[-150,-64]],[[103849,118399],[-42,44],[12,73],[-14,125],[-34,17],[-79,-21],[-31,14],[-18,59],[-50,34],[-55,-11],[-50,13]],[[103488,118746],[-38,31],[-4,44]],[[103446,118821],[56,109],[115,52]],[[103617,118982],[128,-31],[70,8],[49,25],[71,-77],[176,8],[15,-26],[76,-7],[34,-23],[82,3],[232,-41],[-4,-65],[129,-99],[75,-16],[287,309],[29,55],[60,7],[74,37],[70,10],[16,27],[111,53],[79,62],[62,72],[29,58],[147,162],[144,232],[-5,31],[-175,-15],[-23,218],[39,53],[-9,33],[66,28],[17,34],[89,-14]],[[110965,127494],[-9,-38],[-99,20],[-74,-21],[-26,-71],[-44,-36],[-82,-104],[-2,-38],[-65,-57],[23,-42],[-3,-98],[-36,-91],[-32,-5],[-28,-56],[80,-34],[40,-131],[-45,-38],[14,-64],[-98,-55],[-36,-6],[-11,-100],[53,-30],[-8,-49],[19,-69],[41,-46],[119,27]],[[110656,126262],[-3,-76],[-86,-101],[31,-38]],[[110598,126047],[24,-47],[-166,-97],[16,-36],[-87,-55],[6,-82],[-46,-74],[-8,-50],[-51,-12],[-21,-33],[25,-51],[-107,-132],[-3,-84],[-65,-22],[-47,63],[-61,-57],[27,-41],[-18,-29],[-116,-62],[-40,-41],[9,-37]],[[109869,125068],[-61,-97],[11,-25],[-28,-63],[-42,-19],[-69,35],[-104,13],[-66,-42],[-15,-45],[-38,-7],[-77,-75],[-18,-68]],[[109362,124675],[-50,25],[-22,68],[-62,39],[-5,44],[71,179],[-38,356],[-512,-40],[-82,-49],[-49,3],[-73,35]],[[108540,125335],[-179,-115],[-202,28],[-212,-134],[-61,22],[-28,-47],[-10,-99],[-28,-62],[15,-37],[-88,-5],[-85,-40],[-89,12],[-81,-9],[-37,-41],[-83,6],[-36,-38],[7,-72],[-54,-79],[-49,21],[-48,-7],[-64,-69],[-65,1],[-18,-48],[-98,-31],[-18,-30],[-114,35],[-65,5],[-91,48],[-98,-4],[-45,-34],[-81,-1],[-14,-37],[-122,7],[-120,-71],[-109,-37],[-28,-61],[24,-44],[-67,-44],[-8,-38]],[[105991,124186],[-95,-22],[-65,23]],[[105831,124187],[-32,29],[1,52],[61,51],[40,82],[92,56],[-15,72],[-42,23],[-6,46],[-103,55],[-10,59],[34,24],[2,58],[77,100],[55,3]],[[105985,124897],[52,0],[72,-42],[72,13],[88,-35],[142,84],[13,77],[-34,68],[8,37],[100,52],[102,106],[93,-26],[61,65],[40,-35],[56,9],[13,36],[60,16],[70,54],[-13,39],[73,16],[7,44],[115,-16],[96,20],[83,4],[102,87],[99,-6],[33,18],[55,-33],[91,31],[41,0],[64,75],[17,57],[91,28],[39,36],[31,-33],[68,34],[-37,80],[22,135],[72,51],[20,58],[-15,168],[31,108],[-14,45]],[[108164,126422],[83,6],[13,-53],[54,-37],[70,19],[42,34],[43,-106],[30,-29],[76,28],[50,-33],[-31,-72],[43,-26],[18,-66],[101,-119],[101,21],[4,61],[36,78],[55,26],[103,98],[-5,57],[-37,14],[5,80],[-22,77],[40,5],[50,-31],[40,5],[50,62],[22,53],[-24,29],[68,53],[51,-38],[49,62],[265,-67],[77,28],[112,90],[87,92],[65,14],[29,38],[25,79],[73,36],[6,41],[-38,109],[35,38],[71,120],[-84,39],[-208,222],[-708,117]],[[109149,127676],[4,256]],[[109153,127932],[66,-28],[262,-81],[385,-108],[263,-65],[194,-41],[355,-60],[166,12],[57,-43],[64,-24]],[[101486,120717],[39,-14],[51,-95],[-36,-39],[-144,-66],[-32,-38],[8,-43],[-30,-89],[-30,-46]],[[101312,120287],[-40,38],[-51,-31],[-37,-99],[-87,48],[-82,-39],[3,-33],[-65,-18],[-33,-42],[-97,-13],[-48,50],[-79,-55],[-34,24],[-59,-36],[5,-132],[-40,-5],[-142,-78],[8,-70],[-27,-63],[-138,-161]],[[100269,119572],[-51,29],[-92,-85],[-51,17]],[[100075,119533],[-78,27],[-101,-23],[-74,167],[-29,91],[-62,16],[-80,46]],[[99651,119857],[46,45],[2,92],[-13,66],[-72,26],[-18,109],[-31,27],[26,43],[-4,89],[-52,34],[-112,-20],[-60,130],[31,43],[-5,52],[-33,37],[-5,50],[35,28],[14,53],[-7,92],[23,34],[-26,94],[16,25],[114,47]],[[99520,121053],[204,4],[41,-51],[64,26],[17,48],[93,-53],[95,16],[42,53],[-35,53],[-36,135],[58,34]],[[100063,121318],[45,-1],[53,29],[-6,43],[72,63],[71,20],[57,-16],[60,44],[44,11],[63,105],[119,23],[20,143],[29,46]],[[100690,121828],[111,-65],[32,-44],[146,31],[45,-21],[95,27],[24,66],[47,-9],[116,25]],[[101306,121838],[27,-77],[1,-98],[-70,-59],[-5,-57],[-35,-81],[-39,-42],[-11,-57],[48,-98],[-41,-23],[-7,-66],[-44,-27],[-7,-75],[38,-38],[-7,-44],[70,-54],[26,-108],[138,-103],[98,-14]],[[99520,121053],[-88,27],[-35,54],[-52,-21],[-101,80],[2,35],[-97,6],[-80,-40],[-105,-77],[-51,-56],[-47,-2],[-114,-57],[-45,-44],[-143,-71]],[[98564,120887],[-95,36],[-171,12]],[[98298,120935],[-187,238]],[[98111,121173],[-101,130],[-46,29],[-21,63],[-71,36]],[[97872,121431],[-63,34],[54,82],[64,68],[49,-15],[19,109],[68,53],[-26,50],[60,14],[36,32],[-70,105],[28,74],[-84,66],[38,44],[-9,77]],[[98036,122224],[14,40],[94,-32],[-18,85],[-27,50],[115,99],[-56,56],[88,-9]],[[98246,122513],[304,-142],[203,-195],[86,-142]],[[98839,122034],[-16,-20],[-20,-144],[116,-19],[7,-137],[84,-32],[158,12],[98,-51],[45,-5],[48,47],[8,37],[50,0],[101,-47],[23,-49],[83,15],[74,-47],[81,-11],[31,-40],[72,-44],[101,7],[69,-144],[11,-44]],[[110965,127494],[297,-70],[129,-18],[92,4],[82,28],[32,41],[37,-25],[36,-146],[-23,-91],[-3,-69],[49,-26],[-34,-113],[86,-93],[92,-42],[-11,-89],[57,-72],[13,-72],[126,-76],[204,-87]],[[112226,126478],[-14,-33],[165,-86],[174,-32],[42,-80],[-31,-97],[-1,-85],[-40,-96],[-62,-60],[12,-64],[-94,-21],[10,-78],[-21,-20],[-39,-120],[48,-113],[-18,-39],[-1,-74]],[[112356,125380],[-115,246],[3,121],[82,24],[-39,106],[16,64],[-401,146],[-7,-65],[25,-67],[-67,-19],[-24,26],[-129,-34],[-36,89],[-61,117],[-28,10],[-7,63],[-74,133],[-54,22],[-69,143],[-140,51],[-244,-196],[-3,-27],[-119,39],[-112,1],[-36,-24],[-61,-87]],[[99245,126399],[22,-50],[-41,-59],[18,-58],[31,-18],[49,-81],[-22,-45],[-95,-32],[-60,-63],[-2,-63],[-40,-68],[0,-77]],[[99105,125785],[-150,-26],[4,-65],[-40,-10],[-49,24],[-86,-50],[50,-69],[-12,-92],[-92,-68],[-83,-38],[24,-52],[-43,-128],[-32,12],[-68,87],[-36,87],[-71,50],[-44,13],[-45,-20],[-63,25]],[[98269,125465],[-2,61],[-28,64],[11,56],[-103,107],[-33,70],[-39,13],[13,62],[-10,62],[-79,46],[-118,113],[-89,25]],[[97792,126144],[69,97],[31,16],[43,172],[30,-4],[3,88],[22,63],[1,64],[27,80]],[[98018,126720],[17,-53],[71,-50],[58,-81],[56,-7],[23,-37],[55,1],[79,-47],[10,-45],[68,-17],[45,-64],[96,13],[54,-10],[57,35],[67,92],[13,45],[59,1],[63,30],[70,-20],[38,44],[93,-15],[35,-47],[48,-24],[52,-65]],[[98934,118495],[21,-74],[-2,-86],[-73,-44],[6,-47],[-9,-219],[-58,-67],[-26,-78]],[[98793,117880],[-93,30],[13,39],[-127,49],[-225,42],[-134,8],[-89,-5],[-75,16],[-149,-15],[91,62],[201,83],[45,41],[-278,-113],[-66,-18],[-29,-41],[-70,-20],[-164,-25],[-264,-66],[-163,-56],[-190,-73],[-228,-112]],[[96799,117706],[11,49],[-102,50],[-48,93],[-145,87],[-99,88],[5,49],[-35,54],[14,143],[22,50],[73,15]],[[96495,118384],[61,25],[6,41],[72,1],[86,155],[48,33],[2,137],[-12,125],[147,-19],[67,21],[51,-51],[139,-38],[85,-11],[37,13],[93,-18],[75,25],[97,-48],[57,4],[106,99],[63,82],[88,0],[43,19],[101,8],[105,-7],[119,-27],[78,-5],[82,62],[107,48]],[[98498,119058],[26,-49],[-30,-71],[14,-92],[-42,-54],[64,-110],[146,-112],[99,-89],[159,14]],[[100109,135668],[-6,-105],[-26,-60],[-84,-17],[-15,-55],[-41,-21],[-87,-8],[-95,-45],[-30,4],[-77,-63],[-13,-51],[48,-51],[33,-61],[-8,-61],[-36,-28],[5,-70],[70,-40],[53,-6],[20,-81],[-32,-45],[23,-55],[66,-48],[-48,-56],[0,-35]],[[99829,134610],[-29,-30],[-63,6],[-76,-45],[-107,7],[-103,-104],[-56,-41],[-63,-80],[1,-88],[-204,-3],[2,84],[-88,25],[-74,-36],[-51,37],[72,45],[-79,33],[3,36],[-122,-74],[-151,179],[73,44],[-21,55],[-66,97],[1,70],[-22,26],[-85,-46],[-65,-11],[17,-62],[-41,-54],[6,-51],[-95,-48],[-89,59],[-77,-1],[-125,-38],[-9,-73],[-64,-25],[-56,-58],[-40,3],[-45,-32],[-105,-28],[-18,-42],[29,-28],[8,-92],[-39,-18],[-76,22]],[[97637,134230],[-49,141],[27,257],[183,213],[57,146],[-23,98],[38,19],[111,129],[42,71],[27,90],[-1,68],[-99,136],[-19,90],[-1,95],[31,116],[40,65],[116,-114],[30,-64],[8,-66],[90,-35],[44,1],[20,-54],[50,-2],[127,29],[29,78],[70,-48],[61,-11],[130,16],[128,49],[96,50],[132,110],[77,137],[-25,56],[32,80],[-3,78],[70,48],[6,43],[99,54],[83,2],[43,33],[93,-42],[37,-37],[30,-82],[14,-96],[121,-126],[136,-58],[24,-39],[5,-68],[57,-46],[-9,-61],[87,-111]],[[98246,122513],[41,89],[62,31],[74,3],[112,26],[48,-28],[22,38]],[[98605,122672],[40,105],[48,30],[99,5],[114,65],[13,75]],[[98919,122952],[179,-35],[8,34],[242,-54],[50,7],[71,-59],[28,-46],[53,17],[60,-12],[64,-34],[61,70],[22,54],[70,21],[64,65],[59,82],[66,4],[12,-33],[52,-14],[29,-62]],[[100109,122957],[13,-141],[43,-17],[7,-41],[-37,-45],[33,-40],[-50,-37]],[[100118,122636],[-145,50],[-28,-22],[-4,-52],[-45,-58],[4,-72],[-50,-81],[-50,-46],[-70,-8],[-99,-48],[-27,1],[-67,-66],[-65,7],[-51,28],[-55,-5],[-96,-48],[-13,-42],[-55,-21],[-3,-37],[-84,-62],[-124,-5],[-57,-63],[-95,48]],[[101532,123864],[-6,-70],[23,-52],[35,-24],[28,-97],[45,3],[37,-43],[62,-31],[19,-53],[-67,-78],[9,-51]],[[101717,123368],[18,-52],[6,-109],[34,-32],[-7,-74],[-49,-28],[-32,-115],[-20,-7]],[[101667,122951],[-33,-52],[4,-46],[46,-45],[-104,-45],[-95,-67],[-40,-3],[-65,-56],[-15,-49],[37,-84],[-83,-51],[-14,-75],[-35,-49],[5,-31],[70,-56],[14,-60],[-54,-167],[9,-114]],[[101314,121901],[-8,-63]],[[100690,121828],[-37,31],[-47,-2],[-27,-33],[-81,-21],[-55,16],[-103,223],[-27,15],[0,61],[-63,30],[12,83],[-86,33],[-48,72],[-39,29],[22,73],[48,44],[22,58],[-75,78],[12,18]],[[100109,122957],[19,26],[-13,59],[10,49]],[[100125,123091],[36,47],[65,41]],[[100226,123179],[-31,101],[-9,88],[10,62],[70,86],[59,-4]],[[100325,123512],[36,-44],[60,44],[-3,44],[44,74],[83,45],[55,52],[-9,36],[36,41],[-44,54],[-140,12],[-83,-56],[-21,42],[39,21],[112,122],[-16,66],[-5,152],[10,64],[-31,33],[-30,73],[24,60]],[[100442,124447],[93,33],[99,-28],[78,-4],[42,15],[89,-9],[117,-27],[62,44],[62,7],[12,73]],[[96962,121440],[665,64]],[[97627,121504],[12,-96],[233,23]],[[98111,121173],[-447,-277],[24,-48],[7,-90],[-76,-34],[-4,-41],[-51,-51],[23,-68]],[[97587,120564],[-104,-17],[-130,-38],[-97,30]],[[97256,120539],[-22,192],[-156,117],[-4,79],[26,39],[-12,51],[-44,26],[-41,-43],[-67,49],[49,120],[6,94],[-42,134],[13,43]],[[100325,123512],[-1,64],[-46,73],[25,89],[-67,-5],[-102,41],[-31,30],[-104,-22],[-96,-44],[-27,-35],[-59,15]],[[99817,123718],[-99,79],[-5,46],[19,111]],[[99732,123954],[30,42],[15,69],[44,46],[-5,95],[120,104],[50,14],[89,49],[58,-44],[67,69],[66,8],[21,80]],[[100287,124486],[101,26],[54,-65]],[[108014,128363],[-76,-70],[-96,-29],[-83,-65],[-28,-54],[-87,-80],[-100,-140],[-92,-62],[-35,-1],[-64,-50],[-57,-98],[-31,-13],[-30,-59],[22,-63],[11,-151],[-31,-21]],[[107237,127407],[-102,65],[-70,-17],[-38,-50],[-3,-48],[-127,-134],[-50,-34],[-8,-48],[-46,-55],[-56,1],[-23,-41],[-61,-55],[18,-34],[-67,-19],[-28,40],[-98,10],[-53,34],[-102,-61],[-66,-1],[-13,-52],[-60,-44],[-81,2],[-86,-22],[-23,-81],[-48,-54],[-70,19],[-46,35],[-87,17]],[[105743,126780],[1,38],[47,75],[-6,47],[-37,28],[38,43],[-24,99],[-29,20],[76,65],[-23,32],[97,110],[-19,88],[-57,110],[-24,75],[44,74],[80,16],[4,38],[51,73],[-2,53],[40,77],[109,78],[13,30],[-20,121],[-102,60],[-86,14],[-98,89],[-62,78],[-32,-2],[-52,46],[-86,126]],[[105584,128581],[97,30],[36,143],[99,5],[29,43],[55,15],[4,42],[104,20],[52,-4],[28,-37],[69,43],[20,91],[52,-9],[42,19],[91,9],[18,88],[146,118],[-14,58],[20,50]],[[106532,129305],[173,-97],[163,-85],[45,-11],[41,-68],[17,-90],[27,-51],[91,-79],[152,-99],[284,-144],[263,-121],[226,-97]],[[101474,128495],[649,2],[1,-75],[34,-36],[161,-1],[6,-54],[49,-39],[35,-119],[37,-9],[78,-80],[30,-127],[51,1],[48,28],[121,-37],[20,-51],[127,-35],[116,14],[42,-22]],[[103079,127855],[86,-44],[135,43],[18,63],[144,23],[18,-87],[93,61],[31,40],[126,26],[78,-69],[68,-15],[86,-118],[37,-17],[-13,-58],[63,-43],[49,19],[52,58],[88,18]],[[104238,127755],[25,-70],[-17,-64],[10,-50],[50,-33],[48,-96],[-21,-20],[3,-89],[71,-34],[-52,-95],[19,-40],[53,-27],[24,-66],[-65,-56],[52,-49],[-13,-82],[82,7],[45,-69],[-20,-40],[43,-88],[-15,-51],[-57,-33],[11,-35],[-48,-114]],[[104466,126461],[-67,-16],[-34,-51],[-62,13],[-53,-60],[-53,-33],[-1,-51],[-74,-44],[-94,8],[-12,39],[-66,17],[-48,32]],[[103902,126315],[-38,55],[-56,20],[-49,48],[-43,71],[-23,97],[-39,17],[-26,97],[-75,41],[-100,81],[-36,43],[-116,-24],[-80,-36],[-36,41],[-47,8],[-91,71],[-126,-47],[8,-39],[-132,-51],[-81,-2],[-71,-89]],[[102645,126717],[-73,0],[-33,-45],[-87,-32],[-30,-34]],[[102422,126606],[-46,37],[-49,73],[36,124],[-17,43],[18,50],[-10,56],[20,29],[-3,103],[-33,105],[-56,54],[10,24],[-44,58],[24,47],[-31,43],[-50,27]],[[102191,127479],[-35,30],[-51,-17],[-119,56],[22,84],[-6,65],[-95,-10],[-124,-34],[-83,-6],[-41,49],[-20,81],[-108,58],[-1,70],[-104,-26],[-47,-88],[-37,-22],[-3,-95],[-38,-70],[-19,-98],[31,-66],[5,-113],[-61,-29],[-6,-62],[66,-140],[5,-61],[-36,-20]],[[101286,127015],[-83,-25],[-50,-60],[-69,-41]],[[101084,126889],[-137,94],[-19,-17],[-155,106],[-14,80],[32,60],[9,63],[-19,47],[14,42],[76,88],[44,89],[-83,100],[-15,86],[-31,34],[52,57],[-18,118],[-44,8],[-28,41],[141,94],[33,95],[7,110],[24,60],[-55,43],[-81,-53],[-62,40],[6,43],[107,156],[65,-49],[26,38],[7,73],[95,12],[43,-11],[48,-60],[40,0],[54,-35],[32,20],[41,-47],[59,-31],[14,-58],[88,29],[-6,41]],[[101474,128495],[-98,116],[-19,81],[-54,26],[7,45],[46,6],[100,77],[3,110],[80,55],[-12,207],[-35,106]],[[101492,129324],[5,32],[-31,116],[-26,59],[153,109],[119,24],[24,-21],[91,87],[54,5],[14,43],[42,35],[91,5],[9,-64],[81,-11],[49,23],[72,-16],[36,31],[47,-11],[96,-137],[155,-50],[116,11],[23,17],[101,4],[105,-27]],[[102918,129588],[-12,-74]],[[102906,129514],[-94,-85],[-37,-66],[35,-66],[-16,-17],[48,-185],[58,-51],[-23,-26],[-23,-145],[-24,-38],[-97,-26],[-112,-202],[44,-15],[62,13],[115,-9],[93,-19],[10,-121],[60,-50],[-17,-76],[46,-8],[5,-56],[100,-138],[-16,-55],[78,-45],[-64,-52],[1,-79],[-59,-42]],[[117271,121509],[-49,88],[-16,98],[-160,58],[-81,98],[-112,-38],[-109,-98],[-157,328]],[[116587,122043],[75,-43],[49,37],[-13,83],[47,53],[73,-7],[61,45],[40,57],[-14,112],[-22,45],[6,80],[178,0],[104,-23],[186,-100],[148,-129],[48,-3],[57,27]],[[117610,122277],[29,-22],[76,-7],[119,-28],[173,-65],[75,-11],[62,-44],[60,77],[5,42],[45,69],[57,40],[-13,29],[80,26],[83,47],[-12,39],[75,9],[47,39],[43,80],[86,66],[60,11],[67,39],[144,180],[61,9],[186,-58],[123,-4],[56,41],[51,12],[75,47],[26,-41],[100,-20],[29,-19],[118,11],[40,-14],[-49,-56],[3,-44],[-34,-50],[-63,-12],[-20,-35],[-156,-101],[-95,-5],[-11,-45],[-98,37],[-55,-18],[-24,-37],[-64,-3],[-64,-51],[-200,9],[-108,-38],[-42,-30],[-22,-83],[-48,-85],[-59,-32],[-24,42],[-66,-47],[-52,-107],[-25,-167],[-25,-35],[42,-67],[-60,-41],[-63,-6],[-28,-50],[35,-34],[2,-46],[-31,-31],[-57,3],[-17,-53],[46,-70],[-70,-34],[-75,-19],[-11,49],[52,16],[-20,61],[-41,37],[-83,26],[-135,3],[-65,-11],[-87,3],[-114,-19],[-149,-14],[-74,-28],[-84,1],[-22,-32],[-55,1]],[[121508,123894],[80,-62],[59,-28],[91,-16],[112,13],[-15,-41],[-87,-109],[-13,-56],[64,-65],[-15,-52],[-127,-58],[-85,-15],[-119,-63],[-43,28],[6,39],[-50,42],[-5,58],[-48,67],[-44,11],[-20,51],[-65,79],[-63,22],[118,58],[58,4],[76,40],[54,0],[81,53]],[[120213,123343],[53,-86],[100,-13],[58,14],[37,54],[41,-2],[-47,-98],[51,-44],[30,-72],[-87,-3],[-70,25],[-99,-21],[-21,27],[19,57],[-22,66],[-90,57],[47,39]],[[122436,124545],[83,-78],[127,-6],[-12,-65],[36,-66],[-129,6],[-69,30],[-56,-16],[-71,25],[-5,27],[86,67],[10,76]],[[121318,123253],[40,-68],[1,-36],[-68,-5],[-9,-51],[-35,-20],[-119,-18],[-44,-27],[-42,-61],[-114,54],[81,53],[-2,29],[68,33],[18,-43],[69,22],[93,8],[-23,60],[86,70]],[[120888,122810],[-31,-85],[-67,-6],[-42,58],[78,-13],[62,46]],[[118693,121815],[59,-66],[-67,-42],[-45,17],[-1,48],[54,43]],[[121676,123094],[-18,-65],[-40,19],[58,46]],[[95651,119037],[123,21],[45,25],[-63,99],[67,47],[19,41]],[[95842,119270],[39,-35],[66,-6],[21,-26],[62,-5],[33,-36],[94,66],[211,-18],[139,-57],[90,-2],[-9,45],[73,42],[77,8],[200,-18],[-5,44],[123,-17],[99,35],[48,31],[180,15],[73,-9],[37,-23],[89,44],[66,-1],[-13,52],[83,97],[72,30],[231,411]],[[98021,119937],[44,-87],[-41,-37],[4,-112],[59,-25],[93,165],[36,-17],[20,-56],[42,-24],[35,26],[-10,43],[23,54],[41,4],[70,43],[51,5],[33,73],[50,63],[-4,54]],[[98567,120109],[36,-14],[72,-68],[27,-50],[52,-21],[161,4],[33,-14],[125,35],[36,-13],[56,-57]],[[99165,119911],[-13,-27],[-119,-55],[-40,-8],[-161,-96],[-81,-105],[15,-57],[-11,-55],[-35,-59],[24,-50],[-132,-55],[13,-36],[49,-24],[-2,-62],[-58,-28],[-55,-68],[14,-41],[-75,-27]],[[96495,118384],[-104,21],[-91,-15],[-61,11],[-57,57],[-219,131],[-39,-20],[-38,-80],[-56,11],[-77,-8],[-46,13],[-67,-86],[-29,-8]],[[95611,118411],[-14,58],[-1,101],[-34,41],[-38,92],[-8,123],[95,112],[40,99]],[[99732,123954],[-77,-5],[-2,38],[-83,-19],[-70,-64],[-124,-29],[-41,-86],[-67,44]],[[99268,123833],[13,67],[-68,100],[23,98],[-22,79],[30,65],[-17,20]],[[99227,124262],[4,104],[53,51],[106,-15],[13,64],[-44,36],[46,76],[-4,34]],[[99401,124612],[45,0],[41,43],[81,23],[79,-21]],[[99647,124657],[65,-14],[25,-52],[132,-65],[22,-46],[79,-40],[113,4],[45,-30],[61,3],[98,69]],[[99817,123718],[10,-29],[-49,-92],[-89,-58],[-4,-55]],[[99685,123484],[-104,3],[-18,-54],[157,-30],[-64,-72],[-49,-15],[-47,-55]],[[99560,123261],[-386,72]],[[99174,123333],[-13,106],[32,57],[75,36],[40,50],[10,80],[-96,-31],[-17,63],[128,-7],[-66,117],[1,29]],[[100226,123179],[-111,28],[-113,107],[-54,83],[-7,62],[-51,-13],[-32,30],[-173,8]],[[99647,124657],[117,66],[55,56],[-57,43],[-50,101],[33,13],[10,55],[-82,173]],[[99673,125164],[179,7],[46,304]],[[99898,125475],[18,38],[-1,100],[115,18],[22,61],[177,85],[63,145],[-37,25],[-78,156],[-95,73],[-12,45],[-78,39],[-23,79],[-4,69],[19,125],[28,36],[-21,35],[1,67],[26,78]],[[100018,126749],[41,7],[13,62],[56,60],[40,78],[-8,88],[33,22]],[[100193,127066],[151,-23],[16,-33],[-49,-64],[12,-94],[58,-109],[13,-72],[43,-56],[-39,-76],[52,-60],[39,-140],[90,-95],[50,-86]],[[101667,122951],[-10,-62],[46,-73],[109,-46],[17,22],[68,-51],[179,-102],[78,107],[70,-40],[164,7],[158,23],[68,-34],[42,40],[133,29],[-4,65]],[[102785,122836],[27,1],[118,56],[65,-16],[39,-46],[47,15],[75,61],[124,16],[66,33]],[[103346,122956],[9,-103],[-99,-134],[8,-46],[-102,-44],[-18,-47],[81,-123],[50,-15],[19,-69],[102,-89],[-44,-48],[38,-26],[6,-71],[-78,-92],[45,-43],[-10,-54],[-49,-48],[-61,-14],[-55,-92],[-54,1],[-37,-32],[-64,-5],[-97,-109],[-66,1],[-61,-46],[-170,20],[-34,25],[-127,-88],[-10,-29],[-61,3],[-59,-30],[-20,21],[-114,-1],[-61,59],[10,38],[-45,77],[-92,32],[-111,-1],[4,-56],[-50,-110],[-69,-11],[13,-94],[-92,-1],[-6,-41],[-97,14],[-46,-11],[-30,38],[-5,53],[17,97],[-31,108],[-83,100],[-47,39],[13,47],[-92,-5]],[[94558,116832],[-50,44],[4,75],[30,64],[-78,37],[2,139],[-12,71]],[[94454,117262],[34,-9],[94,55],[107,16],[40,-21],[91,41],[66,70],[83,3],[-20,96],[106,62]],[[95055,117575],[75,-2],[60,-36],[65,-69],[-2,-92],[215,-6],[35,-48],[-42,-31],[-6,-80],[60,-152],[32,-18],[16,-86],[36,-26]],[[95599,116929],[-124,-83],[-52,5],[-86,-69],[-194,-173],[-24,-14],[-110,-115],[-124,-152],[8,-37]],[[95842,119270],[38,119],[71,54],[2,102],[116,53],[40,6],[33,61],[55,22],[60,-27],[30,-62],[74,-16],[121,39],[53,58],[12,37],[128,-6],[115,-12],[25,19]],[[96815,119717],[40,42],[33,-8],[115,29],[77,-26],[171,132],[141,-2],[36,34],[110,39],[21,55],[96,64],[82,189],[-8,44]],[[97729,120309],[48,15],[87,-22],[-5,-56],[66,-37],[21,-119],[42,-9],[39,-46],[-6,-98]],[[95096,119283],[135,-86],[74,-36],[38,-93],[80,-22],[27,-32],[137,35],[64,-12]],[[95611,118411],[-43,-49],[-107,-81],[-33,-58],[-5,-85],[-58,-30],[26,-60],[-13,-40],[-110,-68],[-64,5],[-11,-50],[-96,-63],[-43,-100]],[[95054,117732],[-58,22],[-13,49],[-137,27],[-87,-16],[-22,123],[-335,212]],[[94402,118149],[30,54],[21,102],[-15,11]],[[94438,118316],[115,81],[6,58],[48,79],[57,32],[-2,39]],[[94662,118605],[125,6],[30,-10],[15,110],[153,54],[36,41],[15,55],[-7,89],[48,90],[-19,79],[-42,55],[-71,36],[5,73],[30,27],[48,-22],[68,-5]],[[94128,116466],[-16,136],[-20,90],[-30,75],[-79,144],[-56,76],[-40,24],[-114,30],[-111,103],[-65,35],[-45,51],[-79,6],[-19,108],[-35,16]],[[93419,117360],[82,70],[49,13],[102,63],[42,-6]],[[93694,117500],[272,-69],[131,33],[57,42],[66,10],[72,-12],[94,-41],[63,-109],[-12,-57],[17,-35]],[[97587,120564],[64,-52],[-6,-47]],[[97645,120465],[38,-84],[41,-25],[5,-47]],[[96815,119717],[-41,27],[17,76],[58,54],[140,157],[41,66],[-1,47],[24,96],[73,126],[-16,32],[25,54],[30,42],[-5,61],[96,-16]],[[96732,121610],[-56,-44],[-37,-58],[-41,-11],[-114,27],[-49,-104],[-84,-69],[-108,-15],[-154,-80],[-185,160]],[[96137,121582],[-10,91],[21,52],[56,15],[12,76],[44,-8],[78,68],[197,230],[36,60],[116,124],[51,86],[88,115],[-11,87],[38,121],[-20,60],[36,120],[-15,176],[-116,236],[-42,53],[-34,92],[-93,93],[-30,99],[-48,73],[4,115],[98,173],[32,118],[-12,140],[-90,82],[-34,107],[-36,44],[-14,167],[-50,105],[-5,58],[-42,92],[-5,113],[40,76]],[[96377,125091],[176,-62],[115,63],[61,1],[47,-71],[-12,-48],[30,-49],[75,-4],[38,-43],[74,-19],[82,-1],[59,-81],[56,-22]],[[97178,124755],[89,-49],[14,-52],[36,-15],[49,-118],[25,-9],[148,-110],[46,-58],[86,-78],[17,-78],[51,-53],[-15,-20]],[[97724,124115],[-11,-45],[-46,-68],[-148,-22],[-50,44],[-61,15],[-127,1],[-50,-18],[18,-48],[80,-94],[19,-53],[-10,-110],[50,-37],[4,-43],[105,-38],[36,-74],[-20,-35],[12,-82],[-14,-57],[45,-35],[-32,-141],[17,-22],[-5,-84],[-73,-102],[-47,-199],[7,-46],[-7,-140],[-24,-99],[-36,-96],[-111,-65],[-11,-39],[-81,-160],[-47,-72],[-135,-97],[-69,9],[-20,36],[-110,-94],[37,-14],[-8,-56],[20,-160],[-28,18],[-51,-29],[-10,-54]],[[93087,112838],[-41,43],[-101,37],[-144,-1],[-104,-41],[-66,-60],[-24,-63],[14,-49],[-38,-63],[-8,-58],[-40,-38],[-13,-125],[-108,-36],[-18,-36],[-83,-21],[-33,-34]],[[92280,112293],[-51,79],[24,62],[-116,48],[-112,120],[-62,11],[-37,38],[-95,36],[-30,28],[-72,-8],[-80,53],[-24,74]],[[91625,112834],[21,45],[-37,63],[3,43],[67,43],[102,39],[3,41],[-68,67],[66,13],[19,95],[23,25],[26,116],[-76,63],[-46,67],[14,54],[-51,48],[73,48],[17,44],[54,14],[-8,71],[-25,68],[0,65],[34,47]],[[91836,114013],[69,-37],[81,5],[55,-21],[38,66],[47,1],[90,-32],[7,-89],[79,16],[55,-69],[74,-43]],[[92431,113810],[61,8],[29,-55],[46,2],[33,-66],[-12,-98],[24,-22],[75,-14],[80,-55],[96,-16],[14,-59],[-21,-32],[74,-60],[-57,-17],[9,-90],[54,12],[13,-39],[-8,-68],[23,-56],[43,42],[29,-50]],[[97724,124115],[25,7],[97,-44],[-17,-25],[63,-117],[-18,-87],[25,-13],[61,-90],[38,-20],[27,-57],[44,10],[47,-54],[17,-52],[57,13],[172,-87],[58,-98]],[[98420,123401],[-28,-74]],[[98392,123327],[-49,-37],[-54,19],[-58,-68],[-56,-28],[-25,-38],[-75,-20],[-11,-42],[-77,-77],[-19,-48],[-43,-25],[-69,-71],[-126,-66],[-1,-128],[-70,-61],[76,-60],[39,-66],[7,-49],[-24,-32],[39,-66],[14,-116],[46,-40]],[[97856,122208],[-83,-42],[4,-66],[-68,-4],[-45,-81],[-88,-94],[51,-417]],[[96962,121440],[-55,-6],[-27,47],[-76,17],[-80,-12],[-24,45],[50,58],[-18,21]],[[97856,122208],[180,16]],[[90231,111370],[9,-36],[51,-65],[-20,-100],[51,-40],[-33,-78],[-36,-13],[8,-75],[40,-122],[31,-37],[-18,-91],[49,-24],[53,-61],[-8,-54],[-32,-43],[64,-128],[21,-71],[-19,-60]],[[90442,110272],[-26,-40],[-99,36],[-113,115],[-84,41],[-81,14],[-74,-24],[-109,-15],[-15,-25],[-79,24],[-12,27],[-132,111],[-37,7],[-67,98],[11,33],[-23,79],[-42,43],[-2,77],[-39,65],[-12,62],[-28,34],[-21,98],[-33,21],[-36,112],[10,21],[-23,230],[6,57],[53,132]],[[89335,111705],[28,12],[71,-20],[72,19],[47,-28],[26,-59],[48,-54],[52,-22],[19,-87],[150,-15],[42,14],[59,-45],[38,-59],[65,46],[105,7],[74,-44]],[[85916,111037],[64,-12],[120,-4],[40,-66],[-3,-29],[-57,-39],[-66,-5],[-100,-35],[-30,123],[32,67]],[[88341,110025],[62,-41],[-42,-36],[-45,30],[25,47]],[[90231,111370],[61,68],[41,12],[54,63],[1,125],[34,46],[68,-17]],[[90490,111667],[17,-32],[-32,-39],[5,-63],[55,-65],[48,-1],[55,-71],[120,-49],[114,54],[50,76],[57,-25],[3,-75],[91,-171],[-2,-58],[-44,-79],[51,-18],[114,19],[76,-8],[1,58],[56,32],[62,10],[63,-106],[61,-20],[-1,-52]],[[91510,110984],[-23,15],[-101,-26],[-55,9],[-113,-27],[-41,-46],[-45,13],[-67,-45],[-120,-54],[-40,-1],[-114,-34],[-69,-36],[-12,-92],[-50,-20],[-49,-135],[-85,-102],[-25,-96],[-59,-35]],[[90490,111667],[62,61],[52,-3],[69,51],[46,70],[126,47],[2,19]],[[90847,111912],[94,2],[41,-13],[53,-50],[78,-5],[49,44],[84,31],[57,0],[96,30],[87,-60],[106,-36],[54,32]],[[91646,111887],[-30,-332],[1,-202],[10,-73],[29,-29],[3,-68],[-21,-40],[-128,-159]],[[92280,112293],[-34,-12],[-87,-83],[-29,-46],[-42,7],[-183,-24],[-115,-3],[-36,-19],[-70,-85],[-38,-141]],[[90847,111912],[-1,51],[76,62],[43,199],[23,38],[71,-15],[11,29],[79,13],[56,137],[-47,47],[44,35],[12,66],[-15,53],[20,65],[26,9]],[[91245,112701],[72,46],[33,71],[52,16],[52,-15],[57,47],[67,2],[47,-34]],[[92431,113810],[-32,25],[-13,65],[65,66],[-11,32],[53,40],[102,52],[21,-31],[71,-12],[126,29],[62,-21],[88,11],[70,37],[-115,351]],[[92918,114454],[250,-144],[20,13],[31,-135],[35,-37],[-44,-46],[116,-36],[61,0],[94,-115],[11,-145],[-20,-62],[21,-128]],[[92918,114454],[58,49],[180,16],[67,26],[93,102],[72,26]],[[93388,114673],[45,-85],[63,-44],[76,0],[5,-122],[44,-44],[15,-56],[37,-51],[113,-75],[52,-56],[61,-26]],[[91836,114013],[-90,117],[-128,71]],[[91618,114201],[27,151],[-14,99],[-43,68],[28,76],[-45,67],[5,41],[-38,74],[-106,58],[23,68],[76,106],[74,78],[64,37],[64,7],[30,46]],[[91763,115177],[32,-68],[67,-52],[115,-66],[87,-115],[78,-47],[32,-4],[82,-53],[148,-30],[188,42],[206,85],[54,2],[124,-17],[85,73],[55,-4],[55,-55],[95,-50],[95,-39],[27,-106]],[[91618,114201],[-26,14],[-123,-2],[-65,30],[-50,85],[-93,2],[-50,-48],[-41,42],[-62,17],[-53,-22],[-52,71],[-127,-11],[-40,-19]],[[90836,114360],[-36,36],[-132,42],[-10,32],[-135,84],[44,41],[-37,50],[-48,-32],[-72,-4],[-27,-50],[-2,-71],[-95,9],[-107,-35],[-43,53],[-53,-22],[-147,13],[-24,12],[-87,-32],[-86,-50]],[[89739,114436],[-19,62],[-51,81],[-83,103],[-93,100],[-66,39],[-65,9],[-37,36],[-95,2],[-49,16],[-84,-8],[-138,39]],[[88959,114915],[41,27],[-9,87],[47,92],[2,99],[33,40],[42,10],[60,82],[34,10],[118,-52],[62,35],[-4,49],[69,68],[74,-9],[41,18],[-19,87],[-41,70],[18,54],[-48,34],[-33,69]],[[89446,115785],[40,5],[24,57],[72,10],[52,-41],[39,13],[53,75],[92,64],[-17,39],[23,45],[39,7],[-22,53],[12,35],[-35,33],[63,47],[104,14],[37,-8],[44,94],[73,-9],[28,23],[39,77],[141,43],[156,87],[74,15]],[[90577,116563],[-34,-15],[-1,-47],[47,-34],[123,0],[79,45],[58,-20],[62,-56]],[[90911,116436],[-51,-163],[-39,-183],[-11,-162],[6,-99],[43,-147],[59,-78],[60,-41],[72,-17],[143,-64],[207,-16],[60,-42],[60,-93],[123,-64],[46,-69],[74,-21]],[[90577,116563],[32,53],[-29,40],[-30,91],[4,61],[-51,84],[-8,127],[-21,64],[77,61],[53,92],[20,91],[84,89],[55,123],[-95,46],[7,63],[-22,20],[-68,-18],[-18,43],[-90,-1],[-54,54],[-63,34],[-3,106]],[[90357,117886],[26,29],[103,16],[12,-14]],[[90498,117917],[34,-37],[85,-29],[53,41],[148,0],[80,123],[41,-8],[95,34],[59,-37],[80,-1],[84,-50],[56,-77],[45,-20],[31,-49],[41,15],[90,-20],[80,60],[-2,45],[40,18],[67,-4],[36,-23],[60,15],[96,-86],[39,-22],[207,16],[80,64]],[[92223,117885],[-2,-53],[-38,-46]],[[92183,117786],[-110,11],[-27,-32],[-93,-2],[-91,33],[-47,-25],[-133,-112],[-141,-136],[-84,-93],[-135,-176],[-81,-122],[-150,-268],[-102,-223],[-78,-205]],[[90737,113903],[-45,-77],[-45,-14],[-3,-65],[-34,-20],[-6,-53],[-63,-4],[-42,-80],[-41,4],[-81,-34],[-98,30],[-110,-19],[15,-43],[-22,-51],[68,-5],[81,-61],[86,-17],[33,-25],[148,-25],[3,-30],[-44,-59],[-72,-46],[10,-63]],[[90475,113146],[-20,-70],[86,-74],[-2,-91],[-55,-51],[-85,-14],[-44,15],[-86,-9],[-85,21],[-110,8],[-60,63]],[[90014,112944],[18,191],[-34,72],[59,36],[13,93],[27,45],[-15,74],[26,55],[-7,92],[-37,151]],[[90064,113753],[42,45],[153,18],[71,-39],[65,16],[140,54],[54,-2],[106,64],[42,-6]],[[89335,111705],[48,138],[10,148],[22,47],[-1,54],[79,96],[34,71],[51,45],[53,95],[29,22],[79,156],[12,52],[2,147],[-17,36],[73,32],[130,-29],[34,35],[41,94]],[[90475,113146],[79,-16],[96,-65],[122,-32],[72,-63],[46,1],[60,-92],[68,-32],[53,-58],[43,15],[64,-18],[67,-85]],[[90737,113903],[14,68],[40,25],[-27,86],[-20,114],[43,56],[49,108]],[[90064,113753],[-31,57],[32,85],[-29,30],[-42,154],[-83,24],[13,35],[-30,48],[-21,77],[-52,42],[-12,40],[-62,55],[-8,36]],[[87063,115639],[6,-130],[-50,-65],[-1,-53],[-29,-43],[-62,-40],[-64,-74],[-23,-60],[-3,-108],[32,-33],[-26,-70],[9,-32],[-71,-192],[-5,-63],[-44,-62],[-2,-32],[-57,-57],[-145,-36],[-38,-48],[-125,67],[-28,-2],[22,102],[0,85],[-40,89],[28,137],[-54,127],[-39,52],[31,36],[-24,52],[99,123],[-1,46],[54,71],[34,9],[109,-10],[51,39],[337,71],[68,36],[51,68]],[[89446,115785],[-52,3],[-82,85],[-16,99],[-24,55],[-53,48],[-21,84],[-29,37],[12,47],[-34,120],[-29,40],[2,64],[37,73],[-38,38],[-53,12],[-104,85],[81,-7],[107,65],[5,84],[42,48],[11,52],[32,11],[79,149],[-4,44],[-33,61],[-63,42],[-9,65],[59,40],[44,54],[105,47],[102,87],[6,68]],[[89526,117585],[38,28],[74,-42],[125,37],[120,-35],[58,-53],[72,20],[27,75],[71,29],[10,90],[47,3],[29,82],[-51,49],[17,97],[110,13],[66,-36],[18,-56]],[[88959,114915],[-88,192],[-46,59],[-6,56],[-66,45],[-9,107],[-88,71],[-54,-16],[-146,49],[-61,-9],[-10,40],[-64,-1],[-34,29],[-25,68],[-49,43],[-23,70],[52,52],[5,31],[-73,164],[-25,11],[28,171],[45,149],[79,22],[33,62],[64,53],[9,42],[66,78],[37,77],[53,171],[-8,72],[44,140],[-34,87],[12,88],[-32,116],[21,89],[-55,174],[-16,134],[-23,22],[-29,111],[0,115]],[[88443,117949],[118,1],[53,-28],[164,33],[125,17],[36,-27],[111,8],[21,-39],[-59,-74],[24,-45],[159,-10],[23,-27],[122,-33],[36,24],[50,-12],[57,-51],[16,-84],[27,-17]],[[88443,117949],[16,35],[86,51],[-3,33],[66,59],[7,57],[30,23],[35,75],[157,90],[103,27],[38,27],[81,10],[83,-11],[81,19],[54,-19],[35,26],[67,-35],[80,16],[66,-9],[56,22],[118,84],[31,120],[48,19],[92,62],[53,1],[69,64],[59,1],[74,51],[32,79],[-18,27],[73,149],[65,75]],[[90277,119177],[103,-79],[31,8],[59,-86],[-9,-60],[34,-16],[40,-58],[-19,-61],[22,-56]],[[90538,118769],[-43,-67],[-102,-87],[64,-76],[-10,-52],[52,-61],[-30,-42],[-4,-85],[33,-96],[35,-12],[49,-95],[-37,-83],[34,-52],[-81,-44]],[[90277,119177],[72,129],[93,-110],[89,-23],[86,-86],[-7,-47],[48,-106],[106,-5],[121,26],[79,38],[30,112],[-34,112],[7,80],[20,36],[93,89],[37,16],[68,64],[64,102],[-1,25]],[[91248,119629],[48,-75],[-10,-52],[41,-46],[-32,-30],[21,-84],[33,-53],[-17,-37],[28,-37],[-18,-172],[-27,-102],[-42,-42]],[[91273,118899],[-60,20],[-92,-3],[-98,-15],[-102,48],[-73,-26],[-14,-36],[59,-20],[-5,-77],[32,-15],[13,-116],[-183,71],[-34,-41],[13,-43],[-40,-13],[-151,136]],[[91273,118899],[-24,-88],[25,-57],[152,-164],[18,-40],[47,-28],[27,25],[112,-15],[51,-54],[45,-1],[86,-40],[145,60],[71,6],[32,-16],[5,-51],[-29,-35],[42,-30],[-13,-30],[32,-66],[-1,-41],[109,-37],[0,-39],[81,-67]],[[92286,118091],[-120,-143],[57,-63]],[[91248,119629],[25,12],[75,114],[17,53]],[[91365,119808],[91,34],[87,-27],[106,-10],[114,36],[67,-47],[63,-14],[68,69],[85,-10],[4,-40],[43,-33],[79,15]],[[92172,119781],[108,-32],[52,31],[49,-15],[31,-53],[46,-18],[105,9],[44,-10]],[[92607,119693],[18,-29],[83,19],[25,-56]],[[92733,119627],[-29,-51],[-59,-29],[-25,-45],[-3,-75],[18,-110],[21,-20],[25,-137],[-53,-14],[-47,24],[-64,-57],[18,-41],[-16,-57],[-49,-67],[-55,-109],[2,-68],[-36,-65],[-37,-30],[-29,-66]],[[92315,118610],[38,-217],[40,-116],[-46,-12],[-41,-49],[31,-24],[-51,-50],[0,-51]],[[92733,119627],[48,5],[106,-81],[161,-277],[82,47],[-15,23],[22,71],[459,-108]],[[93596,119307],[-33,-33],[-226,-180],[-16,-63],[-98,2],[-38,-43],[-9,-126],[-36,1],[2,-85],[40,-42],[162,-9],[110,-86],[-79,-12],[-20,-61],[-41,-12]],[[93314,118558],[-81,41],[-243,12],[-114,-57],[-73,13],[-108,-20],[-117,27],[-54,-27],[-58,2],[-89,52],[-62,9]],[[93596,119307],[543,-346]],[[94139,118961],[-241,-34],[-253,-260],[22,-166],[-93,-2],[-99,-24],[-23,-65],[-7,-109]],[[93445,118301],[-3,-49],[-117,-8]],[[93325,118244],[1,127],[37,89],[-9,54],[-40,44]],[[94438,118316],[-60,29],[-64,55],[-84,5],[-44,23],[-58,-15],[-93,10],[-40,30],[-134,45],[-45,-19],[-34,-68],[-161,-49],[-68,-53],[-108,-8]],[[94139,118961],[148,-107],[375,-249]],[[94815,119678],[44,-10],[165,10],[39,-39],[65,29],[41,-70],[-28,-20],[-22,-90],[32,-51],[-49,-29],[33,-94],[-39,-31]],[[93596,119307],[196,-32],[155,-15],[123,-27],[54,-38],[127,-28],[100,-1],[78,22],[97,-7],[65,44],[3,80],[-30,76],[25,39],[199,262],[27,-4]],[[94598,120319],[43,-48],[38,-84],[141,-47],[64,-35],[-24,-78],[-28,-24],[-48,-120],[-35,-31],[36,-40],[30,-134]],[[93596,119307],[198,229],[38,-5],[5,67],[-44,74],[47,102],[52,54],[16,78],[67,51],[61,0],[38,-34],[102,39],[32,72],[-41,84]],[[94167,120118],[112,81],[49,69],[111,3],[80,14],[79,34]],[[92607,119693],[36,78],[45,52],[67,27],[134,4],[77,52],[113,-5],[69,31],[79,84],[-1,144],[61,91],[48,13],[15,86],[37,113],[23,24]],[[93410,120487],[69,7],[64,-18],[21,-46],[53,-13],[59,39],[59,-22]],[[93735,120434],[21,-60],[61,-6],[26,-77],[57,-59],[41,17],[78,-9],[87,11],[61,-133]],[[92172,119781],[-21,554],[-42,12],[0,53]],[[92109,120400],[32,45],[0,142]],[[92141,120587],[38,33],[-32,61],[61,94],[0,66],[73,79],[77,68],[105,26]],[[92463,121014],[54,-34],[67,-76],[104,10]],[[92688,120914],[52,-39],[109,-2],[126,-149],[67,-51],[-2,-47],[58,-11],[92,-105],[34,16],[46,-46],[140,7]],[[91365,119808],[78,102],[86,75],[19,50],[140,64],[159,103],[241,132],[21,66]],[[92141,120587],[-86,17],[-34,54],[-58,159],[-49,72],[-108,82],[-31,102],[-46,22],[-27,65]],[[91702,121160],[73,44],[52,137],[85,-32],[23,-24],[86,-2],[49,74],[44,3],[87,62]],[[92201,121422],[32,-14],[17,-85],[32,-19],[-10,-76],[-35,-33],[56,-66],[72,13],[67,-47],[-19,-42],[50,-39]],[[91702,121160],[-19,56],[-41,19],[-62,96],[-113,86],[-57,23],[-109,90],[-51,23],[-56,81],[-53,116],[-71,61],[12,77],[38,82],[-10,85],[46,44],[14,61],[-38,37]],[[91132,122197],[78,-29],[57,-85],[-25,-81],[52,-7],[37,-66],[77,-10],[195,-82],[53,55],[84,19],[71,55],[32,-62],[1,-52],[63,-65],[198,-35],[21,13]],[[92126,121765],[63,-86],[-56,-97],[36,-92],[-7,-36],[39,-32]],[[91132,122197],[57,23],[41,103],[5,149],[20,41],[114,-14],[36,17],[63,-9],[44,14],[79,-25],[116,43],[69,55],[45,133],[-35,38],[113,28],[108,-35],[42,-82],[73,10],[43,-83],[35,-15],[115,-121],[41,-11],[46,-77],[57,-15],[19,-33],[70,-46],[122,-6]],[[92670,122279],[-67,-75],[-51,-17],[-47,-53],[-5,-56],[-28,-56],[-47,-23],[-33,-48],[-53,-32],[-36,4],[-98,-30],[-78,-61],[-1,-67]],[[92670,122279],[23,-56],[53,-33],[-43,-37],[51,-76],[138,-32],[146,-46]],[[93038,121999],[-9,-93],[-105,-69],[-21,-30],[48,-53],[53,-119],[-49,-45],[-64,-32],[-99,5],[-23,-148],[5,-68]],[[92774,121347],[32,-97],[-35,-56],[40,-69],[-96,-65],[-29,-68],[2,-78]],[[92774,121347],[65,-1],[38,20],[61,-17],[41,-41],[94,18],[79,42],[31,39],[189,56],[58,0],[64,35],[76,-124],[5,-59],[57,-25],[72,-71],[3,-72]],[[93707,121147],[-62,25],[-47,-24],[-39,-57],[-100,-3],[-83,-67],[-9,-165],[38,-60],[66,-39],[32,15],[48,-30],[110,-127],[36,-144],[38,-37]],[[94191,121234],[-65,-22],[-78,12],[-104,-34],[-64,-7],[-88,-71],[-85,35]],[[93038,121999],[90,-10],[116,-99],[100,-46],[97,-11],[7,-51],[-23,-71],[87,-63],[108,-10],[168,23],[7,19]],[[94844,120793],[-1,-60],[-99,-97],[-79,-17],[-62,-50],[-41,-13],[46,-68],[-5,-77],[-32,-39],[27,-53]],[[98298,120935],[-12,-91],[-61,-10],[-58,-63],[22,-37],[-42,-48],[-52,4],[-13,-86],[-74,-9],[-62,-54],[-37,10],[-33,-61],[-72,-61],[-1,-26],[-80,-14],[-78,76]],[[98919,122952],[17,55],[38,12],[23,60],[62,107],[47,3],[37,32]],[[99143,123221],[43,47],[-12,65]],[[99560,123261],[119,45],[78,-37],[1,-131],[-61,-87],[4,-46],[216,56],[4,25],[83,0],[12,21],[80,0],[29,-16]],[[100075,119533],[-54,-28],[-52,-55],[-89,-28],[-56,28],[-81,-76],[-25,27],[-69,10],[-41,71]],[[99608,119482],[-18,52],[-73,129],[-44,32],[-59,13],[-3,51],[-187,94],[-59,58]],[[98567,120109],[-5,112],[-45,51],[4,79],[39,31],[6,113],[-41,78],[45,37],[8,104],[31,-5]],[[98609,120709],[16,-100],[119,-72],[11,33],[51,12],[53,-38],[3,-43],[70,-54],[33,-51],[44,-8],[1,-54],[31,-29],[47,34],[34,-94],[-22,-47],[63,-3],[24,-54],[-16,-54],[30,-40],[74,-39],[20,-78],[93,-53],[48,-75],[62,-14],[101,88],[52,-19]],[[98564,120887],[62,-81],[12,-74],[-29,-23]],[[98392,123327],[56,-82],[-64,-55],[82,-92],[-12,-82],[54,-95],[69,-19],[82,-85],[-66,-113],[12,-32]],[[98420,123401],[55,27],[33,48],[43,20],[46,94],[93,-55],[26,-45],[83,-57],[129,32],[43,21],[84,-48],[21,-43],[70,-11],[-18,-54],[15,-109]],[[97178,124755],[14,45],[64,50],[29,-6],[73,63]],[[97358,124907],[59,-62],[177,-17],[78,-24],[11,-35],[67,-38],[9,-50],[83,-22],[58,-37],[66,-13],[61,39],[36,-5],[127,59],[11,45],[72,37],[48,50],[63,10],[50,-13],[21,-55],[76,-33],[139,-82],[226,-39],[34,17],[63,-11],[92,-55],[26,-51],[2,-132],[114,-128]],[[99401,124612],[14,38],[-22,59],[-60,22],[1,45],[76,24],[6,61],[-53,71],[-9,48]],[[99354,124980],[31,58],[-40,104]],[[99345,125142],[6,5],[322,17]],[[99345,125142],[-49,44],[15,96]],[[99311,125282],[57,40],[37,56],[45,26],[65,-47],[1,123],[97,34],[51,32],[79,-3],[65,34],[90,-102]],[[97358,124907],[1,16]],[[97359,124923],[121,-37],[77,34],[72,93],[82,10],[208,82],[60,4],[132,-21],[55,8],[114,52],[6,-42],[104,-24],[119,-5],[93,-41],[55,2],[81,-34],[46,-39],[122,-51],[153,69],[141,9],[14,-18],[140,6]],[[99105,125785],[78,-132],[-16,-59],[0,-79],[29,-18],[-6,-101],[-18,-75],[139,-39]],[[97359,124923],[69,8],[108,37],[75,67],[174,105],[45,-15],[13,62],[78,47],[77,-23],[89,22],[154,-85],[59,66],[-35,109],[8,48],[-24,27],[20,67]],[[99245,126399],[52,14],[33,71],[95,11],[62,32],[-12,53],[10,72],[93,102],[98,-10],[97,-27],[31,21],[20,59],[80,-13],[47,12],[67,-47]],[[101327,126375],[28,36],[86,1],[8,60],[28,28],[79,-29],[32,23],[155,29],[28,-28],[106,-22],[131,-10],[46,-62]],[[102325,124854],[138,-39],[102,-44],[127,-84],[91,-122],[66,-8],[93,-39],[204,-136]],[[103146,124382],[-141,-6],[-140,64],[-80,-26]],[[102243,125736],[51,5],[19,32],[124,73],[42,45],[25,75],[34,28],[56,95],[40,16]],[[102634,126105],[96,-55],[79,3],[50,-39],[206,-18],[102,-26],[18,53],[69,-3],[61,-219],[53,-73],[44,-18],[10,-39]],[[103422,125671],[-6,-71],[41,-63],[16,-59],[40,-65],[7,-86],[42,-81],[18,-84]],[[102110,126424],[28,88],[-18,23],[58,56],[16,-39],[92,-12],[38,-33],[77,-25],[21,124]],[[102645,126717],[35,-89],[-61,-39],[12,-62],[-111,-51],[21,-50],[-15,-29],[59,-88],[42,-15],[69,-88],[-62,-101]],[[103902,126315],[-83,-91],[-35,26],[-52,-8],[-85,38],[-76,-19],[-32,-25],[-14,-80],[43,-46],[-28,-87],[-39,-202],[34,-52],[-113,-98]],[[104466,126461],[7,-55],[45,-7],[-32,-56],[15,-52],[61,-29],[57,33],[127,-2],[110,41],[90,55],[50,9],[88,-96],[73,-41],[123,42],[87,-65],[8,-24]],[[105375,126214],[-37,-47],[-57,-26],[-18,-48],[-78,-61],[20,-59],[-31,-12],[17,-68],[-47,-14],[14,-109],[-25,-46],[6,-66],[63,-60],[79,-51],[-94,-44],[-38,-50],[21,-33],[-11,-54],[-36,-34],[21,-111],[69,-68],[43,11],[96,-31],[95,15],[28,-54],[112,33],[118,70],[94,1],[33,48],[57,10],[79,-48],[58,-132],[-27,-26],[-33,-93],[19,-60]],[[105831,124187],[-43,-46],[-96,-28],[-74,-65],[-219,-114],[-98,50],[-57,-83],[-53,-49],[18,-49],[-52,-39]],[[105157,123764],[-45,1],[-103,35],[-61,2],[-84,-52],[-75,62],[-26,58],[-78,46],[-74,69],[-80,20]],[[104531,124005],[-19,100],[39,109],[5,151],[68,196],[-31,49],[7,46]],[[104600,124656],[-47,34],[-102,-26],[-38,58],[49,67],[-5,49],[-94,11],[-175,-70],[-49,1],[-30,62],[-56,12],[-187,-12],[-70,-32],[-73,-62]],[[104600,124656],[-48,-45],[-98,-150],[-51,-29],[-32,-50],[-99,3],[-31,-69],[-90,82],[-52,-32],[-151,-6],[-55,-33],[-49,19],[-187,22],[-111,32],[-88,8],[-79,-19],[-55,10],[-56,-14],[-122,-3]],[[104531,124005],[-99,23],[-19,-34],[-58,-5],[0,-35],[-55,-60],[20,-81],[-9,-39],[-68,-51],[-48,9],[-80,46],[-8,-107],[-41,-18],[-39,-64],[-96,-36],[-15,-52],[-234,-161],[-43,-62],[-49,-1],[-21,-121],[-127,-95]],[[103442,123061],[-58,28],[7,27],[-82,58],[-124,145],[-130,51],[-95,110],[-21,66],[35,24],[-96,83],[-43,18],[-51,-38],[-42,10],[-36,-34],[-39,35],[-74,15],[-81,-59],[-142,26],[-60,34],[-56,80],[-93,89],[-25,62],[-64,-88],[-42,-6],[-36,42],[-39,-15],[-9,-128],[8,-90],[-22,-27],[-7,-114],[10,-48],[-87,-32]],[[101848,123385],[-29,16],[-102,-33]],[[102785,122836],[-179,79],[-218,-13],[-168,96],[91,124],[-463,263]],[[103442,123061],[-39,-20],[-37,-61]],[[103366,122980],[-20,-24]],[[103366,122980],[90,-71],[29,-57],[60,-41],[76,-118],[154,-41],[60,24],[40,-68],[-72,-7],[-35,-34],[-20,-100],[-44,-37],[15,-34],[-22,-99],[9,-81],[54,-123],[0,-35],[-69,-70],[43,-53],[-44,-40],[14,-94],[21,-43],[44,-11],[76,-67],[-6,-40],[37,-34],[-9,-54],[61,-43],[-76,-74],[14,-110],[-15,-43],[15,-47],[-36,-58],[-39,12],[-40,-52],[30,-33],[-74,-91],[36,-49],[-85,-64],[3,-31],[61,-41],[49,-93],[-6,-62],[28,-35],[5,-148]],[[103798,120490],[-70,-52]],[[103728,120438],[-69,31]],[[103659,120469],[-97,97],[-50,-22],[-24,43],[-115,90],[-99,108],[-33,16],[-20,54],[-103,56],[-149,-5],[-27,70],[31,89],[-67,17],[-15,30],[-65,17],[-81,83],[-93,33],[-104,4],[-69,-101],[-72,-22],[15,-61],[-52,-47],[-77,-6],[-41,-56],[-83,-24],[-88,66],[-22,-19],[-84,-10],[-49,26],[-41,46],[-75,-23],[-103,36],[-12,-71],[-78,-36],[1,-107],[-17,-40],[-71,-24],[-44,-59]],[[103659,120469],[-41,-33],[-50,-69],[-109,-38],[-60,19],[-63,-56],[-72,25],[-107,3],[-95,-84],[-38,2],[-102,-48],[-50,-115],[-34,-37],[10,-66],[-68,-92],[-45,-3],[-28,-36],[-52,-2],[-18,42],[-59,38],[-96,-59],[-27,37],[-60,23],[-61,-55],[-47,16],[-117,-37],[-82,68],[-18,42],[-81,31],[-53,-13],[28,-110],[-33,-41],[-8,-48],[-95,-87]],[[101828,119686],[-93,31],[-111,-48],[-77,44]],[[101547,119713],[44,57],[-2,57],[-106,61],[-10,55],[-48,40],[3,48],[-122,19],[-30,40],[4,38],[49,62],[6,46],[-23,51]],[[101129,126481],[2,40],[40,26],[1,95],[-54,20],[23,54],[-30,125],[-27,48]],[[101286,127015],[61,-13],[114,15],[50,-18],[142,95],[67,-5],[28,30],[42,108],[43,-59],[33,-14],[42,30],[84,28],[40,39],[86,114],[22,65],[51,49]],[[102906,129514],[52,-9],[66,28],[70,-13],[161,20],[22,64],[67,38],[83,125],[60,54],[93,-5],[42,-80],[3,-49],[65,-5],[29,20],[52,-53],[85,61],[155,-52],[88,15],[53,-24],[114,29],[-18,-83],[58,-51]],[[104306,129544],[-57,-38],[-25,-40],[-58,-15],[-32,-63],[62,-105],[-33,-56],[25,-58],[-16,-63],[-122,-170],[1,-71],[77,4],[36,-21],[-2,-151],[28,-74],[-26,-90],[12,-43],[100,-33],[35,-53],[37,-10],[39,-57],[-5,-49],[51,-75]],[[104433,128213],[-56,-65],[5,-45],[35,-51],[1,-59],[25,-123],[26,-39],[-29,-58],[-74,-31],[-54,23],[-74,-10]],[[101492,129324],[-52,-13],[-73,-53],[-44,17],[-113,90],[-53,-2],[-17,49],[-67,56],[2,30],[-67,64],[-18,59],[-47,22],[-68,-11],[-19,48]],[[100856,129680],[17,56],[48,52],[24,83],[-12,37],[76,25],[-15,57],[14,96],[-50,30],[-6,59],[-40,23],[-11,66],[25,16],[1,63],[-61,44],[-76,77],[0,43],[46,39],[6,43]],[[100842,130589],[126,20],[-17,70],[52,35],[25,55],[135,-2],[60,36],[9,34],[63,79],[93,23],[98,-18],[88,16],[101,64],[85,2],[39,18],[100,-66],[106,33]],[[102005,130988],[-34,-108],[41,-76],[24,0],[72,-56],[22,-48],[117,-27],[54,24],[55,-89],[-7,-60],[33,-42],[47,-3],[13,-69],[79,31],[46,80],[26,83],[65,36],[57,-10],[53,14],[37,-95],[57,-1],[96,-41],[79,27],[69,-20],[103,15],[27,-46]],[[103236,130507],[-9,-59],[54,-16],[-14,-67],[-88,-90],[0,-110],[52,-35],[-95,-48],[-39,-55],[-11,-91],[-89,-86],[-25,-75],[7,-54],[-61,-133]],[[100842,130589],[-20,43],[19,45],[-27,52],[-78,33],[-23,39],[-1,86],[-44,37],[-46,66],[60,170],[-87,10],[-16,33],[40,122],[96,56],[-10,24],[-100,27],[29,74],[71,107],[-12,103],[44,45],[18,68]],[[100755,131829],[92,7],[74,58],[20,82],[94,12],[46,25],[24,-35],[121,-27],[93,32],[8,-59],[-12,-66],[16,-90],[64,-1],[86,-66]],[[101481,131701],[-37,-99],[-12,-91],[114,-135],[16,-105],[80,-26],[84,25],[21,-31],[71,-22],[99,-6],[9,-37],[65,-50],[47,-85],[-33,-51]],[[100856,129680],[-130,87],[-120,32],[-55,-21],[-100,-4]],[[100451,129774],[-36,90],[-118,2],[-32,49],[-37,-4],[-29,53],[-68,58],[-71,108],[51,65],[25,71],[-42,51],[-37,164],[-129,44],[-42,83],[36,27],[-2,60],[-56,31],[-1,136],[35,51],[-60,33],[-20,77],[14,24],[-45,69],[38,27],[28,68],[-39,31],[7,89],[-56,56],[-17,76],[-25,32],[69,98],[-13,46],[19,73]],[[99798,131712],[54,135],[-21,27],[42,86],[-37,94],[31,48],[19,75],[-23,52],[-34,11],[-38,50],[7,36],[45,25],[20,88],[85,14],[5,40],[41,16]],[[99994,132509],[7,-41],[124,-2],[86,19],[140,-1],[129,-21],[65,27]],[[100545,132490],[99,-104],[41,-100],[-49,-63],[7,-33],[72,-16],[-20,-100],[26,-10],[-5,-74],[-38,-69],[13,-52],[64,-40]],[[100193,127066],[-48,49],[68,86],[-40,57],[-51,164],[96,96],[6,127],[18,42],[-22,74],[23,46]],[[100243,127807],[65,110],[0,39],[-33,46],[-42,-9],[-73,21],[-54,41],[-31,54],[33,31],[-34,68]],[[100074,128208],[37,25],[83,22],[-45,129],[-98,89],[-42,94],[78,35],[76,51],[-37,66],[29,39],[-27,75],[38,61],[-66,54],[-61,8],[-24,62]],[[100015,129018],[-18,97],[15,43],[-54,80],[75,67],[-2,31],[100,20],[89,91],[32,8],[13,58],[44,33],[90,1],[53,168],[-1,59]],[[96377,125091],[70,111],[60,50],[39,91],[-8,47],[68,110],[93,64],[55,13],[126,76],[68,19],[57,44],[46,-17],[143,20],[85,120],[49,24],[53,-10],[42,-35],[48,55],[82,-5],[15,44],[90,38],[31,59],[48,15],[55,120]],[[98018,126720],[47,93],[12,95],[-1,349],[-11,141],[-35,266],[4,77],[23,46],[-2,167],[-10,133]],[[98045,128087],[59,28],[98,9],[63,-57],[51,1],[106,-120],[4,-31],[-36,-61],[41,-30],[96,-28],[124,-138],[3,-51],[29,-79],[-39,-59],[77,-87],[82,-17],[62,-31],[64,54],[-3,55],[61,26],[19,33],[140,-41],[26,-25],[95,-11],[115,50],[22,52],[77,14],[9,-30],[75,-19],[27,57],[-21,136],[44,5],[66,-32],[98,43],[80,-26],[71,15],[30,28],[62,-29],[74,63],[40,81],[107,-28]],[[98045,128087],[-9,70],[19,141],[-19,140],[-35,177],[-4,127],[77,22],[90,109],[25,92]],[[98189,128965],[75,-33],[139,-108],[14,-83],[59,-4],[53,-77],[103,-21],[5,-73],[160,-45],[136,-49],[74,12],[134,-19],[138,-86],[61,12],[38,-31],[72,-21],[50,-67],[62,-35],[0,-39],[160,-26],[68,-94],[32,-3],[57,41],[74,4],[26,26],[5,68],[49,33],[41,-39]],[[98189,128965],[45,121],[77,74],[14,86],[139,152],[57,111]],[[98521,129509],[62,-37],[73,-22],[78,-152],[287,-57],[25,-20],[145,55],[6,47],[47,85],[-26,49],[49,42],[217,85],[44,41]],[[99528,129625],[45,23],[43,-41],[94,-34],[12,-64],[38,-30],[36,-63],[54,-45],[-4,-44],[44,-106],[24,-164],[33,-39],[68,0]],[[96319,129570],[47,-65],[-84,-106],[-132,-18],[-7,44],[75,49],[101,96]],[[96838,129596],[18,-83],[-16,-34],[-54,-3],[-115,21],[-39,45],[118,38],[88,16]],[[98521,129509],[42,117],[29,134],[20,243],[-6,128],[22,158],[30,56],[49,46],[26,95],[13,117],[13,241]],[[98759,130844],[23,-40],[74,8],[49,-49],[6,-50],[63,-74],[77,4],[49,-42],[78,-31],[53,22],[77,1],[125,-23],[43,-35],[-31,-101],[40,-41],[4,-118],[-26,-55],[16,-147],[-83,-33],[-37,-60],[-52,-31],[6,-40],[80,-37],[-32,-44],[13,-94],[118,-56],[36,-53]],[[98759,130844],[-3,118],[-22,212],[-22,135],[-4,76],[-39,238],[-62,268]],[[98607,131891],[357,72],[116,33],[-5,108],[28,25],[43,-84],[11,-62],[39,-73],[63,-2],[-21,-53],[60,-201],[61,-46],[55,24],[43,-20],[73,23],[46,50],[93,6],[37,18],[92,3]],[[98607,131891],[-85,313],[-55,134]],[[98467,132338],[20,24],[-58,206],[-15,81],[-60,162],[94,85],[60,16],[90,89],[85,15],[96,43],[127,7],[66,-20],[117,23],[40,-35],[4,-49],[41,-58],[29,-149],[-15,-96],[12,-18],[116,-43],[56,-7],[48,-39],[-46,-40],[101,-56],[6,49],[98,17],[21,-81],[71,29],[43,55],[78,31],[19,-80],[59,-36],[42,57],[45,26],[37,-37]],[[100109,135668],[69,-56],[115,-65],[162,-108],[262,-154],[71,-77],[66,-95],[182,-206],[190,-236],[111,-125],[146,-145],[170,-179]],[[101653,134222],[-133,-91],[-36,10],[-85,70],[-79,34],[-157,87],[-35,-5],[-30,-71],[-108,-31],[-71,22],[-67,-65],[-33,-51],[2,-95],[-89,-30],[18,-64],[48,-19],[3,-56],[40,-3],[17,-128],[30,-45],[-7,-57],[-61,-24],[-31,-88],[15,-64],[-97,-21]],[[100707,133437],[-165,119],[-8,75],[-82,38],[-46,1],[-31,38],[-121,-48],[-75,-110],[-64,-29],[-76,123],[-62,13],[-51,46],[-52,2]],[[99874,133705],[-6,45],[-62,4],[-30,46],[5,98],[163,126],[-37,68],[-34,123],[1,46],[-68,20],[3,49],[-76,77],[75,47],[51,78],[-30,78]],[[101653,134222],[211,-225],[24,-15],[152,-165],[115,-95],[218,-220],[114,-11]],[[102487,133491],[-58,-31],[-83,-11],[-33,-32],[25,-55],[50,-47],[33,-62],[-68,-45],[27,-63],[-63,-9],[-27,-77],[-34,-17],[-88,58],[-74,-44],[-19,-63],[-53,-28]],[[102022,132965],[-53,4],[-41,32],[2,85],[-49,89],[-79,-17],[-64,48],[-82,-15],[-99,35],[-77,9],[-31,33],[-125,-20],[-65,-60],[-64,-5],[-28,-78],[-86,-11],[-5,-27],[-118,-5],[47,-48],[-124,-101],[-70,14],[-67,-18],[-29,18]],[[100715,132927],[20,69],[-53,64],[-31,121],[10,39],[49,27],[29,104],[-73,1],[41,85]],[[100545,132490],[-33,54],[20,90],[53,27],[22,89],[-20,60],[68,80],[60,37]],[[102022,132965],[40,-181],[30,-44],[-29,-108],[-41,-29],[-13,-90],[-40,-43],[6,-40],[-44,-49],[9,-58],[-44,-29],[-42,9],[-38,-49],[-72,36],[-54,-59],[-64,-43],[-48,-63],[2,-62],[-62,-22],[-19,-37],[-11,-124],[42,-25],[4,-48],[-38,-37],[-15,-69]],[[102487,133491],[-29,-46],[49,-79],[54,-46],[73,-36],[-2,-94],[26,-85],[43,-80],[84,-56],[25,-53],[64,-48],[8,-89],[55,-51],[-18,-37],[-1,-78],[45,-64],[102,-112],[94,-41],[20,-71],[52,-66],[27,-73],[57,-101],[67,-18],[46,-95],[98,-93],[-7,-47],[96,-79],[56,-114],[48,-53],[84,-58],[42,-52],[49,-30],[26,-55],[34,-14],[47,-63],[118,-86],[72,-69],[67,-34]],[[104258,131125],[-39,-39],[-21,-68],[-106,-86],[-100,-106],[-131,-6],[-25,-29],[-56,34],[-58,8],[-100,-56],[-97,-16],[-31,-54],[-56,-29],[20,-44],[-12,-45],[-84,-33],[-75,-5],[-51,-44]],[[99874,133705],[-56,-69],[-67,5],[-63,-68],[-68,39],[-45,-19],[-82,53],[-184,-41],[-82,7],[-71,40],[-168,-214],[-79,-14],[-60,17],[-27,-21],[-187,57],[-19,105],[-87,42],[-75,-6],[-309,-195],[-61,-112]],[[98084,133311],[-75,153],[-305,580],[-67,186]],[[94437,136061],[64,-74],[29,-56],[70,-56],[78,-12],[101,34],[19,30],[-16,114],[85,-66],[92,-179],[-27,-9],[-28,-80],[10,-80],[-10,-63],[18,-145],[-5,-74],[-51,-69],[39,-136],[-61,-153],[7,-108],[-110,-27],[-45,60],[52,81],[-34,106],[-73,73],[-34,123],[-2,49],[-52,106],[-36,95],[42,20],[-29,63],[34,69],[-25,35],[38,50],[-15,57],[-48,40],[-82,19],[55,57],[-49,35],[-1,71]],[[95897,133751],[-45,-23],[-56,19],[4,31],[-120,57],[-59,68],[-70,22],[-75,60],[-23,58],[-47,30],[-17,49],[-43,20],[-28,95],[-33,46],[60,31],[-27,66],[-17,88],[52,66],[36,4]],[[95389,134538],[43,-60],[47,-28],[160,-25],[31,-21],[65,-89],[66,-16],[70,-40],[48,-194],[32,-18],[-27,-139],[-3,-78],[-35,-45],[11,-34]],[[95389,134538],[37,67],[75,22],[45,73],[53,43],[61,-4],[91,-38],[49,-38],[-2,-45],[36,-20],[104,8],[57,-33],[22,37],[56,-29],[14,-51],[72,-21],[39,-34],[110,-197],[25,-149],[1,-70],[-117,-96],[8,-25],[-117,-98],[-199,-72],[-12,-17]],[[98467,132338],[3,47],[-28,91],[-73,189],[-106,257],[-179,389]],[[110598,126047],[70,9],[88,-24],[17,-68],[43,-61],[-7,-37],[68,-22],[37,16],[96,100],[316,-119],[-35,-50],[53,-50],[60,-83],[54,-26],[-12,-52],[28,-85],[73,4],[3,-94],[61,-77],[15,-54],[-14,-86],[37,-138],[52,-98],[54,-44],[141,-21],[148,24],[17,-16]],[[112061,124895],[2,-10]],[[112063,124885],[-46,-11],[-96,-74],[-133,-38],[-45,-122],[-62,-82],[-57,-31],[-27,-55],[-84,-70],[-24,-110],[4,-41],[-29,-39]],[[111464,124212],[-19,-7],[-76,60],[-61,-2],[-27,52],[-74,63],[-158,9],[-90,142],[18,41],[-8,92],[32,97],[-80,72],[7,43],[-35,30],[-50,80],[3,25],[-46,71],[27,17],[-69,96],[-68,61],[-74,30],[-87,-110],[-26,-12],[-119,-118],[-72,10],[-81,-19],[-56,17],[-37,-29],[-61,24],[-54,-45],[-97,63],[-57,3]],[[110317,123360],[-113,43],[-91,7],[-11,63],[-42,20]],[[110060,123493],[-49,26],[19,59],[-76,26],[-9,103],[-66,16],[-95,59],[-63,-58],[-152,101],[-56,59],[-65,41],[-57,113],[-5,45],[-87,29],[-61,46],[-26,99],[-68,64],[-1,43]],[[109143,124364],[21,19],[1,106],[71,-15],[66,47],[82,-13],[44,46],[27,65],[-43,40],[-50,16]],[[111464,124212],[-1,-58],[79,-218],[14,-64],[-9,-77],[-60,-78]],[[117331,128927],[-62,-100],[14,-103],[-32,-36],[-27,-104],[22,-55],[-38,-133],[-66,-37],[6,-33],[-45,-42],[-34,-72],[-39,-21],[-17,-123],[44,-41],[-25,-58],[33,-25],[-71,-46],[-7,-74],[-66,0],[-77,-22],[-54,-43],[-51,-7],[-36,-61],[-96,-38],[-89,-21],[-21,-64],[-50,-18],[-43,-80],[-56,2],[-48,-85],[-8,-50],[-96,-101],[-40,-109],[-64,-57],[-72,-29],[-116,-8],[-39,-40],[-14,-87],[-30,-39],[0,-56],[-56,-18],[-66,6],[-56,-55],[-53,-87],[-7,-54],[-46,-47],[8,-75],[34,-58],[-93,-51],[-17,-39],[-90,-68],[-126,-12],[-94,-25],[-46,-65],[-49,-4],[4,-44],[-64,-94],[-87,-44]],[[114917,125977],[57,-42],[88,-24],[-13,-27],[16,-76],[-43,-32],[-5,-36],[-59,-44],[-40,-5],[13,-60],[-41,-9],[-45,-58],[23,-88],[-45,-77],[-79,6],[-30,66],[-56,-19],[-61,10],[-43,-54],[14,-79],[-72,-75],[-169,-36],[-91,20],[-128,8]],[[114108,125246],[-355,380],[-159,76],[-11,138],[-17,-2],[-13,181],[-310,-18]],[[113243,126001],[-16,258]],[[113227,126259],[260,-23],[303,-6],[182,9],[257,30],[265,58],[50,67],[129,44],[24,69],[73,85],[61,17],[104,58],[181,144],[50,71],[49,137],[64,-6],[63,52],[15,44],[43,12],[46,54],[63,15],[106,117],[-5,52],[53,50],[121,54],[68,57],[81,48],[113,90],[36,46],[56,11],[47,34],[41,62],[94,46],[53,49],[192,92],[91,130],[48,109],[43,66],[-4,31],[139,122],[87,103],[65,44],[29,80],[104,61],[39,132],[80,76],[45,-25]],[[114108,125246],[-11,-127],[27,-143],[-10,-62],[35,-51],[13,-111]],[[114162,124752],[-78,-33],[-68,-70],[7,-50],[-97,-23],[-110,-72],[-33,-43],[-62,-19],[-36,-64],[-41,-1],[-36,56],[-68,4],[-68,-92],[-49,-6],[7,-61],[-117,-55]],[[113313,124223],[-40,47],[-77,30],[-45,-32],[-50,25],[-61,118],[13,51],[-44,104],[-55,4],[-83,31],[-24,114]],[[112847,124715],[45,49],[-27,120],[38,123],[-7,93],[38,120],[76,5],[-29,411],[71,5],[-4,63],[216,15],[-21,282]],[[112226,126478],[185,-61],[143,-37],[287,-64],[386,-57]],[[112847,124715],[-36,47],[-49,7],[-43,36],[-149,30],[-200,-59],[-61,6],[-49,64],[-119,35],[-78,4]],[[112061,124895],[176,99],[24,30],[11,116],[75,172],[9,68]],[[109143,124364],[-80,-41],[-100,17],[-14,103],[-77,32],[-62,-32],[-77,26],[-83,-86],[-34,15],[-82,-9],[-15,43],[-84,39],[-72,-13]],[[108363,124458],[-44,38],[107,104],[90,11],[102,61],[-25,36],[38,47],[-52,64],[-7,76],[43,9],[-11,108],[-35,-3],[-35,321],[6,5]],[[108363,124458],[33,-97],[-70,-65],[-7,-40],[-74,-19],[-60,5],[-110,-57],[-139,23],[-56,-66],[-31,-102],[8,-47],[-71,-115],[-67,6],[-71,-42],[-35,-51],[-54,-22],[-7,-50],[-38,-84]],[[107514,123635],[-108,46],[-39,41],[-59,24],[-26,48],[-105,85],[-45,-14],[-88,50],[-89,-37],[-119,69],[-104,-66],[-86,0],[-53,26],[-97,19],[-41,34],[-136,-52]],[[106319,123908],[-54,24],[3,127],[-67,3],[-21,55],[-46,-7],[-77,18],[-66,58]],[[108164,126422],[-70,17],[-18,46],[13,46],[81,36],[-19,36],[23,57],[-12,31]],[[108162,126691],[50,6],[62,33],[152,-13],[30,-40],[59,30],[-19,39],[57,49],[11,34],[93,38],[48,-2],[39,-35],[82,-16],[-4,68],[25,68],[89,160],[18,47],[11,170],[32,24],[1,56],[-28,15],[13,61],[-11,43],[177,150]],[[105375,126214],[44,4],[-2,68],[166,131],[8,44],[59,45],[-31,113],[-54,30],[23,82],[116,21],[39,28]],[[107237,127407],[429,-160],[24,81],[50,-4],[2,-60],[75,34],[6,31],[91,44],[123,-16],[37,13],[65,-56],[-48,-88],[7,-133],[-25,-77],[12,-19],[-65,-79],[34,-72],[5,-59],[-18,-39],[121,-57]],[[108014,128363],[356,-139],[13,-16],[324,-126],[246,-87],[200,-63]],[[104433,128213],[89,-32],[75,34],[29,-22],[28,-65],[101,26],[72,-23],[89,34],[74,77],[40,3],[21,85],[1,75],[170,98],[135,51],[63,42]],[[105420,128596],[97,16],[67,-31]],[[105420,128596],[-14,47],[-55,26],[2,52],[-81,42],[-14,71],[-32,24],[-7,68],[40,65],[-29,58],[24,78],[-111,160],[-133,-46],[-96,23],[-61,-8],[-120,-50],[-63,37],[-13,30],[-97,28],[-65,6],[-81,128],[-3,24],[-72,24],[20,58]],[[104359,129541],[33,24],[42,-31],[84,79],[81,56],[25,57],[51,-39],[4,-42],[37,-47],[84,28],[41,-37],[77,-17],[84,14],[39,-15],[58,35],[21,39],[87,40],[44,-50],[68,-12],[40,64],[73,16],[100,62],[58,72],[21,85]],[[105611,129922],[270,-172],[326,-192],[67,-12],[14,-82],[21,-25],[223,-134]],[[104306,129544],[53,-3]],[[104258,131125],[53,-60],[55,-35],[44,-65],[115,-64],[17,-37],[114,-111],[49,1],[28,-45],[2,-51],[51,-36],[10,-44],[55,-18],[12,-33],[97,-135],[95,-90],[220,-148],[62,-36],[55,-3],[29,-61],[190,-132]],[[93325,118244],[-5,-55],[-109,-91],[48,-153],[49,-68],[54,-2],[-19,-48],[-54,5],[0,-64],[-75,-38],[-43,-43]],[[93171,117687],[-80,21],[-9,47],[-70,25],[-136,-2],[-38,8],[-124,-14],[-138,-52],[-113,-28],[-46,-36],[-67,23],[-23,28],[-65,18],[-79,61]],[[93694,117500],[24,145],[68,244],[335,123],[27,49],[-9,49],[43,43],[57,3],[149,-28],[14,21]],[[95054,117732],[12,-113],[-11,-44]],[[96799,117706],[-205,-115],[-206,-125],[-74,-54],[-48,-52],[-48,-16],[-142,-98],[-389,-312],[-88,-5]],[[100269,119572],[48,-32],[13,-54],[68,-21],[-14,-101],[32,-64],[19,-85],[-59,-63],[-40,-19],[18,-41],[-41,-105],[-79,-61],[-8,-58],[-35,-14],[-20,-59],[-46,-12],[-34,-42],[-17,-90],[-54,-12],[-62,-54],[-91,-58],[-55,-88],[17,-45],[-3,-108],[37,-87],[-29,-65],[-42,-20],[-46,22],[-61,-29],[-156,35],[-43,-18],[-42,-80],[6,-65],[-169,-73],[-11,-38],[-61,-32],[-8,-56]],[[99201,117780],[-156,53],[-156,69],[-36,38],[-60,-60]],[[98934,118495],[2,84],[116,119],[4,73],[58,63],[-6,60],[18,33],[60,15],[42,43],[63,93],[10,38],[108,88],[33,47],[9,70],[38,64],[41,-1],[78,98]],[[93419,117360],[23,54],[-39,77],[-60,65],[-70,37],[-102,94]],[[101547,119713],[-60,-60],[25,-101],[-54,-82],[18,-32],[-34,-32],[38,-111],[-24,-39],[4,-100],[-15,-79],[-32,-23],[-2,-89],[-176,-90],[-65,-74],[-173,-17],[1,-66],[-51,-39],[10,-26],[-117,-24],[-25,-90],[4,-34],[-97,-52],[-36,-55],[-11,-60],[-51,-16],[1,-69],[-49,-31],[-6,-78],[-41,-54],[-38,-104],[-20,-164],[-51,-14],[-98,-57],[-34,-46],[-92,-21],[-32,11],[-71,-81]],[[100093,117614],[-65,-53],[-70,-10],[-46,-28],[-6,-39],[-82,32],[-69,2],[-18,-62],[-64,-44]],[[99673,117412],[-57,66],[-76,38],[-29,46],[-91,50],[-77,110],[-142,58]],[[103446,118821],[-147,5],[-84,32],[1,33],[-41,73],[-34,-4],[-104,62],[-45,11],[-98,58],[-33,105],[-37,44],[-100,-16],[-69,-28],[-20,-32],[-102,-37],[-27,-101],[-55,-40],[-219,-29],[-45,62],[-81,8],[-141,51],[-66,-21],[-39,13],[-17,49],[37,97],[38,51],[-7,80],[33,20],[-8,104],[-35,22],[-52,-7],[-25,43],[5,53],[-25,42],[24,62]],[[103728,120438],[21,-45],[97,-54],[-8,-75],[-37,-16],[-28,-65],[38,-75],[14,-67],[68,-38],[29,-69],[-37,-43],[-78,-134],[36,-32],[44,-130],[74,-22]],[[103961,119573],[12,-35],[-81,-78],[-81,5],[-69,-29],[-60,-73],[-15,-103],[-48,-97],[7,-79],[-26,-52],[17,-50]],[[100093,117614],[61,-63],[-42,-53],[78,-40],[54,26],[163,-117],[49,45],[64,15],[9,40],[78,41],[63,81],[59,1],[33,30],[27,78],[94,124],[76,35],[63,68],[5,46],[74,36],[195,-2],[67,85],[44,1],[72,-82],[74,-12],[62,-39],[92,28],[75,-34],[66,38],[201,8],[98,21],[117,-60],[57,-7],[64,48]],[[102385,118000],[47,-52],[9,-54],[48,-19],[-138,-42],[-37,6],[-27,-76],[-54,-57],[-108,-63],[-134,0],[-39,-58],[-71,-47],[-12,-39],[-78,1],[-79,25],[-129,-23],[32,-80],[-27,-61],[-59,-7],[-83,-120],[20,-113],[-22,-36],[-49,-140],[-61,-39],[-48,-51],[-3,-33],[-152,-59],[-53,2],[-67,-26]],[[101011,116739],[-74,56],[-6,42],[-81,71],[-116,63],[-148,43],[-156,21],[-169,4],[-42,48],[-229,49],[-45,41],[-18,48],[-77,62],[-98,45],[-79,80]],[[103488,118746],[-16,-80],[-75,-49],[-20,39],[-79,22],[-67,-15],[-160,16],[-37,58],[-109,-7],[-29,-53],[-54,1],[-30,-43],[-22,-92],[-58,-12],[7,-67],[-37,-20],[25,-106],[-41,-48],[42,-51],[-40,-43],[16,-79],[-77,-46],[-36,19],[-60,-14],[-68,11],[-78,-87]],[[103849,118399],[-64,-128]],[[103785,118271],[-76,23],[-108,-52],[-61,-7],[-41,19],[-122,-50],[-69,-102],[-53,-31],[-47,-51],[-82,-61],[-31,-53],[-91,5],[-72,-32],[-90,-12],[-25,-29],[28,-45],[-41,-57],[-2,-52],[-46,-107],[55,-76],[-29,-48],[35,-45],[-3,-50],[-71,-60],[-10,-80],[-71,-61],[-50,11],[-33,-47],[-82,-19],[-33,-54],[-43,-21],[-65,-130],[-18,-60],[-122,-63],[-77,-90],[-49,-35],[-50,-83],[-48,-23],[-188,-141],[-147,-81],[-58,-75]],[[101599,116246],[-75,62],[-104,48],[-117,86],[-63,93],[-127,114],[-88,57],[-14,33]],[[105084,116414],[54,-117],[78,-37],[14,-53],[59,-61],[45,-1],[37,-98],[58,-54],[50,-24],[12,-68],[152,-33],[31,-37],[-7,-45],[31,-79]],[[105698,115707],[-90,-80],[-128,-27],[-39,-89],[-77,-17],[-133,25],[-48,-50],[-50,7],[-73,-29],[-27,-32],[-64,8],[-53,-32],[-38,21],[-31,-42],[-149,-25],[-67,-79],[-105,-45],[-10,-41],[-39,-28],[-17,-49],[21,-40],[-86,-74],[-23,-70]],[[104372,114919],[-120,28],[-139,7],[-65,55],[-140,62],[-76,91],[-148,22],[-45,40],[-130,11],[-35,33],[-114,3],[-113,110]],[[103247,115381],[21,56],[97,36],[-12,51],[73,47],[83,5],[77,53],[39,50],[93,78],[-19,50],[37,29],[44,78],[-1,58],[47,59],[39,9],[7,49],[-17,119],[20,63],[48,48],[79,144],[-50,71],[25,58],[-36,23],[-24,56],[8,128],[135,25],[66,27],[79,58],[44,-16],[55,34],[81,1],[12,72],[70,16]],[[104467,117016],[34,-76],[54,-32],[28,-111],[108,16],[34,-30],[82,-13],[16,-82],[88,-79],[18,-67],[58,-50],[45,-65],[52,-13]],[[105698,115707],[81,-12],[86,-39],[-7,-73],[95,-111],[68,3],[39,-30],[30,-124],[39,-53]],[[106129,115268],[-114,-45],[-31,-84],[34,-50],[-5,-43],[65,-115],[-9,-38],[-46,-13],[-41,-56],[30,-50],[66,-9],[71,-46],[-64,-34],[-75,-20],[-27,-78],[-61,-44],[-169,-22],[-129,12],[-48,15],[-71,-29],[-64,-77]],[[105441,114442],[-33,27],[-277,113],[-46,27],[-9,43],[-49,35],[-56,13],[-64,102],[-54,24],[-114,27],[-75,2],[-55,39],[-118,7],[-56,-7],[-63,25]],[[106129,115268],[36,-15],[74,-66],[52,27],[52,-7],[50,-35],[20,-47],[66,2],[2,-39],[168,30],[32,-32],[102,-15]],[[106783,115071],[-2,-60],[-36,-177],[23,-60],[-25,-54],[-44,-157],[-1,-63],[23,-100],[-12,-44],[-83,-28],[-33,-63],[6,-34],[-68,-33],[-87,-119],[-54,-148],[-25,-91],[-19,-155],[24,-44],[-18,-52],[-65,75],[-34,19],[-40,62],[-105,46],[-10,34],[-54,19],[-21,41],[-81,59],[-14,90],[-60,82],[-17,47],[-63,68],[-161,99],[-42,42],[-144,70]],[[103785,118271],[22,-41],[-6,-79],[68,-52],[17,-96],[92,-11],[38,-44],[25,-106],[50,-51],[8,-68],[70,-45]],[[104169,117678],[16,-137],[187,-47],[-11,-115],[-30,-63],[79,-91],[74,-10],[30,-57],[-47,-142]],[[103247,115381],[-109,87],[-68,17],[-41,39],[-117,75],[-88,11],[-129,38],[-190,103],[-63,-10],[-102,55],[-124,132],[-6,29],[-66,43],[-108,21],[-60,-7],[-60,47],[-129,53],[-43,60],[-145,72]],[[105857,120093],[-84,73],[-53,109],[-138,162],[-46,-2],[-83,41]],[[105453,120476],[-36,326],[-118,53],[178,609],[396,-89]],[[105873,121375],[325,-73],[-3,-44],[26,-51],[-31,-109],[-32,-48],[-10,-80],[200,-29],[45,250],[387,-57],[20,-54],[8,-86],[-24,-35],[48,-40],[56,-8]],[[106888,120911],[-17,-58],[25,-88],[61,-141],[-19,-51],[31,-21],[82,-200],[-39,-63],[-4,-73],[-131,-32],[-29,20],[-57,-30],[-1,-62],[-28,-30],[4,-80]],[[106766,120002],[-35,-61],[-44,-11],[-119,69],[-161,-22],[-28,12]],[[105873,121375],[-105,88],[-67,97],[22,106],[-31,40],[7,51],[-48,74],[1,29],[-45,78],[17,54]],[[105624,121992],[243,-52],[581,-135],[-23,-39],[567,-83],[61,-15],[-13,-57],[98,-13]],[[107138,121598],[-17,-61],[8,-230],[65,-78],[16,-64],[53,-25]],[[107263,121140],[-151,-188],[-224,-41]],[[106319,123908],[-46,-111],[30,-96],[-5,-33],[37,-83],[-53,-38],[-67,-164],[16,-56],[-39,-67],[58,-45],[74,-84],[-27,-37],[67,-89],[-3,-74],[-27,-32],[45,-37],[20,-62],[98,-28],[58,1],[57,-136],[87,-48],[56,-76],[-2,-48],[-38,-21],[9,-42],[362,-51],[78,-43],[16,-31],[64,-40],[-52,-273],[46,-4]],[[107238,121960],[-41,-72],[-14,-86],[29,-44],[-59,-33],[21,-54],[-36,-73]],[[105624,121992],[71,175],[17,155],[57,74],[68,37],[-7,72],[-28,15],[-36,86],[-58,62],[-38,12],[6,46],[-84,112],[-41,36],[-70,10],[-30,-35],[-82,6],[-117,70]],[[105252,122925],[1,67],[-25,25],[20,43],[-27,49],[49,123],[-18,56],[71,124],[-71,93],[-45,131],[-67,40],[-10,34],[27,54]],[[105453,120476],[-43,34],[-214,117]],[[105196,120627],[-175,147],[-103,65],[-111,123],[-16,52],[-55,47],[-21,111]],[[104715,121172],[-23,129],[16,100],[-12,35],[71,102],[46,1],[28,51],[-1,85],[89,1],[19,81],[-42,43],[77,37],[42,58],[-57,40],[-24,59],[38,65],[-30,49],[29,35],[0,52],[-29,24],[59,101],[35,102],[90,32],[20,76],[-69,125],[28,19],[16,64],[-10,56],[61,15],[39,45],[31,71]],[[104715,121172],[-64,-14],[-8,-53],[23,-30],[-1,-77],[-175,-34],[49,-111],[-209,-55],[28,-51],[-46,-64],[-1,-47],[-67,9],[-84,-21],[-50,6],[-94,-53],[-40,-43],[-65,-31],[-113,-13]],[[105196,120627],[16,-140],[-153,-14],[32,-304],[-195,-17],[-16,-16],[76,-64],[22,14],[60,-52],[23,-67],[-53,-26],[-89,5],[-91,-99],[28,-76],[-98,-96],[-70,-20],[-2,-32],[78,-28],[-29,-47],[62,-31],[-84,-133],[-55,16],[-66,54],[-58,-36],[-121,34],[-104,5],[-86,40],[-34,52],[-78,15],[-35,45],[-115,-36]],[[106085,118498],[-40,-21],[-105,-197],[-129,-184],[-83,-61],[33,-36],[-122,-89],[28,-39],[-66,-49],[-39,42],[-109,-34],[-75,-1],[-81,-38]],[[105297,117791],[-70,-7],[-23,23],[-77,-42],[-23,-38],[-134,26],[-100,-46],[-39,26],[-49,-21],[-80,-97],[-51,8],[-36,43],[-88,-8],[-76,13],[-68,48],[-89,7],[-35,-26],[-90,-22]],[[106386,118663],[190,-44],[-26,-65],[-13,-128],[-82,-294],[41,-49],[173,-21],[10,-32],[-47,-211],[-37,5],[-76,-31],[-92,-57],[-140,-60],[-37,4]],[[106250,117680],[-88,19],[-269,8],[-58,15],[-140,-19],[-98,43],[-61,-17],[-131,11],[-26,-10],[-82,61]],[[106250,117680],[-20,-33],[61,-29],[-33,-56],[208,-63],[186,-88],[207,80],[161,-68],[45,-134],[146,39],[1,12],[244,66],[-213,216],[1,94],[-46,85],[-44,22],[-42,-28],[-87,33],[4,47],[-41,55],[41,96],[-36,78],[26,49]],[[107019,118153],[20,31],[93,-6],[-12,58],[44,19],[47,69],[41,31],[62,-36],[41,-42],[59,-109],[42,-21],[80,-75],[35,44],[50,-31],[-24,-81],[96,-43],[-19,-25],[87,-84],[59,-97],[11,-58]],[[107831,117697],[-209,-271],[-134,-156],[-116,-160],[-35,-73],[-189,-294],[-25,-53]],[[107123,116690],[-17,31],[-86,34],[-10,34],[-56,20],[-38,-19],[-210,74],[-12,23],[-125,5],[-65,-24],[-43,20],[-41,-18],[-39,18],[-122,-30],[-90,7],[-50,-23],[-23,-46],[-112,0],[-93,-17],[-32,-39],[-130,-24],[-45,26],[-72,-16],[-80,24],[-46,-8],[-66,31],[-109,-66],[-33,4],[-29,-45],[7,-82],[-84,-57],[-88,-113]],[[107123,116690],[-130,-224],[-43,-85],[-22,-80],[-64,-104],[-50,-114],[-21,-74],[34,-32],[-56,-106],[-62,-158],[-9,-112],[34,-47],[5,-56],[26,-25],[-9,-68],[27,-38],[62,-31],[-15,-173],[-47,-92]],[[106766,120002],[102,31],[123,-2],[55,13],[34,-32],[-9,-49],[57,-61],[102,-58],[86,-87],[92,-152]],[[107408,119605],[-283,-23],[37,-336],[-238,-226],[-7,-284],[-68,-101],[-31,-92],[17,-31],[-31,-65],[14,-86],[41,-77],[-5,-57],[75,2],[90,-76]],[[107263,121140],[147,-98],[58,-48],[77,-91],[59,-27],[156,-109],[245,123],[13,-12]],[[108018,120878],[28,-158],[84,-59],[48,-48],[3,-31],[-62,-120],[-21,-63],[7,-69],[34,-80],[-95,-86],[27,-88],[37,-14],[7,-115],[-29,-21],[-24,-82],[-43,-15],[-52,-56],[4,-40]],[[107971,119733],[-197,-80],[-122,-33],[-244,-15]],[[107971,119733],[-1,-28],[71,-38],[59,-74],[51,-21],[-69,-76],[-39,1],[-30,-61],[55,-101],[4,-37],[54,-35],[-18,-44],[36,-44],[62,-21],[-39,-340],[31,-59],[-6,-78],[61,-30],[-38,-50],[45,-90],[95,-17],[21,32],[147,24],[84,-16],[97,53]],[[108704,118583],[-98,-92],[-212,-181],[-283,-291],[-280,-322]],[[107238,121960],[346,-28],[66,-29],[67,3],[74,-42],[93,21],[64,-48],[57,-88],[31,-25],[42,-106],[49,19],[0,57],[413,235],[36,-54],[104,-67],[54,-10],[36,-67],[114,-54],[80,58],[173,14],[45,-45],[55,-4]],[[109237,121700],[-14,-67],[-67,-41],[0,-58],[26,-63],[-50,2],[-25,-31]],[[109107,121442],[-73,-9],[-55,18],[-85,-33],[-41,-40],[-93,-5],[-128,-84],[-9,-27],[-70,-11],[-58,-53],[-90,-60],[-97,-30],[-27,-42],[-42,-3],[-13,-52],[-53,-28],[-85,-5],[-25,-57],[-45,-43]],[[110366,122790],[-101,-36],[-26,-29],[-93,-21],[-77,-71],[-72,-41],[-24,-41],[-63,18],[-76,-73],[-55,-29],[10,-42],[-43,-16],[-48,-56],[-46,7],[-44,-34],[-91,-110],[-105,40],[-7,-38],[14,-145],[-38,-11],[-93,-75],[-14,-113],[-31,-7],[-20,-84],[35,-26],[-21,-57]],[[107514,123635],[-38,-384],[468,79],[183,-67],[64,72],[31,-6],[52,52],[94,-18],[100,-37],[52,-34],[86,-96],[105,-4],[54,40],[61,14],[52,-43],[56,-4],[-59,-63],[-27,-78],[-58,-10],[8,-40],[-33,-102],[-29,18],[-62,-26],[-30,-42],[-50,6],[-63,-116],[23,-44],[70,7],[25,-87],[85,-19],[90,19],[67,81],[111,17],[0,67],[43,-4],[50,69],[38,0],[78,49],[5,64],[65,24],[42,71],[-39,53],[42,68],[10,59],[66,45],[12,47],[-50,63],[95,51],[-52,83],[36,27],[88,-29],[58,-37],[12,-32],[99,-11],[32,-20],[252,41],[76,25]],[[109639,119405],[-106,-88],[-241,-231],[-37,-22],[-187,-166],[-123,-102],[-241,-213]],[[109107,121442],[36,-55],[-34,-142],[-41,-24],[-29,-50]],[[112415,120868],[-9,63],[33,61],[-30,61],[23,47]],[[112432,121100],[327,50],[171,4],[99,-41],[42,15],[46,-83],[58,-67],[2,-68],[26,-56],[5,-73],[40,-29],[2,-72],[-45,-60],[36,-73],[71,19]],[[113312,120566],[33,-39],[-9,-112],[-17,-49],[54,-68],[204,-29],[136,-11],[228,65],[135,25],[-8,49],[78,20]],[[114146,120417],[-30,-72],[-10,-75],[13,-30],[66,-33],[59,-84],[44,-7],[93,-77],[-6,-53],[-189,-2],[-336,44],[-51,33],[-116,4],[-56,33],[-104,0],[-84,-15],[-122,11],[-105,-25],[-102,27],[-88,-14],[-80,-43],[-74,-17]],[[113312,120566],[119,153],[40,36],[39,-21],[77,42],[49,3],[54,88],[-3,39],[97,145],[99,19],[2,32],[-63,72],[-3,76],[-36,113],[64,26],[28,-37],[-8,-58],[67,15],[8,43],[218,107],[-5,72],[110,72],[136,-17],[71,-56],[131,-32],[-22,77],[-56,80],[-90,59],[-79,18],[-72,34],[-2,54],[23,55],[-48,194],[-59,78],[-61,19],[-127,71],[-46,-2],[-11,60],[-48,49],[-3,61],[-61,32],[3,77],[-26,86],[14,39]],[[113832,122639],[43,-11],[54,-62],[41,30],[36,-22],[101,-99],[20,-52],[62,1],[158,-83],[89,-6],[16,-16],[181,-17],[95,-39],[32,-60],[80,-36],[49,30],[125,-104],[81,-53],[27,-79]],[[115122,121961],[-18,-21],[92,-67],[-22,-24],[140,-101],[-90,-98],[56,-40],[-114,-125],[118,-86],[18,-55],[92,-25],[209,-123],[-47,-25],[-75,-108],[2,-52],[40,-68],[-5,-38],[-75,-22],[-21,-65],[-39,-32],[41,-37],[25,-88],[56,-39],[-6,-43],[42,-111],[-2,-101]],[[115539,120367],[-73,-37],[-42,-41],[-126,7],[-60,35],[-66,-22],[-88,10],[-19,21],[-127,-30],[-49,68],[-90,42],[25,20],[-55,60],[-79,5],[26,55],[-12,62],[95,94],[-133,56],[-138,9],[-91,-22],[-42,-28],[-88,-101],[-79,-76],[-82,-137]],[[114905,120160],[29,-21],[-36,-52],[-41,16],[48,57]],[[117271,121509],[-52,-38],[-114,34],[-263,-100],[-75,-53],[-29,-44],[-125,-36],[-90,27],[-37,53],[-48,7],[-135,-46],[-55,-55],[-47,-12],[-49,-74],[-15,-138],[25,-87],[124,-27],[110,23],[31,-38],[-66,-14],[-17,-41],[-87,-5],[-26,41],[-118,26],[-41,-20],[-54,-69],[14,-48],[-26,-28],[6,-55],[-143,-39],[-43,-50],[-98,-8],[-41,-64],[33,-58],[-30,-65],[-125,-57],[-26,16]],[[115122,121961],[110,29],[52,-5],[80,-63],[120,-30],[57,-59],[88,-55],[57,-6],[60,33],[-2,29],[48,48],[116,65],[43,-17],[204,-20],[52,-18],[53,22],[45,47],[42,-7],[37,54],[56,41],[147,-6]],[[112432,121100],[30,55],[84,60],[62,13],[60,88],[19,70],[-20,76],[-33,0],[-48,108],[49,60],[30,92],[-38,98],[-63,56],[14,39],[-62,59],[-64,11],[-48,74],[-124,94],[-22,47],[5,111],[-16,160],[-53,70],[-92,91],[-43,69],[-169,29],[-36,40],[68,122],[-72,120],[-15,83],[-73,52],[-38,7],[-60,44],[-44,59],[-51,32]],[[111569,123289],[58,2],[57,-75],[66,-27],[27,13],[113,-32],[58,21],[14,-44],[75,-38],[128,14],[125,-195],[89,2],[31,-32],[170,98],[-3,57],[53,53],[58,-32],[171,-48],[64,-44],[61,8],[60,-51],[-4,-43],[43,-22],[77,3],[-21,81],[-29,48],[144,75],[-19,29],[21,46],[13,111],[87,82],[-19,43],[4,66],[24,46],[-32,77],[107,5],[-79,124],[-32,78],[-39,38],[-63,100],[95,91],[35,55]],[[113357,124072],[60,2],[125,-43],[285,-149],[400,-388]],[[114227,123494],[-347,-280],[-139,30],[-56,-65],[26,-45],[-43,-18],[0,-49],[37,-38],[-6,-34],[62,-76],[40,-92],[-9,-40],[33,-72],[7,-76]],[[113313,124223],[44,-151]],[[111521,120389],[-247,-60],[-194,-71],[-103,-48],[-71,-51],[-116,-54],[-46,5],[-217,-100],[-179,-107]],[[114227,123494],[55,41],[98,-75],[48,16],[109,-29],[196,12],[21,16],[94,-23],[128,12],[65,42],[175,-167],[51,8],[50,42],[117,-5],[279,225],[34,63],[-135,131],[72,14],[73,54],[141,2],[19,23],[125,27],[115,65]],[[116157,123988],[86,16],[22,-15],[124,110],[61,21],[33,58],[-1,62],[97,61],[25,-33]],[[116604,124268],[-18,-53],[82,-66],[40,-10],[-23,-65],[49,-65],[-8,-58],[83,-113],[40,-121],[7,-133],[22,-103],[52,-178],[7,-112],[43,-137],[102,-220],[97,-154],[90,-103],[167,-149],[120,-81],[54,-70]],[[116849,124306],[0,8]],[[116849,124314],[296,-70],[134,-52],[52,-41],[42,-60],[22,-85],[-26,-55],[-55,-37],[-60,-13],[-106,9],[14,87],[143,-14],[43,54],[0,50],[-31,67],[-86,31],[-59,37],[-129,-54],[-3,51],[-52,-6],[-27,71],[-112,22]],[[114162,124752],[58,-10],[45,65],[99,24],[35,27],[167,-44],[22,45],[72,8],[207,-72],[49,-9],[16,-66],[34,-41],[338,-140],[364,-156],[32,30],[122,18],[71,41],[56,-29],[36,-51],[-105,-138],[277,-266]],[[114917,125977],[71,19],[41,38],[120,38],[2,26],[72,32],[90,5],[80,-36],[109,-28],[129,-81],[55,-72],[52,-19],[135,-4],[35,-25],[170,6]],[[116078,125876],[-32,-136],[-58,-131],[-61,-35],[-45,-48],[13,-88],[-23,-39],[24,-90],[5,-84],[22,-66],[84,-105],[49,-38],[11,-48],[63,-110],[65,-94],[23,-64],[36,-39],[22,-104],[42,-44],[69,-34],[271,-101],[81,-21],[110,-43]],[[116849,124306],[-80,3],[-47,42],[-129,12],[23,-43],[-12,-52]],[[117331,128927],[35,-11],[-13,-93],[44,-25],[-21,-64],[13,-104],[92,-191],[-24,-85],[-75,-62],[4,-116],[-56,-60],[-46,-141],[-49,-22],[-12,-40],[-72,-100],[-32,-9],[-25,-54],[-51,-47],[-99,-66],[-43,-78],[-28,-106],[-53,-127],[26,-133],[-118,-198],[-92,-49],[-29,-52],[-93,-83],[-19,-54],[-121,-109],[-29,-70],[-38,-19],[-64,-117],[-58,-169],[-36,-35],[-29,-83],[-66,-95],[15,-61],[-18,-49],[27,-74]],[[125159,126041],[43,12],[62,-39],[-13,-37],[74,-13],[166,-178],[73,-28],[55,-40],[-29,-33],[-69,-25],[24,-51],[-38,-83],[-31,33],[-71,23],[-90,-53],[-100,21],[-87,-54],[44,-63],[71,-20],[-68,-39],[-66,54],[-127,-24],[-49,-48],[24,-66],[-33,-63],[-73,2],[-68,-60],[-139,-11],[-2,-68],[-62,-23],[-103,84],[-55,-22],[3,-35],[-46,-29],[20,-93],[-56,-26],[0,-45],[-76,0],[-93,-40],[-22,35],[47,24],[-57,53],[-39,12],[-61,128],[12,105],[-47,-2],[-27,-58],[18,-56],[-96,-3],[30,42],[-44,23],[15,62],[81,59],[-9,68],[-58,32],[-52,121],[19,36],[43,5],[69,71],[92,-11],[117,29],[65,33],[102,-17],[90,31],[116,11],[113,-45],[-29,55],[-77,23],[-9,47],[153,84],[91,70],[33,44],[103,-44],[-1,68],[65,-60],[89,-24],[25,42],[-42,18],[-4,64],[71,5]],[[125002,125233],[24,-37],[-30,-34],[-49,28],[17,46],[38,-3]],[[120228,127359],[-7,-37],[-45,-18],[-9,-65],[-42,-35],[-34,-90],[-6,-54],[15,-159],[-69,-7],[10,52],[-45,16],[-73,-8],[-48,-30],[-66,-83],[-41,-101],[-62,-112],[-16,-68],[6,-127],[-41,-45],[-14,-63],[-70,2],[-62,-40],[-70,-22],[-98,-54],[-97,-30],[-77,7],[-77,-29],[-74,34],[-110,-54],[-74,-121],[-43,7],[-62,-104],[-69,7],[-32,-45],[-50,-133],[-2,-93],[-21,-95],[-8,-111],[13,-102],[-14,-118],[-46,-224],[-5,-144],[-26,-103],[-1,-95],[-32,-91],[-52,-14],[-17,108],[14,125],[29,75],[39,181],[-125,26],[-185,-12],[-69,-26],[-161,-22],[-74,-29],[-63,109],[-17,88],[38,98],[3,82],[-20,42],[-33,129],[-40,86],[-50,46],[43,93],[178,51],[36,39],[-2,39],[84,168],[51,59],[65,40],[76,17],[177,89],[-3,47],[100,43],[23,34],[136,39],[40,31],[20,100],[35,33],[60,22],[93,71],[56,8],[75,95],[112,50],[22,30],[-15,58],[106,46],[99,29],[100,60],[58,108]],[[119476,127165],[150,15],[5,54],[29,55],[19,87],[51,33],[21,76],[76,16],[125,-5],[243,-57],[33,-80]],[[119476,127165],[-8,133],[-16,46],[8,77],[52,33],[19,48],[39,28],[25,53],[37,22],[52,68],[5,32],[65,55],[92,52],[103,106],[39,65],[54,58],[31,112],[52,53],[78,127],[131,105],[130,92],[57,3],[40,80],[52,24],[28,45],[96,102],[65,111],[4,72],[47,153],[-21,55],[91,65],[25,49],[120,123],[109,209],[52,150],[95,86],[45,16],[109,113],[67,21],[89,3],[129,-43],[78,-87],[144,-58],[70,-170],[86,-23],[47,-57],[74,2],[23,-55],[154,-37],[100,-40],[31,-31],[74,-3],[239,32],[211,-20],[204,14],[168,34],[193,68],[34,55],[99,35],[-102,-153],[-36,-125],[-52,-83],[-6,-90],[-72,-32],[-18,-42],[-78,-19],[-57,-74],[-53,29],[-91,89],[-51,29],[-79,0],[-61,-15],[-200,-98],[-117,-134],[7,-50],[-33,-65],[-61,1],[-35,-71],[-38,-5],[-43,-44],[-133,-101],[-31,-63],[-122,1],[-48,-17],[-99,-1],[-42,-15],[-62,14],[-127,-10],[-26,-14],[-94,0],[-46,15],[-134,-44],[-91,13],[-112,-45],[-113,-88],[-76,-73],[-61,-94],[-39,-144],[-41,-83],[-71,3],[-19,-44],[-126,-36],[-25,13],[-82,-30],[-73,-101],[-46,21],[-63,-21],[-85,-87],[-37,-19],[-83,-97],[-36,-80],[31,-54],[-76,-34]],[[130835,132932],[-59,-68],[-46,6],[-28,43],[-63,-42],[-39,21],[-104,0],[-66,-21],[-136,-65],[-143,-27],[-50,18],[-167,100],[-83,94],[10,90],[-17,49],[-105,22],[-107,-7],[-165,-70],[-83,-67],[-113,-145],[-31,-134],[37,-38],[94,-48],[78,-12],[-5,-43],[-50,-21],[-92,-127],[-39,-36],[-17,-55],[-73,-95],[-7,-74],[-65,-70],[-102,-82],[-77,-85],[-84,3],[-96,-24],[-103,-82],[-8,-81],[-45,-37],[-124,-9],[-118,-46],[-34,-45],[-47,0],[-67,-35],[-75,-68],[-66,-22],[-50,-50],[-6,-33],[-76,-68],[-60,-11],[-63,-34],[-150,-205],[-35,-92],[-93,-59],[-93,-141],[-23,-71],[-9,-82],[-43,-81],[-93,-43],[-131,-128],[-88,-6],[-194,-76],[-116,4],[-121,52],[-99,-33],[-81,-51],[-128,-116],[-118,-120],[-119,-182],[-3,-45],[-88,-155],[14,-38],[-37,-48],[-91,-57],[-33,-40],[-66,-24],[-89,23],[-116,-5],[-190,68],[-53,42],[-17,41],[43,121],[52,180],[72,72],[36,58],[127,24],[80,63],[80,95],[12,45],[-80,125],[-36,28],[-5,59],[24,38],[-2,66],[56,141],[37,-11],[-9,-55],[27,-44],[16,-102],[95,-105],[74,-18],[68,37],[114,112],[38,130],[-15,50],[12,74],[-91,40],[-62,67],[25,33],[103,10],[56,-29],[43,11],[73,-35],[0,-45],[48,-8],[18,-53],[101,5],[78,23],[114,68],[81,97],[101,97],[75,34],[37,57],[44,110],[31,175],[-6,66],[-47,81],[-106,-10],[-48,37],[-110,-9],[-86,34],[-51,38],[-66,140],[-5,87],[38,45],[133,48],[66,-38],[49,6],[24,-40],[55,2],[94,-92],[28,-45],[76,3],[109,32],[88,46],[41,149],[56,98],[-1,98],[51,54],[117,35],[119,46],[38,30],[45,-6],[257,141],[67,50],[67,87],[55,33],[104,128],[25,9],[50,76],[103,74],[83,43],[93,-5],[56,51],[-18,63],[9,82],[-19,28],[64,146],[-3,79],[35,90],[9,70],[-27,87],[-109,53],[3,49],[109,-32],[49,-26],[77,23],[103,-33],[-9,-49],[47,-58],[65,-26],[166,-10],[21,-33],[62,-8],[66,22],[69,46],[134,55],[43,60],[-12,90],[18,33],[-37,61],[5,56],[44,24],[28,67],[2,61],[75,48]],[[129818,134213],[42,-10],[85,-81],[875,-805],[23,-24],[-8,-361]],[[129818,134213],[57,54],[14,76],[120,23],[42,-16],[71,89],[91,-5],[98,53],[60,6],[58,-60],[85,22],[38,55],[43,25],[-9,58],[72,112],[-11,56],[-69,31],[21,71],[-18,37],[28,90],[-81,159],[10,54],[-34,105],[17,54],[-33,81],[49,65],[24,61],[74,127],[57,42],[85,106],[111,50],[86,-49],[22,-33],[94,-30],[-12,-50],[17,-108],[51,-57],[-30,-19],[47,-143],[31,-64],[88,-86],[-29,-50],[60,-134],[-14,-46],[25,-69],[48,-7],[49,-63],[11,-53],[49,-29],[164,-44],[176,-18],[177,1],[152,11],[334,44],[324,68],[209,65],[56,30]],[[133073,134961],[29,-31],[10,-336],[83,-39]],[[133195,134555],[-219,-32],[-151,-66],[-89,-65],[-76,-83],[-67,-5],[-57,-24],[-133,-94],[-5,-40],[-75,-30],[-36,-57],[-53,5],[-78,-19],[-123,-73],[-63,-57],[-52,-14],[-118,-74],[-171,-167],[-63,-123],[-73,-11],[-172,-189],[-7,-39],[-44,-31],[-93,-141],[-73,-9],[-78,-29],[-32,-40],[-58,-11],[-101,-105]],[[133073,134961],[-1,33],[49,65],[161,83],[55,5],[51,45],[90,12],[-17,46],[147,105],[54,81],[27,68],[79,17],[24,44],[-50,88],[56,64],[27,66],[44,5],[92,69],[44,96],[132,27],[58,41],[8,53],[38,20],[66,127],[150,12],[39,42],[49,5],[81,64],[0,87],[66,94],[96,-4],[210,31],[289,83],[174,-15],[64,3],[98,-28],[46,15],[16,-43],[80,-22],[83,-55],[90,-89],[17,-52],[-12,-144],[-84,-78],[-102,-33],[-122,-63],[-29,-118],[13,-80],[124,-57],[41,-67],[76,-74],[5,-60],[-100,-129],[-26,-64],[-44,-17],[27,-57],[-31,-57],[-130,8],[-94,-20],[-120,-78],[-111,71],[-82,24],[-74,-20],[-73,12],[-101,-16],[-72,7],[-153,-24],[-34,23],[-111,-24],[-46,-39],[-93,-41],[-114,-12],[-53,-28],[-107,-100],[-61,-22],[-72,-81],[-65,-8],[-34,-67],[12,-46],[-48,-28],[-36,28],[-82,-18],[-43,-48],[-40,-9],[-58,27],[-43,-9],[-81,-48],[-89,-79],[-56,10],[-35,-26],[-97,-15]],[[92831,107374],[72,-270],[12,-105],[42,-116],[37,-68],[53,-58],[96,-51],[93,-84],[82,10],[30,19],[109,-17],[112,47],[99,94],[9,43],[66,36],[0,35],[52,4],[27,67],[55,37],[-8,94]],[[93869,107091],[71,-19],[47,9],[40,-39],[-4,-43],[45,-65],[70,-49],[14,-42],[96,-55],[-7,-68],[106,-54],[31,-42],[-8,-60],[30,-36],[42,-5],[64,-53]],[[94506,106470],[-26,-92],[-92,-74],[16,-46],[-40,-46],[-73,-38],[-101,14],[-51,-30],[-48,-118],[45,-59],[86,-16],[15,-32],[126,-18],[135,-134]],[[94498,105781],[-42,-28],[-14,-121],[-45,-57],[-25,-116],[-84,-26],[-94,16],[-85,56],[-93,-7],[-36,25],[-20,-67],[39,-70],[-39,-74],[2,-63],[-72,-27]],[[93890,105222],[-98,-24]],[[93792,105198],[-201,250],[-113,34],[-46,34],[-48,63],[-28,-31],[-49,13],[-58,-13],[-57,34],[-71,-26],[-56,-3],[-195,-32],[-51,35],[-33,50],[-60,44],[-33,81],[-100,-15],[-88,30],[-106,-31]],[[92399,105715],[-100,5],[-16,-60],[-62,-9],[-19,66],[42,50],[-9,31],[-53,36],[-83,101]],[[92099,105935],[-4,49]],[[92095,105984],[50,45],[46,16],[26,43],[63,15],[14,58],[79,20],[24,41],[-31,82],[24,46],[-20,41],[4,103],[21,32],[-2,89],[25,25],[-11,51],[53,78],[11,98],[-43,164],[-45,17],[-1,46],[57,116],[9,74],[-41,38],[-69,27],[-24,56],[-34,13],[-11,88]],[[92269,107506],[50,6],[97,-47],[31,17],[93,-35],[19,-60],[38,8],[187,-9],[47,-12]],[[91148,106172],[84,-26],[7,-41],[130,-5],[38,-33],[54,25],[13,-52],[98,-11],[-4,-80],[36,-13]],[[91604,105936],[48,-89],[52,-62],[42,-23],[39,-59],[23,-94]],[[91808,105609],[-25,-58],[103,-100],[13,37],[56,-5],[18,-52]],[[91973,105431],[39,-115],[49,-59]],[[92061,105257],[51,-8],[15,-34],[9,-130],[-10,-65],[73,-128],[42,-18],[60,58],[104,-3],[66,-53],[35,-45],[-3,-34]],[[92503,104797],[-116,-32],[-36,41],[-82,32],[5,-63],[-68,39],[-32,-98],[-80,-45],[-51,8],[-137,-36],[-2,-65],[-35,-25],[-75,-7],[-22,-66],[31,-38],[-28,-42],[-115,-13]],[[91660,104387],[-53,28],[-110,-51],[-49,23],[-52,56],[-47,-67],[-87,12],[-71,-69]],[[91191,104319],[-102,98],[11,51],[-54,56],[17,61],[-91,76],[-20,40],[3,122],[39,36],[1,96],[-34,39],[26,32],[-5,96],[-61,41],[7,35],[-150,64],[-51,-13],[-55,-41],[-60,-20],[-34,-88],[-46,-7],[-58,-49],[2,-62],[-46,-35],[-23,-62],[-42,-5],[-63,70],[-78,-63]],[[90224,104887],[-6,53],[-36,39],[10,102],[41,-1],[148,89],[-20,28],[81,22],[19,66],[55,31],[-12,43],[18,61],[138,51],[51,0],[123,36],[-7,50],[131,97],[60,19],[91,78],[26,41],[-115,14],[-32,14],[-75,-62],[-33,92],[-1,117],[69,40],[30,58],[117,94]],[[91095,106159],[53,13]],[[97995,104365],[-75,-1],[-46,-46],[-93,-27],[-65,30],[7,60],[-51,-8],[-76,23],[-71,-34],[-26,-114],[-71,-24],[-25,47],[-77,-20],[17,-198],[-15,-58],[4,-77],[116,-164],[61,-127]],[[97509,103627],[-77,-67],[-125,35],[-42,60],[-140,83],[-75,8],[-62,-27],[-67,19],[-74,-70],[-107,-50],[-30,60],[-43,-38]],[[96667,103640],[-52,55],[20,115],[-16,21],[18,95],[73,59],[1,50],[203,42],[20,60],[50,60],[-134,68],[-28,86],[-112,5],[-43,43],[-8,48],[-54,37],[-1,60],[-91,-52]],[[96513,104492],[-36,71],[-11,71],[117,45],[40,-2],[42,55],[52,30],[83,14],[-42,46],[49,47],[20,52],[-17,68],[-66,10],[19,41]],[[96763,105040],[128,87],[59,13],[83,43]],[[97033,105183],[38,-90],[29,-25],[35,-105],[50,-26],[-23,-51],[66,0],[14,-88],[64,-26],[49,-59],[53,-15],[99,22],[66,79],[52,-1],[62,-132],[109,-52],[13,-49],[107,-79],[11,-61],[68,-60]],[[93792,105198],[-99,-50],[-72,-162],[-118,-40],[-70,2],[-43,23],[-78,-66],[20,-36],[-52,-107],[-71,-16],[-121,18],[-89,70],[-2,51],[-36,22],[-21,66],[-63,-63],[-70,-16],[-26,49],[43,81],[-48,97],[-64,51],[-61,9],[-42,50],[-61,8],[-43,63],[-35,1],[-14,47],[-37,7]],[[92419,105357],[-45,43],[6,74],[-42,31],[40,56],[-16,61]],[[92362,105622],[37,93]],[[92095,105984],[-41,47],[7,128],[-78,-1]],[[91983,106158],[-24,-6],[-44,56],[-40,-10],[-15,-42],[-69,29],[-38,68],[-55,-3],[-2,56],[-35,59]],[[91661,106365],[-1,127],[-75,-20],[-22,56],[33,37],[-75,95],[-17,66],[-37,20],[-4,106],[37,33],[-12,64],[48,8],[62,69],[-14,37],[25,71],[-57,14],[12,57]],[[91564,107205],[84,5],[-16,47],[80,39],[85,-7],[82,53],[121,31],[61,104],[-9,70],[30,48],[-4,54],[24,25]],[[92102,107674],[88,-73],[66,-41],[13,-54]],[[91419,108509],[82,-39]],[[91501,108470],[104,3],[87,-35],[95,9],[16,-35]],[[91803,108412],[-41,-49]],[[91762,108363],[-43,-45],[21,-116],[-78,-40],[-25,-46],[-62,-50],[-30,-80],[-64,-35],[65,-79],[-11,-42],[-112,17],[-76,-23],[-55,-46]],[[91292,107778],[-38,-44],[33,-40],[-35,-32],[-63,36],[-47,55],[-45,2],[-57,-55]],[[91040,107700],[19,202],[8,154],[-4,151],[-20,84],[-41,29],[-30,59]],[[90972,108379],[98,17],[26,-20],[71,27],[44,-4],[40,73],[78,40],[90,-3]],[[94498,105781],[61,-26],[68,-145],[125,-40],[97,1],[25,-22],[24,-68],[38,-46],[119,-54],[121,6],[95,45],[93,-22],[23,41],[-17,71],[60,40],[23,59],[51,-1],[9,69]],[[95513,105689],[161,33],[143,21],[48,43],[60,20],[74,-24],[-10,-80],[33,-132]],[[96022,105570],[-36,-83],[77,-70],[-97,-63],[-5,-90],[84,-4],[23,-95],[46,-11],[-10,-68],[95,-128]],[[96199,104958],[-26,-62],[-40,-2],[-82,-130],[-64,16],[-197,-57],[-31,-22],[-3,-56],[-91,-64],[-37,-57],[-51,-25]],[[95577,104499],[-64,-18],[-82,16],[-199,2],[-38,18],[-41,-39],[-85,7],[-8,-18],[-162,-87],[-127,-17],[-157,-125],[-1,-63],[-35,-72],[-48,-41]],[[94530,104062],[-68,24],[-109,-29],[-49,25],[-47,-57],[-33,-1]],[[94224,104024],[-39,40],[-141,-26],[-163,110],[88,367],[11,75]],[[93980,104590],[-102,188],[-48,33],[55,59],[25,126],[-2,70],[-39,21],[21,58],[-24,40],[24,37]],[[96906,105609],[-51,-16],[-56,7],[-159,-24],[-103,10],[-65,-20]],[[96472,105566],[-58,-18],[-55,56],[-9,32],[43,86],[-96,50],[12,28]],[[96309,105800],[92,93],[-125,-14],[-44,22],[62,51],[155,-7],[37,81],[6,60],[-9,144],[-48,61],[-5,166],[10,39],[48,37],[38,73],[8,71]],[[96534,106677],[58,40],[-24,118],[29,122],[69,24]],[[96666,106981],[42,-401],[33,-229],[21,-87],[30,-204],[59,-294],[55,-157]],[[95900,109996],[18,-58],[-69,-116],[-57,-136],[47,-23],[55,12],[39,-57],[7,-61],[-35,-65],[19,-94],[-25,-113],[103,-37],[87,41],[38,-17],[71,13],[121,-32],[-7,-31],[72,-153],[-23,-62],[13,-35],[-37,-58],[1,-56],[-57,-92],[19,-85]],[[96300,108681],[-65,-16],[-131,33],[-49,-39]],[[96055,108659],[15,49],[-28,105],[-74,195],[-63,118],[-72,109],[-76,89],[-110,106],[-55,31],[-88,17],[-58,-9],[-22,-55],[-91,-144],[32,-37],[-2,-43],[-40,-24],[-121,-109],[-62,1],[-154,-94],[-73,-97],[-123,10],[-132,79],[-66,-15],[-76,25],[-97,-51],[-98,-109],[-81,-3],[-92,11],[-45,-45],[-73,-29],[-66,22],[-149,-53],[-15,-23],[-107,-61],[-73,-112],[-67,7],[-24,24],[-57,-8],[-99,105],[24,108],[-24,193],[73,95]],[[93446,109037],[54,21],[115,110],[39,12],[30,94],[-40,55],[51,81],[31,14],[80,-32],[34,30],[-18,74],[10,30],[-90,73],[77,101],[52,4],[49,37],[28,91],[53,77],[96,108],[63,7],[-15,57],[17,38],[51,7],[45,73],[-23,45],[44,48],[17,84]],[[94296,110376],[25,37],[60,-18],[57,71]],[[94438,110466],[42,25],[58,-13],[45,18],[40,-32],[24,-71],[107,-19],[120,85],[2,78],[48,-14],[119,46],[115,0],[56,27]],[[95214,110596],[109,-136],[52,-23],[25,-50],[70,-54],[63,-66],[17,-37],[67,-69],[92,-69],[191,-96]],[[91095,106159],[-97,81],[-100,18],[-39,81],[-58,55],[-16,38],[-106,2]],[[90679,106434],[100,185],[82,218],[74,266],[33,144],[42,232],[30,221]],[[91292,107778],[31,-10],[47,-55],[5,-42],[40,-48],[1,-73],[-55,-79],[-24,-79],[25,-61],[28,-21],[75,20],[60,-34],[39,-91]],[[91661,106365],[-71,-13],[-49,-70],[36,-68],[-38,-20],[-36,62],[-69,37],[-85,73],[-36,-27],[21,-53],[-24,-37],[-49,-13],[-113,-64]],[[93980,104590],[-146,-31],[-38,13],[-44,-20],[-54,-53],[-33,-3],[-49,-52],[4,-55],[-19,-132],[-23,-58],[-52,5],[-35,50],[-75,-38],[-51,0],[-53,-77],[-97,3],[-13,-58],[22,-17],[-12,-77],[-55,6],[-36,69],[-89,12],[-61,-15],[-1,-55],[-60,-35]],[[92910,103972],[-61,-38],[-100,-24],[-46,40],[-18,53],[-49,43],[-60,-5],[-117,79]],[[92459,104120],[49,41],[11,65],[-20,105],[6,39],[-79,61],[58,56],[60,-32],[6,-58],[36,6],[38,109],[48,-23],[94,-3],[93,56],[67,53],[-8,63],[-74,61],[-78,8],[-44,33],[-65,23],[-63,-32],[-91,46]],[[92061,105257],[24,55],[94,39],[40,-34],[68,-8],[72,43],[60,5]],[[93869,107091],[32,0],[25,73],[-14,167],[-54,15],[-91,53],[102,23],[5,100],[49,36],[2,41],[33,54],[22,100],[50,17],[71,-18],[106,-96],[82,15],[50,-18],[8,-42],[58,-78],[109,-77],[-19,-74],[9,-35],[-49,-52],[41,-18],[99,24],[49,-31],[72,-14],[14,-33],[105,-62],[60,14],[49,-24],[33,-61],[44,-47],[28,-64]],[[95049,106979],[-39,-2],[-156,-56],[-28,-78],[24,-82],[-35,-33],[-1,-40]],[[94814,106688],[-111,-21],[10,-71],[-17,-39],[-53,-20]],[[94643,106537],[-55,-11],[-82,-56]],[[91501,108470],[66,66],[47,0],[36,34],[-9,34],[43,61],[-18,113],[57,82],[-2,40]],[[91721,108900],[54,-6],[46,-38],[120,28],[87,61],[62,61],[40,101],[61,-21],[58,61],[28,-20],[126,-13],[78,-38]],[[92481,109076],[-1,-55],[50,-105],[-25,-11],[-87,-89],[-17,-37],[2,-83],[-30,-33],[-39,-119],[-81,-88],[19,-46],[-52,-47],[-40,-4],[-58,33],[-65,-25],[-80,-9],[-33,31],[-62,-14],[-79,37]],[[92102,107674],[2,73],[-31,13],[15,87]],[[92088,107847],[72,8],[67,-12],[19,25],[111,30],[39,-17],[108,30],[70,-9],[85,33],[33,-34],[65,-13]],[[92757,107888],[28,-188],[19,-81],[16,-194],[11,-51]],[[92481,109076],[66,-26],[59,-97],[76,-34],[49,-80],[11,-42],[-28,-124],[5,-31],[-29,-94],[-12,-202],[16,-146],[21,-105],[36,-83],[6,-124]],[[92088,107847],[-43,92],[-47,38],[-39,62],[17,57],[-12,41],[-53,52],[-118,71],[-39,73],[8,30]],[[91419,108509],[-110,146],[-37,17],[39,131],[-11,40],[15,86],[6,108],[-56,61],[1,97],[-68,88],[-36,0]],[[91162,109283],[-15,37],[37,26],[80,-56],[70,-16],[59,-53],[54,-30],[52,-98],[104,-72],[32,-75],[86,-46]],[[90224,104887],[-15,-81],[-74,0],[-45,-29],[-13,-65],[7,-66],[-38,-33],[-50,-10],[74,-168],[52,-63],[31,-10],[18,-76],[-16,-68],[8,-60],[-22,-26]],[[90141,104132],[-208,-14]],[[89933,104118],[-44,51],[2,58],[-31,37],[-80,51],[-53,13]],[[89727,104328],[43,83],[-18,65],[59,87],[10,103],[45,86],[-14,33],[53,62],[9,50],[-28,78],[14,35],[-8,178],[-20,200],[35,19],[-8,58],[27,129],[105,74],[17,90],[38,55],[68,24],[3,37],[84,103],[-36,64],[6,60],[-85,25]],[[90126,106126],[71,52],[57,60],[73,33],[46,50],[62,18],[54,-41],[72,16],[62,49],[56,71]],[[89727,104328],[-47,-11],[-63,-41],[-47,0],[-70,-49],[-25,-41],[27,-44],[-19,-65],[-55,-22],[-53,44],[-83,-32],[-61,-8],[-72,52],[-123,-42]],[[89036,104069],[20,44],[-7,70],[32,116],[11,127],[15,60],[-13,192],[-38,182],[-53,41],[18,39],[-33,73],[-46,57],[-58,4],[-42,-25],[-76,13],[-43,-18],[-42,18],[-34,67],[-6,133],[128,84],[86,103],[51,-20],[58,13],[36,53],[35,12],[15,87],[62,14],[80,104],[9,77],[59,24],[45,84],[34,105],[67,77],[98,36],[44,65],[85,36],[78,4],[58,-46],[67,-20],[36,-59],[83,-34],[57,5],[114,60]],[[91191,104319],[-23,-37],[2,-60],[-45,-82]],[[91125,104140],[-134,-18],[-56,62],[-102,-1],[-66,-34],[-80,7],[-47,-29],[-117,-39],[-53,46],[-69,-24],[-87,42],[-94,-12],[-57,-27],[-22,19]],[[92362,105622],[-20,11],[-50,-72],[-54,-25],[-89,1],[-40,-14],[-16,-40],[-55,-49],[-65,-3]],[[91808,105609],[35,-28],[36,31],[-11,58],[83,34],[1,89],[69,33],[75,-66],[41,48],[-38,127]],[[92459,104120],[-6,-38],[-76,-26],[-86,-3],[-24,-36],[67,-86],[6,-50],[-42,-10],[-61,44],[-35,-8],[-45,55],[-22,127],[-102,-18],[-55,51],[-67,28],[-39,77],[-96,22],[-82,-37],[-33,29],[-21,79],[20,67]],[[91604,105936],[57,47],[49,-8],[68,18],[64,85],[3,49],[85,-21],[53,-30],[0,82]],[[90972,108379],[-92,81],[-43,12],[-122,-1],[-36,17],[2,46],[35,61],[40,-32],[67,23],[60,-18],[35,-33],[41,1],[47,42],[-2,49],[50,14],[34,77],[30,127],[9,84],[-21,25],[16,50],[-29,90],[16,107],[42,19],[11,63]],[[95049,106979],[100,-88],[69,-8],[82,9],[88,43],[63,56],[83,96],[67,93],[114,215],[51,125]],[[95766,107520],[98,4],[82,-17]],[[95946,107507],[-47,-58],[-7,-48],[-65,-77],[-1,-57]],[[95826,107267],[10,-42],[-39,-65],[-11,-74],[-113,-105],[-42,-107],[-113,-36],[-110,-92],[-32,-16],[-75,12],[16,-61],[-106,8],[-164,-62],[-37,-4],[-91,32],[-84,-5],[-21,38]],[[94643,106537],[50,-90],[74,-21],[54,29],[66,-32],[88,24],[95,-12],[60,31],[102,-21],[85,12],[65,-46],[73,-16],[5,-48],[92,-4],[46,-49],[-19,-64],[35,-23],[89,-9],[51,-42],[41,29],[52,84],[61,9],[38,-20],[-9,-113],[23,-27],[-49,-32],[-54,-88],[-75,-36],[-51,-2],[-49,-47],[-102,-46],[-68,-84],[18,-53],[-17,-41]],[[96022,105570],[92,75],[14,30],[55,11],[78,50],[12,54],[36,10]],[[96472,105566],[38,-135],[-46,-27],[-45,-83],[-10,-91],[18,-61],[83,-10],[-45,-66],[61,-1],[75,-23]],[[96601,105069],[-21,-85],[-59,-38],[-67,124],[-34,-29],[-64,-14],[17,-70],[-75,-33],[-99,34]],[[96300,108681],[23,-118],[34,-77],[-45,-43],[51,-51],[66,-14]],[[96429,108378],[23,-29],[-32,-57],[-13,-63],[12,-51],[-36,-19],[28,-44],[-32,-51],[-48,12],[-25,-89],[-33,-19],[17,-85],[-46,-49],[-57,-29],[-19,-72],[-50,-8],[-24,-57],[-55,-3],[-50,-78],[5,-51],[-48,-29]],[[95766,107520],[42,128],[44,193],[28,253],[-4,137],[27,38],[-4,97],[44,102],[91,90],[21,101]],[[95826,107267],[90,-49],[59,14],[4,-38],[-30,-74],[35,-108],[35,-41],[-15,-96],[17,-154],[63,-37],[137,-52],[39,100],[59,-3],[58,-27],[114,12],[43,-37]],[[96429,108378],[73,10],[36,26],[48,81],[96,48]],[[96682,108543],[-11,-62],[5,-138],[19,-3],[-36,-171],[-25,-262],[-10,-145],[1,-201],[12,-52],[-8,-111],[15,-81],[-27,-26],[18,-71],[30,-11],[-8,-76],[9,-152]],[[96763,105040],[-26,24],[-87,16],[-49,-11]],[[96906,105609],[48,-202],[76,-197],[3,-27]],[[94296,110376],[-63,40],[-52,-11],[-10,41],[-44,9],[-34,42],[-27,75],[8,35],[-52,72],[-31,-3]],[[93991,110676],[85,53],[58,171],[-18,66],[-38,64],[49,38],[13,95],[33,0],[38,-65],[67,-36]],[[94278,111062],[-16,-48],[71,-94],[52,-33],[9,-41],[-36,-45],[45,-97],[-47,-173],[56,-62],[26,-3]],[[95900,109996],[146,-48],[117,-20],[72,5],[124,32],[122,48],[159,76],[85,53],[182,183],[93,76],[62,-36],[-44,-48],[17,-53],[-43,-13],[-10,-44],[39,-32],[-7,-65],[-48,-37],[-41,-101],[-103,-415],[-93,-340],[-7,-100],[-66,-282],[-13,-156],[17,-130],[22,-6]],[[94278,111062],[82,-44],[102,-140],[115,-58],[45,-34],[135,-16],[157,1],[187,-97],[97,-32],[16,-46]],[[93446,109037],[36,126],[-27,148],[83,162],[16,143],[39,81],[-39,43],[44,40],[-6,36],[54,35],[21,49],[40,205],[-5,52],[34,120],[9,66],[71,39],[22,54],[71,39],[-3,63],[60,64],[25,74]],[[95713,103979],[72,-90],[122,25],[85,-12],[30,-55],[88,22],[59,-60],[67,1],[33,-94]],[[96269,103716],[-35,-37],[-60,-6],[-37,-50],[2,-40],[-90,-44],[-66,30],[-12,-48],[-62,-6],[-87,-82],[-29,-1],[-40,-62],[-110,-66],[-134,13],[-67,-32]],[[95442,103285],[20,66],[50,27],[0,58],[52,28],[-29,82],[33,37],[-22,26],[-76,31],[6,38],[-119,-12],[-21,26],[-112,19],[-39,29],[-96,-17],[-60,12],[-146,2],[-98,71],[-115,-24],[-48,24],[-28,59],[-53,-8]],[[94541,103859],[-25,108]],[[94516,103967],[44,-61],[81,47],[47,-22],[43,12],[78,-42],[61,37],[124,28],[57,3],[47,-42],[41,8],[103,62],[55,-13],[62,35],[61,9],[95,-11],[15,-25],[71,8],[112,-21]],[[96513,104492],[-108,-67],[-122,-52],[-3,-50],[-42,-48],[-44,-14],[-41,-68],[-48,-29],[42,-52],[-2,-57],[-52,5],[-57,59],[-44,-50],[-65,-6],[-49,-43],[-44,-8]],[[95834,104012],[-62,71],[39,24],[19,67],[-12,59],[-77,40],[-104,-31],[-10,95],[-56,79],[-44,38],[50,45]],[[95442,103285],[-26,-21],[-83,-6],[-21,-37],[-76,-30],[-105,-62],[53,-122],[-31,-33],[-73,-23],[-72,3],[-38,-24],[-48,-67],[-70,-7],[-103,-68],[-5,-31]],[[94744,102757],[-104,-24],[-77,31],[-60,-20],[-55,55],[-22,73],[-53,50]],[[94373,102922],[-49,67],[37,83],[-2,103],[-41,4],[-4,52],[72,65],[7,96],[50,101],[-29,58],[96,-21],[73,76],[-21,77],[20,18],[-56,116],[15,42]],[[96667,103640],[-57,-98],[-65,-43],[-98,-47]],[[96447,103452],[-14,49],[-75,44],[17,59],[-68,95],[-38,17]],[[95713,103979],[121,33]],[[97995,104365],[70,-55],[32,-47],[87,-54]],[[98184,104209],[-35,-11],[-32,-71],[-92,-61],[-27,4],[-83,-51],[-63,3],[-35,-34],[-91,-21],[-73,-87],[8,-84],[21,-28],[-29,-44]],[[97653,103724],[-49,-51],[-95,-46]],[[94516,103967],[-14,36],[28,59]],[[96883,100596],[43,17],[85,-24],[58,-38],[49,6],[26,47]],[[97144,100604],[76,-30],[39,8],[4,-96],[-16,-54],[41,-59],[26,-68],[20,-105],[37,-41],[-57,-23],[-96,-8],[17,-42],[-12,-45],[-49,-19],[-26,-90],[-34,-7],[-21,-69],[-77,13],[-72,-14],[-37,-32],[-87,-23],[-62,23],[-68,-78],[19,-70],[-33,-45],[25,-61],[-17,-79],[65,-39],[0,-60]],[[96749,99391],[-57,-45],[-71,-81],[-100,-24],[-67,-56],[-35,-72],[-46,-37],[34,-77],[72,-52],[190,-77],[66,-45],[54,-73],[80,-52],[21,-83],[-83,-39]],[[96807,98578],[-32,55],[-54,29],[-108,-20],[-61,12],[-48,-14],[-50,-39],[-81,-4],[-96,52],[-71,-18]],[[96206,98631],[22,47],[-21,43],[-37,15],[-47,102],[-58,-7],[9,-75],[-52,-66],[-96,62],[-62,75],[-78,20],[-112,-31],[-33,-26]],[[95641,98790],[-24,79],[-62,66],[-20,74],[-134,16],[-27,43],[-53,16],[-19,46],[-45,-8],[-82,-54],[-37,-43],[-121,16],[-72,-6],[-49,40]],[[94896,99075],[-42,29],[16,48],[-50,14],[-48,-35],[-66,-13],[-26,17],[-27,68],[-67,26],[49,30],[38,80],[6,55],[85,61]],[[94764,99455],[96,-75],[159,86],[12,115],[45,21],[49,-12],[5,50],[34,29],[26,62],[93,144],[94,23],[20,-36],[68,8],[24,79],[-40,151],[-33,52],[2,68],[-64,12],[-46,37],[-34,81],[-82,-1],[-10,113],[-57,120]],[[95125,100582],[48,-1],[43,27],[91,-6],[79,97],[107,67],[-52,61],[-17,57]],[[95424,100884],[47,22],[123,-30],[15,-53],[41,-60],[136,-9],[44,-32],[65,15],[29,-14],[55,20],[39,-14],[-4,-42],[37,-17],[13,-161],[91,-56],[-44,-38],[6,-74],[81,32],[30,-59],[81,-13],[56,89],[119,-6],[19,27],[52,-2],[91,-30],[75,15],[48,25],[79,-22],[26,41],[-8,45],[17,113]],[[96749,99391],[66,-44],[26,-51],[170,28],[50,-3],[7,36],[93,105],[50,24],[161,-25],[116,8],[70,87],[30,6],[62,-57],[108,-5],[33,74],[-6,55],[91,56],[15,108],[153,2],[72,-32],[62,-52],[85,65],[48,6],[71,-51],[88,34],[21,-62],[82,-58],[76,27],[77,-52],[88,-28],[77,51],[45,-7],[60,57],[61,-12],[2,60],[156,21],[41,23],[92,116],[7,66],[-80,79],[90,22],[39,59],[100,12],[26,65],[88,20],[30,-12],[63,24],[23,38]],[[99734,100274],[40,-4],[23,-64],[-36,-38],[-2,-68],[28,-36],[1,-68],[45,-89],[-40,-38],[-4,-66],[55,-46],[-54,-21],[-17,-52],[-46,-75],[39,-11],[8,-69],[-74,-81],[17,-90],[52,2],[-29,-95],[-43,-65],[42,-53],[7,-53],[-88,-38],[39,-83],[-42,-17],[1,-77],[-96,-80],[14,-69],[52,-12],[107,161],[48,43],[31,58],[120,172],[60,-45],[-24,-75],[1,-138],[33,-122],[0,-72],[21,-58],[125,3],[-7,-54],[59,-20],[23,-111],[-45,-73],[-87,-22],[-47,8],[-45,-60],[1,-64],[-31,-59],[-67,-18]],[[99902,98172],[-99,96],[-54,35],[-34,115],[-22,37],[-77,2],[-23,31],[-72,15],[-87,-6],[-23,-19],[-87,-2],[-71,44],[-44,55],[-124,-31],[-104,-55],[-93,29],[-113,-38],[-48,-1],[-85,-39],[-86,-11],[-28,-70]],[[98528,98359],[-51,-42],[-11,-75],[-87,-19],[-70,-58],[-23,-128],[67,-102],[31,-103]],[[98384,97832],[-155,-19],[-30,-28],[-87,46],[-72,65],[-21,-31],[-76,22],[-41,76],[-60,40],[-43,48],[7,49],[-48,-5],[-42,66],[-70,50],[-24,42],[-51,14],[-32,38],[-57,25],[-105,-8],[-147,81],[-21,33],[-18,101],[-22,6]],[[97169,98543],[-82,6],[-233,-29],[-47,58]],[[99432,96154],[-31,-63],[-89,-51],[-56,-54],[-125,-12],[-42,23],[-73,-31],[-23,-51],[60,-21],[20,-34],[92,-27],[18,-24],[5,-80],[120,20],[110,-83],[-136,-57],[-48,-41],[-81,48],[-40,41],[-136,2],[-69,60],[-39,4],[-20,-77],[16,-100],[42,-21],[3,-37],[90,-23],[31,17],[114,-37],[50,-38],[-129,-39],[-64,15],[-80,-19],[-42,9],[12,-63],[164,-76],[13,-50],[-78,-30],[-60,16],[-41,-29],[-64,27],[-43,-10],[-36,53],[-55,-36],[-51,43],[-57,-101],[-157,38],[50,87],[-26,43],[38,35],[-13,76],[-46,51],[-39,-122],[14,-70],[-77,-110],[65,-27],[46,-47],[53,-79],[13,-47],[-45,-25],[-57,10],[-16,41],[-47,10],[7,-70]],[[98347,94911],[-60,86],[-42,95],[-27,25],[-7,81],[-36,66],[-5,115],[13,45],[-49,7],[-48,-25],[-33,-54],[-57,34],[-23,66],[-70,78],[10,61],[-43,44],[15,76]],[[97885,95711],[-43,15],[10,88],[62,68],[5,80],[66,67],[-25,55],[96,39],[28,-20],[77,14],[59,54],[31,-10],[75,45],[43,60],[54,22]],[[98423,96288],[13,-97],[44,-34],[28,-49],[212,41],[183,-36],[51,27],[24,-17],[102,-18],[64,-27],[97,-16],[49,11],[62,46],[80,35]],[[97169,98543],[36,-178],[-47,17],[-73,-8],[-105,-61],[-40,-60],[-3,-64],[-40,-31],[3,-157],[13,-30],[-80,-26],[-53,-70],[-65,-38],[-72,-23],[-17,-71],[-93,-12],[-110,-78],[-81,8],[-45,-24],[-37,-75],[-6,-59],[-65,-71],[-11,-137],[43,-47],[103,9],[-19,-122],[44,-59],[98,-97],[-23,-90],[30,-42],[64,-30],[33,-55],[-19,-58],[-53,-53]],[[96479,96651],[-85,24],[-39,49],[2,31],[-74,36],[-82,-37],[-5,49],[31,30],[-54,145],[-28,40],[-78,-7],[-85,-26],[-69,11],[-62,-53]],[[95851,96943],[-67,38],[-48,-35],[-52,57],[-125,46],[39,19],[-18,49],[29,63],[-77,124],[-39,-7],[-7,69],[-32,-11],[31,-101],[-121,-14],[-13,-21],[-137,9],[-23,25],[-120,44],[-39,-53],[-58,-45],[-64,-26],[-6,-95],[-77,63],[-69,1],[-177,55],[-132,60],[-109,38],[-102,-11],[-88,64],[-32,119],[18,36],[-39,71],[3,54],[41,36],[-4,75],[-34,47],[-31,86],[32,101],[-87,38],[-15,36]],[[94002,98047],[-7,99],[-22,33],[53,56],[-31,50]],[[93995,98285],[50,100],[145,63],[37,-30],[149,-43],[87,92]],[[94463,98467],[34,-26],[47,8],[96,-40],[27,-49],[80,-31],[150,21],[69,-35],[28,32],[43,-24],[7,-61],[59,5],[82,-54],[135,30],[56,-2],[110,-31],[64,-7],[87,-37],[84,-56],[99,-28],[90,6],[59,24],[26,-45],[68,0],[49,65],[2,64],[43,36],[-56,61],[-3,36],[30,51],[-24,98],[49,122],[53,31]],[[95851,96943],[17,-49],[-16,-33],[67,-77],[19,-60],[-159,-65],[-60,17],[-97,71],[-126,-54],[-18,-77],[-80,5],[-47,-34],[8,-54],[-167,-39],[-41,-37]],[[95151,96457],[-57,-8],[-98,85],[-17,48],[-99,6],[-8,48],[-97,-20],[-180,-108],[-278,-38],[-21,-43],[-66,-71],[-47,-120],[-88,-13],[-60,-72]],[[94035,96151],[-90,-46],[-83,18]],[[93862,96123],[-12,85],[-4,125],[51,30],[93,96],[28,11],[14,62],[-68,69],[-1,54],[106,162],[-44,98],[37,14],[-7,71],[-61,108],[-44,31],[-11,127],[-74,56],[5,61],[-72,39],[-12,39],[24,41],[-56,52],[-59,7],[-46,92],[36,12],[72,112],[34,10],[29,-45],[103,124],[4,55],[37,105],[38,21]],[[98769,103228],[114,-152],[14,-78],[70,-164],[-7,-82],[-59,4],[-63,-39],[-46,-87],[24,-50],[-9,-61],[82,-26],[74,-7],[50,-41],[61,-25],[51,-50],[71,-110],[-21,-49],[-47,-23],[-74,17],[-32,-26]],[[99022,102179],[-100,36],[-32,-38],[-8,-73],[-32,-15],[-105,14],[-30,-47],[-68,17],[-66,-74],[-71,-43],[-59,-96],[27,-111],[47,-69],[63,-42],[-14,-87]],[[98574,101551],[-54,-19],[-96,-82],[-29,-38],[-58,30],[-34,-37],[-73,59],[-80,-20],[-80,-41],[-62,17],[-26,55],[-50,-7],[-61,56],[-56,8],[-74,-26],[-45,36],[-33,58],[-69,34],[-45,-5],[-62,21],[-89,-5]],[[97398,101645],[-39,62],[0,114],[-50,45],[-70,-24],[-83,61],[-14,98],[-96,39],[-17,52]],[[97029,102092],[-30,110],[102,103],[16,112],[45,69],[-27,65],[67,48],[-18,60],[55,31],[25,64]],[[97264,102754],[49,-2],[24,81],[66,-39],[71,34],[50,4],[98,-31],[47,28]],[[97669,102829],[49,-33],[124,-36],[-1,-22],[179,-30],[43,16],[120,16],[0,63],[-30,69],[201,14],[66,17],[-5,78],[29,86],[52,30],[99,-14],[98,61],[4,48],[72,36]],[[98384,97832],[16,-79],[-20,-30],[114,-40],[24,-36],[-25,-38]],[[98493,97609],[-114,-32],[-146,40],[-34,-35],[-68,-18],[-6,-37],[-52,-46],[6,-87],[-36,-23],[-6,-121],[33,-20],[-4,-76],[28,-46],[5,-93],[151,-20],[-61,-102],[41,-98],[29,-36],[3,-68]],[[98262,96691],[-34,-3],[-97,-86],[-54,-9],[-19,-52],[-123,57],[-38,-32],[-114,32],[-62,-55],[-89,93],[-79,11],[-29,-45],[-51,-16],[-31,-44],[-129,14],[-31,-53],[-41,-20],[-32,36],[-98,-34],[22,-41],[-7,-45],[-40,-65],[-87,-67],[-65,7],[-16,-57],[-85,18],[-93,42],[-28,-3]],[[96712,96274],[19,21],[-103,189],[-22,14],[6,65],[-133,88]],[[97032,95642],[0,-41],[94,-88],[-14,-108],[9,-52],[-55,-25],[-45,-57],[5,-79],[64,-121],[-50,-124],[12,-30],[89,-59]],[[97141,94858],[28,-63],[8,-159],[-25,-70],[34,-67],[-16,-93],[-120,-85],[-1,-52],[-80,-66],[26,-94],[43,-46],[-49,-37],[-25,-62],[25,-102],[-1,-67],[-89,13],[-3,-73],[-28,-115],[-53,-24],[9,-49],[-68,-25]],[[96756,93522],[29,75],[-4,41],[-88,21],[-22,66],[-83,-17],[-35,65],[-96,32],[-96,-35],[-11,27],[-82,77],[-54,-28],[4,-65],[-23,-24],[8,-72],[-101,26],[-29,-31],[-56,4],[-30,-83],[-38,-62],[7,-52],[-116,-40],[-14,-53],[-87,5],[-45,53],[-7,80],[-131,96],[-71,-39],[-53,27]],[[95432,93616],[-90,38],[-1,163],[-53,-9],[-142,113],[11,42],[82,-14],[51,31],[87,103],[-6,60],[-32,75],[-83,19],[-82,-18],[-30,44],[-56,18],[-88,-50],[-70,28],[-73,-17],[-21,-30],[-58,9],[-15,35],[-69,6],[-62,-36],[-50,9],[-56,-25],[-52,70],[-68,118],[-75,27],[-118,69],[-22,-30],[-53,72],[-90,0],[-91,22],[-59,66],[-47,12],[-78,47],[-19,45],[-68,41],[-67,3],[-57,-17],[-33,13],[-62,-37],[-45,-1]],[[93422,94730],[6,70],[-57,129],[21,34],[-18,36],[75,51],[32,72]],[[93481,95122],[39,-29],[109,0],[95,52],[59,-14],[44,93],[102,48],[66,5],[52,33],[42,-21],[26,-50],[13,-90],[49,-57],[-9,-47],[23,-78],[61,-29],[163,41],[74,-16],[33,14],[47,-47],[73,-27]],[[94642,94903],[49,-77],[70,-34],[87,0],[115,-21],[26,-24],[66,14],[52,34],[31,-21],[57,16],[1,-56],[96,4],[-17,55],[45,20],[19,42],[48,15],[31,-27],[41,51],[110,17],[12,54],[33,33],[-76,116]],[[95538,95114],[35,54],[71,17],[36,25],[-32,35],[49,82],[108,65],[60,9],[49,44],[23,75],[33,-10],[49,64],[94,-6],[49,-38],[91,-5],[-57,121],[15,77],[-19,113],[129,-1],[71,43],[52,-49],[32,24],[-19,38],[18,42],[44,25],[35,-18],[70,86]],[[96624,96026],[38,-23],[-10,-66],[16,-47],[71,-31],[17,-44],[-23,-60],[44,-77],[132,20],[123,-56]],[[98347,94911],[-30,-45],[-51,-22],[-11,-34],[140,-46],[14,-70],[-38,1],[-65,-65],[-44,-4],[-30,29],[-17,119],[-108,76],[-10,31],[62,119],[-41,29],[-156,12],[-68,-30],[-27,-53],[50,-148]],[[97917,94810],[-65,22],[-94,77],[-91,16],[-49,-9],[-40,55],[-35,-14],[-63,16],[-132,-31],[-34,43],[-127,5],[-26,-35],[-20,-97]],[[97032,95642],[26,39],[-6,111],[35,7],[56,-74],[66,-32],[64,28],[33,-18],[21,-76],[30,-24],[34,62],[68,-51],[48,11],[29,82],[102,-2],[60,-66],[38,0],[94,54],[55,18]],[[98423,96288],[-72,95],[-70,9],[54,87],[-30,66],[4,132],[-47,14]],[[98493,97609],[18,-112],[104,-41],[55,16],[19,-32],[60,-32],[-2,-57],[128,14],[76,-41],[64,5],[55,-64],[38,2],[98,-76],[31,-10],[82,36],[84,-25]],[[99403,97192],[-92,-46],[-9,-40],[47,-39],[59,-10],[37,53],[84,-24],[86,73],[35,-21],[105,12],[-40,-74],[9,-54],[-33,-37],[-60,23],[-71,-5],[-26,-42],[-95,5],[-28,-40],[-45,31],[-112,-42],[100,-29],[-5,-41],[109,-35],[10,-117],[-74,2],[-39,27],[-45,-34],[7,-52],[75,-110],[58,-13],[48,21],[25,39],[114,18],[-7,-40],[-72,-14],[24,-42],[-1,-52],[27,-34],[-62,-26],[-30,35],[-51,-13],[-34,-40],[-143,-99],[-119,46],[-29,-21],[21,-45],[45,-30],[23,-43],[59,-23],[114,31],[30,-27]],[[96447,103452],[27,-90],[-14,-64],[48,-39],[57,-190]],[[96565,103069],[17,-57],[29,-29],[17,-143]],[[96628,102840],[-64,-13],[-88,-53],[-65,35],[-54,2],[-50,53],[-111,21],[-40,62],[-94,-51],[-35,35],[-48,-75],[12,-30],[-22,-64],[-84,-34],[-36,-63],[-58,-20],[-44,12],[-37,-44],[-98,-53],[9,-75],[-45,-63],[-10,-42],[14,-117],[25,-91],[-45,-88],[-104,-92],[12,-61],[-33,-18]],[[95435,101913],[-78,46],[-55,-9],[-38,58],[-34,89],[-52,33],[-14,87],[-153,6],[-78,18],[-47,61],[-80,30],[-62,129],[18,32],[-9,99],[21,74],[-30,91]],[[95435,101913],[5,-51]],[[95440,101862],[-58,-117],[9,-68],[-120,-81],[-21,-88],[28,-59],[14,-93],[-9,-38],[104,-180],[-86,-53],[-20,-54],[67,-41],[76,-106]],[[95125,100582],[-65,-25],[-15,-67],[-35,-18],[-103,39],[-125,-35],[-168,-64],[-4,-58]],[[94610,100354],[-86,-6],[-55,19],[-34,40],[-60,-10],[-84,-65],[-79,14],[-34,31],[-97,-3],[-113,177]],[[93968,100551],[9,57],[-25,68],[-37,36],[2,76],[-70,74],[12,49],[-25,34],[24,50],[2,56],[-49,40]],[[93811,101091],[-5,107],[20,111],[-9,91],[34,38],[0,52],[-27,61],[22,28],[4,67],[-23,94],[-34,83],[36,21],[33,53],[30,-8],[73,83],[7,108],[-60,99],[84,146],[-4,34],[-70,3],[-51,77],[69,43],[104,89],[-15,52],[46,54],[-13,29],[51,54],[192,42],[-11,73],[35,43],[44,4]],[[96712,96274],[-51,-43],[-78,-17],[47,-43],[-8,-51],[21,-29],[-19,-65]],[[95538,95114],[-47,-5],[-40,-32],[-120,55],[-53,-52],[-92,35],[2,-81],[-58,4],[-220,-45],[-66,13],[-90,-38],[-12,-24],[-100,-41]],[[93481,95122],[31,28],[28,75],[-14,37],[61,65],[-30,69],[26,49],[-23,38],[-111,35],[-36,-22],[-100,47],[16,68],[39,77],[-39,21],[0,37],[74,39],[-106,104],[83,75],[43,97],[65,-5],[11,36],[102,38]],[[93601,96130],[101,-24],[32,-61],[59,25],[69,53]],[[94035,96151],[53,-65],[40,6],[71,-30],[213,-114],[59,-46],[113,-54],[59,2],[69,-29],[57,16],[64,91],[87,26],[149,81],[61,52],[44,68],[163,51],[-71,56],[25,118],[-41,46],[-83,11],[-16,20]],[[94764,99455],[-47,42],[-26,62],[7,72],[-17,45],[35,79],[5,101],[-69,66],[-26,3],[-5,82],[10,151],[27,88],[-43,65],[-5,43]],[[94896,99075],[-56,-36],[64,-91],[-47,-42],[76,-108]],[[94933,98798],[-12,-71],[-95,26],[-38,-94],[-109,-31],[-69,31],[-156,21],[-31,-74],[-6,-104],[46,-35]],[[93995,98285],[-62,95],[30,22],[-58,140],[-58,83],[26,33],[-117,113],[-103,-29],[-58,7],[-59,78]],[[93536,98827],[50,62],[-12,39],[30,34],[-7,45],[69,136],[15,81],[-24,93],[22,49],[-67,67],[0,61],[-81,10],[-57,101],[-14,80],[87,20],[45,41],[-4,57],[55,38],[20,59],[79,57],[28,49],[43,30],[-35,74],[-89,33],[-60,49],[-51,-16],[-87,51],[-3,75],[12,109],[-24,26],[-9,73],[91,87],[75,-16],[77,36],[76,-84],[51,-36],[24,24],[107,30]],[[96883,100596],[-44,6],[-81,44],[-42,3],[-14,48],[18,111],[-76,68],[-82,134],[39,97],[-21,56],[-204,15],[-6,25],[-157,76],[-18,65],[13,73],[-52,47],[1,55],[-44,28]],[[96113,101547],[60,62],[-50,55],[3,64],[37,1],[83,-49],[89,43],[56,-21],[126,79],[-63,58],[-36,85],[-23,9],[-5,80],[-21,45],[51,112],[-56,-11],[-33,47],[87,70],[53,-16],[53,54],[40,-10],[62,21],[63,-16]],[[96689,102309],[-45,-48],[-20,-49],[82,-45],[36,-39],[19,-79],[21,-23],[133,-22],[114,88]],[[97398,101645],[-25,-39],[25,-57],[69,-38],[17,-70],[43,-63],[54,-49],[22,-64],[37,-37],[25,-60],[5,-111],[-18,-86],[-114,-76],[25,-81],[-74,-82],[-108,34],[-81,11],[-56,-43],[-69,6],[-42,-76],[11,-60]],[[95440,101862],[64,-34],[95,-94],[180,-17],[105,-25],[44,-77],[52,13],[80,-14],[53,-67]],[[94933,98798],[54,28],[45,-46],[58,-34],[45,-68],[59,2],[28,51],[41,-9],[13,-54],[68,-33],[25,68],[49,6],[100,-36],[115,75],[8,42]],[[93601,96130],[-54,73],[-47,-8],[-51,39],[-41,-8],[-32,27],[9,68]],[[93385,96321],[-18,30],[38,65],[90,21],[6,74],[-60,20],[-44,69],[-62,17],[-58,41],[-147,70],[-3,152],[-78,23],[-46,-3],[19,68],[-23,20],[30,95],[55,9],[-31,87],[-77,25],[0,75],[-67,57],[17,95],[-70,7],[-49,31]],[[92807,97469],[14,72],[25,20],[-28,66],[119,27],[21,40],[3,80],[-45,71],[65,104],[46,19]],[[93027,97968],[96,69],[12,40],[-27,91],[48,31],[9,91],[63,19],[25,94],[-10,67],[-54,39],[6,82]],[[93195,98591],[52,-3],[74,34],[52,109],[58,20],[37,83],[68,-7]],[[98528,98359],[54,-22],[36,-51],[87,-22],[21,-62],[64,-36],[84,-130],[-3,-37],[34,-57],[55,1],[50,-27],[15,-54],[34,-22],[60,-78],[3,-66],[21,-30],[68,-26],[28,-62],[69,-44],[44,16],[89,-5],[110,10],[49,-22]],[[99600,97533],[-78,-92],[38,-83],[38,0],[63,43],[2,-64],[-43,-40],[4,-39],[-61,-36],[-46,-1],[-92,33],[-22,-62]],[[99902,98172],[-7,-69],[13,-60],[-50,-5],[-57,31],[-52,-20],[-51,6],[-82,-40],[-9,-54],[47,-121],[44,2],[5,-43],[36,-14],[58,70],[62,32],[34,63],[91,53],[51,58],[66,-1],[54,-89],[-57,-75],[-1,-41],[-48,-21],[28,-123],[-67,-71],[-29,-1],[-40,54],[-53,2],[-15,-88],[-118,-15],[14,58],[-22,59],[-35,-30],[-112,-146]],[[98574,101551],[17,-43],[263,-68],[10,-10]],[[98864,101430],[-88,-63],[-9,-58],[39,-38],[-12,-68]],[[98794,101203],[-31,-118],[-57,-99],[22,-25],[-45,-136],[-9,-96],[-28,-30],[48,-32],[235,61],[28,-25],[7,-85],[56,-78],[134,-37],[14,-22],[122,-7],[14,-34],[105,26],[146,134],[80,34]],[[99635,100634],[59,-16],[42,-132],[-22,-34],[-1,-79],[25,-38],[3,-60],[-2,0],[-5,-1]],[[98794,101203],[104,-10],[51,-21],[69,22],[152,11],[30,-100],[53,43],[94,50],[91,-16],[50,35],[29,49],[60,15]],[[99577,101281],[38,-36],[-9,-78],[9,-83],[18,-35],[-21,-45],[-64,-13],[-2,-119],[-15,-34],[53,-71],[28,-109],[23,-24]],[[98864,101430],[37,31],[83,20],[29,70],[-6,58],[80,93]],[[99087,101702],[123,-54],[45,-100],[49,-38],[16,-65],[86,-45],[102,11],[22,-66],[47,-64]],[[97653,103724],[13,-35],[113,-75],[-30,-77],[-57,-3],[-37,-50],[4,-74],[-39,-2],[-17,-50],[29,-24],[2,-79],[56,-29],[-15,-112],[75,-45],[61,-8],[-3,-158],[-26,-16],[-70,10],[-48,-21],[5,-47]],[[97264,102754],[-50,25],[-72,58],[-123,48],[-11,82],[-40,62],[-33,-10],[-36,85],[-91,-5],[-2,31],[-82,2],[-61,-34],[-98,-29]],[[99022,102179],[-72,-110],[-17,-76],[29,-62],[-9,-52],[19,-55],[115,-122]],[[96689,102309],[20,73],[-57,77],[-37,140],[40,75],[5,69],[-30,36],[-2,61]],[[98184,104209],[59,-97],[40,-21],[16,-56],[46,-18],[38,-73],[3,-65],[47,-68],[35,-19],[96,-106],[-4,-78],[89,-65],[-6,-56],[25,-103],[52,-55],[49,-101]],[[97376,92648],[-18,-123],[-37,-39],[-49,-17],[-21,-44],[-51,-21],[-38,-53],[-70,8],[-82,-40],[23,-109],[94,-16],[30,-49],[-4,-66],[38,-47],[70,-1],[32,51],[46,-11],[19,42],[46,-35],[18,-57],[48,-50],[-61,-99],[29,-36],[-51,-87],[-72,24],[-5,90],[-20,41],[-94,-11],[-54,51],[-45,-11],[69,-69],[-8,-32],[47,-57],[-26,-28],[27,-53]],[[97206,91694],[-122,13],[-13,48],[-58,18],[-99,-86],[-91,44],[-31,-4],[-9,-78],[-41,-91],[-7,-85],[-30,-55],[-2,-109],[49,-17],[15,-36],[82,23],[109,-29],[17,-92],[36,-54],[86,-16],[37,44],[54,6],[29,-23],[43,55]],[[97260,91170],[40,-30],[130,50],[-13,-86],[-128,27],[-49,-60],[-93,-13],[-18,-29],[24,-41],[85,14],[67,-15],[41,-72],[9,-64],[52,-51],[-17,-63],[-34,-24],[43,-44],[41,-13],[2,-55],[-21,-46],[-47,-14],[-22,-127],[-24,-45],[-47,42],[-7,118],[-88,-9],[26,58],[-40,28],[-118,-18],[-83,73],[74,35],[47,40],[-47,75],[-16,64],[-53,-65],[-20,62],[-124,-27],[-34,26],[62,90],[56,2],[-17,109],[-35,-10],[-42,26],[55,76],[-113,-8],[-48,25],[-64,-83],[-89,-19],[-35,18],[19,91],[-6,44],[-65,43],[-218,-18],[-45,22],[-71,-7],[10,-86],[-42,-3],[-4,59],[-62,2],[-135,-23]],[[95909,91221],[-7,89],[10,47],[47,2],[-13,112],[-72,6],[-30,72],[5,68],[-56,28],[-12,-81],[-44,6],[-102,-72],[-47,69],[-112,4]],[[95476,91571],[1,61],[-25,36],[53,59],[-39,103],[67,117]],[[95533,91947],[7,70],[97,67],[105,-46],[53,-1],[23,84]],[[95818,92121],[17,126],[22,38],[122,55],[27,34],[-9,83],[59,33],[72,-21],[-19,-160],[5,-37],[50,4],[103,-19],[40,49],[66,3],[136,90],[74,-9],[36,41],[70,49],[22,35]],[[96711,92515],[81,-98],[48,-5],[166,107],[17,31],[70,38],[59,-14],[41,27],[26,-36],[52,-16],[77,113],[28,-14]],[[97673,90400],[-56,-44],[-86,80],[-53,129],[22,25],[83,20],[96,-45],[14,-24],[-51,-74],[31,-67]],[[97071,90446],[50,-27],[39,-56],[35,-90],[-20,-45],[-75,21],[-17,69],[-68,70],[56,58]],[[96788,90627],[43,-112],[-80,-55],[-14,29],[33,56],[-17,36],[35,46]],[[94799,90802],[82,-50],[-46,-53],[12,-31],[-51,-74]],[[94796,90594],[0,-27]],[[94796,90567],[-45,42],[-89,-35],[-51,10],[-35,56]],[[94576,90640],[36,34],[49,125],[47,57],[36,-8],[3,-53],[52,7]],[[95290,90852],[7,-41],[-16,-84],[-29,-6],[-38,51],[43,29],[33,51]],[[97917,94810],[51,-76],[-53,-28],[47,-78],[25,-102],[29,-56],[2,-89],[64,-66],[-2,-66],[42,-53],[20,-100],[-129,76],[-13,62],[-45,27],[-9,60],[-118,-36],[-53,-51],[-57,62],[-11,-66],[-30,-77],[-13,-119],[49,-97],[-5,-51],[-45,-1],[-43,-35],[14,-38],[-97,-6],[-15,-53],[-131,-60],[-57,-40],[-10,-78],[-29,-47],[33,-52],[53,-13],[5,-64]],[[97386,93399],[-68,-1],[-84,-37],[-77,20],[-58,50],[-62,-54],[-50,-19],[-65,42],[-35,-39],[-110,-18]],[[96777,93343],[-37,23],[-43,85],[59,71]],[[97878,94269],[37,-50],[9,-77],[-43,-10],[-10,-85],[49,-11],[-31,-87],[-46,39],[-67,122],[12,41],[-26,45],[86,30],[30,43]],[[93012,88875],[31,6],[25,-94]],[[93068,88787],[-7,-59],[-30,-56],[-46,-16],[22,-43],[-31,-82],[21,-63],[-32,-32]],[[92965,88436],[-12,-51],[-41,-65],[-156,-26],[-74,-23],[-40,-42],[26,-82],[-58,-59]],[[92610,88088],[-96,-15],[-10,-16]],[[92504,88057],[-34,-9],[-87,53],[-47,53],[-17,-73],[-137,-24],[-29,-15],[-50,23],[-32,-34],[-71,7],[-20,-27],[-55,-3]],[[91925,88008],[-19,10]],[[91906,88018],[-40,35],[-37,69],[-11,127],[39,57]],[[91857,88306],[16,47],[58,6],[98,-28],[87,97],[46,15],[-17,64],[-56,76],[-30,114],[-9,106],[-111,106],[2,85],[-12,66],[-40,64],[-38,18],[-10,43],[29,35]],[[91870,89220],[54,-15],[40,31],[125,18],[106,5],[78,-119],[90,50],[118,4],[60,-14],[37,-123],[35,-6],[61,-62],[44,-7],[52,-121],[45,55],[76,-36],[27,13],[94,-18]],[[94407,89751],[-10,-49],[-43,-86],[-53,-135]],[[94301,89481],[-57,13],[-133,66],[-76,-160],[-76,-22],[-15,47],[-52,61],[-136,9],[-32,25],[-101,11],[-81,54]],[[93542,89585],[-24,167]],[[93518,89752],[25,37],[87,45],[-80,46],[-22,51],[-31,-1],[-21,76],[72,24],[45,-48],[56,52],[51,-12],[95,-61],[97,-34],[-20,-45],[39,-45],[173,12],[-7,-31],[86,3],[97,-17],[-29,66],[27,30],[43,-79],[106,-70]],[[93068,88787],[93,57],[116,13],[34,41]],[[93311,88898],[83,-8],[73,19],[31,27],[52,-1],[14,31],[53,11],[4,50],[60,107]],[[93681,89134],[37,-107],[-10,-114],[19,-108],[39,-44],[5,-138],[14,-32]],[[93785,88591],[37,-82],[19,-113],[1,-77],[-16,-70],[31,-63],[-30,-100]],[[93827,88086],[-24,6],[-29,71],[-53,44],[-76,21],[-50,-7],[-30,-29],[-70,19],[-5,59],[-28,46],[-76,2],[-86,-38],[-88,20],[-5,-24],[-107,3],[-51,44],[46,62],[-40,36],[-33,-9],[-57,24]],[[94757,90437],[-82,-37],[-89,42],[-105,4],[-64,14],[-37,66],[33,85]],[[94413,90611],[75,-6],[88,35]],[[94796,90567],[35,-60],[-54,-82]],[[94777,90425],[-5,2]],[[94772,90427],[-1,2],[-1,7],[-13,1]],[[94301,89481],[-57,-205],[-28,-163],[-17,-170]],[[94199,88943],[-65,33],[-17,50],[19,58],[-8,45],[-72,87],[-40,30],[-94,-6],[-25,-54],[-35,-24],[-66,-8],[-54,22]],[[93742,89176],[-49,86],[8,91],[-14,67],[-27,30],[-70,0],[-20,-29],[-128,39],[47,53]],[[93489,89513],[22,56],[31,16]],[[96777,93343],[-115,-55],[6,-33],[-99,-45],[-23,-74],[6,-92],[19,-44],[-12,-57],[59,-6],[-43,-117],[26,-60],[30,-13],[18,-61],[41,-68],[21,-103]],[[95818,92121],[-10,61],[-30,57],[-104,39],[-42,60],[28,79],[-113,62],[-25,-47],[-66,13]],[[95456,92445],[-63,64],[-61,13],[-72,79],[-83,41],[12,92],[-85,-19]],[[95104,92715],[-62,29],[0,74],[-32,42],[-15,71],[-40,-3],[-40,52],[29,47],[45,28],[51,109],[165,76],[59,42],[41,2],[67,-34],[74,50],[20,60],[-45,23],[-14,88],[25,145]],[[95104,92715],[-21,-4],[-40,-69],[-51,16],[-65,-27],[-221,21],[-60,-11],[-81,76],[16,82],[-75,41],[-69,56],[19,95],[-33,126],[-87,30],[-41,54],[-55,25],[-56,-17],[-47,33],[-98,14],[-41,-20],[-124,75],[-26,-17],[-109,-5],[-100,91],[-63,34],[-18,39],[-100,67],[-68,11],[-22,-36],[-88,37],[-45,67],[62,108],[1,108],[42,128],[-49,22],[-3,182],[8,70],[-45,81],[-18,62],[-71,38],[-87,93]],[[93075,94491],[84,89],[45,94],[69,45],[55,12]],[[93328,94731],[94,-1]],[[95909,91221],[-95,-30],[-151,-74],[-144,-87],[-58,-52],[-22,-49],[-51,-8],[-87,11],[29,73],[-60,53]],[[95270,91058],[-10,57],[-42,62],[-83,27],[-8,34],[148,86],[-63,95],[5,41]],[[95217,91460],[61,42],[39,-49],[65,53],[147,29],[-53,36]],[[95395,90910],[42,-22],[-2,-51],[51,-18],[-6,-95],[-54,-33],[-80,16],[-49,89],[94,22],[-41,55],[45,37]],[[95456,92445],[-104,27],[-53,-55],[-32,-74],[-57,44],[-59,0],[-65,-29],[-44,-49],[8,-64],[78,-33],[-33,-36]],[[95095,92176],[-82,50],[-90,-18],[-51,43],[5,140],[-79,7],[-36,-13],[-87,25],[11,-44],[-12,-107],[-80,41],[-13,-60],[17,-43],[68,-16],[72,-47],[-25,-62],[25,-11],[5,-63],[110,14],[129,-14],[127,-27],[37,-100],[42,-5],[24,-57],[55,-36],[21,-58],[-19,-103],[-82,-52],[-35,-42],[37,-56]],[[95189,91462],[-61,-8],[-94,47],[-108,-27],[-1,-26]],[[94925,91448],[-132,29],[-49,-8],[54,111],[-68,41],[-41,56],[-45,-26],[-30,33],[-18,85],[-103,74],[-111,13],[-41,-47],[0,-53]],[[94341,91756],[-85,-18],[-118,40],[-79,73],[-24,54]],[[94035,91905],[-26,102],[12,24]],[[94021,92031],[45,34],[4,143],[41,48],[-149,72],[-5,80],[16,41],[-43,84],[-39,9],[-26,50],[-61,62],[-81,44],[-81,103],[-46,26],[-47,61],[-68,46],[-92,106],[-18,-40],[-71,3],[-49,64],[-60,23],[-17,46],[-69,5],[-23,-45],[-75,-11],[-83,7],[-40,-71],[-64,6],[-8,53],[-34,10],[-52,-25],[-27,-42],[-61,13]],[[92638,93036],[-40,58],[-49,18],[11,40],[-11,74],[73,65],[11,65],[44,34],[26,96],[53,46],[-50,51],[-50,-23],[-125,63],[-41,117],[-3,55],[22,42],[-4,54],[-29,12],[-12,52],[-112,68],[-54,3],[-32,76],[-61,14],[-13,64],[46,62],[-3,51]],[[92235,94293],[38,-83],[41,-19],[163,88],[73,-3],[13,37],[107,-20],[54,-34],[24,30],[137,54],[10,41],[66,89],[77,40],[37,-22]],[[94263,90809],[-36,-49],[-87,7],[-51,42],[-97,53],[-18,40],[-82,42]],[[93892,90944],[-14,52],[13,56],[32,31],[10,83],[24,37],[-23,34],[3,99],[47,35],[68,16],[53,-16],[-18,-75],[19,-55],[33,-25],[79,6],[54,-13],[-14,-62],[23,-85],[-7,-138],[16,-34]],[[94290,90890],[-27,-81]],[[91870,89220],[-6,28],[-97,71],[-23,86],[-40,64]],[[91704,89469],[-16,37],[17,50]],[[91705,89556],[83,-12],[19,22],[73,-6],[46,27],[38,-30],[122,18],[41,-62],[31,13],[66,-14],[69,80],[81,4],[73,-33],[13,-43],[63,5],[95,-31],[86,53]],[[92704,89547],[57,-30],[105,41],[56,-37],[32,10],[76,-26],[30,-68],[-7,-80],[-33,-58],[-31,-95],[-23,-13],[11,-73]],[[92977,89118],[-33,-21],[-25,-65],[12,-55],[84,-69],[-3,-33]],[[91857,88306],[-70,37],[-72,-9],[-16,37],[-56,-20],[-130,63],[-9,62],[-47,6],[-67,-61],[-1,-71],[-159,26],[-35,-49],[-103,52],[-64,-1],[-75,70],[-56,8],[-61,40]],[[90836,88496],[-26,46],[10,65],[66,82],[-68,137],[-3,47],[31,51],[-25,77]],[[90821,89001],[63,20],[80,-34],[55,28],[156,-32],[57,32],[102,-6],[39,44],[-12,32],[86,0],[110,69],[16,32],[-17,112],[43,76],[-9,28],[37,48],[77,19]],[[92977,89118],[56,13],[47,-22],[55,12],[27,-34],[80,-13],[19,-33],[56,-25]],[[93317,89016],[-5,-43],[-50,-19],[49,-56]],[[93297,89781],[36,-14],[104,17],[81,-32]],[[93489,89513],[-54,2],[-10,-60],[-68,-43],[-23,-94],[-31,-78],[31,-66],[-21,-78],[4,-80]],[[92704,89547],[94,18],[-30,131],[23,23],[56,-3],[14,-34],[142,-54],[49,30],[21,-38],[66,-22],[61,13],[75,62],[-9,64],[31,44]],[[93742,89176],[-61,-42]],[[91845,90246],[45,19],[107,2],[32,24],[138,3],[38,26],[37,-16],[74,40],[119,-28],[119,13],[72,-42],[44,-2],[104,-60],[4,-54],[84,-4],[86,-87],[101,-38],[104,-22],[71,-37],[32,-70],[9,-107],[32,-25]],[[91705,89556],[32,48],[82,37],[11,87],[55,73],[-15,119],[-34,87],[18,63],[-26,24],[-1,93],[18,59]],[[93827,88086],[33,-40],[11,-65],[-16,-30]],[[93855,87951],[-9,-104],[32,-47],[-11,-69],[-42,-45],[19,-46]],[[93844,87640],[9,-85],[-12,-46],[24,-44],[-23,-47],[22,-26],[-33,-48],[-112,-3],[-35,25],[-67,-20],[-188,68],[-13,-57],[75,-52],[40,-45],[-37,-46],[-64,44],[-94,23],[-100,11],[-58,-36],[-21,70],[-60,52],[-90,16]],[[93007,87394],[-42,104],[-11,72],[-25,38],[39,34],[31,94],[-53,108],[1,35],[42,26],[-13,35],[-113,37],[-36,37],[-80,-34],[-91,23],[-46,85]],[[94199,88943],[4,-83],[-14,-35],[-26,-222]],[[94163,88603],[-132,10],[-54,-39],[-10,76],[-82,-4],[-33,-31],[-67,-24]],[[94163,88603],[2,-195],[43,-318],[39,-105]],[[94247,87985],[-157,9],[-16,34],[-146,-42],[-73,-35]],[[95270,91058],[-60,13],[-41,-45],[-40,0],[-63,43],[-69,-25],[-30,-50],[-34,-3],[3,-88],[-17,-32]],[[94919,90871],[-51,32],[-38,107],[-57,-31],[-75,30]],[[94698,91009],[45,47],[75,170],[38,24],[3,51],[66,147]],[[95189,91462],[28,-2]],[[94836,90403],[-59,22]],[[94796,90594],[43,30],[83,11],[29,53],[57,-14],[26,-87],[35,-19],[-18,-64],[-38,19],[-42,-20],[-31,-61],[-104,-39]],[[94413,90611],[-48,-7],[-90,53],[2,94],[-14,58]],[[94290,90890],[79,46],[34,-41],[81,66],[21,56]],[[94505,91017],[35,7],[30,-52],[53,-8],[75,45]],[[94919,90871],[-23,-24],[-52,6],[-45,-51]],[[92648,91485],[176,113],[66,49],[154,87],[30,-7],[86,64],[216,-5],[33,14],[90,-17]],[[93499,91783],[-10,-61],[44,-61],[116,-5],[110,-52],[29,-46],[141,-43],[42,12],[87,-66],[64,10],[-1,66],[39,46],[62,25],[74,-12],[46,24],[59,-20]],[[94401,91600],[8,-58],[32,-67],[70,-32],[-59,-51],[21,-42],[-3,-70],[-49,-104],[13,-70],[70,-54],[1,-35]],[[93892,90944],[-95,-27],[-18,-59],[-40,-10],[-46,178],[-44,40],[-44,69],[-47,11],[-94,52],[-67,18],[-128,68],[-42,54],[-106,62],[-25,-57],[-76,-59],[-5,62],[-70,8],[-63,39],[-60,-3],[-38,35],[-47,-6],[-89,66]],[[94401,91600],[3,37],[-45,28],[-18,91]],[[93499,91783],[73,6],[84,46],[168,38],[74,-36],[48,-7],[57,18],[-4,52],[36,5]],[[92648,91485],[-32,47]],[[92616,91532],[1,4]],[[92617,91536],[4,36],[124,36],[28,48],[66,49],[7,64],[138,94],[33,74],[49,17],[81,4],[87,40],[-6,55],[54,45],[20,53],[95,59],[55,-18],[101,22],[47,34],[60,19],[19,-34],[120,50],[27,-123],[76,-12],[19,-47],[100,-70]],[[92617,91536],[-62,20],[0,66],[-55,118],[-125,48],[-54,100],[45,95],[-50,7],[-42,53],[-2,36],[56,33],[27,59],[-17,28],[63,54],[-40,77],[-8,89],[-58,22],[20,46],[-53,53],[-76,131],[46,100]],[[92232,92771],[85,-10],[35,-63],[108,-28],[63,43],[21,95],[67,111],[27,117]],[[95533,91947],[-26,-25],[-107,-35],[-72,43],[-27,78],[-49,8],[-34,43],[-81,-9],[-120,34],[-60,45],[51,23],[58,0],[29,24]],[[97206,91694],[7,-1],[0,-1],[-44,-69],[-67,-7],[136,-109],[-2,-45],[-62,-17],[-124,0],[-15,-48],[23,-62],[38,-24],[-2,-41],[-42,-103],[31,-21],[76,74],[84,56],[-11,-69],[28,-37]],[[97321,91602],[47,-50],[39,-86],[-28,-39],[-54,30],[-4,145]],[[97386,93399],[50,-8],[-13,-48],[149,-16],[1,-76],[-38,-12],[-5,-112],[-48,38],[-36,-20],[-72,54],[-57,-140],[-4,-36],[-59,10],[-79,-8],[31,-55],[-8,-28],[-66,-8],[-30,29],[-44,-41],[-52,-21],[-71,22],[31,-103],[-47,-69],[9,-18],[96,-9],[81,18],[46,-23],[199,-34],[26,-37]],[[90500,100480],[36,-14],[58,-123],[48,-62],[41,-27],[43,15],[78,-16],[41,48],[34,-27],[43,14]],[[90922,100288],[54,-19],[40,-143],[-18,-65],[51,-5],[104,52],[45,43],[-12,29],[47,65],[41,11],[45,50],[34,-12],[116,6]],[[91469,100300],[17,-36],[66,-3],[74,-29],[2,-25],[111,27],[39,-13],[5,-46],[34,-31],[43,-93],[26,6]],[[91886,100057],[51,-101],[85,-81],[20,-84],[28,-44],[-36,-47],[1,-50],[-65,-56]],[[91970,99594],[-69,-39],[-44,-4],[-145,-75],[-78,15],[-68,48],[-65,-52],[-61,-16],[-15,-28],[-105,-45],[-44,15],[-85,-25],[-50,-94],[-66,26],[-75,-49],[-24,-35],[19,-75],[-7,-51],[-72,8],[-16,42],[-112,-12],[-19,-58],[23,-29],[67,5],[-1,-98],[-38,-60],[-49,-37],[3,-53],[-72,-93],[0,-73],[-57,-14],[-21,-68],[-34,-16],[-1,-58],[-24,-47],[69,3],[28,-35],[11,-121],[18,-39],[57,-7],[38,-54],[-10,-29],[36,-46],[-49,-40],[81,-114],[2,-77],[-68,-38]],[[90778,97852],[-53,-4],[-47,34],[-49,3],[-32,34],[25,44],[-35,19],[-49,-15],[-12,89],[42,57],[-91,33],[-69,11],[-91,39],[-15,56],[55,137],[-14,28],[-92,-37],[-64,33],[46,30],[-28,102],[-57,75],[-55,-12],[-81,12],[-3,36],[-49,8],[-71,55],[-66,-38],[-47,51],[-10,43],[-84,19]],[[89682,98794],[16,239],[1,121],[-16,279],[-3,142],[-28,115],[-28,12],[-12,56],[23,74],[-7,82],[-67,-17],[-17,61],[27,48],[-23,101]],[[89548,100107],[113,16],[-4,138],[-32,101],[39,44],[52,-7],[33,45],[44,-82],[27,5],[39,-64],[28,37],[48,7],[50,54],[81,-37],[74,-2],[43,32],[59,-32],[103,23],[67,47],[-7,26]],[[90405,100458],[14,27],[81,-5]],[[90187,103726],[61,-29],[79,-87],[56,-36],[10,-71],[-2,-123],[36,-43],[13,-99],[48,1],[21,-81],[-24,-102],[51,-9],[-19,-54],[67,-70],[67,-12],[40,-35],[102,28],[22,-19]],[[90815,102885],[-13,-37],[49,-72],[-22,-62],[70,-54],[15,-53],[-62,-18],[-50,7],[-40,-81],[-57,-4],[-10,-90],[18,-106],[-45,-110],[-1,-110],[-25,-35],[38,-81],[-18,-67],[41,-16],[-2,-94]],[[90701,101802],[-21,-50],[-51,-19],[10,-55],[-30,-27]],[[90609,101651],[-33,12],[-74,72],[-7,54],[-43,8],[-87,-19],[16,83],[-46,12],[-14,72],[-37,26],[13,90],[40,39],[18,68],[-52,20],[-86,-3],[-85,-24],[-63,27],[-64,-20],[-66,87],[-82,45],[-35,-8],[-94,56],[-107,-49],[-35,25],[-51,-106],[-66,-70],[-65,-22],[-178,18]],[[89226,102144],[43,124],[59,198],[0,41],[-43,8],[24,106],[34,-6],[15,67],[39,10],[-24,56],[22,27],[56,254]],[[89451,103029],[74,-9],[20,50],[40,27],[31,-33],[104,-6],[133,-75],[56,-5],[148,33],[38,129],[-22,37],[38,39],[-24,46],[-12,93],[31,53],[-30,87],[55,70],[56,161]],[[93385,96321],[-70,-65],[-87,-16],[-44,24],[-55,-56],[-44,-19],[-93,3],[-139,134],[-22,-20],[-117,-9],[-6,-65],[-57,9],[-26,-66],[78,-76],[37,-110],[-19,-29],[51,-45],[79,59],[25,-32],[50,-1],[47,-63],[-33,-61],[46,-135],[-43,-98]],[[92943,95584],[-100,37],[-62,6],[-33,47],[-75,-9],[-47,102],[-53,32],[29,75],[-36,74],[30,19],[-37,65],[-9,56],[-36,77],[-169,61],[-42,-25],[-89,-1],[10,-58],[-49,-47],[-52,35],[-22,64],[22,86],[-89,54],[-87,-3],[-128,48],[-115,-8]],[[91704,96371],[-20,60],[-61,-4],[-43,33],[-3,59],[-103,105],[0,25],[-117,-4],[-28,16],[-64,-10],[-79,-63]],[[91186,96588],[-34,55],[-55,15],[17,78],[35,46],[14,90],[61,2],[-10,64],[-61,43],[0,96],[-35,-16],[-38,47],[8,57],[-64,53],[-81,-7],[-10,38],[-155,9],[-7,91],[47,29],[229,49]],[[91047,97427],[62,-45],[60,37],[11,55],[95,39],[31,-68],[104,6],[-35,52],[38,26],[59,-15],[117,24],[32,40],[53,17],[50,-20],[61,21],[30,-46],[-22,-61],[-9,-169],[38,-4],[30,53],[37,13],[44,50]],[[91933,97432],[97,-88],[25,-45],[71,-31],[23,34],[48,5],[44,-43],[17,93],[19,28],[81,5],[9,22],[121,-13],[23,-16],[61,35],[32,-43],[51,-21],[26,48],[111,46],[15,21]],[[92910,103972],[7,-168],[28,-25],[5,-63],[48,-15],[53,-63],[46,-123],[48,-60],[-5,-44],[-44,-24],[12,-79],[25,-31],[37,-93]],[[93170,103184],[-35,-59],[37,-52],[-26,-122],[27,-26],[-10,-142],[-71,-2],[82,-149],[15,-51],[-65,-8],[-82,9],[-11,-98],[27,-112],[47,-38],[54,11],[76,-19],[30,-43],[-40,-91],[-69,-19],[5,-67],[-38,-48],[-10,-157],[12,-54],[-104,-191]],[[93021,101656],[-39,70],[1,69],[-53,30],[-71,-2],[-23,53],[-64,29],[-52,-16],[-12,40],[-109,-69],[-54,42],[-32,2],[-7,81],[12,139],[-57,48],[-153,34],[-42,0],[-50,51],[8,68],[-34,37],[-40,-48],[-61,-28],[-60,47],[-60,-6],[30,67],[-64,21],[28,40],[-37,28],[-41,112],[36,37],[-11,76],[-87,55],[20,66],[-4,52],[-64,6],[-58,36],[-23,62],[-122,-20],[-31,20],[-19,62],[27,27],[-60,57],[-59,121],[-53,60],[4,32],[-38,42],[-7,148],[-117,70]],[[91219,103604],[18,74],[-33,43],[-63,32],[-20,47],[-6,110],[17,55],[-20,50],[13,125]],[[89083,101813],[63,-19],[-22,-54],[46,-25]],[[89170,101715],[-59,-135],[-78,-34],[-29,-49],[67,-138],[-50,-72],[-58,-200],[20,-37],[262,-160]],[[89245,100890],[-69,-42],[-1,-76],[-48,-72],[75,-84],[1,-28]],[[89203,100588],[-94,61],[-133,62],[-144,17],[-203,-42],[26,-33],[-86,-82],[23,-44],[-10,-46],[-62,-2],[-37,37],[-48,-33],[-2,-31],[-66,-1],[-72,56],[-175,-33],[-77,21],[-33,37],[-19,59],[-10,157],[-51,14],[-62,70],[-40,72],[-4,93],[74,10],[11,52],[-36,39],[-29,-25],[-42,76],[1,52],[-34,25],[15,39],[-22,56],[45,71],[57,-74],[19,-50],[38,-36],[56,15],[34,-31],[131,-27],[28,-29],[63,-20],[15,-40],[62,-25],[61,6],[115,44],[72,40],[145,113],[152,172],[115,160],[113,203]],[[92235,94293],[-60,73],[-50,-21],[-53,19],[-56,-35],[-57,26]],[[91959,94355],[-11,20]],[[91948,94375],[0,28],[-65,52],[-69,10],[-26,26],[-18,86],[-34,23],[-11,51]],[[91725,94651],[21,83],[-20,30],[7,53],[-30,55],[-41,11],[-30,62],[-95,-12],[-103,8],[-102,28],[-56,88],[-13,94],[-90,10],[-64,30],[-16,27]],[[91093,95218],[16,34],[56,34],[-40,61],[-7,59],[50,60],[-7,62]],[[91161,95528],[62,8],[20,50],[44,36],[139,42],[61,102],[12,73],[63,26],[47,60],[18,111],[38,37],[42,-37],[73,75],[-53,97],[-39,130],[16,33]],[[92943,95584],[25,-48],[-18,-125],[116,-97],[8,-155],[-34,-49],[94,-78],[-16,-63],[41,-59],[139,-129],[30,-50]],[[93811,101091],[-51,38],[-138,66],[-55,-39],[-46,7],[-59,-42],[-129,0],[-28,48],[20,61],[-50,44],[-37,57],[-33,17]],[[93205,101348],[2,61],[-135,101],[-35,47],[-16,99]],[[93170,103184],[107,-41],[42,60],[27,-51],[42,3],[32,82],[-21,37],[51,84],[74,51],[-38,56],[36,111],[-30,29],[90,28],[34,40],[37,92],[32,30],[-32,103],[47,61],[8,64],[72,30],[53,-101],[62,-22],[131,14],[78,31],[89,17],[31,32]],[[90778,97852],[4,-95],[46,-65],[147,-49],[-9,-61],[-83,-82],[141,-23],[23,-50]],[[91186,96588],[-237,-38],[-91,-8],[-12,-19],[-111,-35],[-64,-65],[-98,29],[-37,-14],[-5,-56],[42,-45],[1,-47],[48,-63],[51,20],[47,-55],[-6,-32],[50,-63],[39,-11],[31,-51],[11,-79],[54,-35],[58,-76],[7,-64],[43,-46],[23,-94],[70,-6],[56,-71],[5,-36]],[[91093,95218],[-54,-23],[0,-39],[-42,-73],[-85,29],[-52,63],[-118,42],[-48,-41],[-37,16],[-96,-24],[-29,26],[-112,29],[22,113],[-19,40],[-137,-15],[-20,-40],[-45,20],[-62,-32]],[[90159,95309],[-36,77],[-34,27],[-39,-16],[-68,33],[-11,61],[-64,33],[-153,24],[-57,39]],[[89697,95587],[24,43],[-30,87],[5,128]],[[89696,95845],[19,65],[-11,113],[-111,82],[15,66],[44,57],[1,115],[22,93],[-31,46],[-55,34],[-47,66],[26,63],[-84,62],[-42,-15],[-64,67],[-31,74],[2,45],[-30,68],[-54,39]],[[89265,96985],[88,185],[85,248],[27,128],[17,27],[63,291],[60,301],[30,213],[-5,61],[33,154],[19,201]],[[89548,100107],[-77,166],[-80,119],[-57,69],[-131,127]],[[89245,100890],[208,-50]],[[89453,100840],[92,-91],[190,-7],[92,6],[67,-65],[81,-119],[75,-32],[24,-36],[44,18],[58,-9],[82,-76],[86,-5],[61,34]],[[93027,97968],[-42,72],[-62,14],[-45,55],[-46,29],[-54,-5],[-60,28],[-122,-40],[-103,-19],[-36,-45],[-154,11],[-30,-161],[19,-28],[-125,-39],[-110,-67],[-13,-33],[38,-66],[-40,-103],[3,-46],[-67,26],[-51,-43],[6,-76]],[[91970,99594],[-11,-37],[32,-129],[21,-32],[-48,-38],[-20,-136],[-62,-55],[-33,-56],[-25,-100],[-12,-132],[15,-56],[75,-50],[47,2],[37,-59],[1,-105],[39,-63],[57,-19],[47,10],[13,-42],[59,44],[-5,36],[60,40],[10,93],[35,-2],[87,-59],[99,-10],[32,81],[139,-66],[42,-40],[78,68],[71,18],[47,-30],[69,-3],[45,72],[67,-52],[39,11],[63,-46],[15,-61]],[[91469,100300],[-49,63],[-2,68],[-26,127],[-39,39],[-33,73],[24,94],[-28,83],[-59,47],[8,65],[-33,48],[17,24],[-6,77],[-27,55],[31,49],[47,17],[45,53],[-14,58],[-84,87],[-27,59],[64,59],[74,123],[-24,43],[20,54],[-30,80],[11,76],[-121,-1],[-130,-52],[-51,19],[-80,-9],[-65,-83],[-113,-4],[-68,11]],[[90815,102885],[76,66],[102,19],[6,59],[67,65],[19,94],[-25,79],[14,62],[42,29],[11,98],[81,114],[11,34]],[[93205,101348],[-92,-16],[-3,-51],[-74,-31],[-44,-108],[-97,-25],[22,-26],[-66,-44],[-27,-74],[-65,-49],[-66,-5],[-24,-30],[32,-140],[-56,-99],[-62,-36],[-101,2],[-61,64],[-66,-4],[-67,-64],[-101,-18],[-5,-127],[-42,-31],[-6,-37],[-71,-25],[-24,-41],[39,-149],[-23,-41],[-111,-36],[-58,-50]],[[89696,95845],[-286,-67],[-53,-46],[-17,-65],[-243,74],[-12,-28],[-208,38],[-191,-3]],[[88686,95748],[81,97],[-12,38],[16,60],[44,38],[56,169],[7,65],[-14,50],[-58,30],[9,54],[46,72],[62,155],[-26,67],[48,127],[61,64],[75,1],[110,36],[74,114]],[[90922,100288],[53,92],[-8,84],[-35,33],[21,77],[-29,65],[6,68],[-27,83],[15,50],[-17,48],[-95,29],[-44,37],[-24,76],[-72,66],[27,63],[-12,86],[-84,52],[5,101]],[[90602,101398],[45,60],[6,78],[-44,115]],[[90187,103726],[41,67],[-53,52],[-14,66],[-60,-16],[-60,31],[-71,-25],[-34,35],[-3,56],[-39,8],[16,104],[23,14]],[[90602,101398],[-23,-21],[-59,10],[-42,36],[-72,8],[-55,-14],[-57,-41],[-30,40],[-66,1],[-30,-40],[-70,-47],[-38,5],[-26,-54],[-56,-19],[25,-51]],[[90003,101211],[-20,7],[-146,-29],[-108,76]],[[89729,101265],[10,146],[4,193],[-65,136],[-38,29],[-165,78],[-19,24],[-77,34],[-12,37],[-74,0],[-34,-167],[-89,-60]],[[89083,101813],[104,230],[39,101]],[[89451,103029],[45,317],[10,155],[-16,120],[-44,38],[-6,51],[-75,52],[-100,51],[-9,66],[-159,96],[-20,59],[-41,35]],[[90500,100480],[6,91],[-162,34],[-51,71],[-102,-23],[-39,18],[-10,62],[-47,10],[-29,78],[-72,18],[1,29],[-67,23],[-137,3],[-111,32]],[[89680,100926],[85,42],[27,-9],[65,43],[-14,86],[23,56],[78,-51],[50,45],[9,73]],[[89678,100924],[-58,-42],[-167,-42]],[[89453,100840],[147,129]],[[89600,100969],[78,-45]],[[89680,100926],[-2,-2]],[[89600,100969],[37,37],[52,107],[40,152]],[[92102,90865],[18,-108],[29,-47],[-54,-100],[-84,30],[-19,-66],[-42,-7],[-1,-63],[24,-61],[-48,-55],[-78,-17],[-2,-125]],[[91705,89556],[-52,42],[-83,-14],[-121,31],[-59,69],[-98,-34],[-107,54],[-125,22],[-56,24],[13,66],[-51,30],[-100,-66],[-21,55],[-40,4],[-15,-48],[-54,-44],[-57,32],[-23,64],[20,36],[-36,43],[-11,59],[-49,11],[-106,-10],[-53,42],[-22,45],[-58,-11]],[[90341,90058],[-28,5]],[[90313,90063],[48,60],[45,27],[57,-21],[31,93],[-40,26],[34,70],[-32,22],[9,46],[60,-1],[38,-26],[45,15],[80,-23],[130,56],[-3,70],[48,54],[17,56],[-22,42]],[[90858,90629],[68,25],[41,48],[4,88],[34,24]],[[91005,90814],[65,-25],[37,-79],[93,-12],[60,-26],[171,-41],[58,1],[27,34],[44,-37],[38,41],[78,43],[7,53],[28,29],[123,-11],[63,38],[119,25],[51,33]],[[92067,90880],[35,-15]],[[90769,88120],[-14,-34],[13,-98],[20,-38],[-31,-29],[26,-76],[-22,-74],[9,-95],[-28,-84],[35,-65],[115,-58],[43,-46],[-87,-61],[0,-39],[-31,-65],[-53,-17],[-59,-92],[-56,-40],[-37,-76]],[[90612,87033],[-172,8],[-25,33],[-145,20]],[[90270,87094],[-54,5],[-82,-26],[-31,-84],[-66,-35],[-132,23],[-81,130],[-93,-1],[-23,63],[-85,71],[-57,-70],[-143,-25],[-43,-29],[-50,-5]],[[89330,87111],[-76,48],[4,48],[-60,64],[8,23],[-45,52],[10,64],[-22,58],[-89,44],[-19,41]],[[89041,87553],[10,26],[-22,77],[20,141],[56,52]],[[89105,87849],[55,44],[75,13],[42,33],[-13,43],[138,12],[32,19],[54,90],[62,34],[-16,71],[14,56],[65,-5],[58,51],[-29,49],[80,85],[129,55],[67,-47],[36,36]],[[89954,88488],[79,3],[7,-65],[52,55],[75,-62],[42,-12],[32,-122],[-10,-28],[119,-38],[1,-77],[43,-83],[-6,-46],[92,-29],[52,31],[7,48],[38,51],[42,17],[42,-13],[81,34],[27,-32]],[[89507,92118],[-122,-35],[-74,-43],[-46,-50],[-81,-53],[-54,-19],[-36,-57],[-68,-13],[2,-64],[38,-29],[-83,-65],[26,-67],[-32,-121],[44,-12],[5,-92],[-39,-84],[-45,-10],[-21,-50],[36,-111],[-42,-42],[-17,-49],[39,-78],[-79,-117],[3,-54],[-41,-57],[-64,-29],[-42,-61]],[[88714,90656],[-50,58],[-92,68],[3,40],[-111,14],[-9,34],[-47,36],[-68,-6],[-73,-41],[-30,27],[-69,0],[-47,52],[-49,-14],[-102,79],[-9,64],[-48,80],[-51,-45],[-39,42],[6,89],[58,85],[-3,71],[19,118],[-26,56],[-16,78],[21,46],[51,48],[-27,62],[-100,33],[-45,34],[-53,-12],[-109,22],[-47,-9],[-66,24],[-48,70],[-91,28],[-76,-26],[-21,30],[-203,117],[-46,49]],[[87001,92157],[-11,60],[62,83],[33,125],[32,28],[97,183],[33,87],[80,174],[97,109],[35,-13],[77,70],[12,37],[43,18],[11,47],[43,45],[54,-8],[92,87],[-11,19],[58,102],[135,115],[68,43],[80,160]],[[88121,93728],[36,23],[99,-1],[30,65],[158,-19],[2,40]],[[88446,93836],[6,-50],[-30,-104],[-46,7],[3,-56],[170,-17],[10,-49],[44,-73],[-27,-61],[36,-29],[62,0],[12,70],[54,64],[47,100],[-2,33],[-63,23],[-49,120],[-30,20],[43,61]],[[88686,93895],[27,-36],[51,-2],[60,-25],[16,-50],[95,-66],[17,-67],[35,-5],[114,-142],[-20,-68],[76,-25],[79,22],[102,-40],[10,-103],[20,-41],[-54,-64],[-16,-44],[28,-40],[-21,-34],[9,-67],[-11,-90],[-20,-54],[22,-71],[45,-84],[-39,-139],[16,-73],[43,-52],[99,-47],[17,-107],[41,-85],[-20,-78]],[[90159,95309],[-83,-41],[-19,-57],[-88,-58],[37,-95],[-22,-95],[-37,-10],[7,-52],[68,-27],[33,16],[69,-44],[16,-41],[-50,-59],[33,-62],[-33,-45],[-57,12],[-28,-27],[4,-106],[88,-86],[-102,-89],[-5,-93],[11,-57]],[[90001,94193],[-34,-29],[-113,-35],[-25,-134],[132,-44],[24,-27],[-2,-65]],[[89983,93859],[-29,-22],[-116,10],[-66,-30],[33,-95],[-51,-10],[-41,-58],[-54,2],[-90,-83],[-31,8]],[[89538,93581],[-24,70],[-46,35],[-119,-2],[-14,84],[-74,62],[-64,-2],[8,80],[-91,35],[-41,44],[25,26],[-74,57],[34,15],[24,53],[-40,53],[-183,72],[15,-52],[-28,-43],[-83,-25],[8,-59],[-13,-49],[-46,11],[-43,51],[-92,33],[-1,-40],[48,-26],[-5,-47],[23,-105],[16,0]],[[88658,93912],[-5,-20],[-85,-10],[-170,88],[3,-108],[45,-26]],[[88121,93728],[82,204],[81,244],[57,200],[34,171],[40,87],[61,96],[-55,16],[37,91],[35,-8],[39,73]],[[88532,94902],[89,-58],[52,26],[5,70],[44,64],[104,-18],[19,-43],[94,-14],[27,-22],[83,10],[46,35],[82,22],[39,38],[32,-8],[53,34],[133,12],[97,230],[40,11],[-5,77],[13,69],[105,85],[13,65]],[[87014,96321],[75,-62],[-76,-52],[-45,28],[45,50],[1,36]],[[91959,94355],[-51,-128],[5,-101],[-51,-26],[-85,-85],[-45,-19],[-76,-135],[-37,-10],[-56,-106],[34,-49],[-35,-106],[-28,-8],[-125,-162]],[[91409,93420],[-22,-35],[-81,7],[-51,-30],[-4,-35],[-49,-54],[-119,-38],[-71,-50],[-4,-33],[-55,-55],[-68,23],[-43,-37],[-72,12],[-33,-16]],[[90737,93079],[9,59],[-28,63],[-145,39],[-96,-30],[-35,-40],[-35,18]],[[90407,93188],[-25,45],[46,19],[3,74],[26,33],[-44,93],[46,12],[41,42]],[[90500,93506],[21,18],[110,14],[30,-23],[33,36],[85,28],[17,58],[-56,33],[62,73],[37,14],[65,88],[48,33],[60,4],[-4,59],[-56,34],[-52,10]],[[90900,93985],[10,51]],[[90910,94036],[105,-22],[35,26],[128,-15],[44,-21],[75,13],[42,-17],[59,19],[84,76],[2,38],[84,16],[37,-14],[87,89],[227,155],[29,-4]],[[90459,92030],[67,-72],[84,-32],[14,-87],[36,-65],[9,-103],[33,-28]],[[90702,91643],[47,-47],[-12,-51],[-35,-36],[35,-162],[49,-51],[-12,-46],[78,12],[26,-44],[10,-68],[58,-34],[29,-38],[68,-15],[13,-35]],[[91056,91028],[-23,-64],[-44,-38],[5,-69],[-17,-19]],[[90977,90838],[-3,34],[-68,22],[-7,-57],[-47,-19],[-65,19],[8,66],[-51,-7],[-4,-5],[-62,-26],[-98,-22],[-44,-26]],[[90536,90817],[16,94],[-39,75],[-45,47],[40,33],[6,36],[-56,38],[-89,-11],[-50,54]],[[90319,91183],[95,46],[-33,27],[39,147],[-79,44],[0,66],[-28,61],[13,62],[31,32],[-73,123],[-123,119]],[[90161,91910],[49,78],[98,57],[55,-14],[96,-1]],[[90821,89001],[-42,19],[-40,84],[-71,58],[-75,6]],[[90593,89168],[23,72],[-75,29],[-55,2],[-14,76],[-57,19],[-75,70],[-12,55],[122,25],[19,35],[-40,55],[21,82],[-41,25],[18,92],[-29,18],[-19,64],[1,93],[-39,78]],[[90459,92030],[48,79],[95,35],[30,111]],[[90632,92255],[28,9]],[[90660,92264],[65,17],[47,-28],[57,-6],[71,67],[114,8],[62,-65],[13,-35],[68,-33],[139,-45],[55,-40],[32,111],[101,45]],[[91484,92260],[133,-67],[44,-48],[-6,-102],[-32,-69],[31,-57],[79,-31],[54,-46],[13,-39],[-13,-61]],[[91787,91740],[-52,-1],[-44,-24],[-21,-59],[-36,-25],[-56,3],[-54,-20],[-149,12],[-2,18],[-152,-9],[31,-49],[-71,-49]],[[91181,91537],[-69,15],[-77,-2],[-109,43],[-44,33],[-126,26],[-54,-9]],[[88932,90209],[81,-78],[64,-23],[5,-61],[-23,-77],[103,-32],[-13,-33],[63,-85],[40,-35]],[[89252,89785],[78,2],[115,-32],[137,-100],[61,-26],[-9,-62],[92,-53],[44,-4],[74,-45],[35,58],[66,-59]],[[89945,89464],[-24,-38],[18,-66],[-64,-96],[1,-44],[-42,-74],[-95,-88]],[[89739,89058],[-31,8],[-48,-106],[-65,1],[-70,-47]],[[89525,88914],[-46,71],[16,104],[-52,8],[6,51],[-86,29],[-74,44],[-159,-33],[-128,95],[-120,-6],[-44,48]],[[88838,89325],[-22,91],[-37,60],[0,39],[41,62],[-14,40],[-39,10],[-31,90],[8,114],[-17,81],[73,84],[41,24],[19,55],[-4,61],[51,68],[25,5]],[[91005,90814],[-28,24]],[[91056,91028],[19,49],[45,28],[-27,31],[23,51]],[[91116,91187],[83,-25],[87,34],[40,-30],[152,-12],[15,25],[104,36],[50,-9],[4,-40],[68,-63],[87,-61],[30,-53],[39,-7],[117,-93],[75,-9]],[[92440,91443],[-23,-46],[-18,-83],[-33,-33],[13,-117],[19,-24],[-55,-48],[-23,-52],[-56,-4],[-38,-79],[-61,-13],[-39,-29],[-24,-50]],[[91116,91187],[41,35],[-22,83],[47,73],[-37,30],[-5,85],[41,44]],[[91787,91740],[63,-39],[36,27],[59,6],[126,-20],[74,-165],[51,23],[75,-11],[16,-32],[53,-26],[57,16],[43,-76]],[[92616,91532],[-115,-115],[-61,26]],[[91484,92260],[-12,121],[-89,6],[-28,59],[9,49],[-26,76],[26,37],[-47,29],[-27,68],[-47,-3],[-161,70],[-60,-14]],[[91022,92758],[24,103],[-38,89],[29,29],[37,-24],[96,29],[68,34],[92,-22],[46,58],[94,57],[126,7],[182,109]],[[91778,93227],[7,-52],[56,-63],[-2,-39],[104,-35],[21,38],[51,-3],[34,-42],[72,20],[26,-36],[48,-17],[40,-91],[11,-63],[-27,-28],[13,-45]],[[90593,89168],[-89,-45],[-44,-45],[-6,-49],[-40,-33],[13,-43],[55,-34],[-94,-36],[-71,23],[-126,-139],[-113,38],[-26,-13],[-7,-3],[-14,1]],[[90031,88790],[-49,26],[-46,-8],[-44,64],[32,27],[-31,33],[-51,15],[-46,-9],[-61,60],[4,60]],[[89945,89464],[39,38],[63,12],[-17,57],[34,41],[9,45],[67,83],[33,115],[42,53],[61,151]],[[90276,90059],[37,4]],[[90276,90059],[-17,107],[-86,19]],[[90173,90185],[3,87],[88,174],[126,55],[-20,65],[15,24],[-25,58],[52,79]],[[90412,90727],[27,7]],[[90439,90734],[42,-63],[38,-18],[32,-57],[59,-1],[155,64],[70,10],[23,-40]],[[90439,90734],[19,33],[57,-31],[21,81]],[[89507,92118],[50,-90]],[[89557,92028],[6,-72],[-10,-100],[79,-59],[129,56],[29,39],[49,6],[36,-23],[97,-95],[39,1],[13,66],[95,33],[42,30]],[[90319,91183],[-95,23],[-67,-9],[-53,36],[-125,-38],[-58,36],[-87,-5],[-96,-72],[-17,-65],[-26,-25],[-71,34],[-50,67],[-101,45],[-33,-26],[-42,-125],[33,-38],[-27,-146],[20,-88],[-23,-27],[-93,-29],[-8,-47],[-169,-86],[-15,-90],[-31,-60],[-3,-67]],[[89082,90381],[-112,-49],[-12,-18]],[[88958,90314],[-53,62],[-60,20]],[[88845,90396],[-5,110],[-55,50],[-48,16],[-23,84]],[[88932,90209],[-1,47],[27,58]],[[89082,90381],[65,-30],[71,23],[47,100],[95,40],[89,128],[37,-19],[36,-79],[58,30],[72,103],[74,20],[64,-50],[39,24],[2,42],[77,93],[14,33],[149,56],[40,-11],[50,51],[108,-18],[135,-57],[-59,-20],[10,-38],[-32,-94],[89,19]],[[90173,90185],[-46,69],[-101,22],[-64,-59],[-38,23],[-57,-34],[-45,27],[-79,107],[-44,-8],[-72,-63],[-35,-71],[-59,20],[-98,-31],[-29,-93],[-35,-21],[-22,-82],[-39,-88],[21,-66],[-79,-52]],[[90660,92264],[100,94],[54,118],[67,20],[73,55],[-14,166],[82,41]],[[90910,94036],[-44,132],[-23,37],[21,48],[53,181],[-40,51],[16,88],[56,44],[38,58],[59,43],[87,10],[38,-11],[71,54],[121,-31],[66,-7],[59,-54],[67,-10],[59,-97],[44,44],[67,35]],[[91778,93227],[-68,118],[-134,15],[-86,-6],[-50,26],[-31,40]],[[90632,92255],[11,66],[-27,39],[5,56],[64,31],[17,74],[-23,63],[-50,17],[-37,65],[127,121],[-50,73],[28,48],[-12,40],[65,56],[-32,33],[19,42]],[[90900,93985],[-53,-5],[-25,-38],[-75,-1],[-10,52],[-108,-15],[-50,31],[-97,138],[-74,11],[-60,23],[-23,-14],[-112,4],[-16,-12],[-95,39],[-101,-5]],[[89557,92028],[39,-33],[126,56],[58,62],[24,62],[71,6],[6,62],[52,39],[25,66],[-22,70],[-9,86],[24,53]],[[89951,92557],[52,8],[77,-20],[25,31],[135,85],[57,-17],[50,78],[9,62],[29,-1],[28,114],[-48,45],[10,160],[42,67],[-10,19]],[[90500,93506],[-58,76],[2,73],[-47,41],[-72,-13],[-51,42],[-22,73],[-90,-22],[-31,-39],[-47,43],[-32,3],[-69,76]],[[89951,92557],[-70,37],[-32,40],[-54,9],[-89,67],[-25,87],[-27,35],[-41,-10],[-17,51],[-59,85],[48,22],[8,88],[-20,21],[57,48],[34,119],[-52,30],[-58,194],[-34,57],[18,44]],[[90836,88496],[-45,-64],[42,-209],[-38,-87],[-26,-16]],[[89954,88488],[-5,21],[61,117],[61,68],[-14,62],[-26,34]],[[89105,87849],[-56,67],[-13,114],[52,18],[-19,111],[-71,22],[-29,26],[2,66],[81,37],[67,1],[-2,71],[65,72],[-9,106],[34,78],[38,49],[71,0],[59,25],[60,-11],[71,51],[12,39],[40,13],[-33,110]],[[88838,89325],[-50,-49],[-13,-81],[41,-59],[29,-3],[55,-70],[-10,-87],[44,-15],[2,-71],[25,-58],[3,-111],[-111,-89],[10,-41],[-26,-55],[-84,-30],[-84,9],[-51,-15],[-28,-77],[36,-66],[-24,-27],[1,-83],[-29,-15],[-12,-55],[-93,-8],[-13,-35],[-72,-50],[-32,-58],[27,-26],[-4,-61],[-63,-12],[-62,-48],[-45,-7],[-10,-61],[-37,-12],[-53,-54],[-37,11],[-39,-96],[-44,-40],[-21,-51]],[[87964,87569],[-40,39],[-26,32],[-2,20],[-14,12],[2,28],[-4,18],[-50,11],[-53,-47],[-80,-10]],[[87697,87672],[-9,29],[-115,76],[-2,52],[-96,53],[-48,86]],[[87427,87968],[14,34],[-29,65],[-7,59]],[[87405,88126],[35,75],[40,28],[19,77],[-15,35],[27,66],[-35,38],[30,71],[-26,29],[29,47],[49,30],[1,116],[-11,37],[27,107],[91,20],[38,57],[56,47],[-33,57],[27,33],[-27,36],[-74,1],[13,93],[41,105],[50,31],[-20,137],[17,68],[-6,63],[-30,27]],[[87718,89657],[-12,64],[73,108],[10,54],[78,74],[95,-37],[38,8],[43,-37],[60,-21],[29,38],[64,-5],[27,-25],[100,52],[56,58],[44,8],[101,68],[44,7],[69,41],[44,107],[37,27],[5,61],[122,89]],[[89041,87553],[-25,7],[-37,-97],[-120,-2],[-24,-23],[-94,0],[-86,93],[-40,7],[-93,-71],[-87,-17],[-44,-51],[-48,14],[-8,50],[-40,23],[-66,91],[-215,-75],[-26,50],[-24,17]],[[88658,93912],[28,-17]],[[88532,94902],[141,426],[33,227],[31,56],[-8,54],[-45,51],[2,32]],[[91906,88018],[-82,-47],[12,-54],[-63,-76],[0,-53],[42,-48],[42,-19],[-18,-87],[54,-87],[54,-1]],[[91947,87546],[-15,-92],[70,11],[93,-53],[-16,-51],[33,-49],[-8,-71],[32,-52],[-4,-51],[32,-11],[106,30],[85,-31],[-65,-114],[-39,-23],[-24,-73],[-16,-99],[18,-24]],[[92229,86793],[3,-49],[-36,-41],[40,-28],[7,-98],[71,-24],[-5,-43],[40,-39],[-71,-45]],[[92278,86426],[-29,-49],[-131,-46],[18,52],[-67,-13],[-10,-51],[-36,-54],[-26,82],[-100,23],[15,56],[-153,-24],[-71,13],[-28,-24],[-116,-18],[-66,35],[-56,-8],[-73,28],[-87,-23],[-162,4],[-174,-18],[-50,-35],[-36,12]],[[90840,86368],[10,80],[-24,48],[-94,32],[-78,59],[-76,19],[6,69],[25,35],[-1,53],[-26,25],[-12,55],[14,87],[60,24],[-32,79]],[[88990,85969],[5,-2],[8,-2],[48,-46],[64,-11],[31,-73],[163,-35],[38,-23],[107,-36],[3,-53]],[[89457,85688],[-12,-26],[61,-144],[343,-194],[114,-48]],[[89963,85276],[-49,-107],[-131,-127],[-83,-28],[-29,-67],[-34,-23],[-24,-162],[37,-144],[-15,-67],[-70,-86],[-7,-34]],[[89558,84431],[-56,34],[-33,-43],[-34,-79]],[[89435,84343],[-73,50],[-47,-22],[-201,57],[-18,-52],[-81,-26],[-62,9],[-54,94],[5,54],[-37,19],[-96,-56],[-9,70],[-48,46]],[[88714,84586],[52,42],[16,49],[185,104],[15,47],[-66,107],[-12,92],[-29,83],[15,42],[-21,67],[-33,-12],[-40,26],[-71,-6],[-22,-57],[-46,34],[-31,107],[-36,79],[-61,64],[-2,55],[31,30],[25,90],[-21,33]],[[88562,85662],[110,-4],[30,19],[-2,62]],[[88700,85739],[7,26],[153,-8],[16,84],[-53,18],[0,100],[58,37]],[[88881,85996],[109,-27]],[[89963,85276],[101,-38],[87,-3],[92,-36],[47,2],[35,-43],[84,-14],[18,76],[-13,57],[-34,24],[31,70],[-61,72],[13,91],[-59,17],[-68,90],[72,51],[62,60],[6,57],[94,56],[44,-51],[51,3],[18,64],[37,47],[-2,111],[54,58],[66,18],[72,106],[51,47]],[[90861,86268],[23,-33]],[[90884,86235],[6,-57],[-27,-40],[11,-39],[-38,-53],[-11,-56],[52,-125],[-10,-45],[57,-59],[12,-93],[39,-35],[-12,-28],[72,-39],[1,-56]],[[91036,85510],[8,-104],[15,-32],[-23,-49],[39,-41],[53,-8],[11,56],[34,5],[39,-55],[112,4],[56,47],[39,-10],[78,80],[34,-49],[60,22],[91,-25],[98,-10],[93,9]],[[91873,85350],[39,-43],[-62,-34],[-32,-100],[35,-60],[-21,-78],[-65,39],[-60,-22],[-11,-56],[-78,27],[-3,-62],[63,-27],[9,-48],[44,-4],[8,-48],[-43,-53],[50,-38],[30,24],[43,-22],[56,23],[11,-54],[-15,-60],[52,-9],[32,113],[125,-2],[9,15]],[[92089,84771],[50,-2],[40,-33],[29,-67],[95,-56]],[[92303,84613],[-28,-26],[-87,-179],[63,-47],[59,-72],[-18,-25],[8,-94],[-21,-28],[12,-114]],[[92291,84028],[-63,-5],[-56,-42]],[[92172,83981],[-65,23],[-11,37],[-65,57],[-59,3],[-24,22],[-91,24],[-106,92],[-71,-7],[-118,40],[-152,63],[-77,49],[7,87],[-119,-24],[-29,27],[-110,-19],[-91,10],[-43,-22],[-133,-28],[-19,14],[-107,-13],[-72,4],[-52,37],[-48,57],[2,42],[-80,22],[-34,-13],[-44,75],[-29,-6],[-15,-54],[-37,-34],[0,-63],[-36,-42],[-79,-43],[-16,19],[-75,-29],[-22,28],[-47,-39],[-35,-54],[-44,-4]],[[89926,84319],[-18,11],[-110,0],[-32,-23],[-41,45],[-142,53],[-25,26]],[[93966,84053],[-54,-112],[39,-41],[18,-80]],[[93969,83820],[-57,-81],[42,-44],[135,-3],[16,-39],[167,-120],[109,-61],[62,21],[63,-22],[104,-13]],[[94610,83458],[-5,-75],[20,-123],[-22,-90],[-8,-100],[9,-75],[-40,-49],[-47,-87],[-46,-217],[-6,-207],[33,-103],[12,-75],[-42,-19],[-28,-47],[-15,-92],[-27,-13],[-55,-71],[-62,-24],[-63,-74],[-54,-29],[-40,57],[-81,-51],[-61,-62],[-47,1],[-91,-49],[-70,-67],[-74,20],[-53,-27],[-82,-90],[-59,-136],[-3,-49],[23,-38]],[[93526,81397],[-85,52],[-55,-37],[-59,51],[-78,38],[-139,-17],[-62,68],[-97,45],[-190,66],[-53,-22],[-118,44],[-88,130],[-62,129]],[[92440,81944],[-18,52],[-3,77],[-63,61],[-22,67],[56,43]],[[92390,82244],[119,81],[39,60],[39,-9],[35,44],[-2,91],[19,82],[50,52],[48,7],[-12,77],[71,22],[21,27],[-27,55],[59,38],[-12,63],[-59,119],[-49,46],[8,40],[-29,47],[-52,45],[-81,39],[4,25]],[[92579,83295],[-15,75],[-46,58],[36,59],[-15,40],[10,60],[36,10]],[[92585,83597],[20,-12],[51,52],[104,37],[13,29],[67,39],[28,-18],[78,57],[14,64],[-13,56],[14,95],[43,60],[-25,60]],[[92979,84116],[30,73],[-24,10],[28,93],[59,0],[36,26],[50,3]],[[93158,84321],[28,-71],[77,-71],[120,11],[65,-15],[7,-53],[69,-21],[-32,-62],[3,-48],[102,-84],[41,-11],[68,22],[51,37],[81,-17],[32,96],[96,19]],[[90833,83695],[57,-19],[33,-42],[-6,-52],[33,-27],[-44,-64]],[[90906,83491],[-25,18],[-189,-15],[-64,-19],[-28,-35],[134,-79],[69,-21],[-38,-112],[55,-30],[81,-17],[16,-73],[102,-50],[122,14]],[[91141,83072],[82,-33],[86,29]],[[91309,83068],[88,27],[24,-30],[65,-2],[26,-30]],[[91512,83033],[15,-57],[-75,-57],[-40,-56],[-35,1],[-54,-61]],[[91323,82803],[-13,-27],[-84,-20],[-17,-68],[17,-83],[-74,16],[-74,-17],[-55,-43],[23,-32],[-34,-38],[10,-71],[-26,-20],[-79,20],[-102,-38],[-47,-70],[-82,38]],[[90686,82350],[-13,106],[-34,-13],[-93,0],[-26,-34],[-85,34],[-22,29],[3,122],[-48,57],[13,57],[-43,23],[-63,7],[-45,58],[-31,7],[-40,88]],[[90159,82891],[90,21],[-2,52],[79,18],[43,92],[-5,48],[57,67],[52,118],[-6,49],[-39,4],[-88,45],[12,54],[-88,54],[-26,42],[-40,16],[-63,67],[-41,-45],[-34,73],[-170,168]],[[89890,83834],[-1,56],[68,37],[67,17],[76,-37],[43,-62],[119,-19],[44,25],[111,-57],[57,-52],[68,-25],[33,8],[58,-32],[200,2]],[[92172,83981],[-63,-13],[-19,-45]],[[92090,83923],[-43,-51],[-51,6],[-54,-20],[-21,-35],[-9,-102],[-75,9],[-70,-16],[-51,32],[-57,-13],[-59,10],[-13,79],[-70,6],[-60,30],[-52,-7]],[[91405,83851],[-26,-7],[-106,35],[41,24],[50,84],[-87,33],[-89,53],[-29,0],[-25,-68],[-41,-66],[-2,-49],[-59,-36]],[[91032,83854],[-101,2],[-75,53],[-33,-16],[-83,31],[-23,-7],[-216,81],[-44,30],[-46,-22],[-59,38],[-46,3],[-126,58],[-88,93],[-73,-2],[-66,71],[-27,52]],[[89330,87111],[16,-110],[-17,-60],[34,-42],[-41,-44],[-81,-13],[0,-36],[-51,-93],[-29,9],[-57,-60],[-11,-39],[-65,-11],[-46,-42],[-3,-32],[-49,-73],[-18,-59],[29,-14],[82,38],[68,10],[56,-10],[45,-56],[118,-68],[61,-15],[-26,-46],[16,-108]],[[89361,86137],[-66,23],[-68,-11],[-17,-54],[-43,-1],[-34,-49],[-143,-76]],[[88881,85996],[-14,45],[-87,-1],[-21,19],[-52,-61],[-67,-8]],[[88640,85990],[5,38],[-68,38],[-18,-14],[-77,86],[-154,47],[-14,72],[62,0],[-1,45],[-39,39],[-82,-22],[-26,-38],[-25,-85],[27,-111],[-20,-41],[-93,19],[-20,27],[-68,-9],[-91,-54],[-47,24]],[[87891,86051],[-36,46],[-50,94],[-51,7],[-45,-58],[-70,21],[35,70],[-11,63],[53,26],[82,5],[-9,34],[26,54],[37,27],[1,139],[-23,56],[-1,62],[45,84],[12,117],[49,119],[38,41],[21,66],[-27,105],[22,73],[45,13],[-42,63],[2,31],[-48,42]],[[87946,87451],[69,35],[-29,65],[-37,21],[-44,53],[-22,43],[-7,22],[0,18],[-22,11],[-68,-43],[-83,-6]],[[87703,87670],[-6,2]],[[93844,87640],[81,-2],[75,14],[130,-18],[64,-32],[29,14],[100,-4],[71,25]],[[94394,87637],[3,-54],[140,-59],[-3,-106],[12,-185],[14,-64],[47,-39],[43,-76],[22,-107],[-5,-70]],[[94667,86877],[-54,8],[-64,65],[-83,38],[-98,28],[-30,-12],[-78,20],[-49,-52],[-56,48],[-68,-32],[-61,12],[-38,34],[-53,-6],[-31,-31],[-135,-42]],[[93769,86955],[-52,72],[-164,69],[-24,-4],[-132,37],[-34,-12],[-36,-48],[-41,9],[-46,-23],[-55,13]],[[93185,87068],[39,33],[0,71],[-64,-41],[-111,-14],[-15,27],[-79,40],[-32,109],[60,58],[24,43]],[[92278,86426],[70,-75],[-11,-37],[57,-44],[47,-75],[54,-6],[43,-31],[82,10],[52,-25],[49,-141],[-48,-28],[21,-43],[42,-2],[98,79],[76,16],[48,-52],[-8,-48],[-47,-76],[36,-24],[25,-56]],[[92964,85768],[-13,-28]],[[92951,85740],[-9,-30]],[[92942,85710],[-65,-28],[-68,26],[-53,-17],[-38,-56],[-59,-9],[-32,-32],[-75,9],[-24,-23],[-99,-48],[-57,-4],[-35,-42],[-43,-9]],[[92294,85477],[-71,63],[-48,-22],[-37,-58],[-57,31]],[[92081,85491],[-25,40],[-50,30],[13,54],[-150,44],[-47,-9],[-19,52],[-37,27],[-57,-4],[-31,55],[-35,21],[-82,-91]],[[91561,85710],[-45,26],[-48,108],[-67,24],[-56,-4],[-42,-31],[-54,-9],[-33,34],[10,38],[-35,60],[-69,70],[43,52],[10,86],[-71,27],[-86,-8],[-23,24],[-111,28]],[[90861,86268],[-21,100]],[[92089,84771],[-20,19],[21,63],[-70,90],[67,13],[-13,68],[51,119],[-108,43],[45,63],[47,-1],[3,83],[85,-21],[34,-64],[86,125],[9,50],[-32,56]],[[92942,85710],[74,-78],[49,-16],[-70,-127],[55,-8],[150,-76],[48,3],[38,-36],[33,4],[92,-85],[44,22],[63,-44],[39,25],[75,-13],[31,-43],[73,28],[11,-41]],[[93747,85225],[52,-41],[-2,-89],[26,-18],[19,-109]],[[93842,84968],[41,-74],[-16,-19],[6,-125]],[[93873,84750],[-42,-22],[-6,-68],[-82,15],[-48,33],[-54,12],[-105,-9],[-132,40],[-31,-23],[-47,59],[-65,5],[-12,47],[-64,23],[-12,-28],[-58,-19],[4,-51],[-46,-67],[-37,-26],[25,-46],[-19,-64],[32,-70],[60,-76],[24,-94]],[[92979,84116],[-113,1],[-25,-58],[-40,-22],[-44,11],[-51,70],[16,75],[-20,28],[65,120],[-37,111],[-138,30],[-42,27],[-52,-12],[-37,37],[-39,5],[-61,78],[-58,-4]],[[94667,86877],[0,-212],[13,-72],[44,-82],[-17,-44],[27,-93],[-7,-174],[23,-77],[-12,-125],[9,-144],[13,-41],[7,-162],[20,-97]],[[94787,85554],[-179,-38],[-59,11],[-36,36],[-72,25],[-48,-3],[-101,47],[-39,34],[-73,-21],[-22,-56],[-94,16],[-90,49],[-24,105],[-158,81],[-3,70],[-30,50],[27,32],[-17,63],[-59,44],[-22,66],[-50,32]],[[93638,86197],[50,2],[46,95],[-28,45],[-37,117],[22,93],[-60,33],[33,45],[-4,72],[19,47],[-50,38],[156,95],[-16,76]],[[93185,87068],[-123,-11],[-21,-33],[-94,-19],[-33,-35],[-1,-53],[-36,-35],[-8,-71],[-34,-17],[1,-43]],[[92836,86751],[-89,64],[-65,-11],[-112,24],[-91,-88],[-31,-70],[-41,56],[-49,31],[-25,70],[-55,1],[-49,-35]],[[91947,87546],[77,5],[38,18],[142,27],[118,64],[-5,77]],[[92317,87737],[72,1],[33,54],[57,-5],[-4,52],[-32,51],[45,55],[-14,47],[30,65]],[[91036,85510],[86,9],[70,50],[64,-20],[132,48],[8,91],[53,-31],[88,14],[24,39]],[[92081,85491],[-58,-119],[-29,-15],[-101,17],[-20,-24]],[[91925,88008],[-3,-42],[77,-66],[201,-67],[30,-72],[87,-24]],[[92836,86751],[-63,-27],[-25,-39],[6,-47],[52,22],[22,-49],[36,-24],[-12,-129],[21,-19],[-12,-72],[11,-76],[44,-57],[115,-96],[39,5],[62,-31]],[[93132,86112],[42,-51],[-12,-41],[-55,-88],[-64,15],[-34,-96],[-45,-83]],[[91405,83851],[24,-146]],[[91429,83705],[-22,9],[-118,-21],[-57,39],[-54,-51],[-65,28],[-12,-32],[-53,-6],[-19,66],[-36,45]],[[90993,83782],[39,72]],[[90993,83782],[-43,-7],[-8,-61],[-88,10],[-21,-29]],[[89890,83834],[-51,-19],[-2,-42],[-32,-43],[-59,-16],[-3,-89],[-100,-11],[-21,-32],[-47,19],[-46,-37],[-66,-21],[-96,17],[-30,-21],[-61,35]],[[89276,83574],[-86,33],[-41,61],[-53,30],[22,93],[75,68],[15,80],[-32,88],[76,0],[-10,62],[85,90],[7,67],[30,14],[13,55],[58,28]],[[89276,83574],[-117,-140],[22,-120],[-15,-49]],[[89166,83265],[-143,3],[-92,-39],[-114,36],[-89,-45],[-59,7]],[[88669,83227],[-58,69],[3,46],[-67,13],[-53,59],[15,34],[85,53],[4,61],[-45,49],[-54,116],[-59,-1],[-68,37],[-17,51],[-104,-16],[-26,-31],[-42,0],[-68,27],[-45,0],[11,77],[-254,36]],[[87827,83907],[38,117],[95,41],[23,53],[48,27]],[[88031,84145],[90,-48],[39,7],[49,-25],[71,42],[0,98],[62,35],[40,-7],[92,83],[36,71],[-17,76],[86,13],[20,60],[84,38],[31,-2]],[[86092,83042],[68,-68],[-7,-113],[-19,-48],[96,-69],[72,-7],[33,-137],[-21,-66],[112,-86],[-8,-25],[64,-60],[-12,-123],[-16,-71],[86,-70]],[[86540,82099],[-17,-101],[-116,-76],[2,-38],[-42,-74],[-77,22],[-68,-48],[-31,-59]],[[86191,81725],[-52,4],[-54,44],[-106,-17],[-55,75],[-78,-19],[-117,8],[-54,55],[-68,-21],[-71,47],[-71,-39],[-74,-18],[-45,70]],[[85346,81914],[44,4],[8,50],[48,82],[-16,60],[22,33],[8,87],[-14,91],[-40,67],[27,56],[0,44],[57,79],[-11,80],[-54,94],[9,67],[-53,58],[-17,149],[41,84],[13,113],[38,104],[-51,58],[7,68],[-35,43]],[[85377,83485],[22,45],[79,44],[23,-57],[-3,-70],[54,-43],[19,-44],[57,-41],[70,25],[140,22],[45,23],[48,-46],[-12,-46],[-41,-19],[2,-47],[33,-81],[16,-89],[77,-40],[86,21]],[[85377,83485],[-50,59],[-11,40],[-44,38],[-25,-62],[-41,-35],[-45,-1],[-10,63],[-40,37],[-21,48],[-90,94],[-6,46],[52,108],[89,82],[72,91],[36,17],[18,142],[33,41],[-22,120],[54,59],[29,2],[-1,85],[24,102],[-35,46],[1,45],[-51,38],[-34,-13],[-40,31],[-30,80],[-25,13]],[[85164,84901],[58,40],[-4,75],[29,62],[52,63],[76,-22],[72,47]],[[85447,85166],[40,-35],[96,37],[49,-4],[108,41],[101,24],[45,-29],[56,15],[29,34],[59,28],[31,-29],[89,-11],[63,-24]],[[86213,85213],[27,-97],[-52,-52],[-4,-82],[-75,-68],[19,-71],[-33,-100],[-54,-23],[74,-123],[15,-53],[92,55],[42,-103],[98,-43],[18,-45],[97,8],[75,79],[66,1],[77,76],[44,66],[34,-4],[62,65]],[[86835,84699],[20,-60],[35,-30],[89,-11],[43,-39],[-23,-32],[25,-47],[-21,-53],[133,-93],[3,-89]],[[87139,84245],[-90,-52],[-23,35],[-67,8],[-67,31],[-51,-68],[-70,-31],[-13,-59],[-47,21],[-101,-24],[33,-50],[12,-67],[43,-77],[-34,-39],[-18,-112],[23,-62],[36,-36],[-53,-41],[-40,-88],[-26,-93],[-55,-31],[-5,-115],[-43,-16],[-75,-57],[-12,-53],[-60,-40],[-67,18],[-67,-75],[-110,-30]],[[88669,83227],[-28,-41],[-69,-9],[-84,-37],[-20,-46],[-67,-65],[31,-47],[-15,-76],[20,-74]],[[88437,82832],[-66,-2],[-112,38],[-53,-12],[-79,-84],[-53,-32],[-81,9],[-23,-21],[-115,-2],[-54,-57],[-45,20],[-80,-37],[-62,-103],[-48,9],[-22,-30],[-83,-34],[-56,5],[3,-42],[-73,-78],[-68,-11],[-88,18],[-12,-63],[-132,-79],[-51,-10],[-63,-58],[-92,-25],[-59,-53],[-50,-10],[-52,47],[-128,-36]],[[87139,84245],[29,-137],[78,-52],[15,-39],[-26,-33],[9,-55],[-36,-36],[25,-60],[-10,-126],[57,-93],[57,-5],[29,46],[26,84],[169,13],[13,60],[66,8],[12,37],[100,22],[24,-17],[51,45]],[[90270,87094],[0,-101],[-57,-83],[-7,-113],[-69,-74],[-24,-117],[29,-29],[-31,-51],[-46,-9],[-35,-44],[-93,-34],[-18,-46],[-45,-2],[-52,-67],[-80,-140],[2,-37]],[[89744,86147],[-25,23],[-83,28],[-144,-33],[-102,-46],[-29,18]],[[87891,86051],[48,-59],[-23,-71]],[[87916,85921],[-19,-11],[-81,38],[-42,-84],[-6,-54],[-51,-135],[13,-71],[-24,-36],[-62,24],[-15,-71],[-107,-15],[-71,34],[-27,-11],[-124,-6],[-52,10]],[[87248,85533],[-52,17]],[[87196,85550],[29,95],[-64,14],[-43,57],[-14,150],[22,35],[-7,72],[-33,59],[-9,72],[-42,14],[-31,48],[19,56],[-32,65],[30,50],[-13,78],[101,26],[105,89],[65,10],[44,98],[99,49],[-34,50],[14,54],[97,123],[35,9],[40,75],[3,90],[45,12],[12,40],[60,75],[86,64],[44,68],[45,20],[42,66],[35,18]],[[89744,86147],[2,-39],[-36,-27],[-71,-14],[-46,-107],[31,-11],[-2,-80],[-48,-4],[-19,-54],[77,-47],[3,-42],[-65,-1],[-23,-26],[-90,-7]],[[88562,85662],[-79,11],[-99,-24],[-69,16],[-41,-19],[-96,-89],[-32,14]],[[88146,85571],[-9,116],[-91,60],[39,93],[-20,34],[-101,17],[-48,30]],[[88640,85990],[11,-112],[-14,-72],[63,-67]],[[88146,85571],[-12,-59],[30,-66],[-32,-53],[6,-38],[-34,-59],[-98,-52],[22,-65],[-8,-71],[19,-36],[73,-58],[-31,-45],[39,-111],[-16,-44],[-52,-59],[14,-49],[-15,-58],[-99,-71],[-73,22]],[[87879,84599],[-163,-94],[-112,5],[-23,43],[-53,35],[-40,49]],[[87488,84637],[58,27],[45,87],[35,18],[-64,87],[29,78],[-13,89],[9,41],[40,16],[25,50],[73,83],[-26,32],[-7,59],[65,-13],[104,14],[-20,60],[-46,26],[-50,54],[-117,9],[-100,27],[-89,-30],[-77,0],[-80,-22]],[[87282,85429],[-37,36],[3,68]],[[87488,84637],[-100,-5],[-51,8],[-43,42],[29,29],[-51,44]],[[87272,84755],[-59,232],[38,6],[37,54],[49,26],[15,49],[-31,55],[-102,74],[31,102],[43,35],[-11,41]],[[86213,85213],[47,40],[-3,72],[21,40],[-10,55],[33,100],[74,38],[55,-6],[96,29],[46,-60],[51,-37],[54,49],[56,15],[89,-25],[33,33],[120,-12],[126,-61],[95,67]],[[87272,84755],[-160,-12],[-60,14],[-19,29],[-136,-14],[-62,-73]],[[87879,84599],[9,-110],[96,-106],[2,-66],[40,-93],[5,-79]],[[90159,82891],[-72,77],[-47,-15],[-133,107],[-70,4],[-122,36],[-44,-8],[-55,60],[-119,48],[-51,-18],[-185,43],[-63,5]],[[89198,83230],[-32,35]],[[90906,83491],[43,-48],[107,-51],[8,-59],[-28,-73],[96,-53]],[[91132,83207],[9,-135]],[[91132,83207],[54,101],[57,-13],[77,71],[28,52],[63,-2],[45,-55],[29,-1]],[[91485,83360],[2,-44],[-62,-8],[-41,-34],[-21,-48],[-56,-47],[-11,-88],[13,-23]],[[91429,83705],[40,-63],[-32,-61],[32,-38],[-10,-33],[44,-58]],[[91503,83452],[10,-73],[-28,-19]],[[91323,82803],[52,-48],[49,21],[16,49],[56,6],[-19,-73],[11,-92],[144,-100],[-34,-34],[37,-40],[87,26]],[[91722,82518],[29,-21],[35,-98]],[[91786,82399],[-42,-12],[-163,-76],[-18,72],[-54,-33],[32,-68],[-51,-24],[6,-79],[36,-56],[-32,-14],[-31,-55],[-138,99],[-51,-109],[-55,-48],[-33,-1],[-38,-40],[-103,-17],[-26,45],[-128,-11],[-10,-57]],[[90887,81915],[-32,-35]],[[90855,81880],[-56,-32],[-45,20]],[[90754,81868],[-14,27],[-97,37]],[[90643,81932],[-13,41],[20,45],[45,38],[-48,65],[2,37],[35,28],[-56,107],[58,57]],[[90887,81915],[77,-27],[143,-92],[31,-54],[13,-60],[66,-45],[96,21],[24,-52],[103,-50],[81,87],[17,147],[-11,68],[102,-31],[45,-55],[34,-94],[20,-14],[24,-78],[41,4],[52,-53],[43,-13],[6,-58],[121,-39],[-12,-50],[39,-10],[26,-50],[68,-19]],[[92136,81298],[-48,-47],[-12,-61],[-72,-48],[-73,-2],[1,-60],[-47,-60],[-86,-52]],[[91799,80968],[-127,183],[-45,-20],[-92,94],[-55,-5],[-135,42],[-12,82],[-22,28],[-11,75],[18,20],[-35,90],[-98,4],[-118,53],[-12,92],[-74,72],[-26,50],[-52,39],[-48,13]],[[91786,82399],[11,-40],[52,-16],[11,-65],[-83,-80],[-46,-65],[58,-24],[52,-50],[144,-36],[119,-59],[90,-16],[29,19],[88,-28],[35,-45]],[[92346,81894],[12,-40],[-25,-93],[79,-77],[-8,-52],[73,-104],[-7,-44]],[[92470,81484],[-60,-38],[-68,-24]],[[92342,81422],[-37,1],[-78,-33],[-39,4],[-52,-96]],[[92440,81944],[-94,-50]],[[91722,82518],[-57,99],[-21,97],[23,48],[64,29],[88,-1]],[[91819,82790],[120,4],[38,41]],[[91977,82835],[50,-32],[62,-86],[53,-40],[61,16],[51,-53],[31,-4],[12,-90],[-22,-35],[38,-87],[-7,-118],[84,-62]],[[91503,83452],[41,-19],[19,57],[72,31],[91,5],[48,31],[90,26],[105,-63]],[[91969,83520],[93,-115],[55,3],[26,-33],[13,-62],[36,-10]],[[92192,83303],[2,-66],[-66,-45],[26,-70],[-41,-64],[-93,-58],[-66,-7],[63,-110],[-40,-48]],[[91819,82790],[-7,85],[-23,56],[4,51],[-87,-5],[-78,37],[-21,31],[-51,15],[-44,-27]],[[92090,83923],[-3,-34],[-53,-141],[28,-47],[-19,-52],[-59,-87],[-15,-42]],[[92291,84028],[-2,-30],[83,-33],[23,-72],[42,-4],[33,27],[42,-16],[17,-39],[-31,-115],[24,-67],[44,-21],[19,-61]],[[92579,83295],[-129,-12],[-36,48],[-85,29],[-42,-62],[-95,5]],[[93969,83820],[51,-10],[96,62],[81,-39],[69,-4],[26,27],[121,-38],[14,14],[120,5],[130,-14]],[[94677,83823],[38,-6],[-42,-75],[-52,-177],[-11,-107]],[[93966,84053],[27,-3],[31,60],[-7,42],[97,48],[-21,65],[-3,73],[21,54],[61,45]],[[94172,84437],[33,-17],[80,-1],[14,-56],[27,-23],[100,-16],[116,-48],[38,-38],[56,-11],[-9,60],[67,20],[61,-6]],[[94755,84301],[-20,-57],[1,-65],[-54,-226],[-5,-130]],[[94172,84437],[-32,38],[-9,59],[-43,45],[32,21],[16,65]],[[94136,84665],[67,11],[20,22],[128,10],[140,3],[67,-37],[57,-7],[86,19],[93,-24]],[[94794,84662],[7,-61],[-45,-144],[-16,-102],[15,-54]],[[93873,84750],[92,-20],[57,-43],[93,-5],[21,-17]],[[93842,84968],[88,-5],[52,61],[73,19]],[[94055,85043],[14,-43],[52,-16],[79,3],[105,-12],[25,-23],[101,-6],[142,10],[65,91],[72,-45],[80,1]],[[94790,85003],[-7,-133],[10,-64],[-8,-66],[9,-78]],[[94055,85043],[-5,70],[50,31],[59,1],[60,-38],[122,26],[35,41],[11,51],[55,43],[49,-1],[83,54],[106,-11],[26,-31],[93,-25]],[[94799,85254],[8,-80],[-21,-145],[4,-26]],[[93132,86112],[86,12],[98,-9],[21,-23],[67,-10],[62,17],[58,-38],[109,69],[5,67]],[[94787,85554],[41,-193],[-29,-107]],[[93747,85225],[26,47],[-33,186],[81,5],[13,54],[-36,119],[-2,95],[-64,-28],[-28,22],[-43,-30],[-68,6],[-26,-24],[-60,-4],[-40,38],[-95,2],[-41,33],[-37,-14],[12,-48],[-53,-5],[-100,46],[-110,19],[-92,-4]],[[94247,87985],[11,-100],[41,-117],[67,-65],[28,-66]],[[91540,78867],[10,-37],[51,-43],[119,16],[54,-101],[-24,-76],[38,-79],[67,-73],[49,54]],[[91904,78528],[24,-63],[-20,-48],[43,-98],[44,50],[70,-68],[59,-34],[95,-21],[60,-33],[43,-50],[69,-36],[52,-49]],[[92443,78078],[-61,-60],[-73,-46],[-11,-43],[-77,37],[-71,-88]],[[92150,77878],[-54,8],[-71,-37],[-50,32],[-21,91],[-49,15],[-66,-46],[-152,34],[-91,-32],[-32,98],[-48,51],[-80,-39],[-46,-44],[27,-85],[-112,4]],[[91305,77928],[-67,27],[-65,43],[-55,101],[-4,27],[45,126],[-29,68],[-74,57],[12,64],[74,15],[36,-12],[49,36],[-37,131],[-35,11],[-20,43]],[[91135,78665],[37,18],[136,2],[21,-37],[47,66],[59,10],[5,57],[-48,23],[-25,84],[69,-14],[13,-29],[91,22]],[[93122,80340],[-13,-125],[10,-68],[-39,-48],[-61,-37],[-24,-53],[-14,-126],[-48,-37],[-39,-94],[-44,-57],[-10,-63],[-51,-53],[-44,-136],[9,-47],[-39,-36],[-28,-110],[0,-76],[-38,-59],[-28,-86],[-36,-30]],[[92585,78999],[-51,2],[-68,47],[-3,29],[-70,12],[-57,-10]],[[92336,79079],[-34,2]],[[92302,79081],[25,84],[52,-6],[134,92],[8,25],[-26,71],[-35,44],[13,64],[-53,75],[5,55],[-28,76],[55,134],[-27,88],[-38,22],[-53,-17],[-146,-13],[-112,190],[75,10],[53,22],[-1,72],[46,10],[1,71],[-33,17],[-32,101],[28,26],[-10,50],[73,28]],[[92276,80472],[116,-59],[115,-6],[44,-21],[18,41],[52,22],[77,-59],[86,33],[61,-1],[36,-40],[41,4],[62,-22],[42,16],[96,-40]],[[90294,77030],[22,-44],[75,-16],[41,-54],[15,-80],[-63,-75],[281,-49],[39,-31],[134,-49],[-16,-92],[-37,21],[-55,-29],[35,-46],[-4,-100],[-18,-115]],[[90743,76271],[-105,20],[-148,0],[-24,-51],[-51,-43],[-44,4],[-13,-66],[-82,60],[-28,-93],[-48,-69]],[[90200,76033],[-75,84]],[[90125,76117],[-32,111],[28,-2],[103,111],[44,31],[-81,43],[3,150],[12,67],[-46,32],[-60,1],[-61,60],[2,88],[79,75],[-21,78],[-44,41],[38,50]],[[90089,77053],[30,-22],[73,22],[59,-30],[43,7]],[[88604,77294],[-1,-45],[49,-49],[15,-42],[-50,-79],[-29,-112],[29,-93]],[[88617,76874],[-135,31],[-7,-69]],[[88475,76836],[-81,-28],[-39,12],[1,80],[-22,29],[-136,-14],[23,-55],[-3,-70],[-73,9],[-38,-59]],[[88107,76740],[-66,37],[-136,2],[-54,24]],[[87851,76803],[-37,58]],[[87814,76861],[-37,71],[-27,120],[14,105],[-29,50]],[[87735,77207],[4,16]],[[87739,77223],[25,28],[68,-30],[5,57],[105,-31],[8,-23],[101,56],[61,52],[135,54]],[[88247,77386],[188,76]],[[88435,77462],[-27,-93],[-3,-55],[35,-72],[45,-4],[-14,83],[62,15],[71,-42]],[[90089,77053],[-49,89],[3,87],[-36,55],[5,35],[-65,90]],[[89947,77409],[86,77],[45,104],[-5,45],[34,20],[60,110],[-44,70],[9,52],[47,60],[87,34],[49,-2]],[[90315,77979],[64,-22],[49,28],[54,-31],[53,-81],[8,-54],[67,-74],[56,-1],[59,-77],[49,-26],[30,16],[105,-10],[53,26]],[[90962,77673],[3,-50],[-39,-14],[-21,-47],[-66,-4],[-45,-150],[15,-49],[53,-20],[80,-64],[61,-5],[12,-54],[105,-83],[-96,-27],[-38,12],[5,-72],[-13,-57],[14,-60],[107,-55],[82,-105]],[[91181,76769],[-75,-21],[-102,15],[-55,25],[-43,-7],[-149,12],[-88,-10],[55,82],[45,32],[30,70],[31,24],[-56,83],[-115,73],[-35,43],[-15,54],[-139,23],[7,-45],[67,-46],[-79,-18],[-10,-40],[-73,-24],[-52,-51],[-36,-13]],[[88435,77462],[27,50],[27,111],[51,78],[-34,92],[23,53],[54,74],[37,-9],[81,30],[12,51],[40,-22],[-20,-36],[95,-27],[-12,-50],[45,-21]],[[88861,77836],[-7,-71],[36,-49],[-30,-38],[-17,-65],[-59,-67],[87,-91],[4,-26]],[[88875,77429],[-50,-70],[-45,-1],[17,-54],[-30,-16],[-85,47],[-21,-30],[-57,-11]],[[89970,75811],[7,-97],[20,-35],[41,2],[8,-41],[124,-54],[25,46],[59,-32],[31,-69],[46,65],[18,68],[43,42],[108,-51],[57,-45],[75,4],[78,-70]],[[90710,75544],[27,-46],[-41,-15],[-22,-76],[-3,-60]],[[90671,75347],[-66,-29],[-107,-113],[-88,-42],[16,-20]],[[90426,75143],[-29,-15],[-56,80],[-112,13],[-15,-49],[-141,3],[-36,15]],[[90037,75190],[90,70],[38,63],[-125,107],[23,103],[-95,75]],[[89968,75608],[-93,58],[-39,71],[-1,94]],[[89835,75831],[10,-95],[58,-80],[76,-22],[-35,80],[9,85],[17,12]],[[89560,77207],[-68,-35],[-21,-44],[27,-50],[-90,-50],[-20,-183],[-29,-44]],[[89359,76801],[-41,0],[-103,39],[-97,16],[1,-38],[-79,-25],[-80,-4],[-18,76]],[[88942,76865],[7,75],[-29,21],[49,56],[23,-62],[-7,-54],[73,14],[19,91],[-52,45],[15,97],[-12,32],[-63,1],[-40,81],[8,65],[-59,76]],[[88874,77403],[51,7],[66,75],[61,5],[17,-83],[43,-20],[37,15],[51,-52],[12,46],[59,26],[90,-22],[27,-60],[-5,-81],[65,-26],[34,22],[22,-53],[56,5]],[[89359,76801],[-12,-47],[34,-33],[-17,-99],[43,-79],[-46,-31],[54,-122],[-16,-52],[54,-23],[57,-87]],[[89510,76228],[13,-75],[-199,-138],[8,-67],[-51,-23],[-51,10],[7,-118],[-17,-21]],[[89220,75796],[-40,-17],[-36,17],[-81,8],[-39,-66]],[[89024,75738],[-55,13]],[[88969,75751],[-7,129],[-30,124],[16,73],[120,41],[54,46],[29,74],[-1,39],[-55,23],[-64,79],[16,38],[1,83],[-39,10],[-187,198]],[[88822,76708],[19,31],[-26,37],[40,33],[77,-26],[10,82]],[[92342,81422],[13,-21],[-73,-110],[23,-79],[-29,-21],[-74,-136],[-5,-52],[21,-78],[-33,-35],[44,-104],[62,-8],[-14,-105],[36,-69],[-37,-132]],[[92302,79081],[-35,54],[-56,6],[-36,-26],[-31,20],[-72,2],[-60,-60],[-26,22],[-53,-24],[-105,62],[-50,41]],[[91778,79178],[-10,67],[-47,26],[-25,62],[0,58],[-25,103],[-39,49],[15,52],[-39,107],[40,141],[-53,45],[-5,32],[-49,33],[12,47],[42,51],[26,-1],[85,46],[36,81],[-51,54],[35,31],[13,76],[-38,11],[-11,60]],[[91690,80409],[-30,51],[-37,4],[-32,73],[-46,54],[62,17],[75,-38],[44,20],[-12,93],[116,80],[-34,170],[3,35]],[[92470,81484],[34,-14],[33,-96],[44,-53],[57,-13],[59,-71],[35,-22],[59,-70],[23,-52],[88,-23],[29,-41],[-49,-27],[-39,-75],[-76,-22],[15,-60],[48,-4],[57,-45],[21,-44],[37,-8],[49,-42],[59,22],[39,-18],[72,10],[46,-21]],[[93210,80695],[-39,-215],[-49,-140]],[[93526,81397],[24,-36],[-5,-68],[28,-22],[-16,-78],[-42,17],[-95,-43],[-25,-30],[-115,-240],[-70,-202]],[[91305,77928],[-67,-38],[13,-41],[-85,-221]],[[91166,77628],[-141,65],[-63,-20]],[[90315,77979],[13,27],[-51,76],[-47,-2],[-6,54],[31,98],[52,4],[5,92],[50,61],[-23,80]],[[90339,78469],[39,40],[56,103],[-6,76]],[[90428,78688],[92,16],[17,-31],[51,56],[27,-50],[84,-3],[21,24],[151,16],[25,57],[84,-9],[59,-26],[96,-73]],[[90037,75190],[-2,-71]],[[90035,75119],[-127,62],[-77,21],[-72,-47],[-69,73],[-72,25],[-86,55]],[[89532,75308],[-64,60],[-124,-4]],[[89344,75364],[43,108],[67,36],[20,140]],[[89474,75648],[47,-77],[82,-67],[62,39],[49,-3],[41,38],[46,10],[62,-18],[43,25],[43,-18],[19,31]],[[90200,76033],[90,-85],[18,-96],[53,-49],[102,-63],[46,94],[55,-47],[116,66],[39,-47]],[[90719,75806],[21,-10],[59,-216],[-89,-36]],[[89970,75811],[65,-17],[25,53],[48,17],[-42,80],[22,31],[42,2],[-13,97],[8,43]],[[89835,75831],[-36,96],[-88,95],[-76,-29],[-29,24],[-1,49],[25,74],[-38,60],[-25,-12],[-57,40]],[[89560,77207],[70,28],[-4,48],[55,8],[-34,97],[39,42]],[[89686,77430],[-1,-57],[117,15],[50,-9],[36,27],[59,3]],[[91904,78528],[57,36],[76,85],[50,8],[-20,65],[14,77],[62,20],[2,62],[66,-25]],[[92211,78856],[13,-74],[36,1],[14,-56],[92,-28],[75,-7],[114,-57],[10,18]],[[92565,78653],[84,-16],[-2,-45],[-69,1],[-1,-145],[32,-68],[47,-45],[-33,-111],[-51,-32],[-54,-96],[-35,-21]],[[92483,78075],[-40,3]],[[93005,75516],[-200,-27]],[[92805,75489],[-12,-5]],[[92793,75484],[-127,13],[-47,34]],[[92619,75531],[19,30],[-52,47],[-25,63],[-50,45],[-38,2],[-18,54],[37,58],[-71,100],[-53,40],[-31,46]],[[92337,76016],[6,51],[-25,188],[-47,33],[0,43]],[[92271,76331],[42,1],[90,61],[45,-5],[10,40],[113,33]],[[92571,76461],[106,-253],[140,-317],[65,-124],[75,-54],[85,-169],[-17,-18],[-1,-1],[-19,-9]],[[92619,75531],[-19,-70],[-82,-45],[6,-56],[-17,-36]],[[92507,75324],[-55,18],[-38,66],[-55,49],[-175,93],[-136,127]],[[92048,75677],[-68,-5],[-68,76]],[[91912,75748],[112,42],[36,57],[-14,111],[91,-2],[52,-82],[13,82],[39,39],[96,21]],[[89220,75796],[37,-54],[98,-34],[31,-30],[88,-30]],[[89344,75364],[-93,84],[-63,25],[-71,58]],[[89117,75531],[-69,30],[-37,65],[34,72],[-21,40]],[[91778,79178],[-122,37],[-60,-17],[-34,15],[-43,-30],[13,-66],[-58,-19],[-38,-42]],[[91436,79056],[-54,70],[-85,168],[-131,99],[-94,38],[-33,-21],[-20,-64],[-80,2],[-16,-74],[-91,-25],[-64,55],[-16,-33],[-49,-13]],[[90703,79258],[-36,76],[-4,86],[24,42],[-41,52],[17,30],[-19,109],[30,94],[-3,73],[-47,89],[-25,-7]],[[90599,79902],[-2,68],[44,13],[-19,57],[9,34],[-60,72],[11,50],[-52,26]],[[90530,80222],[18,23],[-24,59],[68,83],[56,-15],[14,28],[110,0],[17,28],[59,9],[52,29]],[[90900,80466],[59,-19],[52,23],[17,60],[53,-7],[35,-85],[64,-16],[36,-41],[35,7],[81,-71],[93,-29],[186,9],[4,60],[35,44],[40,8]],[[91540,78867],[-34,29],[9,90],[-20,33],[-59,37]],[[92336,79079],[-86,-57],[-10,-54],[-45,-72],[16,-40]],[[88861,77836],[41,16],[-3,55],[15,160]],[[88914,78067],[50,42],[66,12],[57,36],[96,11],[4,105],[49,45],[25,-30],[56,-16],[61,5],[58,53],[70,-6],[49,15],[32,-16]],[[89587,78323],[-5,-78],[50,-20],[-51,-63],[54,-84],[-2,-51],[19,-79],[-24,-210],[25,-55],[34,29],[36,-21],[-23,-105],[-14,-156]],[[88874,77403],[1,26]],[[88617,76874],[72,-10],[57,-47],[14,-37],[62,-72]],[[88969,75751],[-36,-1],[-91,46],[-79,72],[-31,119],[-111,139],[-104,74],[-90,102]],[[88427,76302],[56,30],[66,9],[31,68],[-47,21],[-11,77],[25,52],[-7,103],[12,84],[-77,90]],[[90719,75806],[31,19],[127,3]],[[90877,75828],[98,-43],[23,40],[56,47],[13,57],[33,43],[149,-43],[28,-54],[124,40],[114,172]],[[91515,76087],[230,-199],[66,-106],[101,-34]],[[92048,75677],[-61,-91],[-13,-67],[-53,-34],[19,-83],[-32,-37],[-71,64],[-66,43],[-52,-73],[-72,-21]],[[91647,75378],[-88,-34],[-54,18],[-59,-1],[-91,-37]],[[91355,75324],[-36,79],[-211,-121],[-32,53],[-20,-103],[-85,-25],[-52,-2],[10,45],[-83,4],[-59,21],[-14,29],[-50,-9],[-52,52]],[[91181,76769],[109,-1]],[[91290,76768],[101,-104],[27,-100],[71,-100],[-43,-176],[-2,-111]],[[91444,76177],[-196,46],[-104,2],[-148,25],[-64,-29],[-149,43]],[[90783,76264],[-40,7]],[[89587,78323],[35,2],[81,41],[29,44],[-21,50],[7,44]],[[89718,78504],[135,-14],[49,-29],[50,7],[-9,58],[24,23],[93,26],[65,-6]],[[90125,78569],[63,-101],[49,13],[102,-12]],[[92793,75484],[126,-102],[117,85],[54,7],[6,87],[1,1],[-6,-88],[-13,-35],[177,-300],[1,-44],[198,-324],[162,-248],[77,-106],[91,-88],[48,-12]],[[93832,74317],[-31,-30],[-126,-3],[-34,13],[-143,107],[-243,170],[-83,99],[-27,81]],[[93145,74754],[-18,59],[-56,86],[-104,73],[-107,34],[-97,16]],[[92763,75022],[-90,22],[-10,35],[-64,106],[-45,92],[-47,47]],[[93005,75516],[-1,-29],[-89,-62],[-110,64]],[[91515,76087],[-71,90]],[[91290,76768],[-18,67],[0,102],[52,-18],[113,11],[63,-117],[71,33],[74,77],[11,70]],[[91656,76993],[38,-34],[63,-13],[0,-44],[-41,-95],[12,-35],[72,-50],[144,23],[84,35],[27,-49],[59,-6],[35,-51],[-16,-51],[27,-24],[-20,-47],[61,-66],[-3,-50],[20,-59],[53,-46]],[[91656,76993],[38,118],[30,15],[-38,102],[-49,34],[-72,27],[-24,47]],[[91541,77336],[32,76],[61,-24],[46,68],[32,-63],[46,40],[110,22],[88,73],[14,95],[-1,69],[137,14]],[[92106,77706],[22,-71],[60,-31],[99,-11],[14,-29]],[[92301,77564],[19,-219],[59,-293],[48,-185],[57,-180],[87,-226]],[[91166,77628],[34,25],[38,-11],[145,-74],[0,-105],[55,-20],[103,-107]],[[92150,77878],[2,-63],[-46,-109]],[[92483,78075],[-8,-109],[-31,-49],[-50,-4],[-23,-51],[-65,-70],[-11,-41],[6,-187]],[[90428,78688],[21,87],[-17,51],[72,156],[36,17],[32,58],[6,77],[57,1],[38,29],[-7,47],[37,47]],[[92585,78999],[-15,-43],[-14,-146],[10,-53],[90,-14],[-1,-65],[-90,1],[0,-26]],[[90900,80466],[-26,34],[2,47],[-22,56],[-111,89],[-38,76],[32,47],[-39,44],[1,58]],[[90699,80917],[66,47],[-4,241],[-22,57],[-34,25],[-18,67],[27,131],[-20,80],[7,35],[-29,113],[-1,79],[26,53],[57,23]],[[90877,75828],[-36,32],[-22,54],[22,32],[-47,136],[-12,66],[1,116]],[[91355,75324],[-17,-5]],[[91338,75319],[-63,-19],[-56,-47],[-25,-56],[-70,-69],[-62,-40],[-78,-10],[-99,44]],[[90885,75122],[-43,17],[-81,-30],[-115,-89],[-58,-8],[-99,50]],[[90489,75062],[19,78],[-82,3]],[[88107,76740],[80,-94],[65,-46]],[[88252,76600],[-46,-35],[-9,-49]],[[88197,76516],[-23,-55],[-32,-11],[-99,42],[-79,-3],[-18,23],[-6,110]],[[87940,76622],[-4,32],[-67,87],[-18,62]],[[88427,76302],[-62,84],[-24,105],[-33,60],[-56,49]],[[90489,75062],[-77,-18],[-65,-47],[-99,-40]],[[90248,74957],[-58,-17],[-53,19]],[[90137,74959],[-64,84],[-38,76]],[[88882,80522],[60,-52],[112,-134],[78,-145],[-14,-59],[18,-127]],[[89136,80005],[16,-62],[64,-144],[105,6],[14,-44]],[[89335,79761],[48,-232],[-27,-50],[5,-41],[59,-107],[5,-59],[-23,-72],[6,-59],[-37,-46]],[[89371,79095],[-17,37],[-51,11],[-78,-8],[-24,-34],[-24,-107],[-1,-58]],[[89176,78936],[-77,38],[-6,37],[-92,-2],[-95,48],[-72,-95],[-69,-72],[-55,3]],[[88710,78893],[-35,62],[-82,27],[-52,53]],[[88541,79035],[-38,57],[-21,87],[-49,7]],[[88433,79186],[55,92],[-13,61],[-46,34],[-3,39],[34,54],[-7,27],[-69,-23],[-77,92],[-16,71],[70,31],[-49,35],[-30,-8],[-99,59],[-56,-30],[-32,51],[-47,23],[-25,61]],[[88023,79855],[70,69],[75,3],[-12,43],[126,42],[9,76],[-12,97],[-44,70],[13,147],[56,9],[60,58],[50,17],[31,-62],[92,-1],[6,87],[55,32]],[[88598,80542],[40,35],[112,-48],[32,13],[100,-20]],[[86941,77729],[-57,19],[-26,-25],[-107,-30]],[[86751,77693],[-92,-26],[-98,-3],[-27,35],[46,22],[-55,55],[-70,-5]],[[86455,77771],[-1,34],[-88,65],[-58,76],[-4,53],[61,0],[-19,51],[-136,86],[-44,56],[-95,73]],[[86071,78265],[-21,84],[-28,27],[47,90],[29,16],[7,68],[47,67],[31,17],[14,63],[42,17],[21,56]],[[86260,78770],[82,-4],[44,-54],[109,53],[141,-143],[6,-62],[38,-76],[84,-64],[50,-167],[-30,-51],[-4,-89],[43,-48],[77,-1],[102,17],[-27,-140],[5,-61],[-62,22],[-42,-29],[-31,-69],[51,-29],[45,-46]],[[87735,77207],[-56,12],[-13,43],[-55,-8]],[[87611,77254],[27,52],[-55,103],[-44,49],[-43,14],[-61,86],[30,45],[-13,53],[-89,24]],[[87363,77680],[-18,87],[64,96],[6,67],[34,39],[4,50],[-72,-21],[-18,20],[5,103],[-25,13],[0,91],[-16,69],[36,44],[71,22],[-1,51],[83,162],[-46,40],[-7,92],[-25,54],[-32,-4],[-64,44],[-75,97],[-24,-10],[-62,48],[-96,158]],[[87085,79092],[53,3],[67,-26],[47,-48],[52,-86]],[[87304,78935],[-29,-45],[40,-51],[37,67]],[[87352,78906],[51,-7],[-3,78],[34,68],[64,-16],[62,16],[67,41],[94,-29],[49,-38],[23,11],[81,-28],[63,35],[106,-42],[52,-88]],[[88095,78907],[7,-47],[49,-72],[-2,-41],[88,-130],[33,-14],[21,-84],[96,-27]],[[88387,78492],[-48,-25],[-32,-58]],[[88307,78409],[-5,-76],[-89,-6],[-61,-56],[-11,-89],[-56,5],[-7,-46],[-46,3],[-9,-74],[19,-58],[-84,-18],[14,-74],[-46,-17],[5,-81],[38,-22],[-58,-120],[25,-36],[-18,-39],[-70,10],[-65,-77],[13,-48],[-49,-40],[-4,-33],[31,-59]],[[87774,77358],[-58,-48],[23,-87]],[[86260,78770],[31,32],[-7,49],[88,4],[45,44],[-25,39],[-10,63],[-62,80],[20,90],[31,12],[64,94],[-19,80],[16,82],[62,-8]],[[86494,79431],[50,22],[26,66],[44,20],[-1,41],[46,32]],[[86659,79612],[29,-26],[96,-32],[37,-36],[-2,-46],[28,-20],[34,-73],[29,-21],[28,-137],[70,-81],[77,-48]],[[87363,77680],[-44,-38],[-99,3]],[[87220,77645],[-149,-9],[-63,85],[-27,-30],[-40,38]],[[87304,78935],[48,-29]],[[88433,79186],[-82,-57],[-26,20],[-42,-44],[6,-48],[-26,-24],[-52,39],[-53,-40],[10,-53],[-18,-47],[-55,-25]],[[86659,79612],[2,32],[-48,46],[-13,79],[-31,23]],[[86569,79792],[8,40],[56,35],[37,-6],[18,43],[88,29],[19,20],[-59,90],[-9,51],[22,67],[42,23],[41,79],[46,12],[-8,161],[72,14],[58,31],[65,-4],[75,-60],[-13,-46],[36,-191],[44,-20],[28,-43],[58,-50],[63,-9],[21,-26],[117,-54],[74,87],[-64,84],[40,16],[55,-23],[70,7],[32,-40],[69,39],[69,1],[5,-99],[64,-38],[-41,-52],[-3,-62],[68,-44],[63,21],[28,-20]],[[88437,82832],[7,-26],[-49,-111],[-71,-109],[-46,-31],[-174,-20],[-19,-71],[19,-60],[-18,-17],[0,-78],[-26,-52],[-48,-38],[34,-67],[-19,-28],[16,-69],[-46,-65],[37,-27],[-12,-34],[28,-38],[124,-103],[-12,-88],[36,-35]],[[88198,81665],[-30,-90],[14,-119],[-10,-85],[-110,-74],[-71,-64],[-47,-2],[20,-72],[-15,-64],[4,-97],[21,-12],[-1,-87],[19,-86],[76,5],[67,-57],[192,-93],[58,-35],[140,-26],[73,-65]],[[86569,79792],[-107,5],[-46,-36],[-49,-3],[-76,44],[-72,-38],[-63,63],[-78,-1],[-102,20],[-34,53],[-84,27],[-8,37]],[[85850,79963],[12,56],[-20,94],[41,55],[2,56],[23,24],[-12,88],[101,95],[18,61],[38,50],[-11,28],[28,101],[-74,35],[-4,62],[-23,21],[11,64]],[[85980,80853],[49,46],[63,22],[19,50],[0,78],[56,5],[12,59],[82,79],[-49,49],[-56,6],[-106,41],[-13,34],[-59,11],[29,147],[51,31],[14,79],[46,53],[76,34],[-3,48]],[[88247,77386],[12,45],[-22,45],[11,83],[-36,-8],[-25,-39],[-45,-20],[-106,5],[-41,20],[34,80],[-62,13],[-35,-35],[11,-61],[-161,-113],[-8,-43]],[[88307,78409],[77,-94],[67,-6],[84,-32],[10,-103],[63,41],[27,-19],[50,30],[17,-61],[52,7],[33,29],[7,55],[47,-2],[41,-37],[28,23]],[[88910,78240],[-26,-36],[37,-55],[-7,-82]],[[88910,78240],[35,84],[17,122]],[[88962,78446],[46,46],[15,160],[73,151],[73,72],[7,61]],[[89371,79095],[18,-43],[119,-10],[51,6],[46,65],[23,65]],[[89628,79178],[14,-90],[61,17],[44,-37]],[[89747,79068],[-13,-78],[9,-36],[-17,-103],[11,-28],[-20,-74],[15,-30],[-20,-52],[24,-47],[-36,-61],[18,-55]],[[90699,80917],[-108,117],[-28,96],[21,70],[-5,60],[-73,33],[-67,-37],[-33,-76],[-57,-33],[-67,49],[-20,-74],[-26,-11],[-35,-84],[-36,-2],[-21,-47],[-57,-54],[-112,0],[-18,28],[-106,53],[-59,-7],[-41,-64],[-85,-18],[-59,1],[6,-58]],[[89613,80859],[-45,-41],[-93,62],[-2,34],[-54,4],[-87,118]],[[89332,81036],[-30,84],[-87,32],[-68,67],[-90,56],[-68,106],[-30,91]],[[88959,81472],[109,44],[125,-202],[-1,-51],[86,-8],[74,65],[-22,44],[20,67],[66,15],[9,59],[50,32],[-79,95],[85,63],[39,-5],[28,36],[-8,65],[62,78],[37,-56],[56,44],[44,-58],[117,4],[81,74]],[[89937,81877],[20,-52],[75,-71],[43,57],[3,65],[48,22],[48,-38],[36,19],[-8,57],[133,27],[59,-24],[34,13],[117,-30],[98,10]],[[89332,81036],[-41,-6],[-52,-125],[48,-72],[-79,-76],[16,-32],[-55,-35],[29,-34],[-16,-85],[-134,-14]],[[89048,80557],[-113,42],[-3,71],[-62,67],[-16,74],[-114,60],[-60,74],[52,70],[-109,173],[-28,11],[-6,84],[-109,36],[-15,54],[-96,96],[-35,85],[-73,143]],[[88261,81697],[75,18],[37,54],[142,62],[48,-34],[15,-76],[49,-39],[177,-105],[92,-28],[16,-49],[47,-28]],[[89198,83230],[-86,-49],[-70,-17],[-34,-77],[9,-129],[63,5],[44,-41],[-1,-52],[-50,-79],[21,-62],[8,-115],[123,-49],[26,10],[44,-42],[48,7],[70,-97],[26,-11],[56,-100],[51,-40],[-8,-52],[92,-57],[95,-45],[32,-38],[70,25],[-37,72],[25,34],[89,-89],[82,1],[28,61],[44,5],[35,-114],[-43,-38],[-34,18],[-35,-46],[23,-74],[-67,-78]],[[88261,81697],[-63,-32]],[[88882,80522],[100,-14],[56,5],[10,44]],[[89613,80859],[76,-29],[33,22],[89,-77],[-31,-31],[24,-74]],[[89804,80670],[-76,-48],[25,-40],[-49,-92],[-51,-16],[18,-41],[-144,-166],[-2,-23]],[[89525,80244],[-67,-76],[-60,-18],[-69,55],[-48,-33],[-40,10],[-41,-46],[18,-49],[-16,-39],[-66,-43]],[[90599,79902],[-35,-23],[-3,-47],[-133,-32],[7,-48],[-100,-61],[-48,34],[-37,97],[-91,-17],[-61,17]],[[90098,79822],[13,50],[-186,31],[-34,-79],[-78,-65]],[[89813,79759],[-29,122],[-85,-15],[-24,112],[32,65],[-55,81],[-127,120]],[[89804,80670],[54,-87],[119,-22],[28,-69],[49,0],[40,48],[55,1],[61,-82],[1,-75],[48,-75],[43,-41],[119,-6],[33,15],[44,-62],[32,7]],[[88710,78893],[-36,-20],[7,-151],[-26,-144],[14,-21],[87,3],[51,-22],[24,-38],[65,3],[55,-21],[11,-36]],[[88387,78492],[69,-17],[17,56],[-21,29],[34,78],[7,71],[-21,17],[28,63],[-1,55],[64,16],[9,63],[-39,69],[8,43]],[[89747,79068],[31,31],[-19,34],[22,63],[71,-3],[31,37],[57,-10],[15,26],[53,-6],[97,35]],[[90105,79275],[49,-7],[6,-49],[-56,4],[-2,-84],[53,-5],[-12,-64],[8,-75],[58,-113],[-3,-68],[-58,-107],[-23,-138]],[[90105,79275],[41,65],[-100,82],[37,158],[-41,33],[14,32],[48,-7],[40,71],[-42,23],[-4,90]],[[89628,79178],[25,30],[25,135],[51,5],[-10,-76],[69,-9],[-27,76],[19,59],[36,17],[-4,72],[-21,109],[45,56],[-20,98]],[[89816,79750],[-3,9]],[[89335,79761],[46,-8],[3,-44],[58,-87],[86,33],[77,7],[14,60],[-17,72],[84,-8],[35,61],[55,-46],[-8,-41],[48,-10]],[[85144,79493],[-25,-212],[40,-77],[29,-140],[48,-98],[10,-158],[61,-161],[11,-143]],[[85318,78504],[-48,-13],[-10,-43],[-45,-27],[-21,-98],[-59,-15],[-24,-81],[-62,-47],[-72,-96],[-54,29],[-50,-49],[-29,-1]],[[84844,78063],[-85,-1],[34,-43],[-93,-2],[-11,-69],[-71,51]],[[84618,77999],[-82,54],[-13,72],[-30,53],[-66,21],[-62,-26],[-2,78],[-71,68],[-28,61],[27,64],[-13,78],[-40,35],[-32,-44],[-38,10],[-25,80]],[[84143,78603],[1,49]],[[84144,78652],[53,36],[57,-99],[37,24],[-1,46],[33,46],[24,105]],[[84347,78810],[42,24],[19,80],[56,49],[66,114],[116,118],[14,28],[71,23],[17,31],[91,55],[87,129],[56,6],[36,40]],[[85018,79507],[99,-21],[27,7]],[[84618,77999],[-28,-76],[68,-83],[-21,-69]],[[84637,77771],[-61,18],[-152,-43],[1,-77],[-81,-12],[-42,-64],[-50,-3],[22,-83],[-52,-83],[1,-73],[-40,-7],[-67,16],[-36,-47],[-43,-17],[-6,-49],[-75,-15],[-66,-29],[-58,2]],[[83832,77205],[20,68],[33,53],[52,18],[-25,50],[-25,141],[4,51],[-53,55]],[[83838,77641],[-32,15],[61,106],[0,92]],[[83867,77854],[21,27],[-51,135],[-38,42],[10,65],[-63,57],[-59,-16],[-152,98],[-153,55],[-74,-22],[-121,42],[-225,90],[-130,95],[-184,56],[-38,-43],[-43,1],[-96,45],[-182,-54]],[[82289,78527],[-21,26]],[[82268,78553],[14,84],[-20,80],[62,91]],[[82324,78808],[34,12],[46,58],[41,7],[47,62],[55,-3],[47,35],[87,23],[39,-29],[125,-10],[42,19],[70,-8],[21,-28],[62,22],[181,-24],[112,13],[65,-10],[30,50],[61,10]],[[83489,79007],[29,-20],[63,15],[27,-48],[48,-18]],[[83656,78936],[-39,-89],[28,-3],[63,-54],[29,-5],[68,-81],[63,-36],[68,-111],[99,9],[63,64],[45,-27]],[[84810,77739],[-62,-93],[-53,-47]],[[84695,77599],[-19,110],[35,22]],[[84711,77731],[99,8]],[[86071,78265],[-60,-11],[-22,-30],[-70,6],[-72,88],[-73,20]],[[85774,78338],[7,123],[-165,107],[47,51],[-44,38],[41,22],[15,85],[31,18],[21,75],[69,22],[13,55],[59,48],[14,78],[129,58],[3,74],[87,21],[62,58],[75,-3],[64,61],[82,125],[68,17],[42,-40]],[[85144,79493],[-13,59],[137,43],[36,-4],[71,43],[22,41],[71,3],[13,20],[162,-13],[48,35]],[[85691,79720],[9,-69],[43,-45],[6,-45],[53,-61],[-16,-22],[-5,-82],[-95,-64],[-30,-48],[-5,-48],[-53,-30],[88,-46],[6,-101],[-79,12],[-59,-46],[-18,-36],[-89,2],[-11,24],[-74,-23],[8,-75],[56,-45],[33,-4],[51,-52],[12,-50],[-28,-46],[55,-81],[1,-53],[-79,-56]],[[85471,78530],[-54,-15],[-25,-54],[-45,4],[-29,39]],[[85471,78530],[-30,-81],[92,-17],[-7,-91],[35,-60]],[[85561,78281],[-40,-188],[-19,-55],[38,-39],[-8,-137],[-51,2],[-10,-51],[93,-74],[-5,-217]],[[85559,77522],[-29,-42],[-69,21],[-53,-9]],[[85408,77492],[-33,11],[-71,77],[-62,-13],[-20,39],[-54,-1],[-140,73]],[[85028,77678],[2,23],[-53,68],[-34,87],[-65,55],[-20,48],[-14,104]],[[86455,77771],[-55,-9],[-18,-49],[27,-74]],[[86409,77639],[-110,21],[-42,35],[-38,-44],[-49,-18],[-36,-90],[3,-93]],[[86137,77450],[-33,42],[-46,15],[-51,41],[-64,-27],[-95,-58]],[[85848,77463],[-66,-21],[-106,44],[-117,36]],[[85561,78281],[35,29],[99,-5],[79,33]],[[85850,79963],[-83,-63],[-36,-48],[-40,-132]],[[85018,79507],[-40,50]],[[84978,79557],[6,56],[-21,51],[-49,67],[-35,108],[1,51],[-59,53],[-38,98],[14,46],[-53,38],[-44,-14],[-76,5],[-111,-60],[-38,-43],[-20,-70],[-80,-54],[-19,-76],[36,-56],[5,-59],[38,-33]],[[84435,79665],[-38,-11],[-78,26],[-105,-31],[-61,-7],[-47,55]],[[84106,79697],[-33,38],[4,106],[-17,71],[24,72],[-30,51]],[[84054,80035],[30,49],[40,-8],[59,43],[50,60],[21,76],[35,26],[-34,133],[15,35],[-42,76],[77,125],[-42,32],[23,63],[-26,88],[67,18],[4,55],[110,73],[61,-23],[51,3],[144,42],[68,-16]],[[84765,80985],[-24,-97],[-52,-41],[-73,-89],[-43,-120],[-8,-68],[13,-60],[-8,-97],[-21,-19],[22,-98],[-17,-81],[18,-28],[55,33],[50,-16],[22,23],[9,80],[46,-7],[52,20],[80,-18],[98,71],[64,11],[4,43],[41,37],[69,34]],[[85162,80498],[54,-51],[36,96],[32,16],[63,99],[38,-9],[71,29],[63,-8],[29,-23],[153,118],[75,35],[97,29],[-1,23],[82,19],[26,-18]],[[87220,77645],[59,-40],[66,-18],[63,-43],[-181,-29],[-88,-59],[29,-37],[6,-92]],[[87174,77327],[-49,18],[-43,-28],[-96,7],[-38,22],[-28,-28],[-110,3],[-54,-45],[-116,8]],[[86640,77284],[-97,20],[13,62]],[[86556,77366],[129,5],[44,22],[-23,64],[-66,17],[54,71],[57,148]],[[84347,78810],[-69,53],[5,-56],[-55,-4],[-20,64],[-47,17],[-63,-17],[-193,85],[-146,-26]],[[83759,78926],[-69,-24],[-34,34]],[[83489,79007],[75,120],[65,44],[95,29],[39,61],[59,48],[17,42],[0,84],[-42,-23],[-34,25],[-97,2],[-57,30],[-21,40]],[[83588,79509],[33,9],[8,62],[-40,30],[44,56],[29,-16],[53,13]],[[83715,79663],[36,9],[104,-12],[61,-27],[59,-5],[131,69]],[[84435,79665],[30,3],[33,-46],[33,28],[100,-33],[67,10],[75,-31],[52,18],[132,-19],[21,-38]],[[84637,77771],[74,-40]],[[84695,77599],[18,-18],[-77,-129]],[[84636,77452],[-77,-148],[-97,-122],[-1,-63],[-35,-33],[12,-103],[27,-35],[-17,-42],[-60,1],[-33,-28],[-2,-124],[-59,-5],[-24,33],[-57,8],[-72,-56],[-47,-5],[-38,-57],[-48,11]],[[84008,76684],[-34,44],[-55,-1]],[[83919,76727],[19,51],[-20,81],[-101,29],[-127,16],[-58,-38],[-34,6],[-52,-30],[-68,-11],[-56,71],[-31,-28],[-107,-28],[-90,11],[-58,-19]],[[83136,76838],[87,105]],[[83223,76943],[95,14],[13,17],[120,46],[74,-11],[94,80],[11,37],[47,41],[155,38]],[[83838,77641],[-116,-50],[-13,-80],[-75,-58],[-24,-76],[-70,-1],[-46,-36],[10,-42],[-23,-71],[-91,3],[-42,-50],[-11,-49],[-52,-50],[-39,-8]],[[83246,77073],[-13,27],[22,63],[-16,124],[35,78],[21,90],[-116,-11],[-13,-28],[-100,-38],[-71,3],[-66,154],[-92,105],[6,96],[-74,45]],[[82769,77781],[2,25],[82,58],[47,10],[88,-13],[73,-33],[87,-21],[97,-59],[26,-34],[114,-20],[107,73],[126,10],[-4,43],[64,58],[49,18],[27,-27],[57,9],[56,-24]],[[82769,77781],[-110,-34],[-33,9],[-39,-39],[-69,41],[-47,-39],[-63,49],[-19,-28],[-54,21],[-20,103]],[[82315,77864],[-29,73],[29,63],[-15,49],[-2,129],[12,65],[25,39],[-40,64],[14,103],[-20,78]],[[83759,78926],[38,-39],[144,-54],[59,17],[93,-44],[5,-69],[-16,-40],[62,-45]],[[83236,76201],[-4,-25]],[[83232,76176],[-75,-23],[-62,-2],[-59,-25],[-54,47],[-61,13],[-77,-28],[-4,-39],[-52,-116],[-60,-75],[-81,-34],[-22,-48]],[[82625,75846],[-125,41]],[[82500,75887],[-8,51],[-32,28],[-7,47],[-94,2],[-2,28],[-81,23],[-6,26],[-70,27]],[[82200,76119],[67,135],[-7,122],[-65,110],[1,33]],[[82196,76519],[76,48],[0,132]],[[82272,76699],[65,-20],[45,4],[111,69],[100,-37],[28,18],[89,6],[70,-45],[78,65],[75,23]],[[82933,76782],[2,-47],[43,-13],[7,-128],[96,-34],[31,-93],[66,-29],[-31,-89],[89,-148]],[[83919,76727],[-16,-117],[-61,-71],[-72,-40]],[[83770,76499],[-78,36],[-96,-20],[-59,-41],[-117,-45],[-15,-36],[-81,-31],[-17,-68],[-55,-52],[-16,-41]],[[82933,76782],[8,26],[-45,39],[3,111]],[[82899,76958],[16,-95],[37,-43],[82,-15],[65,8],[37,25]],[[82899,76958],[3,57],[-30,41],[1,70],[-57,51],[-62,-19],[-3,59],[-152,85],[-98,-34],[8,-39],[-48,-42],[-107,38],[-99,-24],[-27,36]],[[82228,77237],[-19,75],[-57,-10],[-54,94],[3,73],[-54,55],[20,110],[-30,74]],[[82037,77708],[64,46],[95,17],[74,39],[45,54]],[[83246,77073],[-23,-130]],[[82272,76699],[-41,30],[-17,61],[-63,-13],[-112,24],[-26,35],[-13,75],[-84,96]],[[81916,77007],[18,48],[73,-64],[54,-9],[41,28],[128,40],[-41,54],[-34,86],[73,47]],[[83588,79509],[-71,28],[-28,38],[-74,55],[-44,-12],[-62,22],[-89,2],[-26,27],[-83,-50],[-59,17],[-67,-41],[-105,58],[-81,66],[-78,18],[-73,-49],[-104,31],[-81,-57],[0,-70]],[[82463,79592],[-39,-41],[-29,11],[-100,0],[-15,-37],[-57,-33],[-94,38],[-9,46],[-63,27],[-39,36]],[[82018,79639],[-19,77],[9,28],[69,0],[55,27],[63,69],[-31,94],[-60,65],[-63,29],[-160,-11],[-56,68],[-131,21],[-51,-30]],[[81643,80076],[48,95]],[[81691,80171],[-37,17],[-49,52],[11,97],[92,42],[32,31],[88,20],[76,1],[44,-37],[58,79],[88,-45],[55,86],[44,-4],[63,27]],[[82256,80537],[36,21],[138,24],[108,48]],[[82538,80630],[49,-12],[41,17],[46,66],[-3,61],[30,31],[138,-58],[89,-56],[40,10],[60,-18]],[[83028,80671],[57,-103],[13,-63],[54,-28],[61,-76],[-22,-133],[32,-110],[62,-7],[60,18],[54,-7],[54,21],[30,-39],[88,-31]],[[83571,80113],[-25,-43],[-2,-65],[30,-126],[-4,-51],[89,-70],[56,-95]],[[82268,78553],[-38,36],[-55,-11],[-98,49],[-93,5],[-101,-28]],[[81883,78604],[10,88],[41,113],[-57,24],[-2,144],[28,72],[-6,48],[-45,81],[-10,138],[41,36],[64,-86],[68,32],[-22,102],[24,35],[-64,113]],[[81953,79544],[2,71],[63,24]],[[82463,79592],[45,-40],[86,3],[40,-16],[32,-81],[10,-66],[-46,-58],[-69,3],[-99,-95],[-89,24],[-41,-38],[-32,21],[-56,-106],[5,-106],[20,-23],[-26,-83],[41,-30],[3,-44],[37,-49]],[[81883,78604],[-83,-11],[-76,-95],[-59,1],[-49,24]],[[81616,78523],[-69,45]],[[81547,78568],[-77,-4],[-16,-78],[-58,22],[-96,2],[-10,44]],[[81290,78554],[-4,55],[-51,-7],[-29,22],[-213,77]],[[80993,78701],[11,111],[-16,58],[17,35],[-20,41],[7,51],[-19,58],[46,107],[-9,93],[51,67],[-8,57]],[[81053,79379],[27,11],[59,82],[-2,80],[-43,54],[36,70],[9,61],[33,15],[33,66]],[[81205,79818],[71,20],[29,81],[-8,53],[37,12],[37,46],[41,8],[48,-26],[94,45],[89,19]],[[81643,80076],[10,-67],[46,-21],[18,-47],[-33,-89],[31,-38],[11,-65],[96,-46],[32,-87],[59,-29],[40,-43]],[[83571,80113],[89,20],[71,-23],[39,36],[133,-53],[52,1],[19,-44],[80,-15]],[[85162,80498],[-20,33],[10,68],[-62,6],[-52,55],[-42,6],[-35,-26],[-30,30],[0,57],[31,26],[8,121],[-37,63],[-36,20],[-38,87]],[[84859,81044],[57,23],[48,49],[-1,59],[126,83],[67,5],[-1,114],[-157,60],[-53,-10],[-11,58],[60,76],[39,19],[1,123],[18,38],[-22,109],[-29,38],[5,96],[69,82]],[[85075,82066],[132,-54],[69,30],[53,3],[47,-94],[-30,-37]],[[84765,80985],[64,69],[30,-10]],[[83028,80671],[31,84],[57,41],[60,-19],[48,68],[15,86],[-4,61],[-38,141],[93,-3],[60,-33],[129,42],[21,41],[121,13],[138,35],[4,31],[-30,62],[-37,11],[27,77],[-26,59],[30,83],[40,22],[10,42]],[[83777,81615],[111,11],[94,-51],[40,25],[3,85],[-28,55],[12,48],[-52,64],[-16,139],[12,31],[2,135],[18,16],[161,-14],[78,58],[78,-29],[91,25],[12,46],[123,87],[36,0],[56,72],[-12,57],[8,102],[35,87]],[[84639,82664],[75,-22],[21,-49],[40,-2],[47,-136],[70,-43],[22,-56],[113,-52],[44,-71],[-22,-109],[26,-58]],[[85028,77678],[-9,6]],[[85019,77684],[-55,20],[-120,4],[-34,31]],[[87611,77254],[-23,50],[-55,-23],[11,-82],[-75,-7],[-98,-47],[-45,44]],[[87326,77189],[-32,42],[-83,44]],[[87211,77275],[5,48],[-42,4]],[[87211,77275],[-76,-39],[-98,-21],[-102,-50],[-74,-11],[-134,8]],[[86727,77162],[-11,-2]],[[86716,77160],[-12,71],[-64,53]],[[86716,77160],[-100,-17],[-105,12],[-53,34]],[[86458,77189],[-79,73],[-51,19],[-13,43]],[[86315,77324],[7,47],[-47,55],[68,27],[29,45]],[[86372,77498],[72,-92],[114,-21],[-2,-19]],[[86409,77639],[-37,-141]],[[86315,77324],[-123,61],[-55,65]],[[87000,75521],[16,-35],[-24,-43],[12,-59],[34,-57],[-29,-104]],[[87009,75223],[-12,-39]],[[86997,75184],[-28,-20],[-72,20],[-25,36],[-46,8],[-19,-53],[-80,-97],[-110,-59],[55,-36],[10,-48]],[[86682,74935],[-48,-28]],[[86634,74907],[-9,15]],[[86625,74922],[-91,122],[37,51],[-20,68],[-42,-11],[-66,56],[-44,-6],[-27,47],[-84,60],[-54,-33]],[[86234,75276],[-37,36],[-10,44],[-42,2],[-26,72]],[[86119,75430],[51,-36],[119,62],[22,40],[66,63],[-38,99]],[[86339,75658],[50,20],[19,-88],[84,21],[89,74]],[[86581,75685],[61,-23],[123,-6],[97,-35],[80,-12]],[[86942,75609],[49,-33],[-13,-32],[22,-23]],[[86458,77189],[-12,-16],[-99,21],[-22,-52],[14,-114],[71,-7],[7,-65],[-23,-9],[1,-75],[-52,4],[2,-56],[44,-45],[-11,-117],[15,-16]],[[86393,76642],[6,-115],[44,-60],[27,3]],[[86470,76470],[-6,-19],[-125,-70]],[[86339,76381],[-12,28],[-57,13],[-10,33],[33,57],[-94,70],[-40,3]],[[86159,76585],[-59,-16],[-92,8],[-76,20],[-8,-86],[-63,13],[-49,-10]],[[85812,76514],[-61,93],[-42,33]],[[85709,76640],[53,42],[4,136],[14,52],[-32,39],[-81,57],[15,33],[86,70],[28,-23],[75,70],[-13,68],[20,32],[-3,56],[18,49],[-15,48],[10,48],[-40,46]],[[87678,74876],[9,49],[-19,64],[67,-19],[40,7],[13,56],[31,31],[72,0],[13,51],[-35,41],[143,-3],[13,61],[47,-35]],[[88072,75179],[47,-61],[45,-28]],[[88164,75090],[-33,-19],[40,-95],[39,-40],[2,-57],[48,-54],[-108,-44]],[[88152,74781],[-89,-70],[53,-59],[-30,-67],[-89,-42]],[[87997,74543],[-22,62],[-129,13],[-60,41]],[[87786,74659],[-13,19],[22,88]],[[87795,74766],[41,25],[13,45],[-171,40]],[[86727,77162],[32,-62],[-20,-38],[-52,-24],[51,-68],[3,-42],[71,-9],[24,-103],[42,1]],[[86878,76817],[58,-74],[-24,-57]],[[86912,76686],[-107,45],[-23,-60],[-49,-23],[30,-50],[-47,-75],[-30,-3],[-45,76],[-69,59],[-39,-7],[-59,38],[-32,-1],[-49,-43]],[[84008,76684],[2,-48],[32,-11],[53,-81],[76,14]],[[84171,76558],[-20,-60],[55,-18],[29,-45],[80,-51],[47,28],[58,-11],[13,-82],[140,40],[59,-53],[64,13],[39,-26],[17,-83],[31,-46],[148,-54]],[[84931,76110],[75,-134],[48,-51]],[[85054,75925],[-9,-56]],[[85045,75869],[-56,42],[-27,-5],[-171,40],[-58,-13],[-45,63],[-62,-72],[-39,-141],[8,-62],[44,-84],[-8,-105],[38,-55]],[[84669,75477],[51,-48],[-3,-76],[47,-79],[-54,-84],[-13,-60],[-41,-35]],[[84656,75095],[-45,12],[-48,37],[-52,-20],[-58,13],[-61,32],[-64,65],[-74,53],[-68,-2],[-51,-83],[-81,-18],[-34,24],[-57,-17],[-15,-28],[-56,-23],[-61,-89],[6,-34]],[[83837,75017],[-92,-38],[-81,24],[-61,-38],[-38,-43],[-33,46],[-31,-1],[-54,65],[-36,10]],[[83411,75042],[-31,37],[-59,18],[-68,-33],[-21,22],[-78,-21]],[[83154,75065],[-27,48],[-60,14],[-41,134],[-63,45],[-60,-8],[-38,21],[-49,-5],[-105,48]],[[82711,75362],[1,51],[49,75],[4,64],[-43,39],[-29,79],[-60,50],[-14,37],[6,89]],[[83232,76176],[70,-43],[-19,-76],[15,-114],[46,-35],[37,-53],[94,-50],[21,-24],[92,-13],[12,15],[103,-47],[45,13],[67,-21],[58,20],[39,62],[82,-4],[40,24],[60,-42],[81,22],[22,-83],[85,15],[77,65],[36,81],[-51,62],[54,48],[-4,64],[-64,7],[-73,-28],[-77,75],[-34,-2],[-99,43],[-77,57],[17,63],[-93,42],[-112,121],[-12,59]],[[86634,74907],[24,7],[109,-155],[64,22],[88,46],[12,-37]],[[86931,74790],[58,-42],[-21,-33]],[[86968,74715],[-65,-84],[-47,-36],[-32,0],[-91,-62]],[[86733,74533],[-90,8],[-44,-41],[-66,-24],[-93,-17]],[[86440,74459],[-111,-7],[-77,21],[-69,-37]],[[86183,74436],[-60,19],[-7,30]],[[86116,74485],[13,20]],[[86129,74505],[64,6],[8,45],[-49,38],[18,73],[-17,37],[79,23],[96,55]],[[86328,74782],[69,23],[90,58],[71,82],[16,-36],[51,13]],[[84669,75477],[73,22],[52,35],[90,37],[98,24],[29,24],[55,128]],[[85066,75747],[120,-25],[60,-60]],[[85246,75662],[28,-46],[52,-22],[46,-98],[86,-52],[52,13]],[[85510,75457],[51,-71],[-13,-71],[35,-8]],[[85583,75307],[12,-23],[-2,-91],[-19,-50],[36,-30],[72,-9],[165,89],[37,-27],[60,14],[42,-21],[45,20],[9,-47],[54,-29]],[[86094,75103],[-51,-59],[-22,2]],[[86021,75046],[-56,-3],[8,-41],[-36,-16],[4,-142],[-101,-8],[-53,-48]],[[85787,74788],[-25,41],[-46,-8],[-8,70],[-101,29],[-52,1],[-60,-24],[-43,14],[-103,-10],[-104,64],[-50,-35],[-56,-6],[-95,51],[-57,17]],[[84987,74992],[-21,39],[-62,36],[-64,17],[-124,-5],[-60,16]],[[87814,76861],[-97,-53],[4,-65],[-110,-63],[21,-61],[-68,-22],[-51,1],[1,-39],[-32,-67],[-61,-46],[-128,46],[-54,-91],[-37,32],[-53,-41],[-87,3]],[[87062,76395],[-34,47],[-68,17],[58,120],[-70,32],[-35,36],[-1,39]],[[86878,76817],[17,29],[58,-35],[128,-3],[51,39],[-2,46],[72,2],[18,87],[91,-31],[32,77],[-53,94],[36,67]],[[85408,77492],[20,-76],[-31,-53],[-69,29],[-50,-3],[-31,-32],[-86,-46],[-13,-49]],[[85148,77262],[-117,14],[-46,-33],[-13,-65],[-43,-81],[11,-38],[-61,-77],[19,-71],[-51,-47]],[[84847,76864],[-53,17],[-59,-33],[-49,4],[-94,-78],[-29,-62]],[[84563,76712],[-59,-18],[-75,47]],[[84429,76741],[7,46],[45,61],[27,-5],[-23,126],[46,-3],[-5,96],[38,49],[72,58],[32,-2],[41,38],[-6,50],[98,-2],[42,91]],[[84843,77344],[70,36],[98,78],[-45,20],[-20,49],[54,62],[19,95]],[[86339,76381],[-28,-95],[19,-39],[-10,-82],[26,-9],[66,-80],[22,-52],[91,-10]],[[86525,76014],[-13,-43],[-105,-9],[-23,-36]],[[86384,75926],[-121,-62],[-14,-18],[-131,-24]],[[86118,75822],[-54,93],[-138,81]],[[85926,75996],[-26,34],[6,74],[-37,32],[-3,65]],[[85866,76201],[192,-30],[33,35],[60,-5],[-5,72],[-32,73],[10,148],[35,91]],[[88070,75561],[-33,75],[-131,39],[-38,45],[59,46],[-1,82],[-87,61]],[[87839,75909],[31,61]],[[87870,75970],[57,-43],[100,15]],[[88027,75942],[72,-6],[13,34],[90,11],[33,39],[-28,84],[108,69],[43,40]],[[88358,76213],[44,-40],[10,-45],[-20,-42],[18,-132],[-14,-34],[66,-88],[-8,-48],[42,-42]],[[88496,75742],[-66,-19],[-59,-83],[-37,-73]],[[88334,75567],[-33,50],[-48,37],[-41,-9],[-16,-38],[17,-61],[-72,-17],[-30,34],[-41,-2]],[[86328,74782],[-63,142],[-70,9],[-23,70],[-91,-23],[-43,-43],[-17,109]],[[86094,75103],[77,46],[-7,43],[70,84]],[[87062,76395],[30,-92],[-16,-60],[43,-47]],[[87119,76196],[-32,-32]],[[87087,76164],[-57,57],[-37,-2],[-70,48],[-65,-26],[11,-73],[-60,-10],[-89,4]],[[86720,76162],[-26,47],[-2,46],[-31,59],[-53,9],[-33,59],[-55,64],[-50,24]],[[85709,76640],[-69,-23]],[[85640,76617],[-65,-3],[-14,83],[-97,-23],[-6,22],[-123,-7],[-69,7],[-1,54],[-82,58],[-74,-23],[-31,21],[129,36],[143,94],[-64,13],[-159,112]],[[85127,77061],[72,48],[25,69],[-62,15],[-14,69]],[[86942,75609],[46,19],[-55,61]],[[86933,75689],[0,53],[36,51],[-23,61],[9,37],[104,-10],[26,-19],[52,63],[-21,42],[20,27],[90,0]],[[87226,75994],[74,-39],[0,-50],[38,-33],[45,-78],[69,-41],[43,-7]],[[87495,75746],[35,-47]],[[87530,75699],[-19,-69],[-43,24],[-59,-17],[-33,70],[-31,16],[-71,-41],[-62,5],[56,-103],[-8,-48],[-57,59],[-60,-11],[-96,-56],[-47,-7]],[[88164,75090],[51,-48],[39,14],[105,-33],[59,84],[82,16],[31,-10]],[[88531,75113],[-1,-67]],[[88530,75046],[6,-23]],[[88536,75023],[-64,9],[14,-74],[-4,-64],[-92,-127],[42,-3]],[[88432,74764],[-41,-43],[-57,2],[-52,-21],[-69,19],[-61,60]],[[88072,75179],[-37,85],[43,13],[5,93],[-49,45],[48,114],[-12,32]],[[88334,75567],[46,-13],[37,-49],[-69,-51],[13,-45],[65,-13],[17,-37],[74,-16]],[[88517,75343],[-45,-52],[52,-26],[7,-152]],[[87605,74853],[29,42],[44,-19]],[[87795,74766],[-59,-7],[-60,46],[-59,20],[-12,28]],[[87372,74853],[29,36],[34,-34],[101,22],[69,-24]],[[87786,74659],[-5,2]],[[87781,74661],[-47,13],[-49,-13],[-132,9],[-37,-15]],[[87516,74655],[-30,32],[-90,44]],[[87396,74731],[-4,90],[-20,32]],[[86129,74505],[-7,28],[-53,18],[-7,56],[-96,20],[-19,19],[-86,-18]],[[85861,74628],[-42,38],[-32,122]],[[87313,74889],[48,-5],[11,-31]],[[87396,74731],[-46,-26],[-1,-56],[-52,-26],[-38,-92]],[[87259,74531],[-16,2]],[[87243,74533],[-35,47],[-46,9],[-23,169],[19,56]],[[87158,74814],[45,54],[46,-28],[64,49]],[[87196,75053],[79,-98],[26,-6],[12,-60]],[[87158,74814],[-82,-28],[-36,45]],[[87040,74831],[0,17]],[[87040,74848],[81,45],[75,160]],[[87516,74655],[-63,-48],[-50,-67]],[[87403,74540],[-39,-60],[-74,3],[-31,48]],[[86931,74790],[94,5],[15,36]],[[87243,74533],[-28,-1],[-34,-46],[-102,-62]],[[87079,74424],[-95,-43]],[[86984,74381],[17,122],[-165,-53]],[[86836,74450],[35,40],[48,10],[56,40],[4,53],[-32,17],[50,75],[-29,30]],[[87119,76196],[2,-31],[91,-42]],[[87212,76123],[39,-11]],[[87251,76112],[-25,-118]],[[86933,75689],[-63,47],[-55,101],[11,22],[-35,55]],[[86791,75914],[80,100],[156,18],[33,24],[-14,68],[41,40]],[[87940,76622],[-37,-41],[-105,-20],[-46,-87],[28,-46],[61,-16],[6,-34],[-34,-43]],[[87813,76335],[-19,-43]],[[87794,76292],[-77,13],[23,-79],[-28,-20]],[[87712,76206],[-127,43],[7,-54],[-49,-14],[-163,42],[-32,31],[-40,-27],[-12,-54]],[[87296,76173],[-84,-50]],[[86791,75914],[-39,37],[22,64],[-26,10]],[[86748,76025],[24,65],[-52,72]],[[88536,75023],[34,-175],[51,-31],[40,-1],[24,-38],[-12,-37],[-59,-45],[16,-63]],[[88630,74633],[-63,13]],[[88567,74646],[-46,28],[-63,-48],[-29,27],[3,111]],[[87009,75223],[53,-43],[-3,-41],[92,-17],[11,-44],[34,-25]],[[87040,74848],[-78,46],[-66,88]],[[86896,74982],[-2,36],[-44,16],[-2,39],[75,27],[87,10],[-13,74]],[[88530,75046],[177,55],[25,-15],[109,7]],[[88841,75093],[-16,-88],[-32,-57],[-8,-88]],[[88785,74860],[16,-69],[-16,-145],[28,-87]],[[88813,74559],[-87,-10],[-31,28],[28,52],[-31,22],[-62,-18]],[[87495,75746],[14,153],[-42,30],[-9,49],[-67,20],[-56,76],[-84,38]],[[87296,76173],[116,-58],[29,22],[88,1],[9,-133],[61,10],[72,-82],[59,32],[26,-32]],[[87756,75933],[19,-51],[-59,-98],[-96,0],[-66,-48],[23,-26],[-47,-11]],[[86339,75658],[-22,19],[-40,-61],[-62,2],[-31,24],[-104,-53],[-103,-106]],[[85977,75483],[-58,-50],[-72,17]],[[85847,75450],[-19,37],[53,45],[48,-30],[55,36],[-33,26],[57,73],[-50,104]],[[85958,75741],[51,49],[43,1],[66,31]],[[86384,75926],[53,-87],[53,-32],[91,-122]],[[88197,76516],[37,-136],[33,-48]],[[88267,76332],[-45,-34],[-4,-74],[-71,-11],[-71,75],[-70,-91],[-121,71],[-72,67]],[[86119,75430],[-68,50],[-32,-24],[-42,27]],[[85583,75307],[96,22],[67,30],[7,43],[94,48]],[[88517,75343],[51,31],[-52,101],[13,40],[51,32]],[[88580,75547],[61,-37],[72,-124]],[[88713,75386],[80,-130],[48,-163]],[[86896,74982],[-33,-38],[-62,42],[-99,-5],[-20,-46]],[[87839,75909],[-83,24]],[[87712,76206],[33,-87],[76,-16],[28,-40],[-23,-48],[44,-45]],[[85510,75457],[-10,62],[20,40],[51,43],[4,28],[129,-41],[52,33],[27,80],[31,18]],[[85814,75720],[95,-20],[49,41]],[[85246,75662],[34,16],[6,46],[53,53],[71,28],[82,48],[62,-10],[56,44],[31,-4]],[[85641,75883],[68,-38],[105,-125]],[[85866,76201],[51,44],[-38,35],[16,54],[-57,30],[29,94],[-55,56]],[[85926,75996],[-37,-15],[-55,22],[-45,-6]],[[85789,75997],[-3,37],[-103,111]],[[85683,76145],[-29,32],[36,30],[14,108],[40,24],[-90,115],[-2,47],[51,17],[-19,48],[-44,2]],[[85640,76568],[0,49]],[[85683,76145],[-44,-20],[-92,0],[-63,27],[-77,-37],[-73,-55],[-31,-52],[-54,-30],[-59,9],[-63,-9]],[[85127,75978],[3,48],[-26,71],[71,30],[160,150],[-23,37],[-118,42],[-28,19]],[[85166,76375],[64,120],[92,3],[129,-28],[35,22],[64,74],[48,-36],[42,38]],[[86525,76014],[116,50],[107,-39]],[[85641,75883],[12,46],[60,-23],[1,48],[75,43]],[[85054,75925],[49,8],[24,45]],[[85066,75747],[-44,104],[23,18]],[[84171,76558],[77,19],[63,1],[47,44],[8,55],[63,64]],[[84563,76712],[22,-46],[-5,-76],[38,-73],[89,-23],[22,-23],[45,42],[86,3]],[[84860,76516],[64,-16]],[[84924,76500],[23,-35],[19,-152],[-18,-36],[4,-136],[-21,-31]],[[84847,76864],[89,-25],[36,-43]],[[84972,76796],[-65,-11],[-12,-70],[-33,-55],[-2,-144]],[[84924,76500],[32,27],[85,-46],[85,-102],[40,-4]],[[85127,77061],[40,-112],[-26,-93],[-84,-61],[-62,-17],[-23,18]],[[84636,77452],[26,-42],[47,26],[46,-106],[56,27],[32,-13]],[[87794,76292],[-11,-44],[59,-56],[-4,-25],[128,-61],[103,-81],[2,-30],[-44,-53]],[[88267,76332],[91,-119]],[[88496,75742],[23,-96],[61,-99]],[[93832,74317],[71,-22],[28,-50],[-18,-34],[19,-60],[-23,-25],[-26,-124],[-78,14],[-46,86],[-36,18],[-78,-3],[-71,-19],[-218,-77]],[[93356,74021],[-28,31],[-75,-7],[-39,22],[32,95],[45,21],[-35,93],[-51,-42],[-43,44],[19,111],[-101,34],[-5,60],[-41,22]],[[93034,74505],[28,60],[-27,58],[-50,10],[13,63],[53,11],[94,47]],[[89243,74502],[-7,-81],[-18,-23],[9,-55]],[[89227,74343],[1,-101],[-52,16],[-32,-99],[-76,-24],[24,-53],[73,-37],[12,-130]],[[89177,73915],[-53,-61],[-120,-34],[-63,-70]],[[88941,73750],[-132,109],[-36,-9]],[[88773,73850],[9,56],[109,35],[53,78],[-14,65],[-92,98],[5,133],[-48,38]],[[88795,74353],[61,35],[7,52],[148,-27],[11,-69],[52,15],[1,45],[42,22],[-12,51],[41,33],[97,-8]],[[89179,73857],[-27,5],[22,49]],[[89174,73911],[5,-54]],[[89227,74343],[54,15],[28,-46],[25,-13],[32,14],[39,-8],[8,34],[51,41],[-19,40],[35,29]],[[89480,74449],[49,38],[49,-30],[115,61],[28,57],[12,88],[70,-47],[35,-49]],[[89838,74567],[-17,-18],[-1,-98],[-44,-53],[-17,-50],[-44,-7],[-11,-39],[20,-51],[-25,-86],[46,-23],[-18,-55]],[[89727,74087],[-33,-23],[10,-53],[-69,-29],[-80,27],[-34,-34],[-79,7],[-27,22],[-56,-108],[36,-61],[-15,-20]],[[89380,73815],[-85,-12],[-16,113],[-41,12],[-61,-13]],[[89174,73911],[78,-8],[-29,-55],[-44,9]],[[89338,74385],[29,-30],[-21,-50],[-46,26],[38,54]],[[88450,69023],[-9,21],[24,80],[-60,87],[-46,31],[-144,66],[-44,-10],[-64,30],[-29,38],[9,72],[52,-12],[42,18],[68,-30],[56,6],[81,33],[48,1],[39,75],[65,6],[44,-41],[30,32],[14,130],[-47,91],[-40,1],[-44,43]],[[88495,69791],[105,-1],[86,53],[37,38],[36,-36],[2,-99],[18,-113],[90,20],[2,49],[80,-5],[69,55],[-1,-59],[42,-77],[-52,-77],[-11,-54],[-99,-29],[-32,-82],[-6,-54],[36,-75],[89,-36],[-44,-86],[-74,7],[-34,-17],[-35,35],[-48,-46],[-83,-21],[-40,19],[-30,-55],[-101,-26],[-47,4]],[[89100,72395],[8,-28],[-40,-72],[5,-60],[69,-40],[60,60],[38,-19],[-21,-47],[102,-8],[21,-21],[89,-5],[-27,-68],[-30,20],[-41,-19],[33,-40],[15,-95],[-18,-51],[23,-30],[-34,-58],[26,-38],[59,-7],[41,54],[17,53],[47,5],[12,64],[37,-1],[28,60],[69,-11],[23,25],[141,34]],[[89852,72052],[-12,-46],[50,-37],[33,27],[47,-55],[44,-79],[29,-95],[-39,-64],[-67,-55],[4,-34]],[[89941,71614],[-26,43],[-54,15],[-55,111],[-66,0],[-63,54],[-37,7],[-39,-45],[-13,-79],[-109,-43],[-22,-65],[-34,0],[-28,51],[-36,-6],[-4,-54],[-94,-1],[-71,61],[-8,29],[-57,-10],[-91,47],[-114,22],[-50,-35],[-90,167]],[[88780,71883],[2,60],[36,-7],[85,69],[35,11],[-23,57],[-35,-14],[-23,95],[-25,51],[-2,70],[33,52],[97,54],[94,20],[46,-6]],[[88785,74860],[47,-1],[80,42],[52,79],[30,5],[69,-95]],[[89063,74890],[47,-45],[10,-67],[78,-92],[60,-28],[54,54],[47,-40]],[[89359,74672],[16,-60],[-28,-24],[-58,7],[-85,-14],[39,-79]],[[88795,74353],[-2,3]],[[88793,74356],[-55,106],[18,38],[55,31],[2,28]],[[89117,75531],[-15,-29],[-73,-37],[-35,-47],[-43,-7]],[[88951,75411],[-41,-11],[-54,19],[-143,-33]],[[90712,72727],[18,47],[60,-15],[5,-37]],[[90795,72722],[43,32],[52,-14],[121,34],[85,-23],[-19,-38],[113,-46],[24,74],[106,-14],[34,-44],[13,-76]],[[91367,72607],[-20,-44],[-41,37],[-33,-2],[-12,-49],[-56,-30],[-2,-39],[-40,-15],[-10,-107],[40,-17]],[[91193,72341],[-97,-88],[-29,-9],[-5,-73],[-25,-13],[13,-81]],[[91050,72077],[-45,-4],[-22,-59]],[[90983,72014],[-52,-17],[-111,22],[4,129],[-89,-41],[-36,67],[35,25],[11,62],[-15,26]],[[90730,72287],[-11,50],[-46,39],[-8,75],[13,96],[19,23],[-26,77]],[[90671,72647],[-5,27],[46,53]],[[91338,75319],[-2,-46],[87,-76],[47,-70],[-35,-123],[46,4],[73,77],[106,-15],[17,30]],[[91677,75100],[32,-18],[30,33],[42,-48],[14,-49],[50,-26],[-45,-36],[24,-72],[-66,-49],[-21,-121]],[[91737,74714],[-39,-24],[-7,-94],[-37,-50],[-64,-35],[-86,72],[-27,-20],[3,-54]],[[91480,74509],[-49,-44],[33,-29],[-21,-43],[32,-21],[-12,-72],[-77,-8],[11,-111],[-40,35],[-14,58],[-46,10],[-1,-52]],[[91296,74232],[-26,4],[-2,64],[-38,60],[-67,66],[-55,22],[-36,76],[-29,-23],[-38,-88],[9,-27],[-57,-49]],[[90957,74337],[-58,61],[-43,-38],[-107,21]],[[90749,74381],[-29,60],[10,87],[-49,44],[6,98]],[[90687,74670],[30,71],[56,75],[57,-29],[38,63],[-18,23],[-16,92],[14,79],[37,78]],[[90169,73965],[-83,53]],[[90086,74018],[15,33],[-44,55],[14,47],[43,41],[-19,72],[9,51],[37,26],[-9,39],[33,31]],[[90165,74413],[82,-62],[111,-28],[87,122],[20,9],[237,-166],[24,-3]],[[90726,74285],[16,-53],[-66,-57],[19,-53],[35,3],[39,-93],[44,23],[46,-6],[37,23]],[[90896,74072],[-23,-93],[-29,-18],[7,-64],[-79,-10],[-6,-68],[-37,7],[-4,-56],[-47,-42],[45,-47],[-3,-121]],[[90720,73560],[-36,0],[-51,37],[-65,11],[-48,120],[-33,17]],[[90487,73745],[8,52],[-36,57],[6,25],[-37,67],[33,73],[-10,49],[-73,-7],[-79,-61],[-96,5],[-54,34],[-10,-51],[30,-23]],[[90873,73226],[29,-2],[139,85],[27,42],[-16,66],[22,27],[-7,11],[-46,-10],[-2,59],[-37,51],[45,39],[48,-30],[19,34]],[[91094,73598],[43,-88],[-34,-71],[85,-6],[35,27],[37,-51],[55,24],[60,-7],[10,-74],[47,-47],[80,39],[86,28],[16,-87],[34,-92]],[[91648,73193],[-40,-104],[-28,-27],[-15,-91],[-145,-39],[99,-51],[-33,-60]],[[91486,72821],[-70,4],[-30,-62],[-27,30],[8,48],[-97,18],[-32,34],[22,63],[-71,63],[-21,-47],[-37,27],[-30,63],[-36,30],[1,38],[-106,-25],[-49,43]],[[90911,73148],[-29,60],[-9,18]],[[93356,74021],[0,-1],[0,-1],[-57,-29],[-137,3],[-49,43],[-116,-7],[-146,-49],[-107,-53],[-101,-67]],[[92643,73860],[-17,35],[-50,-18],[-12,91],[-35,15],[18,57],[-12,48],[-118,0],[-17,27],[68,33],[40,-8],[2,107],[-32,49],[-48,-11],[-54,-38],[-40,46],[29,39],[-33,52]],[[92332,74384],[34,70],[93,46],[41,42],[22,-38],[39,48],[40,-4],[47,40],[-7,40]],[[92641,74628],[27,7],[46,-56],[86,15],[37,-85],[59,-20],[74,71],[64,-55]],[[89797,73998],[-82,-112],[-127,6],[-36,-52],[-80,-109]],[[89472,73731],[-31,32],[-137,-19],[-5,36],[86,-2],[-5,37]],[[89727,74087],[70,-89]],[[89532,75308],[-49,-66],[-28,36],[-34,-56],[-59,-22],[-30,-40],[3,-62],[78,-37],[87,-5],[41,-29],[51,19],[92,-54],[26,28],[188,-24],[55,-23]],[[89953,74973],[-11,-88],[-53,-18],[-33,-33]],[[89856,74834],[-20,26],[-73,6],[-94,27],[-39,-20],[-91,-129],[-13,-82],[-58,-98]],[[89468,74564],[19,80],[-77,45],[-51,-17]],[[89063,74890],[61,-6],[-3,110],[-28,21],[-29,92],[-8,102],[-54,100],[-79,-43],[30,76],[-2,69]],[[91035,70949],[-51,-41],[-25,-75],[36,-42],[29,-82],[43,-15],[42,20],[77,-9]],[[91186,70705],[-61,-59],[-12,-58],[-29,-41],[-11,-73],[-67,-7],[0,54],[-80,22],[-59,-104],[-147,24],[-53,-31],[-3,-33],[-67,-39],[-10,-42],[-65,9],[-43,-13]],[[90479,70314],[0,73],[22,51],[-15,104],[-29,26],[1,47],[-31,53],[-73,-1]],[[90354,70667],[5,36],[51,14],[35,39],[39,-28],[47,45],[87,-43],[39,78],[-1,138],[25,15],[46,71],[-39,35],[99,8],[54,51]],[[90841,71126],[38,3],[46,-33],[23,-72],[87,-75]],[[89974,73084],[77,-22],[27,-29],[37,34],[87,-79],[66,4],[40,-21],[116,43],[42,37],[94,-28],[25,-48],[-54,-98],[45,-51],[12,-39],[54,10],[62,-31],[8,-39]],[[90671,72647],[-60,-10],[-68,32],[-93,-4],[-25,-63],[-37,-31],[-107,-5],[-18,-79],[83,-55],[-10,-68],[-51,-45],[39,-61],[-7,-32],[49,-52],[-9,-20],[35,-77],[26,-7]],[[90418,72070],[35,-78],[-37,-5],[-10,-49],[42,-67],[17,-84],[25,-39],[-7,-43],[39,-36],[27,-71]],[[90549,71598],[2,-63],[-68,-31],[-62,29],[-10,-47],[28,-33],[-7,-39],[-71,-68],[-60,-15],[-35,-123],[-44,-1],[-54,-32],[-20,-63],[-39,-57]],[[90109,71055],[-21,36],[-63,45],[-35,122],[9,126],[-30,42],[16,99],[24,14],[-21,56],[-47,19]],[[89852,72052],[-11,73],[14,45],[-15,91],[-48,72],[-110,-42],[-83,-14],[-15,38],[11,52],[-17,50],[-90,140]],[[89488,72557],[-25,82],[-30,30],[51,73],[58,-32],[17,23],[-57,40],[189,267],[65,40],[69,-63],[28,92],[30,3],[91,-28]],[[90086,74018],[-67,8],[-7,50],[-49,46],[-121,-128],[-45,4]],[[89838,74567],[39,-7]],[[89877,74560],[76,-13],[112,-48],[32,-43],[68,-43]],[[90137,74959],[-76,-31],[-49,31],[-59,14]],[[90479,70314],[-48,-30],[-36,41],[-29,69],[-91,-45],[-25,23],[-76,-14],[-13,-30],[-87,31],[-66,-35],[-88,-90],[-3,-71],[-27,-70],[-75,-61],[-11,-40],[-40,-40],[-106,10],[-91,-45]],[[89567,69917],[-29,42],[-14,96],[-49,94],[-133,96],[10,75],[-70,1],[-5,-64],[-55,39],[-68,5],[-58,73],[-60,-14],[-29,44]],[[89007,70404],[4,67]],[[89011,70471],[76,87],[89,12],[46,-20],[110,25]],[[89332,70575],[118,-11],[73,66],[28,-34],[73,9],[30,32],[41,3],[72,59],[79,-43],[26,14],[25,66],[74,-2],[33,65],[44,-15],[67,9],[58,-52],[41,-3]],[[90214,70738],[2,-44],[70,-49],[68,22]],[[89468,74564],[16,-18],[-35,-81],[31,-16]],[[90109,71055],[13,-85],[46,-74],[4,-41],[34,-63],[8,-54]],[[89332,70575],[23,30],[19,76],[-25,49],[7,79],[-78,113],[-26,96],[-4,96],[-29,-14],[-54,37],[-48,-19],[-17,63],[40,39],[-61,40],[-41,-14],[-72,60],[-34,11],[-32,57],[4,44],[-47,13],[-22,62],[-51,15],[-6,64],[-59,87],[-58,36],[-66,110]],[[88595,71805],[-2,57],[-66,58],[35,51],[90,-53],[128,-35]],[[89011,70471],[-101,13],[-53,61],[-10,34],[-69,22],[-85,-20],[-18,25],[-70,24],[-188,-60]],[[88417,70570],[-6,196],[37,77],[37,37],[67,31],[25,28],[94,41],[21,72],[-33,149],[-91,111],[30,84],[-55,59],[-143,72],[-152,50],[177,20],[-17,48],[120,61],[-55,20],[-31,49],[77,92],[49,-78],[27,16]],[[88941,73750],[111,-95],[-219,-151],[-49,33],[-82,23],[-6,83]],[[88696,73643],[63,42],[20,70],[-6,95]],[[90487,73745],[-105,-177],[-43,15],[37,70],[-82,84],[-68,-51],[-40,56],[-31,89],[-71,15],[16,112],[69,7]],[[89100,72395],[13,89],[58,16],[15,-50],[50,-15],[-46,128],[86,39],[36,-31],[92,60],[84,-74]],[[90873,73226],[-62,56],[2,36],[-74,77],[32,48],[-7,123],[-44,-6]],[[90896,74072],[61,54]],[[90957,74126],[40,-56],[48,17],[-12,-78],[24,-57],[29,-25],[101,-42]],[[91187,73885],[-55,-106],[-56,-50],[-24,-79],[42,-52]],[[90248,74957],[131,-56],[54,-12],[50,27],[101,14],[6,-56],[91,-73],[6,-131]],[[90749,74381],[6,-76],[-29,-20]],[[89877,74560],[48,93],[6,51],[-74,26],[-32,42],[31,62]],[[91296,74232],[-10,-34],[53,-33],[49,-52],[-16,-57],[-49,-17],[64,-72],[77,2],[0,-60]],[[91464,73909],[-49,-28],[-69,43],[-21,-13],[-68,37],[-70,-63]],[[90957,74126],[-35,32],[-39,69],[40,56],[49,9],[-15,45]],[[88495,69791],[-41,-6],[-77,40],[16,31],[50,-31],[51,61],[-27,33],[-33,126],[89,42],[19,33],[-5,53],[-26,47]],[[88511,70220],[40,3],[62,49],[71,19],[99,-9],[66,29],[94,-4],[30,28],[9,58],[25,11]],[[89567,69917],[-51,-35],[-57,-69],[-21,5],[-71,-47],[-109,-131],[-26,-61],[-12,-79],[-56,-119],[22,-97],[-7,-64],[-94,-115],[-22,-41],[-114,-47],[-17,-25],[-99,-5],[-57,-18],[-78,3],[-35,24],[-103,-27],[-111,53],[1,1],[0,0]],[[92643,73860],[-70,-52],[-273,-233]],[[92300,73575],[-78,74],[-77,112],[62,51],[-18,29],[-75,58],[-40,-33],[-10,64],[-53,14],[-27,78],[19,49],[-85,97]],[[91918,74168],[-1,21],[85,72],[24,96],[-14,54],[60,8],[57,-43],[124,45]],[[92253,74421],[30,-43],[49,6]],[[92763,75022],[-17,-58],[18,-28],[14,-94],[-46,-15],[14,-68],[-54,-38],[-2,-35],[-51,-15],[2,-43]],[[92253,74421],[-41,82],[-49,8],[-73,46],[-41,-9],[-58,51],[11,45],[-39,37],[-75,-74],[-68,13],[3,35],[-86,59]],[[91677,75100],[-50,36],[-31,92],[23,88],[28,62]],[[91464,73909],[67,-34],[20,28]],[[91551,73903],[81,-13],[19,-66],[44,-35],[35,28],[148,-75],[-67,-66],[114,-82],[39,38],[29,-52],[-55,-74],[33,-43],[53,43],[99,-95]],[[92123,73411],[-158,-164],[-89,-115],[-44,-69]],[[91832,73063],[-120,106],[-64,24]],[[90841,71126],[-2,51],[30,33],[-76,93],[-67,12],[-23,48],[61,28],[54,77],[-28,109]],[[90790,71577],[34,36],[60,15],[27,76],[65,26],[60,53],[45,-14],[80,11]],[[91161,71780],[59,3],[111,-19],[-12,-86],[56,6],[26,29],[51,-27]],[[91452,71686],[42,-26],[40,-77],[7,-63],[-52,-113],[-24,-109],[5,-95],[22,-16],[-2,-94],[-66,-168],[8,-51],[-47,-66]],[[91385,70808],[-38,35],[-89,29],[13,100],[-129,-19],[-8,25],[-70,4],[-29,-33]],[[90795,72722],[12,87],[61,73],[31,79],[-58,67],[2,38],[55,3],[13,79]],[[91486,72821],[138,-70]],[[91624,72751],[-76,-169]],[[91548,72582],[-156,33],[-25,-8]],[[91918,74168],[-29,4],[-68,-151],[-10,-39],[-58,45]],[[91753,74027],[-36,88],[-98,55],[31,88],[-63,161],[9,58],[-51,25],[-47,-23],[-18,30]],[[91832,73063],[-24,-68],[-37,-19],[-57,-73],[-90,-152]],[[91753,74027],[-104,-41],[-98,-83]],[[92300,73575],[-177,-164]],[[91161,71780],[1,92],[32,59],[-16,22],[30,53]],[[91208,72006],[34,5],[41,48],[120,7],[22,-46]],[[91425,72020],[-8,-71],[10,-169],[25,-94]],[[91050,72077],[108,-36],[50,-35]],[[90790,71577],[-45,1],[-50,28],[-9,41]],[[90686,71647],[4,80],[29,15],[63,107],[70,28],[88,19],[54,28],[-22,58],[11,32]],[[91193,72341],[85,0],[53,-18],[-3,-43],[121,-33]],[[91449,72247],[-25,-140],[1,-87]],[[91548,72582],[-62,-181],[-37,-154]],[[90730,72287],[-8,15],[-103,-5],[-60,-47],[-63,-5],[-25,-99],[-46,9],[-22,-38],[15,-47]],[[90686,71647],[-26,18],[-67,-25],[-44,-42]],[[91385,70808],[-2,-30],[-52,-50],[-79,17],[-66,-40]],[[88511,70220],[-41,0],[-19,87],[75,102],[-12,54],[-45,85],[-52,22]],[[88230,74011],[-61,-76],[-65,-101]],[[88104,73834],[-56,6],[-85,76]],[[87963,73916],[1,51],[74,85]],[[88038,74052],[108,-7],[19,22]],[[88165,74067],[65,-56]],[[88230,74011],[34,-11]],[[88264,74000],[7,-35]],[[88271,73965],[-13,-78],[9,-132]],[[88267,73755],[-88,-65],[-43,64]],[[88136,73754],[-32,80]],[[88136,73754],[-17,-23],[-5,-99],[-41,-15],[-12,-61]],[[88061,73556],[-100,9],[-63,99]],[[87898,73664],[23,31],[-5,56],[-51,18],[-22,36],[42,59]],[[87885,73864],[15,31],[63,21]],[[88229,73585],[-57,-40]],[[88172,73545],[-14,21]],[[88158,73566],[44,32],[27,-13]],[[87885,73864],[-10,48],[-66,52],[-76,-48],[-19,66]],[[87714,73982],[23,47],[9,77],[-38,-8],[-40,86],[11,36]],[[87679,74220],[28,-37],[115,-4],[7,-60],[87,-8]],[[87916,74111],[18,-19],[88,-7],[16,-33]],[[87916,74111],[-22,35],[100,58],[40,57],[40,-5]],[[88074,74256],[43,-18]],[[88117,74238],[10,-9]],[[88127,74229],[38,-162]],[[88127,74229],[73,-37],[40,18],[133,2]],[[88373,74212],[-17,-68],[-50,-61],[-42,-83]],[[88373,74212],[25,68]],[[88398,74280],[30,29]],[[88428,74309],[18,-36],[96,-117]],[[88542,74156],[-44,-34],[31,-26],[-22,-44]],[[88507,74052],[-87,32],[5,-95],[-43,-7],[-34,-33],[-77,16]],[[88560,73758],[-24,-87],[-4,-58],[-34,5],[4,60],[-138,-23],[-35,-26],[4,-64],[-53,23],[-25,-16],[-58,95],[85,67],[-15,21]],[[88507,74052],[65,-51],[-12,-87],[7,-47],[-7,-109]],[[88229,73585],[-7,-35],[61,-91],[-31,-49],[-70,117]],[[88182,73527],[-10,18]],[[88463,73379],[-70,-47],[-32,48],[67,65],[35,-66]],[[88412,73460],[-132,-99],[36,81],[61,40],[35,-22]],[[88532,73602],[-8,-114],[-59,36],[-8,69],[75,9]],[[88061,73556],[1,-121],[-14,-20],[-6,-79]],[[88042,73336],[-87,-18],[-9,44],[-38,0],[-35,36],[-70,9],[-29,39]],[[87774,73446],[1,30],[44,79],[55,27],[-7,55],[23,26]],[[87890,73663],[8,1]],[[88181,73371],[-55,-68],[-69,24]],[[88057,73327],[-3,76],[14,25],[8,82],[46,-19],[8,-38],[51,-82]],[[88182,73527],[-24,39]],[[87774,73446],[-49,26],[-31,-70]],[[87694,73402],[-15,46],[-73,4],[16,64],[-24,57],[10,28],[84,-37],[33,76],[-8,84],[-50,80]],[[87667,73804],[64,-15],[30,-48],[82,-76],[47,-2]],[[88042,73336],[63,-164],[27,-25],[38,54],[75,10],[125,-200],[-75,-44],[-55,20],[-42,-5]],[[88198,72982],[-104,64],[-90,3],[-25,-26],[-44,16],[-47,-35],[-72,-9],[-29,31],[27,75],[-115,52],[-25,29],[-37,119],[-31,33],[-43,1]],[[87563,73335],[3,41],[128,26]],[[88181,73371],[52,-119],[-142,0],[-34,75]],[[88134,73239],[49,-1],[-42,-63],[-37,22],[30,42]],[[88351,73374],[32,-48],[-31,-20],[-59,42],[52,35],[6,-9]],[[87563,73335],[-63,51],[-63,58],[-99,55],[-82,16],[-33,0]],[[87223,73515],[17,52],[-47,91],[16,33]],[[87209,73691],[25,59],[-18,89]],[[87216,73839],[-6,78],[33,3]],[[87243,73920],[48,-10],[96,-51],[18,-22],[74,-21],[118,43]],[[87597,73859],[58,-2],[12,-53]],[[87597,73859],[13,24]],[[87610,73883],[104,99]],[[87610,73883],[-26,35],[44,63],[-49,111],[-81,14],[-55,35],[-41,84]],[[87402,74225],[48,32],[33,-57],[117,4],[13,26],[69,-2]],[[87682,74228],[-3,-8]],[[87243,73920],[0,43],[-39,32]],[[87204,73995],[46,73],[-46,41]],[[87204,74109],[-8,39],[88,50],[71,28],[47,-1]],[[87682,74228],[15,51]],[[87697,74279],[95,24],[27,-34],[33,55],[48,-5]],[[87900,74319],[113,-17],[61,-46]],[[87997,74543],[-7,-64],[47,-19],[64,19],[1,-35],[-48,-31],[47,-31]],[[88101,74382],[-4,-60],[73,-48],[-53,-36]],[[87900,74319],[17,52],[-34,48],[-52,40],[-21,89],[-67,37],[38,76]],[[88101,74382],[129,-5],[45,-24],[7,-61],[116,-12]],[[87697,74279],[-46,41],[16,43],[-32,93],[-41,13],[-108,3],[-54,21],[-29,47]],[[87204,74109],[-67,48],[-43,14]],[[87094,74171],[20,79],[-14,85],[12,28],[-33,61]],[[88567,74646],[-8,-56],[65,-107],[-62,-8],[-78,-66],[-92,-30],[36,-70]],[[88793,74356],[-38,-8],[-15,-60],[-32,-21],[-60,-152],[-57,-13],[-49,54]],[[88696,73643],[-47,0],[-68,27],[5,87],[-26,1]],[[85866,74119],[7,-6]],[[85873,74113],[18,-105],[55,-26],[88,11],[68,-13]],[[86102,73980],[1,-96],[-21,-68],[-71,-41],[-4,-33],[56,-63],[69,-19],[91,0],[82,37]],[[86305,73697],[76,-83],[-130,-84],[-57,-80]],[[86194,73450],[-64,-39],[-83,42],[-22,-21],[-74,23],[-30,30],[-56,11],[-91,-6],[-82,10],[-24,28],[-86,-12],[-43,-59]],[[85539,73457],[-21,-43],[-66,-5],[-117,81],[-5,36],[-46,34],[-25,73],[2,54],[-93,47],[-34,-35],[-65,-12],[-51,38],[-12,66],[-29,38]],[[84977,73829],[44,78],[8,55]],[[85029,73962],[146,-3],[29,72],[11,83],[63,26],[116,-18],[27,-19],[62,8],[57,-14],[41,25],[140,-9],[65,11],[61,-25],[19,20]],[[86302,74243],[63,-18]],[[86365,74225],[48,-35],[55,-11]],[[86468,74179],[-24,-45],[-70,9],[39,-86],[-28,-1]],[[86385,74056],[7,-42],[-36,-65],[-38,-25]],[[86318,73924],[-170,54]],[[86148,73978],[41,49],[9,80],[-76,89],[-131,-3]],[[85991,74193],[-11,69],[36,23]],[[86016,74285],[95,-29],[37,16],[54,-26],[100,-3]],[[87204,73995],[-52,47],[-32,-16],[-107,50],[3,-73],[-88,24]],[[86928,74027],[-7,64],[-32,52]],[[86889,74143],[57,-38],[104,66],[44,0]],[[87216,73839],[-48,-25],[-71,-8],[-28,118],[-94,-15],[-8,-67],[-53,-14],[-31,84],[8,21]],[[86891,73933],[37,94]],[[85861,74628],[-50,-34],[2,-70]],[[85813,74524],[-46,-11],[-73,37],[-33,-38],[24,-58],[-1,-74]],[[85684,74380],[-46,40],[-162,-1]],[[85476,74419],[-32,33],[-65,7],[-92,44],[-53,-5],[-65,84],[-85,8],[-99,-60]],[[84985,74530],[-44,-32],[-62,20],[-27,-25]],[[84852,74493],[-3,36],[56,25],[-5,70],[150,88],[-7,38],[22,113],[-64,78],[-14,51]],[[86696,74004],[-3,-28],[56,-24],[118,1]],[[86867,73953],[22,-95],[-47,-102],[17,-65]],[[86859,73691],[-46,32],[-47,-8],[-87,17],[-66,-21]],[[86613,73711],[-167,55]],[[86446,73766],[-64,82]],[[86382,73848],[110,5],[15,102],[30,30]],[[86537,73985],[45,-26],[97,24],[17,21]],[[85873,74113],[118,80]],[[86148,73978],[-46,2]],[[87209,73691],[-70,29],[-39,-20],[-25,-95]],[[87075,73605],[-192,64]],[[86883,73669],[-24,22]],[[86867,73953],[24,-20]],[[86194,73450],[115,25],[38,-35],[57,-5],[80,38]],[[86484,73473],[19,-28],[57,11],[39,-51],[30,-10],[92,-84],[-3,-22],[69,-45]],[[86787,73244],[-84,-91],[-43,63]],[[86660,73216],[37,78],[-73,-18],[-31,-69]],[[86593,73207],[2,-61],[49,-6],[14,-76],[-11,-27],[34,-49],[-2,-96],[-50,-58],[42,-46],[-90,-10]],[[86581,72778],[-23,98],[-40,17]],[[86518,72893],[13,48],[-69,83],[-85,59],[-56,72],[-48,86],[-40,14],[-11,45],[-43,4],[-155,88],[-123,34],[-91,13],[-34,-13],[-78,12],[-34,35],[-51,9],[-74,-25]],[[86696,74004],[-27,44],[6,38]],[[86675,74086],[54,31],[142,37]],[[86871,74154],[18,-11]],[[86365,74225],[84,39],[44,4]],[[86493,74268],[81,45],[104,-61],[-3,60]],[[86675,74312],[65,3],[53,-38],[68,4],[-5,-35]],[[86856,74246],[-13,-38],[28,-54]],[[86675,74086],[-72,17],[0,28],[-69,16],[-66,32]],[[86318,73924],[64,-76]],[[86446,73766],[-22,-50],[-58,-40],[-61,21]],[[86733,74533],[5,-41],[37,-71]],[[86775,74421],[-52,-18],[-48,-91]],[[86493,74268],[1,61],[-55,87],[1,43]],[[86537,73985],[-57,54],[-95,17]],[[85866,74119],[-15,91],[-43,35],[-33,88]],[[85775,74333],[43,41],[108,-24]],[[85926,74350],[63,-27]],[[85989,74323],[27,-38]],[[87223,73515],[-100,38],[-48,52]],[[86302,74243],[-17,27],[-10,133],[-22,24],[-70,9]],[[86836,74450],[-61,-29]],[[86984,74381],[-71,-91],[-57,-44]],[[85989,74323],[15,63],[51,78],[61,21]],[[86613,73711],[-26,-30],[14,-69],[-39,-58]],[[86562,73554],[-78,-81]],[[86883,73669],[-57,-114],[-58,-12],[-45,-35],[14,-79],[-44,-1],[-41,34],[-26,56],[-64,36]],[[85813,74524],[66,-40],[11,-74],[36,-60]],[[85775,74333],[-59,51],[-32,-4]],[[85029,73962],[3,82],[-35,29],[3,190],[-87,115],[-45,7],[14,70],[-38,25]],[[84844,74480],[8,13]],[[84985,74530],[137,-101],[114,-67],[25,-47],[54,-27],[70,-2],[123,-47],[113,-1],[-20,96],[-27,40],[-72,12],[-26,33]],[[84977,73829],[-75,-7],[-83,33]],[[84819,73855],[-24,31],[-111,90],[-70,-3],[-55,32],[-50,-1],[-175,101],[-85,68],[-54,106]],[[84195,74279],[153,47],[9,74],[61,15],[106,76],[96,-13],[17,37],[57,6],[122,-74],[28,33]],[[84195,74279],[-2,1]],[[84193,74280],[-35,74],[-67,32],[-45,89]],[[84046,74475],[14,81],[-50,43],[-35,99],[-5,170],[-37,-11],[-78,87],[-18,73]],[[86022,68310],[59,-4],[63,-54],[145,-20],[111,-92],[19,-30],[34,-126],[25,-21],[-22,-79],[26,-79],[-27,-105],[31,-30],[-57,-125],[-70,26],[-48,-10],[-107,18],[-121,99],[-71,15],[10,53],[-45,56],[20,153],[-37,101],[15,66],[-9,92],[56,96]],[[85575,66613],[39,3],[51,-54],[-59,-74],[-48,1],[-26,56],[43,68]],[[85594,65974],[48,-28],[16,-54],[-26,-44],[25,-21],[-71,-113],[-10,-132],[2,-139],[-23,-107],[-101,53],[-42,59],[3,66],[-16,31],[54,80],[26,102],[-9,50],[60,50],[8,46],[41,2],[28,53],[-13,46]],[[85246,65374],[72,-58],[-69,-73],[-56,30],[53,101]],[[84882,64782],[69,-28],[72,-52],[23,-156],[-33,13],[-58,-22],[-58,-61],[-10,-43],[-73,-26],[-54,53],[9,38],[51,14],[6,61],[-22,66],[44,30],[1,97],[33,16]],[[86920,64026],[36,-6],[103,-82],[23,-34],[10,-74],[-19,-43],[12,-48],[-6,-69],[-62,-63],[-86,-35],[-31,-41],[-85,13],[-59,-19],[-59,36],[-39,0],[-25,55],[13,67],[-32,49],[40,30],[8,56],[56,86],[-24,45],[18,45],[72,19],[136,13]],[[87290,62605],[80,-55],[70,-130],[-2,-26],[-59,-101],[-152,19],[-62,35],[-13,39],[7,101],[67,99],[64,19]],[[88112,57891],[84,-17],[39,-47],[66,-41],[10,-56],[86,-34],[15,-49],[69,-22],[76,-5],[65,-114],[-14,-48],[15,-75],[-92,-19],[-36,-65],[-8,-125],[-61,75],[-124,30],[-63,45],[-21,38],[-7,128],[-62,38],[-50,5],[-34,84],[-59,99],[-4,90],[53,73],[57,12]],[[87724,57749],[69,-76],[5,-40],[-59,-14],[-26,16],[-44,77],[55,37]],[[88107,53537],[56,-29],[58,-75],[-9,-62],[-56,-28],[-72,54],[3,129],[20,11]],[[96317,4880],[57,-33],[52,-81],[16,-64],[-23,-83],[-258,-125],[-57,-47],[-4,44],[38,128],[-7,64],[-30,18],[26,57],[62,45],[54,60],[74,17]],[[100859,19438],[58,-2],[70,-34],[37,-65],[-9,-25],[51,-53],[-11,-54],[6,-78],[-59,-104],[-65,0],[-101,52],[3,44],[28,47],[-43,62],[29,17],[72,-3],[3,72],[-14,47],[-29,15],[-41,-43],[-41,25],[-5,46],[61,34]],[[100507,16951],[26,-66],[27,-22],[49,37],[49,15],[26,-47],[-74,-50],[21,-61],[79,20],[12,-38],[-29,-51],[10,-65],[57,-52],[-17,-70],[8,-46],[41,-32],[-23,-46],[-34,53],[-41,-12],[-6,61],[-35,-17],[-29,110],[-17,129],[-75,90],[-11,63],[-29,43],[15,54]],[[100851,19682],[15,-40],[55,-57],[59,23],[54,-54],[-3,-45],[-32,-51],[-69,2],[-6,43],[-93,87],[20,92]],[[96096,8912],[21,-9],[27,-69],[0,-68],[-60,-44],[-29,4],[-21,63],[8,78],[54,45]],[[100838,19973],[34,-34],[-3,-72],[37,-26],[-31,-93],[-82,-51],[20,66],[-6,58],[22,68],[-13,67],[22,17]],[[97029,1265],[46,-20],[6,-55],[-17,-38],[-50,-16],[-32,29],[10,80],[37,20]],[[93953,20380],[58,-18],[21,-35],[-31,-54],[-50,3],[-28,34],[30,70]],[[100534,23141],[88,-32],[4,-64],[-48,-9],[-4,43],[-61,18],[21,44]],[[162625,1599],[14,-87],[-11,-19],[-68,22],[65,84]],[[100658,16000],[34,-33],[-1,-65],[-27,-37],[-20,128],[14,7]],[[100533,16293],[26,-59],[-51,6],[25,53]],[[100764,22806],[42,-35],[-51,-39],[-11,43],[20,31]],[[100960,15999],[14,-48],[-72,-21],[23,52],[35,17]],[[87323,71572],[80,39],[36,41]],[[87439,71652],[22,-11],[6,8],[0,0],[2,3],[1,1],[2,2],[120,16],[-133,-203],[52,7],[52,-80],[12,40],[42,10],[-19,51],[65,-1],[29,-29],[-30,-57],[17,-44],[44,-28],[28,-57],[64,-17],[126,1],[64,-17],[36,-51],[-45,-24],[-24,-56],[-69,-3],[48,-71],[-36,-68],[14,-41],[-169,-16],[-38,-15],[-109,-89]],[[87613,70813],[-50,72],[-42,12],[-75,-7],[-19,-38],[-46,-16],[-25,-43]],[[87356,70793],[-67,23],[32,98],[74,-9],[23,52],[-32,27],[-98,34],[7,39],[-22,47],[-73,80],[-41,12]],[[87159,71196],[133,30],[126,-13],[45,36],[17,76],[-85,36]],[[87395,71361],[4,58],[-31,91],[-45,62]],[[87545,71539],[25,-35],[-42,-45],[-25,35],[42,45]],[[86087,72093],[6,-38],[-19,-132],[-3,-106]],[[86071,71817],[5,-101],[-10,-76],[26,-50]],[[86092,71590],[-83,-2],[-149,-19]],[[85860,71569],[-12,81],[-48,2],[-61,-37],[-60,35],[3,37],[-62,-3],[-63,24],[-53,2],[-59,-35]],[[85445,71675],[-8,7]],[[85437,71682],[-46,33],[-10,72],[66,49]],[[85447,71836],[83,13],[42,106],[86,3],[-6,51]],[[85652,72009],[72,11],[48,-33],[96,18],[16,25],[64,-36],[54,61],[-19,39]],[[85983,72094],[104,-1]],[[87238,71622],[-173,-84],[-43,-50]],[[87022,71488],[-35,54],[-57,5],[-45,-43],[-194,36]],[[86691,71540],[44,77],[30,83],[36,6],[37,49],[-44,60],[-68,44]],[[86726,71859],[38,62],[84,-38],[36,-30],[120,-9],[66,-58],[45,8],[21,-67],[74,-3],[28,-102]],[[86691,71540],[-31,-18],[-74,65],[-161,27]],[[86425,71614],[29,81],[3,62],[-44,111],[19,67],[-39,19],[-19,72],[-64,4],[-58,-47]],[[86252,71983],[-49,86],[0,67]],[[86203,72136],[30,-4],[30,44]],[[86263,72176],[34,53],[86,23],[99,-77],[41,61],[-46,69]],[[86477,72305],[69,-33],[61,9]],[[86607,72281],[28,-27],[-12,-61],[16,-118],[29,-28],[49,-78],[-41,-99],[50,-11]],[[85112,71639],[82,-73],[57,36],[51,-9],[49,25]],[[85351,71618],[27,-32],[-3,-122],[-18,-58]],[[85357,71406],[-137,-58],[-113,-103],[-80,-45],[-120,-98],[-34,-83],[4,-106],[-22,-59],[9,-74],[-15,-58]],[[84849,70722],[-179,53]],[[84670,70775],[-62,40],[-67,17],[-8,26]],[[84533,70858],[26,17],[17,75],[82,66],[79,18],[-34,69],[-91,30],[-44,-61],[-57,52],[-29,-5],[-20,151],[-17,43]],[[84445,71313],[61,2],[106,36],[138,14],[11,33],[55,19],[15,140],[-16,47]],[[84815,71604],[65,37]],[[84880,71641],[29,-62],[36,-2],[53,30],[25,55],[58,18],[31,-41]],[[86071,71817],[128,6],[-4,70],[35,33],[22,57]],[[86425,71614],[-122,-19],[-59,13],[-33,-14],[-119,-4]],[[87238,71622],[85,-50]],[[87395,71361],[-91,-20],[30,67],[-51,33],[-65,-4],[-77,-56],[-26,16]],[[87115,71397],[7,52],[-91,7],[-9,32]],[[87613,70813],[-51,-78],[44,-136],[84,-17],[8,-36],[-21,-74],[-41,16],[-121,-27],[-32,22],[-131,-13],[-28,100],[36,43],[20,75],[-24,105]],[[85447,71836],[-36,8],[-56,-26],[-84,3],[-64,60],[-90,-60]],[[85117,71821],[-41,-37],[-50,81],[-55,-14]],[[84971,71851],[-16,56],[-43,48],[-26,56],[32,65],[-1,77],[-20,20],[12,83],[-37,95],[-1,57]],[[84871,72408],[70,6],[46,57]],[[84987,72471],[69,-16],[12,-26],[95,14],[55,61],[45,12],[66,-26],[-2,-31]],[[85327,72459],[15,-71]],[[85342,72388],[-6,-20],[45,-127],[84,-81],[19,-48],[-39,-41],[25,-59],[130,27],[52,-30]],[[85988,72937],[3,-3],[46,-39],[60,-23],[5,-90],[-12,-71]],[[86090,72711],[29,-138]],[[86119,72573],[-6,-75],[-38,-55],[21,-79],[-31,-193],[13,-39]],[[86078,72132],[9,-39]],[[85983,72094],[-30,73],[-5,62],[-107,76],[-53,-42],[-70,44],[-18,44],[-59,31],[-174,50],[-64,-6],[-12,-32],[-49,-6]],[[85327,72459],[45,44],[231,21],[80,15],[13,83],[-43,25],[-46,82],[-30,80]],[[85577,72809],[101,84],[63,14],[80,-106],[62,-10],[49,-39],[34,69],[-16,49],[38,67]],[[86581,72778],[23,-255],[45,-87],[-40,-81],[-2,-74]],[[86477,72305],[9,113],[26,42],[-18,98],[-77,-3]],[[86417,72555],[-8,64]],[[86409,72619],[21,16],[-51,175]],[[86379,72810],[71,31],[68,52]],[[86203,72136],[-125,-4]],[[86119,72573],[124,23],[91,-32],[75,55]],[[86417,72555],[-74,-9],[-71,-61],[-9,-84],[17,-86],[-17,-139]],[[86090,72711],[72,-6],[39,42],[61,11],[22,47],[50,56],[45,-51]],[[84445,71313],[-55,63],[-123,-27],[-80,32],[-32,47]],[[84155,71428],[32,132],[41,122]],[[84228,71682],[68,15],[26,61],[67,20],[52,41],[63,-27],[51,19],[165,13]],[[84720,71824],[-31,-48],[42,-38],[32,-109],[52,-25]],[[87159,71196],[-2,0],[-6,-2],[17,18],[-39,65],[-14,120]],[[85860,71569],[-93,-39],[-226,-55]],[[85541,71475],[-31,118],[-27,-6],[-38,88]],[[85541,71475],[-102,-29],[-82,-40]],[[85351,71618],[86,64]],[[85112,71639],[34,38],[-33,115],[4,29]],[[84880,71641],[-39,84]],[[84841,71725],[74,50],[51,10],[5,66]],[[84841,71725],[-34,65],[-76,32]],[[84731,71822],[42,68],[10,75],[-15,42],[-114,58],[2,103],[31,19],[-28,57],[35,54],[108,97],[69,13]],[[84477,72822],[43,-84],[65,-20],[52,-41],[30,-48],[64,-13],[63,8],[19,42],[52,9],[43,-54],[48,5],[28,-25]],[[84984,72601],[18,-58],[-15,-72]],[[84731,71822],[-11,2]],[[84228,71682],[-41,53],[-14,77],[22,49],[-28,21],[-5,89],[-38,55],[16,95],[-43,28],[-50,-10],[-76,20],[-16,-19],[-262,-9]],[[83693,72131],[9,68],[39,26],[26,70],[-17,72],[52,70]],[[83802,72437],[115,86],[103,9],[52,63],[101,6],[36,34],[66,7],[16,49],[33,14],[37,54],[11,65],[73,-14],[32,12]],[[84533,70858],[-144,-94],[-73,-59],[-46,-4]],[[84270,70701],[-26,41],[-41,3]],[[84203,70745],[-64,47]],[[84139,70792],[-72,70],[0,75],[-44,131],[-18,15]],[[84005,71083],[14,24],[-22,54],[5,101],[55,92],[38,42]],[[84095,71396],[60,32]],[[84849,70722],[42,-73],[-8,-98],[-33,-21]],[[84850,70530],[-55,68],[12,40],[-137,137]],[[84850,70530],[-29,15],[-61,-11],[-45,-50]],[[84715,70484],[-112,-7],[-91,32],[-35,-7],[-139,42],[-48,-6]],[[84290,70538],[-21,68],[16,27],[-15,68]],[[85431,73033],[9,28],[91,19],[49,-26],[52,66],[41,2],[46,-32],[22,-44],[52,-41],[42,37],[153,-105]],[[85577,72809],[-63,24],[-13,46],[-56,39],[-28,61],[14,54]],[[84984,72601],[20,54],[134,148],[38,4],[122,138],[-14,37],[50,12],[45,-14],[52,53]],[[83007,86784],[61,19],[59,-21]],[[83127,86782],[16,-38],[-35,-95],[4,-51]],[[83112,86598],[-62,6],[-29,-45],[-5,-105],[109,-118],[29,42],[49,13],[3,-61],[74,-111],[-63,-61],[29,-30],[51,8],[56,39],[154,56]],[[83507,86231],[-1,-103],[-38,-75]],[[83468,86053],[15,-104],[-26,-49],[19,-75],[52,-59],[-31,-40],[20,-33],[-20,-63],[36,-58],[41,-31],[-26,-42],[66,-10],[-1,-72],[80,-24],[87,2],[24,-31],[17,-85],[42,-12],[86,36],[-47,98],[111,63],[43,-9],[16,96],[39,19],[22,61]],[[84133,85631],[142,27],[105,-55],[88,21],[86,4],[62,-24],[103,-68],[-37,-61],[-13,-57],[16,-42],[-54,-57],[-37,-9],[-4,-46],[30,-114],[152,-149],[4,-106]],[[84776,84895],[-149,-2],[-73,-39],[-99,14],[-34,51],[-46,-34],[14,-42],[-108,-25],[-53,-58],[-23,-66],[-105,-43],[-133,79],[-35,-62],[-28,-5],[1,-84],[-29,-95],[-97,-42],[37,-89],[-5,-41],[-39,-34],[11,-54],[-38,-49],[-80,-20]],[[83665,84155],[20,34],[-47,45],[-157,60],[-45,38],[54,122],[-43,73],[-84,-56],[-106,-31],[-53,6],[-11,116],[-52,61],[-50,2],[-43,40],[10,40],[-109,28],[-55,-59],[-34,-103],[11,-75],[-40,-131],[16,-62],[-16,-33],[17,-45],[-26,-28],[-14,-82],[24,-35],[-44,-35],[21,-72],[-80,-114],[-14,-83],[-24,-27]],[[82691,83749],[-33,35],[-83,-11],[-148,25]],[[82427,83798],[-73,172],[-88,122],[0,70],[41,28],[34,71],[-8,29],[56,93],[45,5],[30,88],[41,42],[50,10],[10,51],[70,92],[18,78],[-100,94]],[[82553,84843],[49,113],[-58,39],[1,43],[-32,37]],[[82513,85075],[39,114],[31,60],[56,70],[34,69]],[[82673,85388],[35,26],[54,-7],[6,42],[-32,36],[43,44],[0,38],[53,4],[49,109],[-41,48],[-66,39],[42,96],[-137,22],[20,79]],[[82699,85964],[32,84],[82,93],[97,243],[82,305],[15,95]],[[83614,84126],[-13,-50],[-39,-11],[-20,-91],[28,-62],[-27,-75],[-33,-22],[-6,-99],[-49,-26],[-11,-77],[-58,-32],[-49,-116],[-71,-52]],[[83266,83413],[9,73],[-16,114]],[[83259,83600],[43,44],[-23,67],[-32,22],[28,102],[65,11],[17,34],[-57,80],[-78,79],[49,48],[41,116],[31,48],[180,-52],[25,-61],[66,-12]],[[85164,84901],[-131,-3],[-44,19],[-82,-58],[-29,-39],[-79,21],[-23,54]],[[84133,85631],[2,46],[-96,46],[19,63],[-52,76],[-43,-46],[-12,-57],[-59,-32],[-41,49],[-12,46],[-50,-9],[-34,59],[-93,11],[-62,57],[-40,57],[-65,65],[-27,-9]],[[83507,86231],[24,19],[68,-3],[110,52],[69,1],[13,29],[-41,32],[-5,94],[53,-46],[91,63],[11,94],[57,50]],[[83957,86616],[136,-6]],[[84093,86610],[74,-13],[18,-26],[-28,-52],[97,-72],[19,-42],[40,-17],[22,-88],[-37,-73],[45,-41],[60,20],[31,-29],[94,-4],[1,-70],[47,-41],[72,6],[48,-25],[-1,-53],[76,-12],[59,-87],[215,-69],[112,-6],[75,39],[116,-13]],[[85348,85842],[52,-60],[28,-71],[58,-16],[-16,-59],[23,-46],[-1,-46],[74,24],[11,-39]],[[85577,85529],[59,-13],[14,-63],[43,-81],[-79,-8],[-36,-52],[-99,-70],[-32,-76]],[[82427,83798],[-18,-52],[32,-43],[-25,-25],[0,-68],[-114,-119],[-7,-74],[-51,-16],[-83,31],[-27,-12],[0,-85],[-34,1],[-65,45],[-82,-31],[-97,24]],[[81856,83374],[16,55],[-78,71],[11,53],[-39,20],[-63,-21],[-46,44],[-6,75],[-114,75],[56,60],[-3,51],[26,39],[78,60],[-27,69],[-35,23],[-57,-21],[-66,43],[-49,51],[-88,11],[-154,44],[-55,31],[-55,-45],[-26,77]],[[81082,84239],[100,99],[48,13],[78,78],[18,-5],[111,67],[15,33],[61,3],[78,31],[61,56],[90,20],[79,93],[151,238],[19,51],[90,164],[47,118],[-2,69],[67,18],[158,232]],[[82351,85617],[72,0],[30,-40],[-38,-59],[13,-80],[119,19],[126,-69]],[[82513,85075],[-55,-30],[-11,-67],[106,-135]],[[82196,85175],[-66,-19],[-79,-51],[-19,-40],[43,-41],[-39,-100],[-50,-79],[14,-19],[85,26],[64,-4],[56,71],[71,-37],[99,-10],[24,36],[-128,122],[-69,20],[54,123],[-60,2]],[[87703,87670],[-44,-54],[-69,-34],[-80,-22],[-62,21],[-70,-15],[-48,-35],[-16,-37],[-119,-51],[-87,2],[-64,-46],[-31,16],[-78,-15],[-11,-48],[-47,-22],[-90,24],[-91,-20],[-41,20],[-72,-39],[-70,22],[-61,75],[-104,68],[-66,-16],[-109,79],[-148,-31]],[[86025,87512],[-11,19],[51,134],[-47,8],[-22,40],[-59,13],[-94,55],[-87,-37],[-59,-6],[-100,75],[-42,58],[-7,44],[-53,44]],[[85495,87959],[26,62],[-18,40],[-75,50],[11,109],[50,28],[-57,56],[-31,2]],[[85401,88306],[76,55],[61,-13],[127,14],[29,75],[37,18],[42,98],[-74,24],[-70,-24],[-79,57],[152,121],[-52,61],[-9,46]],[[85641,88838],[132,120]],[[85773,88958],[47,-80],[148,-109],[28,3],[21,74],[117,9],[36,-33],[51,17],[97,-66],[89,13],[83,-40],[51,-50],[74,9],[14,-40],[45,-2],[40,-31],[4,-89],[-18,-51],[-7,-85],[15,-84],[61,-71],[43,-108],[-62,-126],[37,-80],[179,-26],[60,-16],[33,-52],[-16,-67],[60,-14],[96,14],[51,39],[55,68],[3,37],[119,47]],[[83665,84155],[-51,-29]],[[83259,83600],[-74,61],[-132,10],[-96,19],[-86,-28],[-143,14],[-31,24],[-6,49]],[[84093,86610],[-14,35],[14,66],[43,51],[83,44],[42,-31],[1,-71],[39,-7]],[[84301,86697],[40,-57],[32,-85],[121,19],[122,39],[30,-4]],[[84646,86609],[8,-64],[50,-56],[-2,-56],[60,31],[71,0],[-13,-38],[12,-55],[29,-30],[4,-51],[54,-23],[20,-109],[69,-29],[12,-31],[55,2],[74,93],[51,-20],[76,-56],[4,-50],[29,-77],[32,-28],[14,-60],[-7,-60]],[[83266,83413],[52,-70]],[[83318,83343],[49,-45],[34,-63],[39,3],[35,-55],[-25,-45],[-56,-13],[-8,-39],[-89,-42],[-35,-97],[-24,-8],[-32,-95],[35,-66],[-99,-61],[2,-50],[-43,-33],[-10,-61],[-50,-91],[-21,-1],[-34,-85],[-32,-43],[-22,-167],[-34,-38],[21,-90],[54,-35]],[[82973,82023],[-32,-72],[-53,-71],[-50,-27],[-79,-118],[-39,-20],[10,-44],[-95,-131],[-4,-50],[-70,-36]],[[82561,81454],[-41,53],[-94,30],[-34,69],[-43,24],[-33,70],[43,39],[-1,91],[15,48],[52,46],[82,49],[-3,-67],[73,43],[41,7],[25,88],[-42,49],[3,75],[-52,61],[3,81],[-41,75],[-35,-21],[-5,119],[43,38],[-48,91],[16,43],[-97,52],[-119,-56],[-9,-46],[-88,-50],[-143,-16],[-59,-53],[-52,3],[-61,-62]],[[81857,82427],[-70,15],[-84,-18],[-62,60]],[[81641,82484],[2,25],[80,67],[-19,71],[-4,100],[45,89],[-51,37],[-3,46],[-58,81],[32,78],[-21,32],[21,57],[67,8],[37,50],[67,54],[20,95]],[[87718,89657],[-80,-10],[-78,66],[-51,-23],[-39,6],[-116,-10],[-146,36],[-54,-56],[-84,-25],[-24,-53],[-57,-4],[-40,20],[-47,-12],[-44,-45],[-51,8],[-38,-55],[55,-49],[-54,-22],[-11,-48],[56,-47],[-60,-103],[-58,-49]],[[86697,89182],[-18,-38],[-87,17],[-136,87],[-8,47],[-64,-32],[-84,73],[20,25],[-50,49],[4,185]],[[86274,89595],[27,63],[82,138],[-10,102],[46,115],[66,118],[4,49],[-46,33],[38,166],[-4,71],[17,159],[-12,23],[19,153],[-8,155],[49,128],[-27,52],[39,72],[27,103],[78,104],[-4,40],[69,91],[33,94],[31,51],[4,47],[34,39],[38,95],[84,118],[63,121],[-10,62]],[[83112,86598],[18,-25],[87,-23],[90,-10],[25,-68],[40,96],[69,-15],[18,93],[-28,41],[30,28],[-36,66]],[[83425,86781],[35,30],[148,18],[62,27],[15,75],[94,1],[-11,-59],[51,-7],[31,-27],[-3,-71],[52,-10],[54,14],[-23,-80],[57,-27],[9,-42],[-39,-7]],[[79428,82109],[2,-27],[52,-69],[-26,-60],[-38,7],[-110,-36],[-63,-126],[-71,-5],[-62,-20],[-46,18],[-47,-62],[-46,-6],[-9,-41]],[[78964,81682],[-57,6],[-59,36],[-79,-15],[-36,16],[-38,-55],[-48,18],[-31,51],[-79,8],[-65,35],[-46,-12],[-93,-50],[-77,17],[-20,20],[-59,-19],[-5,-38],[47,-27],[-51,-75],[24,-23],[10,-60],[50,-29],[-23,-61],[-27,-6],[-65,-84],[5,-36],[-61,-58],[-74,-107],[0,-62],[-43,-13],[-15,-49],[-140,-74],[-9,-47],[-50,-40],[-33,5],[-57,-38]],[[77660,80816],[-12,-10]],[[77648,80806],[-24,53],[-43,33],[24,107],[-49,119],[-68,53],[13,49],[-8,87],[12,65],[-16,117],[-38,27],[-62,101],[-3,65],[28,24],[1,94],[13,26],[-37,53],[-12,58],[-66,-12],[-58,6],[-111,66],[-45,39],[-32,59],[-87,68]],[[76980,82163],[85,6],[151,63],[107,24],[350,147],[244,80],[81,61],[88,30],[204,49],[144,55],[146,92],[46,67],[64,17],[63,38],[13,27],[67,35],[86,70],[63,-8],[54,17],[111,71],[59,98],[41,31]],[[79247,83233],[87,-173],[-10,-79],[-36,-37],[-6,-73],[33,-4],[34,-71],[-10,-65],[54,-46],[-39,-201],[-4,-100],[36,-122],[10,-73],[-12,-49],[44,-31]],[[79428,82109],[26,31],[87,-65],[27,-40],[69,-27],[55,-70],[75,20],[52,-10],[83,11],[69,30],[81,-73],[50,24],[-2,38],[49,38],[13,67],[41,70],[-36,76],[26,66],[1,68],[-55,-20],[-58,-79],[-44,31],[-178,-100],[-54,-89],[-67,1],[-45,-40],[-122,76],[11,81],[45,49],[-27,158],[15,57],[49,3],[61,30],[19,57],[75,-12],[33,10],[-39,90],[162,58],[56,-19],[95,18],[90,-16],[140,-13],[-63,-81],[81,-59],[-14,-36],[45,-113],[-10,-37],[51,-93],[173,-33],[69,-41],[27,-59],[76,-5],[85,30]],[[80876,82167],[-14,-51],[-64,-121],[4,-57],[-36,-67],[-46,-30],[-30,-53],[-73,39],[-61,-11],[-111,-91],[-32,-89],[47,-64],[-56,-116],[40,-65],[-45,-80],[-67,-30]],[[80332,81281],[-23,21],[7,69],[-18,34],[-100,31],[-104,-7],[-86,26],[-38,-58],[-53,-35],[-93,-12],[-6,-21],[-73,-27],[-112,19],[-50,22],[-34,-17],[-54,15],[-46,-42],[-37,-2],[-53,-49]],[[79359,81248],[-40,-37],[-44,-83],[11,-40],[-37,-43],[-83,-24],[-2,47],[-95,9],[-26,53],[-62,11],[-71,48]],[[78910,81189],[57,78],[30,22],[-22,65],[4,51],[79,112],[-3,84],[-81,12],[-10,69]],[[84696,86902],[18,55],[50,-10],[54,33],[11,62],[75,51],[-1,46],[123,42],[-10,31],[60,18],[39,-22]],[[85115,87208],[123,-63],[75,-81],[-12,-42],[42,-19],[33,26],[126,-18],[120,-51],[13,17]],[[85635,86977],[30,4],[19,-59],[-57,-52],[-2,-86],[-25,-33],[34,-42],[78,-4],[43,-47],[-12,-79],[32,-50],[53,-31],[-11,-95],[35,-52],[102,-59],[-25,-118],[27,-66],[-50,-30],[-85,1],[15,-46],[-88,-153],[25,-74],[37,-17],[8,-46],[-73,-77],[-34,-8],[-57,-76],[-77,-53]],[[84646,86609],[35,132],[-61,58],[35,70],[41,33]],[[81641,82484],[-25,-16]],[[81616,82468],[-97,-17],[-51,-30],[-54,7],[-70,-23],[-68,11],[-124,-86],[-102,-26],[-5,-21],[-90,-23],[-16,-42],[-63,-51]],[[79247,83233],[80,62],[45,77],[53,25],[110,-24],[47,-39],[105,-19],[134,19],[102,38],[55,-13],[128,39],[174,150],[66,89],[41,-49],[159,131],[208,191],[328,329]],[[86025,87512],[13,-44],[-44,-36],[-148,-192],[-16,-54],[-51,-30],[-83,-25],[-49,-32],[14,-83],[-26,-39]],[[85115,87208],[4,31],[-61,6],[-17,47],[33,78],[-9,34],[-120,17],[-24,48],[65,52],[61,-10],[-5,66],[-81,26],[-30,38],[33,53],[100,92],[73,-18],[32,25],[183,-10],[16,67],[47,4],[21,90],[33,-42],[26,57]],[[81527,90754],[63,-1],[32,-61],[-46,-49],[-23,-122],[7,-67],[-6,-136],[-26,-145],[-49,-100],[-14,-144],[-49,-61],[-27,-81],[-87,-117],[-52,-98],[-16,-78],[-62,-120],[14,-84],[-18,-50],[11,-74],[76,-65],[153,-61],[62,48],[72,15],[80,-6],[77,46],[91,17],[41,32],[40,-15],[21,-137],[-28,-41],[-19,-87],[-53,-70],[-37,-147],[-38,-30],[-142,-273],[-49,-104],[5,-45],[-24,-109],[-48,-1],[-89,-106],[-12,-37],[-115,-43],[-37,-44],[-76,-23],[-85,-68],[-2,-37],[-54,-16],[-98,-110],[-115,-82],[-183,-38],[-20,15],[-86,-1],[-66,-29],[-145,-101],[-76,-20],[-70,29],[-30,-9],[-81,27],[-56,62],[16,52],[49,56],[43,-11],[37,21],[69,-4],[23,33],[52,-11],[50,39],[58,96],[51,143],[-3,73],[-57,67],[35,81],[82,72],[24,52],[125,64],[18,40],[58,60],[-13,78],[-119,136],[-63,39],[-106,8],[-63,-28],[-8,-62],[-56,-49],[-47,-130],[-136,98],[39,27],[4,73],[-12,86],[-61,35],[35,54],[43,15],[14,39],[-20,47],[15,51],[-25,97],[39,30],[38,58],[-43,30],[23,52],[90,58],[-6,24],[63,82],[-6,43],[100,78],[6,57],[57,58],[7,87],[43,20],[19,63],[57,97],[130,66],[113,102],[20,45],[58,32],[15,42],[77,66],[60,29],[64,2],[45,49],[-1,50],[35,48],[-20,59],[61,87],[8,50],[56,42],[-2,53],[52,-7],[108,63],[47,0]],[[84639,82664],[4,49],[-75,52],[-36,75],[22,35],[-12,42],[-3,111],[-12,40],[14,57],[-79,15],[-43,56],[-81,13],[-68,31],[6,104],[-34,14],[8,79],[-29,47],[-76,-2],[-53,41],[-68,5],[-83,-18],[-43,-40],[-12,-65],[-75,-23],[-58,57],[87,111],[-62,67],[-93,-50],[-38,-43],[21,-56],[-37,-68],[-77,-19],[-23,38],[-18,86],[-50,21],[-25,-48],[-57,-65],[-48,-18],[-15,-52]],[[83777,81615],[-35,72],[2,51],[-52,63],[-15,58],[-80,28],[7,28],[-52,55],[-74,12],[-56,-24],[-30,15],[-21,64],[-74,0],[-14,-37],[-94,-19],[-20,38],[-49,32],[-119,11],[-28,-39]],[[85773,88958],[190,204],[193,261],[118,172]],[[86697,89182],[41,24],[57,1],[26,-36],[57,-2],[12,-52],[-21,-76],[22,-82],[51,-54],[15,-56],[-31,-57],[-13,-65],[61,-42],[15,-52],[39,-17],[63,-72],[-12,-117],[-30,-23],[28,-43],[-5,-72],[34,-78],[90,21],[112,1],[20,-57],[77,-50]],[[85401,88306],[-57,9],[21,47],[-13,65]],[[85352,88427],[4,37],[-44,129],[10,45],[73,50],[24,-15],[162,114],[60,51]],[[83127,86782],[42,73],[87,-25],[60,1],[37,-35],[72,-15]],[[84301,86697],[0,46],[50,61],[27,58],[76,56],[36,15],[74,-25],[27,31],[59,15],[46,-52]],[[82351,85617],[84,94],[76,42],[117,87],[71,124]],[[82538,80630],[-21,49],[-2,79],[-19,46],[-42,4],[-54,46],[11,63],[65,27],[61,135],[-79,95],[49,52],[2,85]],[[82509,81311],[66,27],[18,58],[-32,58]],[[82509,81311],[16,43],[-26,52],[-63,42],[-100,5],[-34,41],[-144,65],[-29,46],[16,77],[-42,29],[-88,-10],[-36,53],[14,64],[-39,41],[19,286],[-9,63],[-56,62],[-51,157]],[[85472,91763],[14,-54],[-26,-110],[-30,-75],[-113,-102],[-60,1],[41,64],[3,70],[79,80],[-6,22],[98,104]],[[75309,80758],[38,-50],[81,-77]],[[75428,80631],[-19,-28],[10,-65],[-82,19],[5,-41],[-29,-53]],[[75313,80463],[-58,6],[-66,-58]],[[75189,80411],[-11,-36],[-71,-21],[31,-140],[-4,-136],[30,-107],[154,-228],[6,-43],[78,-81],[62,-32],[75,-19],[70,6],[76,28],[92,18],[71,29],[96,7],[62,-37],[41,-42],[92,-44],[70,-3],[55,-49],[58,-30],[8,-36],[58,-16],[81,27],[30,-19],[145,62],[104,-10],[47,-40],[248,-146],[45,-33],[87,44],[101,-44],[64,45]],[[77340,79285],[9,-56],[-117,-33],[-31,10],[-44,-31],[-13,-103],[-45,-1],[-30,-31],[-6,-51],[30,-62],[-8,-74],[-51,-27],[-28,-55],[-11,-92],[-24,-40],[-56,-9],[-27,-32],[-43,-4],[-28,-59],[8,-39],[-68,-82],[-27,1]],[[76730,78415],[-50,20],[-95,-35],[-103,34]],[[76482,78434],[-52,67],[-51,18],[-39,65],[-6,45],[-77,17],[-29,-16],[-91,11],[-30,-54],[-39,-29],[-44,24],[-54,-11],[-32,39],[-136,26],[-33,17],[-45,58],[-2,122],[-30,11],[-145,-46],[-18,-87],[-41,-22],[-61,6],[-100,-60],[-34,6],[-41,69],[46,35],[20,60],[-5,62],[-53,19],[-44,-36],[-107,42],[-73,-41],[-39,-46],[-46,69],[-85,-113],[-49,-4],[-47,-36],[-3,-49],[-93,104],[-20,54],[-79,-26],[-85,35],[-25,-47],[-66,-38],[-95,-134],[-11,-31],[-55,-11],[-50,-103],[-31,1],[-6,-98],[-85,2],[-106,-78]],[[73960,78302],[-60,1],[39,132],[20,30],[-11,90],[31,96],[-39,66],[50,94],[-22,118],[-26,49],[-25,157],[-115,19],[33,50],[-11,122],[19,50]],[[73843,79376],[11,97],[-5,57],[18,33],[-6,60],[25,62],[49,67],[0,135],[15,55],[46,52],[-35,42],[-37,7]],[[73924,80043],[64,68],[49,-48],[37,92],[37,-29],[66,155],[41,-18],[73,34],[18,58],[-32,102],[69,89],[72,-5],[28,103],[81,16],[64,32],[6,62]],[[74597,80754],[71,20],[57,-11],[103,15],[26,19],[72,5],[91,-23],[59,-3],[119,-29],[114,11]],[[74011,80982],[-49,-55],[80,-26],[19,-47],[47,13],[30,-24]],[[74138,80843],[60,-14]],[[74198,80829],[-60,-44],[-68,-3],[-135,63],[-26,-52],[12,-59],[-60,-152],[-150,-201],[146,-60],[-19,-66],[40,-42],[22,-83]],[[73900,80130],[-29,-10],[-157,89],[-21,-82],[-50,4],[-59,-18],[16,78],[-62,9],[-65,-70],[-49,5],[3,61],[-35,62],[-27,-3],[-60,40],[-51,-4]],[[73254,80291],[-52,12],[-52,100],[-69,-24],[-22,47],[-5,63],[-45,5],[-48,50],[-43,8],[-11,42],[-83,21],[-43,44]],[[72781,80659],[30,13],[31,67]],[[72842,80739],[31,82],[-41,81],[40,36]],[[72872,80938],[117,-31],[58,19],[17,-47],[60,-23],[54,9],[92,-35],[114,76],[-6,36],[49,12],[10,-45],[141,76],[57,9],[87,-34],[26,43],[-65,35],[-28,47],[64,35],[-5,51],[27,37]],[[73741,81208],[145,-98],[65,-79],[59,-5],[1,-44]],[[76747,80266],[-55,-50],[-92,16],[-51,-13],[-59,28],[-37,-10],[-43,26],[-46,-12],[-43,45],[-7,83],[17,45],[-61,93],[-90,22],[-63,-130],[-72,-12],[-44,75]],[[76001,80472],[-37,78],[-34,36],[-43,101],[-59,63],[-69,109],[-32,74],[-71,90]],[[75656,81023],[55,43],[0,77],[40,114],[58,70],[-9,81]],[[75800,81408],[69,-36],[37,-42],[116,-49],[33,-26],[147,-36],[104,-45],[-1,-58],[-35,-73],[38,-50],[-4,-56],[80,-57],[62,24],[58,-71],[100,-29],[104,-80],[38,-90],[47,-51],[44,-7],[14,-70],[-82,-103],[-41,-24],[-5,-60],[24,-53]],[[72872,80938],[17,52],[-28,113],[59,103],[-18,68],[35,19],[-4,111],[46,15],[11,32]],[[72990,81451],[51,58],[13,53],[-22,20],[-18,71],[6,43],[35,48]],[[73055,81744],[52,69],[101,37],[39,44],[27,65],[139,53],[48,-46],[55,-28],[41,45],[23,87]],[[73580,82070],[58,9],[38,-32],[90,15],[30,-9],[55,30],[73,-51]],[[73924,82032],[-129,-127],[29,-97],[-38,-63],[-39,-20],[-78,-135],[-41,-29],[-13,-38],[-40,-11],[1,-52],[30,-96],[82,-108],[53,-48]],[[75309,80758],[92,26],[50,60],[35,65],[100,75],[70,39]],[[76001,80472],[-38,-52],[-43,13],[23,72],[-57,57],[-36,-42],[-73,19],[-76,-41],[-40,41],[-91,7],[-142,85]],[[75800,81408],[37,44],[11,81],[-48,116],[86,148]],[[75886,81797],[66,-66],[73,-51],[163,-44],[84,-38],[69,-62],[60,-38],[50,-8],[40,-34],[26,135],[24,-90],[49,6],[66,-51],[68,-31],[16,-74],[31,4],[82,88]],[[76853,81443],[41,-14],[69,-87],[66,4],[24,-60],[-10,-34],[523,-439],[38,-84]],[[77604,80729],[-12,-19],[39,-66],[-43,-87],[9,-48],[-14,-92],[51,-121],[-7,-62],[11,-73]],[[77638,80161],[-20,-38],[-3,-75],[-25,-128],[-24,-14]],[[77566,79906],[-100,-11],[-58,24],[-129,108],[-37,9],[-54,-60],[-145,-2],[-13,26],[-90,2]],[[76940,80002],[-41,95],[-27,4],[-125,165]],[[73843,79376],[-75,1],[-99,18],[4,36],[-73,32],[-61,91],[-40,101],[-69,82],[-63,46],[-113,45],[-3,37],[-75,21],[-14,8],[5,26]],[[73167,79920],[66,77],[-35,80],[24,27],[-20,60],[35,58],[69,-11],[-52,80]],[[73900,80130],[31,-50],[-7,-37]],[[73167,79920],[-16,-18],[21,-20],[5,-38],[-34,-35],[-12,-45],[-179,16],[-73,-51],[-6,-61],[-34,-9],[-110,93],[-71,26],[10,74],[-56,6],[-8,-49],[-53,-24]],[[72551,79785],[-32,62],[14,92]],[[72533,79939],[72,43],[0,52],[74,93],[45,136],[-60,27],[11,115],[-75,43],[-47,49],[20,60],[30,20],[107,3],[10,60],[61,19]],[[73960,78302],[18,-40],[-68,-127],[19,-45],[-2,-58],[-77,-76],[-100,-10],[15,-43],[-98,-142],[-65,2],[-78,-81]],[[73524,77682],[-89,21],[38,92],[29,148],[-38,24],[-47,128],[-80,62],[-38,-4],[-50,41],[-80,37],[-91,-97],[-39,-22],[-32,30],[-3,89],[-38,20],[-19,-91],[-71,-13],[-40,22],[-34,-24],[26,-89],[-83,-195],[-91,1],[-26,22],[-63,-44]],[[72565,77840],[-20,83],[4,80],[-24,110]],[[72525,78113],[14,38],[98,46],[4,50],[-32,39],[-29,202],[-85,83],[-40,-2],[-9,106],[46,1],[89,80],[-32,70],[48,47],[-14,83],[37,62],[-41,74],[1,92],[47,74],[46,99],[23,94],[-77,101],[-61,7],[23,86],[-36,61],[6,79]],[[74198,80829],[75,-21],[-3,56],[22,27],[79,-26],[-5,-30],[104,-48],[127,-33]],[[74011,80982],[95,-66],[113,-28],[8,-39],[-80,13],[-3,-14],[-6,-5]],[[75313,80463],[-1,-51]],[[75312,80412],[5,-28],[-45,-32],[-15,-48],[-47,8],[15,54],[-36,45]],[[76940,80002],[-39,-36],[17,-27],[-44,-55],[-5,-57],[-30,-35],[10,-46],[-76,-46],[-58,4],[-13,31],[-49,11],[-91,-20],[-77,69],[-49,4],[-62,-42],[-90,-4],[-6,45],[-71,19],[-66,-11],[-86,-40],[-87,15],[-21,72],[-52,59],[-75,15],[-129,98],[-13,42],[-46,44],[-43,1],[-89,161],[-50,6],[-18,47],[-59,92],[-61,-6]],[[77566,79906],[-15,-75],[48,-120],[-28,-44],[-119,-1],[-62,-61],[-134,-95],[10,-54],[-26,-101],[102,-6],[-2,-64]],[[75886,81797],[52,56],[125,48],[161,99],[103,28],[170,16]],[[76497,82044],[-13,-95],[-47,-31],[-23,-98],[25,-107],[142,10],[0,-61],[-19,-50],[63,-61],[83,-14],[45,40],[100,-134]],[[77648,80806],[-44,-77]],[[76497,82044],[167,20],[78,70],[115,8],[123,21]],[[72525,78113],[-36,-25],[-40,50],[-76,17],[-71,86],[-75,40],[-62,18],[-31,59],[2,67],[-106,-11],[-88,84],[-58,19],[17,69],[-46,62],[2,88],[-44,32],[30,40],[-47,72],[6,33],[-54,45],[38,58],[-53,5],[-71,70],[-33,3]],[[71629,79094],[10,169],[68,9],[13,43],[-46,83],[-53,10],[-36,-38],[-23,94],[-32,-13],[-12,-49]],[[71518,79402],[-64,47],[-18,66],[-37,-6],[-66,37]],[[71333,79546],[39,60],[108,133],[7,71],[74,71],[16,48],[51,70],[26,0]],[[71654,79999],[76,-86],[109,117],[68,51],[102,141]],[[72009,80222],[55,-39],[-36,-51],[109,-85],[26,4],[103,-31],[92,-44],[13,23],[67,-37],[55,2],[40,-25]],[[73580,82070],[-49,73],[-82,-31],[-62,33],[35,37],[-66,71],[-81,15],[-51,133],[-116,-19],[-136,18],[-42,15],[-46,58]],[[72884,82473],[36,74],[-9,43],[-75,52],[-32,101],[-100,48],[-79,86],[-75,37],[-17,66],[-51,70],[43,49],[8,46],[-25,64],[42,90],[58,97],[5,57],[42,70],[64,28]],[[72719,83551],[51,17],[103,-33],[0,-76],[24,-55],[86,27],[90,-66]],[[73073,83365],[-23,-27],[-51,-154],[54,3],[79,-24],[-40,-119],[-132,-47],[-10,-89],[17,-47],[-49,-61],[2,-28],[72,-34],[74,-12],[73,34],[9,61],[41,46],[139,-29],[-14,-46],[28,-69],[73,3],[44,-15],[-38,-56],[89,-65],[19,39],[42,-31],[22,52],[73,62],[70,179],[30,41],[54,37],[87,6],[22,-83],[-7,-95],[17,-28],[-28,-97],[-1,-110],[-18,-31],[29,-112],[-25,-58],[5,-49],[32,-53],[-24,-49],[10,-73],[31,-52],[-26,-53]],[[73851,83359],[16,-1],[66,-108],[-53,-41],[-13,-42],[49,-94],[-47,-37],[-78,-6],[-62,-27],[-47,34],[-60,3],[-81,-86],[-11,-43],[-41,7],[-15,38],[-77,-48],[-24,12],[-39,108],[-41,43],[-44,6],[-41,63],[-44,31],[-25,88],[81,-22],[40,-26],[-10,-72],[87,47],[119,13],[34,74],[132,-99],[74,-11],[85,50],[6,85],[64,61]],[[71445,78441],[48,-115],[-35,-34],[-22,-61],[21,-22],[-7,-99],[-52,-49],[-49,2],[-3,-45],[-55,-39],[17,-75],[-15,-54],[28,-29],[-28,-56],[41,-46],[80,26],[80,-33],[35,-32],[26,-63],[50,-8],[-57,-167],[6,-42],[-29,-88],[-57,-7],[-81,-70],[-9,-48],[-43,-78],[0,-54],[-39,-83],[10,-49]],[[71306,76923],[-132,-43],[-27,21],[-50,-33],[-78,22],[-28,55]],[[70991,76945],[27,75],[6,95],[-36,21],[-2,117],[-31,59],[0,124],[-36,5],[-21,39],[10,64],[-48,21],[-31,57],[-162,-6],[-50,23],[4,54],[-49,58],[21,31],[-16,61],[12,34],[-55,38],[21,47],[45,26],[-8,68],[-36,44],[-42,0],[-70,85],[37,67],[-51,29],[-22,53],[-42,41]],[[70366,78375],[217,214],[65,84]],[[70648,78673],[26,-20],[65,50],[152,3],[41,50],[19,-60],[-9,-115],[59,33],[172,49],[75,-89],[1,-35],[59,-17],[-1,-36],[39,-43],[35,28],[64,-30]],[[74343,84849],[-143,-50],[2,-42],[-56,11],[-46,-17],[-16,36],[-52,13],[-50,-14],[7,-35],[-42,-52],[-194,98],[-92,7],[-63,-65],[-101,-49],[-12,-45],[12,-60],[48,-72],[-41,-61],[40,-62],[-7,-44],[-78,-98],[41,-31],[-20,-56]],[[73480,84161],[-125,-39],[-22,-34],[-111,-3],[-79,-16],[-51,-49],[-85,30],[-85,-103],[-39,-15],[-87,-95],[-32,62],[-47,42],[-70,-28],[23,-39],[-50,-48],[-55,-136]],[[72565,83690],[-62,-44],[-41,-60],[-47,-40],[-49,-1],[-40,-36],[-57,42],[-21,38],[-110,29],[28,58],[-21,28],[-83,-17]],[[72062,83687],[47,72],[-25,44],[14,49],[47,16],[46,49],[69,150],[5,56],[-53,41],[15,65],[-31,98],[19,49],[76,81],[71,32],[-4,52],[20,68],[87,7],[109,70],[47,0],[45,61],[99,22],[91,74],[167,29],[53,-30],[49,-3],[78,-38],[54,0],[90,39],[134,74],[38,2],[59,51],[171,75],[58,-1],[84,73],[15,31],[52,3],[78,38],[68,66]],[[74104,85252],[56,-78],[53,-1],[65,36],[41,0],[30,-32],[-29,-34],[7,-55],[72,-51],[129,-33],[-75,-115],[-67,-6],[-43,-34]],[[74104,85252],[47,80],[55,9],[32,44],[172,76],[148,25],[40,-21],[115,44],[73,14],[54,54],[99,18],[95,71],[62,14],[37,-40],[31,17],[55,-23],[144,21],[13,-64],[69,-17],[48,-94],[-57,-96],[36,-87],[54,-53],[16,-89],[-60,-47],[-91,-26],[-106,-10],[-66,33],[-129,-22],[-91,-51],[-28,-37],[-39,-115],[4,-65],[-38,-46],[8,-107]],[[74906,84662],[-53,-25],[-65,1],[-85,-19],[-71,-31],[-33,3],[-139,-46],[-2,54],[-62,140],[-46,28],[-7,82]],[[70991,76945],[-44,-10],[-99,-120],[-42,-10],[-40,28],[-44,-21]],[[70722,76812],[-45,38],[-40,71],[-52,13],[-5,66],[-21,33],[-97,-30],[-114,15],[-58,-30],[-72,50],[-34,68],[-4,45],[-39,71]],[[70141,77222],[-8,50],[23,125],[-82,35],[-7,69],[-36,6],[-33,68],[-66,18],[-112,57],[-63,67],[13,60],[-77,38]],[[69693,77815],[126,107],[58,71],[13,55],[37,34],[16,52],[42,39],[115,18],[125,65],[141,119]],[[72990,81451],[-27,21],[-107,14],[-61,-13],[-52,105],[-132,-1],[-47,-34],[-6,-53],[-38,-5],[-32,-41],[-102,-3]],[[72386,81441],[49,232],[0,70],[-18,46],[-73,40],[8,48],[55,64],[-17,36],[39,41],[12,43]],[[72441,82061],[44,6],[74,-117],[27,36],[63,-57],[52,-1],[39,40]],[[72740,81968],[18,-39],[66,-7],[67,29],[-5,-52],[62,-12],[43,-53],[30,-94],[34,4]],[[72693,80815],[0,-16],[-120,-28],[-58,-41],[-64,27],[-35,-30],[-10,-67],[23,-24],[-73,-106],[-51,-27],[-39,-107],[-179,-14],[-28,-30],[-14,-79]],[[72045,80273],[-57,39],[26,39],[-92,41]],[[71922,80392],[157,290],[130,275]],[[72209,80957],[128,11],[6,-43],[141,12],[23,-45],[48,-32],[102,-12],[36,-33]],[[72565,77840],[17,-43],[56,-56],[-1,-50],[45,-60],[100,-10],[88,-82],[-34,-96],[-61,-84],[-3,-37],[-56,-44],[-12,-62],[-42,-31],[-59,-94],[-5,-56],[-63,-40],[-48,1],[-59,-35],[30,-37],[21,-71],[26,-16],[-11,-75],[-32,-22],[-10,-66],[-30,-64]],[[72422,76610],[-46,-41],[-10,-82]],[[72366,76487],[-47,-7],[-34,-30],[-123,10],[-103,-48],[-90,-25],[-22,-21],[-81,15]],[[71866,76381],[-20,52],[10,43],[-29,49],[-48,37],[-52,8],[-53,45],[-39,12],[-13,54],[-41,34],[-5,37],[-68,21],[-74,69],[-70,27],[-15,42],[-43,12]],[[71445,78441],[64,-34],[56,40],[22,67],[32,1],[48,70],[11,60],[37,29],[10,45],[-50,33],[-13,43],[-40,38],[-57,17]],[[71565,78850],[-60,70],[-52,-8],[-135,73],[-59,15],[-9,-39],[-47,-23],[-70,35],[-63,0],[-72,28],[-65,-88]],[[70933,78913],[-27,-15],[-55,38]],[[70851,78936],[75,117],[69,69],[111,130],[201,266],[26,28]],[[71518,79402],[-10,-81],[26,-48],[-10,-70],[-22,-24],[13,-49],[34,-29],[80,-7]],[[70648,78673],[53,62],[150,201]],[[70933,78913],[65,-46],[93,41],[43,3],[24,-36],[300,-13],[107,-12]],[[72009,80222],[36,51]],[[72693,80815],[41,33],[47,4],[3,-68],[58,-45]],[[71654,79999],[101,121],[167,272]],[[72884,82473],[-12,-30],[-7,-127],[-32,-58],[5,-105],[34,-93],[-93,-81],[-39,-11]],[[72441,82061],[10,112],[-18,33],[12,80],[-36,37],[-100,45],[-5,34],[22,75],[-40,21],[-28,62],[1,46],[-38,7],[-25,46],[-18,138],[58,112],[-20,117],[10,124],[-46,59],[-88,27],[-34,-59],[-111,-1],[-25,51],[37,122],[-6,114],[36,72],[-23,25],[12,48],[84,79]],[[72565,83690],[47,-5],[71,51],[35,-11],[17,-85],[-30,-26],[14,-63]],[[72209,80957],[101,236],[47,139],[29,109]],[[73480,84161],[94,69],[39,1],[11,-79],[-4,-125],[98,-98],[23,-51],[81,14],[52,-17],[45,75],[128,-49],[43,-33]],[[74090,83868],[-51,-47],[-29,-59],[7,-85],[-48,-33],[-161,-70],[-17,-88],[-40,5],[-66,-33],[-14,33],[-63,69],[-55,25],[-51,-17],[-41,23],[-64,109],[40,54],[-24,31],[-46,-49],[-41,16],[-17,-45],[-57,-21],[-15,-92],[-55,-38],[-30,-88],[-79,-103]],[[74906,84662],[51,-121],[65,5],[-12,-107],[26,-81],[-67,-49],[-22,-64],[-93,-51],[-82,-24],[-25,37],[-71,-23],[-137,29],[-85,4],[-137,-80],[-53,-13],[-48,-49],[-44,-11],[-25,-97],[-57,-99]],[[69829,76600],[56,-3],[-3,-67],[65,-90],[-57,-30],[26,-115],[56,-63],[92,-30],[29,40],[106,34],[54,-105],[87,-19],[88,86],[121,-7],[96,-39],[33,22]],[[70678,76214],[47,-69],[24,-66],[64,-36]],[[70813,76043],[-46,-40],[30,-58],[8,-58],[-39,-40],[39,-103],[1,-94],[47,-23],[-18,-39],[11,-76],[-18,-78]],[[70828,75434],[-44,6],[-71,40],[6,29],[-88,41],[-85,65],[-91,21],[-73,-4],[-90,-26],[-32,-33],[-10,-51],[-87,-36]],[[70163,75486],[-11,90],[23,54],[-68,3],[-29,75],[-72,5],[-71,61],[-80,-12],[-20,37],[-87,9],[-82,26],[-35,46],[-43,-2],[-46,-63],[-59,-33],[13,66],[-139,56],[-20,34],[-109,-48]],[[69228,75890],[-73,-1],[-69,75],[-38,-18],[-127,31],[-22,43],[-151,95],[-33,-5],[-12,-75],[-39,-69],[-77,-46],[-30,2],[-24,52],[-57,55],[-31,-27],[-18,-150],[-61,-22],[-27,31],[-82,26],[-29,36]],[[68228,75923],[112,73],[62,65],[69,90],[7,87],[36,62],[13,90],[47,95],[29,105],[67,48],[-1,44],[31,26],[2,44],[38,12],[76,55],[88,93],[-15,47],[50,78]],[[68939,77037],[136,-64],[115,4],[19,22],[54,-51],[33,-100],[51,-60],[73,-21],[32,-56],[61,-7],[175,2],[58,18],[-2,-108],[85,-16]],[[69203,74019],[-1,-42],[-82,-135],[15,-31],[54,-16],[20,-90],[43,-85],[0,-62],[37,-42],[56,-150],[-58,-78],[20,-74],[-102,12],[-63,17],[-90,4],[-47,-18],[-20,-39],[7,-51],[-25,-24],[21,-66],[-20,-103]],[[68968,72946],[-63,54],[-54,20],[-32,-63],[-41,-28],[-45,36],[-65,17],[-114,-32]],[[68554,72950],[6,83],[-22,118],[32,51],[-17,109],[-90,1],[-13,69],[14,74],[-16,30],[15,113],[-28,94],[-29,37],[78,82],[-22,81],[21,40],[-15,154],[18,57],[-5,49],[-38,32],[-126,-36],[-68,7],[-19,29]],[[68230,74224],[20,32],[66,-12],[18,42],[54,56],[33,8],[99,88],[54,-67],[-12,-100],[44,-50],[-4,-54],[32,-96],[-4,-46],[-50,-45],[-26,-80],[85,-61],[29,-79],[40,-2],[83,25],[13,111],[62,46],[-25,24],[-15,92],[73,47],[-7,38],[39,59],[-21,101],[28,29],[7,73],[-15,45]],[[68930,74448],[76,1],[30,-86],[74,-93],[-4,-93],[88,-76],[9,-82]],[[67447,73218],[37,-76],[115,-67],[37,-52],[-9,-23],[-92,-94],[49,-61],[21,-70],[-16,-40],[13,-55],[-112,-46],[-60,59],[-79,4],[26,-61],[52,-28],[-9,-60],[29,-27],[21,-70],[50,-16],[62,-45],[42,6],[53,-63],[-10,-95],[-21,-37]],[[67646,72201],[-139,20],[-70,-11],[-13,-22],[-17,-154],[-87,9]],[[67320,72043],[-27,30],[-63,13],[-30,66],[-65,54],[-102,23],[-88,-8],[-31,-33],[-105,5],[-59,53],[-51,-5],[-35,-48],[-60,34],[-56,6],[-13,50],[-49,13],[-57,-29],[-29,-48],[-57,9],[-32,57],[-50,34],[94,66],[49,-3],[39,33],[43,-4],[81,35],[-29,37],[34,56],[-16,88]],[[66556,72627],[48,11],[31,75],[80,-29],[85,1],[45,32],[73,-61],[30,50],[56,26],[36,-5],[16,53],[53,94],[7,92],[60,-6],[-1,41],[-137,-14],[-27,-63],[-73,-36],[-7,134],[-72,22],[-45,-10],[-23,39],[71,59],[61,75],[71,-6],[37,15],[49,-45],[46,-116],[26,-22],[109,49],[27,-46],[19,-74],[40,-33],[51,37],[146,25],[-33,48],[-15,58],[-68,41],[-44,59],[63,21]],[[72366,76487],[52,-77],[1,-41]],[[72419,76369],[-104,-49],[-48,-77],[-5,-171],[-29,-74],[-9,-87],[118,-30],[19,-80],[1,-64],[-24,-29],[21,-46],[101,-39],[89,-10],[22,-49],[-50,-84],[14,-35],[68,-12],[33,-47],[42,-13],[52,-115],[-18,-85],[30,-31],[33,-109],[-38,-76],[-50,-18],[-69,9],[-34,-222],[-34,-61]],[[72550,74665],[-80,4],[2,42],[-55,25],[-50,-9],[-70,-52],[-87,45],[-20,-50],[-55,-52],[-53,13],[-54,-31],[-92,13],[-31,-39]],[[71905,74574],[-62,5],[-10,81],[-38,52],[-37,-59],[-63,-14],[-16,-48],[-61,6],[-64,62],[-69,-44],[0,-45],[-72,-41],[-113,19],[-28,-15],[-105,59],[-70,-102],[9,-61]],[[71106,74429],[-54,-73],[-36,94],[-62,61],[-90,-13],[-31,35],[-107,-22],[-55,-1],[-77,47]],[[70594,74557],[36,69],[44,29],[7,59],[-49,37],[19,66],[-18,58],[64,109],[-42,58],[39,53],[-10,30],[35,38],[-3,52],[-33,18],[-2,48],[33,78],[88,31],[26,44]],[[70813,76043],[47,14],[20,58],[137,-15],[33,-37],[106,-8],[108,-72],[43,33],[50,-22],[34,14],[17,70],[38,14],[50,57],[58,33],[58,2],[19,37],[40,12],[53,46],[31,52],[111,50]],[[70678,76214],[3,69],[35,97],[-6,38],[-150,36],[-111,41],[83,74],[-38,92],[-29,16],[8,56]],[[70473,76733],[249,79]],[[70163,75486],[-48,6],[-81,83],[-103,16],[-39,-23],[-166,-1],[-8,45],[-42,-2],[-79,-62],[-5,-48],[-124,-13],[-120,9],[-14,41],[-133,-6],[-51,12],[-29,-31]],[[69121,75512],[-42,46],[31,107],[32,46],[-3,35],[83,82],[6,62]],[[70141,77222],[-47,-18],[-19,-38],[-59,-30],[-43,-58],[-63,-30],[-44,20],[-76,4],[-56,45],[-75,-10],[-46,85],[-69,-31],[-98,-8],[-85,11],[-41,38],[14,79],[-45,9],[42,58],[37,14],[13,57],[52,6],[-3,44],[36,33],[-27,33],[-66,3],[2,38]],[[69375,77576],[179,115],[122,98],[17,26]],[[70163,75486],[-49,-55],[-56,2],[-19,-41],[27,-39],[-32,-79],[14,-52],[-28,-60],[-65,-69],[-72,-8],[-37,-31],[-37,-77],[-53,-41]],[[69756,74936],[-63,15],[-105,73],[-80,10],[-140,-6],[-36,-41],[-5,-43],[-80,-60],[-30,-108],[-97,-43],[-24,93],[8,21],[-27,96],[-61,23],[-39,-27],[-38,11],[-91,-5],[-30,41],[-41,-10],[-73,12],[-6,35],[-60,38],[-11,30],[-94,50],[-15,29]],[[68518,75170],[3,99],[43,36],[72,24],[31,84],[134,12],[26,41],[49,-16],[41,-81],[156,36],[48,107]],[[70473,76733],[-89,6],[-22,26],[-60,-17],[-25,-67],[-62,-35],[-40,7],[-60,-36],[-8,-25],[-87,6],[-40,50],[-70,51],[-81,-99]],[[68939,77037],[75,126],[70,-16],[-6,56],[-25,14],[54,81],[6,92],[-41,62],[28,23],[-39,52],[160,22],[43,-23],[111,50]],[[70594,74557],[-37,-14],[-46,58],[-123,37],[-102,-53]],[[70286,74585],[-31,61],[12,28],[-37,40],[16,36],[-48,63],[-110,-30],[-92,69],[-85,-54],[-145,31],[9,79],[-19,28]],[[68930,74448],[8,88],[-51,76],[-13,43],[-59,87],[-32,84],[-45,31],[-120,133],[-144,138]],[[68474,75128],[44,42]],[[70286,74585],[-54,-67],[-99,-8],[-33,-62],[-17,-91],[35,-40],[10,-84],[-34,-54],[11,-46],[-50,-18],[-111,-183],[37,-33],[-51,-45],[6,-38],[-50,-46]],[[69886,73770],[-60,65],[-62,16],[-37,31],[-30,-15],[-54,55],[-35,-13],[-43,25],[-40,-12],[-20,33],[-50,12],[-28,71],[-41,19],[-97,-10],[-86,-28]],[[68474,75128],[-72,77],[-13,50],[15,68],[-14,59],[13,70],[-5,79],[-54,52],[1,32],[-90,85],[-13,46],[-44,41],[-5,36],[40,65],[-5,35]],[[68554,72950],[12,-38],[-67,-71],[-23,-93],[-26,-37],[-90,5],[-45,-38],[-43,85],[-53,8],[-56,63],[-26,59]],[[68137,72893],[39,37],[-9,94],[-41,64],[-24,145],[-45,36],[-58,-2],[-67,65],[5,30],[-35,56],[-67,-34],[-41,59],[-39,1],[-18,-38],[-77,42],[-113,169],[-103,49]],[[67444,73666],[43,12],[25,-33],[97,-22],[-13,-56],[62,-12],[20,-87],[57,-17],[78,60],[34,-36],[38,75],[47,3],[6,-69],[24,-26],[64,4],[68,29],[33,58],[50,34],[41,-42],[83,32],[35,57],[4,42],[-99,105],[8,93],[48,79],[-11,73],[-82,23],[-1,94],[-27,22],[54,63]],[[66333,72851],[42,-48],[-37,-78],[15,-24]],[[66353,72701],[-6,-42]],[[66347,72659],[-54,-99],[-77,8],[-90,-27],[-9,-21],[-79,-16],[-52,4],[-60,-27],[-45,47],[-33,-13],[-78,-72],[-47,-7]],[[65723,72436],[-28,-3],[-55,41]],[[65640,72474],[-62,91],[21,63],[73,69],[-20,73],[-31,53],[-88,72],[0,41],[56,135],[137,60]],[[65726,73131],[-43,-44],[-3,-57],[22,-77],[108,-33],[-17,145],[99,13],[-22,-88],[13,-61],[-49,-130],[61,-76],[90,-31],[52,36],[52,-25],[99,18],[89,57],[56,73]],[[67320,72043],[5,-36],[-67,-48],[-7,-48],[-47,-63]],[[67204,71848],[-71,-10],[-58,29],[-41,-50],[-60,4],[-31,22],[-43,-46],[-51,-27],[-125,39],[-47,46],[-36,-5],[-99,66],[-30,-19],[-69,39],[-86,10],[-100,-20],[-44,42],[-237,16]],[[65976,71984],[-36,18],[21,80],[-33,65],[25,34],[-16,63],[-32,29],[-56,10],[-23,-23],[-55,35],[27,39],[-50,38],[-25,64]],[[66347,72659],[81,15],[128,-47]],[[66333,72851],[80,31],[10,49],[70,70],[125,47],[44,-22],[18,-103],[-74,36],[-104,-77],[38,-76],[-30,-18],[-41,-77],[-116,-10]],[[67447,73218],[31,13],[36,-62],[61,-5],[45,49],[1,42],[47,27],[-20,135],[-39,-10],[-16,39],[-46,-18],[-38,29],[63,70],[-83,53],[-6,56],[-39,30]],[[68137,72893],[-38,0],[-9,-59],[-43,-122],[-39,-39],[-3,-62],[-30,-35],[-2,-92],[-17,-47],[9,-106],[-60,-17],[-51,-60],[-12,-106],[-137,-56],[-53,40],[-6,69]],[[82355,75138],[-132,-136],[16,-44],[-41,-193],[30,-15],[-36,-55],[-88,-93],[19,-56],[-58,-135],[-58,-57],[-5,-144],[98,-64],[24,-39]],[[82124,74107],[39,-81],[-25,-41],[-48,-11],[63,-129],[50,-126],[-114,-61],[-62,-43],[1,-103],[48,-5],[4,-87],[-101,-58],[0,-35],[83,-71],[65,-16],[36,-118],[-39,-52],[46,-26],[32,-60],[43,-8],[10,-46],[44,-64]],[[82299,72866],[-72,-19],[-82,-70],[-97,17]],[[82048,72794],[-35,46],[-6,42]],[[82007,72882],[-30,62],[6,55],[35,54],[-66,37]],[[81952,73090],[1,40],[-81,134],[-46,25],[14,53],[-17,87],[-28,24],[-2,53]],[[81793,73506],[-30,33],[16,53],[-20,53],[31,33],[-52,46],[-23,-28]],[[81715,73696],[-42,111],[31,61],[-2,38],[-52,99],[-7,75],[54,42],[38,-5],[32,82],[63,44],[24,46],[-21,43],[-40,12],[6,65],[-64,8],[-13,81],[34,96],[20,23],[-12,54]],[[81764,74671],[6,42],[35,32],[2,101],[125,-1],[23,20],[29,82],[71,29],[28,73],[60,12],[5,55]],[[82148,75116],[67,-3],[43,30],[97,-5]],[[83376,72795],[7,-41],[38,-35],[9,-49]],[[83430,72670],[-105,-90],[-79,-15],[-74,48],[-23,-94],[-33,-34]],[[83116,72485],[22,-36],[-6,-72],[127,-64],[-27,-109],[184,-118],[-6,-22]],[[83410,72064],[-61,3],[-88,-42],[-63,-62],[-33,15],[-85,1],[-360,-88]],[[82720,71891],[-2,42],[16,154],[-30,183],[118,124]],[[82822,72394],[43,57],[27,126],[32,68],[6,75],[45,-7],[6,70],[69,107],[45,30],[21,50]],[[83116,72970],[67,-3],[18,-29],[58,-11],[18,-37],[-18,-58],[35,-60],[82,23]],[[83376,72795],[-13,112],[7,28],[56,28],[-64,44],[-30,44],[-49,28],[-30,-9],[-116,15]],[[83137,73085],[-47,47],[-10,89]],[[83080,73221],[62,22],[38,36],[101,14],[133,-60],[181,49],[31,42],[52,9],[85,73],[53,21],[18,-52],[36,-31],[2,-109],[33,-32],[60,11],[32,27],[160,24]],[[84157,73265],[12,-48],[54,-63],[4,-47],[48,-29],[-17,-34]],[[84258,73044],[-63,-7],[-35,-27],[-7,-66],[-33,-28],[-94,-24],[-29,6],[-16,-79],[-21,-26],[-104,-64],[-40,-5],[-55,-60],[-1,-66],[-28,-102]],[[83732,72496],[-83,-49],[-35,1]],[[83614,72448],[-36,24],[-54,109],[-9,51],[-30,40],[-55,-2]],[[83154,75065],[-49,-68],[-7,-68],[-69,-36],[-27,-63],[8,-110],[-9,-91],[13,-44],[-68,14],[-173,1],[-8,-33],[32,-42],[-18,-84],[-97,-70],[-14,-71],[-53,-52],[5,-40],[-49,-97],[59,-24],[-18,-86],[29,-59],[-81,-69],[35,-27],[5,-48]],[[82600,73798],[-150,-15],[-69,12],[32,76],[-84,25],[-44,59],[-161,152]],[[82355,75138],[78,-26],[35,74],[17,79],[32,12],[84,88],[110,-3]],[[83080,73221],[-32,-14]],[[83048,73207],[-34,31],[-10,68],[-64,7],[7,42],[-37,77]],[[82910,73432],[64,28],[12,37],[63,12],[53,37],[58,-8],[28,48],[51,-3],[26,42],[83,85],[0,75],[-19,75],[68,102],[-25,84],[0,80],[25,100]],[[83397,74226],[41,24],[75,14],[24,20],[104,17],[90,-10],[101,-41],[15,-30],[108,-53],[28,-56]],[[83983,74111],[-18,-48],[50,-28],[28,-70],[60,-45],[-11,-42],[40,-34],[104,-20],[28,-84],[-61,-105],[39,-30],[21,-102],[100,-30],[80,31],[22,-7],[11,-185],[-136,-13],[-75,-24],[-31,21],[-77,-31]],[[81513,74476],[72,7],[29,-21],[-6,-87],[-39,-96],[3,-43],[-52,-63],[-69,-48],[-73,27],[-48,-100],[36,-82],[45,-67],[31,-17]],[[81442,73886],[-38,-25],[-56,-2],[-112,-43],[-84,-21],[-48,17],[-68,56],[-57,-16],[-139,77],[-79,0],[-12,-50],[-91,-24],[-79,27],[-31,29],[-40,113],[-61,75]],[[80447,74099],[117,2],[74,67],[8,41],[88,116],[124,53],[-46,69],[41,25],[136,25],[15,-45],[38,7],[42,44],[45,-37],[44,-96],[72,-108],[47,67],[97,42],[59,59],[6,30],[59,16]],[[81442,73886],[59,-38],[26,-114],[13,-124],[22,0]],[[81562,73610],[6,-63]],[[81568,73547],[-21,-75],[19,-78],[-28,-84],[-25,-18],[-23,-65]],[[81490,73227],[-88,-59]],[[81402,73168],[-22,55],[-48,36],[-78,18],[-66,-18],[-87,23],[-3,38],[-66,41],[-36,-27],[-97,8],[-27,24],[-46,-54],[-108,24]],[[80718,73336],[-51,6],[-16,83],[-40,35],[-74,-49],[-28,33],[22,43],[11,72],[-18,42],[22,29],[-24,45],[-136,17],[-40,-17],[-120,12],[-69,30],[-68,-27]],[[80089,73690],[-51,-9]],[[80038,73681],[-56,71],[-13,54],[-64,51],[3,148],[-14,40],[-54,60],[5,45],[82,55],[168,165]],[[80095,74370],[25,-47],[0,-49],[40,-38],[111,-30],[10,-31],[119,-80],[47,4]],[[81764,74671],[-52,9],[-50,31],[-78,-53],[-16,-89],[-55,-93]],[[80095,74370],[37,30],[-63,50],[-101,108],[-37,-7]],[[79931,74551],[-69,61],[14,56],[94,100],[-12,44],[17,57],[31,35],[74,129],[31,119],[29,40],[55,22],[82,-63],[44,-70],[57,-36],[49,49],[77,130],[87,95],[38,76],[55,72],[16,99],[78,62],[2,39]],[[80780,75667],[53,90]],[[80833,75757],[59,-1],[47,-31],[175,-47],[100,-49],[58,-82],[-36,-57],[-16,-74],[52,-92],[32,2],[59,-46],[55,16],[40,-15],[41,95]],[[81499,75376],[42,48],[82,-2],[42,-26],[84,2],[45,26],[55,-10],[64,-38],[23,36],[60,8],[53,-54],[51,-7],[-27,-57],[-2,-135],[21,-30],[56,-21]],[[81715,73696],[-58,-57],[5,-55],[-100,26]],[[82600,73798],[29,-1],[24,-96],[30,-54],[76,-19],[8,-35],[88,-67],[53,-6],[2,-88]],[[83048,73207],[-9,-58],[-47,-14],[-91,3],[-58,-34],[-115,-44],[-29,-24],[-171,-59],[-51,-37],[-41,-52],[-137,-22]],[[84819,73855],[-74,-108],[51,-83],[-18,-113],[53,-53],[-23,-134],[-41,-49],[33,-38],[3,-116],[-86,-82]],[[84717,73079],[-120,-38],[-57,31],[-70,-23],[-40,13],[-163,-26],[-9,8]],[[83983,74111],[105,29],[105,140]],[[83411,75042],[-1,-74],[15,-38],[-22,-58],[-52,-53],[46,-48],[-16,-61],[32,-15],[26,-135],[-27,-22],[-239,-18],[12,-73],[45,-64],[91,-39],[36,-51]],[[83357,74293],[10,-47],[30,-20]],[[81952,73090],[-56,-36],[-74,4],[-114,54],[28,141],[-44,33],[-52,-34],[-150,-25]],[[81568,73547],[28,-1],[22,-83],[62,-3],[6,46],[54,12],[53,-12]],[[82007,72882],[-139,-10],[-59,-17],[-110,28],[-51,-26],[-13,-38],[-98,7],[-50,-39],[19,-31],[-110,-91],[-72,-3],[-10,-41],[-76,-60],[-2,63],[38,50],[-2,40],[-37,44]],[[81235,72758],[85,49],[24,33],[-11,53],[-75,25],[6,75],[63,0],[6,40],[45,67],[24,68]],[[80718,73336],[-82,-70],[-42,-114],[40,-59],[120,-24],[-9,-169],[23,-27],[15,-83],[39,-32],[7,-70],[37,-12],[40,-51]],[[80906,72625],[-28,-74],[4,-115],[78,-58],[12,-32],[55,-47],[12,-34],[65,-34],[-26,-119],[-67,-10],[-58,-48],[9,-86],[-8,-61],[-32,-62],[-84,-42],[-109,62],[-42,-56],[2,-56],[-39,-92]],[[80650,71661],[-58,4],[-113,-67],[-34,-1],[-58,-78],[-47,20],[-35,45],[-62,13],[-48,96],[43,44],[-31,126],[1,33],[-100,49],[42,107],[31,19],[2,55],[61,48],[7,151],[-21,86],[-37,16],[-21,44],[10,60],[38,15],[23,64],[13,190],[45,52],[-33,83],[-28,24],[15,76],[-4,64],[-38,17],[-40,50],[-27,147],[22,31],[-15,86],[-26,7],[2,102],[-41,32],[21,82],[-20,37]],[[82048,72794],[-41,-60],[7,-77],[-69,-57],[6,-171],[-11,-11]],[[81940,72418],[-23,-31],[-96,-42],[-18,-52],[-52,-59],[-73,-47],[-3,-46],[24,-78],[-40,-69]],[[81659,71994],[-41,-7],[-67,-66],[1,-35],[-62,-22],[-14,-51],[-59,-35],[-13,-44],[15,-98],[-10,-63],[-28,-23],[-118,-7],[-16,52],[-109,-13],[-46,-38],[-32,11],[-47,-61],[-112,-30],[-58,24]],[[80843,71488],[-9,34],[-68,83],[-40,-16],[-35,18],[-41,54]],[[80906,72625],[45,23],[21,41],[35,4],[64,53],[62,16],[78,-35],[24,31]],[[81659,71994],[13,-18],[0,-194],[22,-29],[1,-67],[-50,-55],[-70,-53],[21,-111],[29,-80],[-7,-80],[-32,-55],[34,-43],[32,-145],[29,-58],[-26,-42],[30,-102],[-56,-10]],[[81629,70852],[-27,-4],[-26,-61],[-32,-19],[-27,-60],[-50,-52],[-38,37],[-121,34],[-23,-8],[-135,13],[-63,110],[-60,34],[-46,-17],[-42,124],[6,32],[-30,136],[-42,49],[-58,103],[-1,128],[29,57]],[[84717,73079],[11,-72],[-52,-73],[-51,-32],[-45,-63],[-103,-17]],[[83802,72437],[-70,59]],[[83116,72970],[-20,83],[41,32]],[[83614,72448],[-43,-50],[-150,-37],[-33,42],[33,42],[-77,42],[-13,-69],[-70,-33],[-145,100]],[[83693,72131],[-71,-27],[-78,-63],[-76,-30],[-58,53]],[[82720,71891],[-31,16],[-127,-17],[-10,-19],[-95,-12],[-49,223],[-41,35],[-128,0]],[[82239,72117],[25,15],[41,103],[68,23],[-29,72],[2,70],[-24,44],[53,179],[43,39],[111,23],[64,42],[55,7],[75,-45],[-41,-155],[43,-5],[69,-36],[28,-99]],[[82239,72117],[-156,-33],[-60,245],[-48,32],[-35,57]],[[83357,74293],[36,8],[81,81],[8,43],[78,35],[28,-18],[126,33],[64,68],[90,-62],[77,-12],[101,6]],[[79359,81248],[-1,-35],[60,-89],[7,-42],[-34,-55],[17,-135],[138,23],[-25,-57],[13,-77],[36,-58],[56,-35]],[[79626,80688],[2,-50],[172,-74],[29,-42],[83,-56],[110,-23],[83,76],[105,-11],[48,54],[20,57],[-12,37],[96,-6],[71,27]],[[80433,80677],[56,0],[19,-43],[0,-97],[13,-19]],[[80521,80518],[-49,-36],[-61,-2],[2,-43],[-37,-32],[0,-98]],[[80376,80307],[-136,-302],[58,-20],[102,-98],[8,-54],[56,-37],[28,-49],[15,-109],[-4,-59],[56,-39],[-37,-48],[2,-57]],[[80524,79435],[-92,-115],[-62,30],[-24,-13],[-58,-138],[-87,16],[-55,-39],[-52,29],[-50,-40],[-105,21]],[[79939,79186],[-2,75],[-64,128],[-84,36],[-19,66],[-101,-12],[-80,6],[-24,-46],[-68,-57],[-69,-15],[-110,27],[-79,-25],[-51,17],[-53,-19],[-22,-85],[9,-42],[-46,-56],[-29,-128],[50,-18]],[[79097,79038],[-176,-49],[-149,-123]],[[78772,78866],[-45,4],[-48,41],[-44,75],[12,34]],[[78647,79020],[20,33],[-5,70],[41,29],[15,71],[-48,43],[-41,2],[-52,-46],[-47,18],[2,31],[-64,87],[-7,73],[45,58],[49,158],[32,70]],[[78587,79717],[56,2],[55,56],[94,-16],[27,-30],[85,25],[5,84],[-25,57],[20,68],[-9,34],[53,100],[-34,36],[-119,39],[-34,40],[-27,-30],[-55,29],[-21,-22],[-55,19],[-128,-95],[-54,29]],[[78421,80142],[39,129],[-13,76],[44,39],[54,161],[41,68]],[[78586,80615],[62,79],[-3,44],[79,99],[-1,64],[36,28],[13,61],[64,104],[40,34],[34,61]],[[79307,78303],[-6,-72],[-60,-99],[29,-148],[-6,-34],[53,-27]],[[79317,77923],[-50,-163],[7,-88],[52,-70],[-19,-68],[58,-47],[12,-41],[52,-4],[24,-67],[67,-47]],[[79520,77328],[50,-44],[-19,-70],[2,-109],[27,-43],[-18,-65]],[[79562,76997],[-103,-26],[-22,9],[-82,-41]],[[79355,76939],[-55,-4],[-125,73],[-44,-44],[-17,-84]],[[79114,76880],[-63,0],[-35,18],[-128,13],[-104,34],[-55,-52],[-8,123],[-17,14],[-89,-8],[-33,-116],[-68,-54],[-18,7],[38,93],[-39,29],[-36,-33],[0,-66],[-37,-8],[-86,-105]],[[78336,76769],[-41,23],[33,40],[-40,38]],[[78288,76870],[47,102],[10,51],[29,25],[-18,86],[-38,14],[-80,-23],[-87,-49],[-65,-54],[-33,-59],[-51,-10],[-82,-56],[-19,-35]],[[77901,76862],[-86,-99],[-46,-119],[-40,-73],[-76,-72],[-46,-10]],[[77607,76489],[-40,-33],[-25,-52],[-34,-23],[7,-138],[-75,-87],[-16,-50],[-83,-103]],[[77341,76003],[-44,29],[-73,14],[-70,-41],[-58,19],[-17,36],[-109,49],[-105,-53],[-31,44],[-40,4]],[[76794,76104],[-6,109],[37,35],[8,46],[36,24],[-29,116],[-60,-13],[-21,32],[-107,49],[-113,135],[51,131],[-30,45],[26,44],[43,23],[0,33],[51,39],[71,30],[20,50],[-21,40],[21,76],[-74,32],[-31,54],[-11,92],[53,13],[35,52],[35,91],[50,37],[46,90],[61,59],[13,39],[99,68],[-5,47],[33,52],[-22,27],[9,118],[-22,18],[-4,70]],[[77036,78107],[69,-25],[115,4],[35,113],[28,44],[43,15]],[[77326,78258],[74,-74],[19,2],[43,-74],[6,-135],[-35,-100],[-2,-55],[24,-56],[77,-38],[23,-41],[197,7],[30,47],[46,-51],[5,-101],[-45,-65],[25,-53],[90,10],[31,-14],[32,38],[50,-2],[74,-43],[102,-13],[89,13],[11,22],[172,22],[60,85],[40,90],[31,33],[7,56],[59,42],[87,28],[29,39],[-45,80],[-58,-3],[-55,45],[51,103],[-22,22],[14,97],[21,30],[46,1],[17,42],[43,34],[59,4]],[[78848,78332],[39,-35],[80,8],[30,21],[145,7],[21,16],[106,-55],[38,9]],[[80993,78701],[-224,-26],[-60,-61],[-8,-87],[-85,-47],[-11,-33],[-95,-90],[-62,-3],[-15,-33],[26,-47],[65,-55],[58,-17],[4,-59],[-23,-79],[-54,-74],[-52,-23]],[[80457,77967],[-37,23],[-43,-101],[11,-110],[-12,-15]],[[80376,77764],[-39,-11],[-22,50],[-44,21],[-40,-20],[-63,-98],[14,-171],[-64,-27],[-3,-51],[-64,-96],[-63,-6],[-118,11],[-62,-39],[-61,-7],[-44,42],[-63,12],[-47,33],[-28,-8],[-45,-71]],[[79317,77923],[63,35],[78,66],[34,-38],[84,83],[-8,71],[77,51],[55,101],[-25,78],[6,60],[-68,18],[-68,48],[-48,8]],[[79497,78504],[-11,63],[21,48],[-16,82],[38,17]],[[79529,78714],[37,9]],[[79566,78723],[59,-27],[136,-110],[77,28],[160,32],[27,21],[170,25],[6,68],[-44,82],[-67,49],[10,95],[-46,21],[-12,48],[-93,66]],[[79949,79121],[-10,65]],[[80524,79435],[64,-27],[54,-55],[94,24],[22,51],[136,34],[49,-6],[22,-29],[88,-48]],[[79355,76939],[-35,-68],[88,-53],[12,-79],[-38,14],[-49,-22],[-42,25],[-36,-209],[30,-140],[-2,-83],[60,-67]],[[79343,76257],[-38,-135],[-59,-69],[-81,18],[-77,-54]],[[79088,76017],[-67,13],[-27,-23],[-70,21],[-28,-18],[-48,33],[29,43],[14,112],[37,79]],[[78928,76277],[48,57],[-17,50],[23,55],[61,43],[-5,70],[12,113],[60,161],[4,54]],[[77968,73497],[-34,-34],[-8,-56],[42,-47],[-33,-75],[-8,-60],[15,-40],[73,-54],[5,-47],[63,-6],[114,-97],[54,-27]],[[78251,72954],[-77,-117],[-1,-79],[105,-12],[-28,-60],[-4,-66],[52,-58],[70,-29],[63,-1],[18,-30],[-11,-91],[27,-38],[115,-38],[34,-35],[67,55],[23,36],[-11,41],[134,207],[1,43]],[[78828,72682],[17,37]],[[78845,72719],[59,-26],[91,-92],[53,-28],[47,-79],[56,31],[21,40],[40,21],[49,57],[67,29],[59,-70],[67,-9],[69,-119]],[[79523,72474],[-6,-54],[25,-66],[-13,-45],[96,-38],[-26,-94],[50,-11],[42,-51],[-7,-51],[-29,-40],[-23,-90],[-62,-27],[-28,17],[-47,-20],[-79,-69],[-19,-89],[-47,-12]],[[79350,71734],[-85,57],[-52,1],[-56,-75],[-69,-18],[8,-42],[-67,-36],[8,-55],[-46,-67]],[[78991,71499],[-69,21],[-71,-17],[-51,-59],[-47,4],[-32,-56],[-81,-7],[-40,-43],[-78,-6],[-24,-96],[-32,-38],[-62,0],[-60,23]],[[78344,71225],[2,93],[23,52],[-113,84],[-39,-24],[-42,34],[7,55],[-22,44],[-88,33]],[[78072,71596],[33,-1],[16,49],[81,-21],[88,24],[57,-13],[110,97],[37,46],[10,105],[-65,-28],[-118,105],[15,38],[-35,42],[-87,13],[-21,58],[-87,62],[-56,14],[-69,55],[-52,21]],[[77929,72262],[-98,36],[-73,-9],[-23,-40],[-45,9]],[[77690,72258],[-19,6],[-36,117],[12,18],[3,107],[-52,-24],[-42,36],[-71,156],[-11,61],[59,36],[21,63],[-18,24],[-123,41],[-43,102],[-27,96],[-52,9]],[[77291,73106],[-19,52],[7,45],[33,44],[48,15],[68,48],[-28,82],[75,91]],[[77475,73483],[42,-3],[84,44],[34,49],[91,26],[45,46],[80,107]],[[77851,73752],[46,-47],[-7,-28]],[[77890,73677],[45,-42],[9,-92],[24,-46]],[[79343,76257],[139,76],[85,95],[-20,72],[67,-2],[4,77],[102,1],[68,15],[0,79],[-28,47]],[[79760,76717],[133,1],[-6,-40],[50,-55]],[[79937,76623],[-32,-42],[-10,-62],[-57,-13],[-38,-172],[-2,-40],[-89,-116],[16,-60],[-9,-83],[-114,-35],[9,-40],[-74,-85],[-38,-23],[-14,-73]],[[79485,75779],[-72,-49],[-39,2],[-28,-46]],[[79346,75686],[-37,2],[-29,-65],[-79,-26],[-79,47],[-46,56]],[[79076,75700],[57,17],[12,59],[-15,160],[-45,13],[3,68]],[[80376,80307],[38,-8],[135,11],[80,-37]],[[80629,80273],[36,-130],[42,-87],[125,-25],[17,18],[75,-19],[33,-69],[89,-31],[11,-27],[88,-39],[60,-46]],[[81547,78568],[-54,-30],[-20,-106],[-57,-30],[-104,-209],[127,-25],[-35,-108],[18,-21],[-2,-101]],[[81420,77938],[-28,-29],[38,-79],[-40,-29],[-39,8],[-53,-50],[-68,-39],[-153,8],[7,55],[-60,40],[-74,-15],[-34,21]],[[80916,77829],[-35,34],[-36,91],[-49,54],[19,48],[74,5],[4,88],[26,28],[-8,50],[67,76],[74,-6],[135,85],[31,86],[72,86]],[[80038,73681],[-39,-59],[-41,-20],[-6,-88],[20,-63],[-53,-82],[-7,-43],[-54,-99],[-60,54],[-57,-2],[-54,-66]],[[79687,73213],[-29,35],[-81,31],[-24,72],[-79,48],[-52,94],[22,77],[-18,127],[-52,51],[-34,113],[-31,41],[-13,95],[-82,59]],[[79214,74056],[13,30],[-17,106],[7,57],[-51,39],[-2,31],[-47,63],[12,38],[-28,38],[-56,35],[-33,-3],[-112,48],[-110,11],[-43,-73],[-38,1],[-26,53]],[[78683,74530],[-70,-45],[-117,49],[-81,19],[-146,18],[-66,121],[-32,15],[-178,1]],[[77993,74708],[-22,44]],[[77971,74752],[67,64],[53,90],[-1,131],[38,10],[11,52]],[[78139,75099],[54,23],[56,-45],[51,9],[-55,84],[5,56],[51,88],[116,-26],[68,14],[27,37]],[[78512,75339],[121,-47]],[[78633,75292],[-26,-51],[-32,27],[-33,-83],[104,-36],[-22,-57],[-44,-18],[-27,48],[-35,-46],[-118,-12],[44,-43],[81,-5],[89,-30],[42,96],[97,-72],[53,61],[6,74],[21,21]],[[78833,75166],[67,14],[28,26],[132,65],[78,132],[44,24],[43,-27],[98,106],[44,103],[-21,77]],[[79485,75779],[61,-21],[48,-51],[87,-59],[-20,-74],[73,-58],[43,-107]],[[79777,75409],[26,-27],[-23,-49],[25,-89],[35,-9],[-17,-68],[28,-20],[-28,-51],[53,-27],[6,-33],[-62,-83],[19,-74],[-27,-63],[-17,-143],[27,-92],[54,-30],[55,0]],[[79214,74056],[-74,-29],[-20,-49],[3,-106],[-46,-49]],[[79077,73823],[-45,50],[-69,-10],[-83,42],[-64,-27],[-38,63]],[[78778,73941],[-8,39],[-70,-24],[-41,26],[-20,54],[-91,0],[-117,36],[-174,-78],[-108,71],[-40,-14],[-136,58],[-41,31]],[[77932,74140],[-60,61],[-5,102],[50,69],[-26,166]],[[77891,74538],[2,12]],[[77893,74550],[46,-16],[56,-59],[59,-21],[37,-39],[54,0],[11,-74],[39,19],[41,-24],[190,14],[96,-4],[181,8],[-27,65],[7,111]],[[80433,80677],[53,116],[-22,60],[15,51],[-17,40],[-103,29],[-3,94],[9,61],[-26,73],[-2,53]],[[80337,81254],[47,21],[49,-5],[37,-43],[1,-53],[36,-40],[49,3],[37,-75],[154,-17],[27,34],[-29,89],[52,94],[109,-66]],[[80906,81196],[69,-2],[-13,-108],[9,-50],[37,-20]],[[81008,81016],[5,-55],[-93,-108],[55,-75],[-22,-70],[-30,-14],[6,-53],[28,-30],[-11,-93],[40,-98],[31,-40]],[[81017,80380],[-55,-19],[-100,26],[-41,25],[-66,-58],[-38,11]],[[80717,80365],[-40,68],[16,52],[-65,59],[-69,-2],[-38,-24]],[[77638,80161],[47,-47],[59,-10],[96,-40],[25,-46],[70,-42],[35,-76],[-4,-60],[57,1],[13,48],[113,0],[51,-10],[3,82],[75,39],[71,6],[5,30],[64,26]],[[78418,80062],[49,-92],[-27,-68],[4,-33],[71,-77],[-2,-42],[74,-33]],[[78647,79020],[-33,28],[-52,-20],[12,-33],[-68,-63]],[[78506,78932],[-45,17],[-103,12],[-57,-9],[10,-87],[22,-76],[-51,-19],[-36,-42],[-39,12]],[[78207,78740],[-67,-24],[-64,55],[-70,-1],[-58,-26],[-17,66],[-64,-29],[22,-56],[-7,-94],[-19,-25],[-56,9],[-67,-43],[-50,9],[-19,-26],[-68,-7]],[[77603,78548],[-37,49],[-104,43],[-81,-93],[16,-78],[-44,-84],[15,-53],[-42,-74]],[[77036,78107],[-53,8],[-58,78],[-28,60],[-101,38],[-67,11],[1,113]],[[81616,82468],[-8,-66],[-37,-66],[-81,-54],[-24,-73],[13,-45]],[[81479,82164],[-46,-18],[-120,-2],[-105,-112],[-54,-24],[13,-44],[-64,-16],[0,-74],[-19,-21],[2,-76],[37,17],[16,-83],[43,-12],[20,-60],[110,-93]],[[81312,81546],[-81,-48],[-39,8],[-87,-28],[-83,22],[-22,-34],[-32,-110],[-63,-12],[67,-67],[-33,-13],[-33,-68]],[[80337,81254],[-5,27]],[[79937,76623],[91,-15],[94,33]],[[80122,76641],[67,-61],[-5,-38],[108,-24],[43,-31],[59,23],[47,97],[32,37]],[[80473,76644],[100,4],[25,-22]],[[80598,76626],[-5,-46],[17,-60],[33,-42],[1,-104],[59,-47],[13,-85],[27,-6]],[[80743,76236],[13,-79],[31,-107]],[[80787,76050],[17,-91],[36,-51],[14,-76],[-21,-75]],[[80833,75757],[-115,20],[-153,-12],[-52,20],[-328,35],[-82,21],[-88,0],[-9,-51],[-91,-17],[-63,6],[-19,-42],[78,-96],[26,4],[100,-83]],[[80037,75562],[-92,-7],[-58,-30],[-27,32],[-83,-148]],[[78928,76277],[-31,8],[-111,-65],[-107,63],[-46,3],[-4,58],[-58,-14],[-4,-54],[-54,-24],[-1,-43],[-64,-49],[-46,-1],[-39,-63],[29,-41],[-81,-84],[-45,-22],[-39,-61],[-13,-60],[-27,-15],[-21,-56],[-53,-21],[-27,-61],[-37,-10],[-40,-57],[-12,-65],[30,-60],[88,-27],[35,-76]],[[78150,75380],[-36,-37],[-22,-101],[51,-83],[-4,-60]],[[77971,74752],[-42,99],[-39,15],[8,108],[-31,15],[12,121],[50,58],[-8,57],[-52,70],[11,101],[-28,76]],[[77852,75472],[1,59],[-33,153],[27,60],[32,24],[-9,43],[21,115],[-4,113],[17,86],[-5,55],[25,105]],[[77924,76285],[62,4],[63,60],[10,49],[58,26],[35,77],[63,33],[8,38],[147,152],[-34,45]],[[81916,77007],[-71,17],[-72,-2],[-116,-19],[-103,-4],[-57,8],[-70,70],[-61,-66],[-58,2],[-66,-25],[-81,12],[-73,-68],[-51,-11],[-65,-53],[-94,-45],[-75,-78],[-57,-41],[-55,8],[-93,-86]],[[80473,76644],[-1,103],[-51,63],[-17,61],[-32,18],[5,70],[-17,26],[11,86],[38,97],[-3,39],[33,47],[45,164],[61,76],[82,60],[39,49],[-4,68],[22,125]],[[80684,77796],[75,38],[63,8],[57,-52],[37,39]],[[81420,77938],[23,-19],[-9,-56],[62,-2],[21,-39],[68,8],[57,-90],[91,14],[82,-38],[115,16]],[[81930,77732],[107,-24]],[[79949,79121],[-10,-39],[-70,-43],[-54,-16],[-16,-76],[-63,-1],[43,-57],[-45,-53],[-134,-59],[-34,-54]],[[79529,78714],[-19,77],[-62,65],[-21,56],[-46,35],[-45,8]],[[79336,78955],[-47,36],[-14,61],[-68,4],[-71,27],[-39,-45]],[[80684,77796],[-25,96],[19,58],[-54,26],[-33,-87],[-155,12],[21,66]],[[77603,78548],[7,-57],[80,-63],[26,34],[50,-4],[30,-28],[46,17],[135,-23],[15,-51],[42,0],[90,68],[88,-67],[12,-26]],[[78224,78348],[20,-10],[62,-87],[106,47],[-36,118],[31,28],[29,80],[62,29]],[[78498,78553],[21,-55],[-13,-69],[47,-43],[77,-7],[38,68],[81,61]],[[78749,78508],[9,-36],[53,-66],[31,-6],[6,-68]],[[80743,76236],[72,45],[-5,81],[23,22],[52,-40],[63,39],[51,13],[35,43],[85,48],[93,100],[57,24],[14,43],[56,70],[25,-4],[20,-67],[31,-43],[61,11],[59,-27],[34,65],[43,5],[61,-31],[74,23],[100,-73],[37,1],[58,-32]],[[81942,76552],[5,-58],[-56,-23],[-61,-58],[-94,9],[-95,-32],[-45,10],[-59,-79]],[[81537,76321],[-67,-77],[-5,-65]],[[81465,76179],[-27,-7],[-38,80],[-55,22],[-16,-68],[-38,-55],[-66,-59],[-200,1],[-110,-49],[-128,6]],[[81499,75376],[-4,44],[-35,50],[0,72],[-16,45],[-5,86],[110,61],[-40,114],[38,21],[53,-78],[32,60],[60,-4],[26,37],[98,22]],[[81816,75906],[47,-19],[129,20],[49,-25],[121,13],[20,-25],[100,-11],[64,37],[31,-21],[43,15],[80,-3]],[[81465,76179],[60,6],[-1,-55],[43,-39],[55,-2],[73,-33],[67,-69],[33,-7],[21,-74]],[[81537,76321],[31,-17],[102,-16],[71,-54],[89,-5],[16,-35],[130,-38],[108,-12],[116,-25]],[[81942,76552],[82,-5],[10,17],[136,-21],[26,-24]],[[81930,77732],[-24,66],[-59,46],[-61,69],[-4,38],[41,47],[-38,22],[-64,-3],[-106,24],[17,75],[-43,94],[-4,80],[-33,161],[64,72]],[[80122,76641],[84,71],[53,62],[77,127],[6,80],[34,130],[6,135],[-8,93],[47,105],[39,59],[-17,41],[-43,31],[3,60],[-27,129]],[[79307,78303],[-33,41],[-49,127],[43,38],[131,17],[83,-49],[15,27]],[[79760,76717],[-58,46],[-7,50],[-32,42],[-65,26],[-4,93],[-32,23]],[[80037,75562],[77,-59],[100,96],[95,20],[95,84],[95,23],[78,-25],[203,-34]],[[79076,75700],[-15,-39],[-82,-77],[-69,43],[-56,4],[-2,-56],[-60,19],[-65,-24],[-32,32],[-114,59],[-71,-69],[-71,-40],[-19,-33],[-62,-3],[-58,-50]],[[78300,75466],[-40,-19],[-13,-63],[-97,-4]],[[78833,75166],[-10,109],[-151,23],[-39,-6]],[[78512,75339],[-25,-1],[-99,74],[-88,54]],[[77851,73752],[1,62],[20,56],[-11,45],[55,68],[-11,61],[27,51],[0,45]],[[78778,73941],[-27,-5],[-14,-81],[-22,-25],[-62,37],[-49,-124],[-43,-8],[-63,35],[-52,-96],[-47,14],[-35,-36]],[[78364,73652],[-65,-27],[-53,4],[-43,25],[-16,52],[-118,23],[-5,-37],[-57,-47],[-50,29],[-67,3]],[[79077,73823],[16,-190],[-42,-56],[-39,-90],[-57,-45],[-50,-61]],[[78905,73381],[-31,55],[-38,23],[-93,-15],[-56,-33],[-102,46],[-46,-43],[-83,66],[-62,69],[0,100],[-30,3]],[[77893,74550],[-24,52]],[[77869,74602],[108,73],[16,33]],[[78905,73381],[-48,-80],[63,-66],[-4,-28],[72,-57],[-4,-53],[-24,-29]],[[78960,73068],[-15,45],[-89,56],[-91,100],[-46,-12],[-48,-37],[-93,-17],[-81,56],[-36,-27]],[[78461,73232],[-63,34],[-25,44],[-148,90],[-61,2],[-138,30],[-58,65]],[[78461,73232],[-73,-14],[-42,-47],[-42,-137],[-51,-78]],[[78253,72956],[-2,-2]],[[78066,71568],[-15,-38],[-74,-39],[-43,1],[-79,-62],[-28,23],[-128,-141],[-22,-121],[-57,-12],[-43,-60],[-96,-24],[-46,-43]],[[77435,71052],[-53,-12],[-21,20]],[[77361,71060],[37,-4],[55,77],[-26,53],[26,18],[12,85],[24,15],[14,107],[-43,68],[-122,-7],[-38,31],[-110,31]],[[77190,71534],[5,41],[59,54],[-6,88],[12,40]],[[77260,71757],[95,21],[64,35],[22,63],[67,-3],[43,64]],[[77551,71937],[48,-39],[8,-43],[85,-53],[37,30],[38,88],[85,76],[37,78]],[[77889,72074],[10,-71],[103,-124],[16,-67],[59,-40],[-61,-109],[21,-67],[29,-28]],[[77690,72258],[-61,-78],[-122,-73],[-25,-67],[30,-14],[15,-77],[24,-12]],[[77260,71757],[-56,8],[-56,34],[-74,66],[-52,69],[7,69],[-16,70],[-40,48]],[[76973,72121],[-8,74],[-53,8],[-33,73],[-2,47],[-116,102],[132,133],[53,-3],[6,64],[-27,104],[0,44],[38,54]],[[76963,72821],[63,11],[1,65],[52,70],[108,-2],[52,29],[18,90],[34,22]],[[77190,71534],[-47,-112],[4,-50],[-43,-29],[1,-67]],[[77105,71276],[-74,39],[-55,-45],[-49,3],[-2,94],[14,84],[28,41],[-151,84],[-65,-7],[-85,31]],[[76666,71600],[66,43],[15,43],[58,3],[-6,71],[11,78],[-24,71],[2,86],[-55,47],[-52,23],[-14,63]],[[76667,72128],[81,-41],[76,2],[69,-14],[80,46]],[[77105,71276],[26,-87],[39,-65],[-39,-90]],[[77131,71034],[-52,-7],[-2,-59]],[[77077,70968],[-47,-54],[-93,18],[-124,-36],[-61,-43],[-67,-6]],[[76685,70847],[-10,26],[10,107],[-84,102],[-64,47],[-23,57],[13,50],[47,31],[-8,50],[77,68],[-45,39]],[[76598,71424],[-23,35],[13,94],[59,56],[19,-9]],[[77929,72262],[-21,-45],[20,-41],[-44,-44],[5,-58]],[[77361,71060],[-71,11],[-36,-19],[-32,28],[-70,-50],[-21,4]],[[78344,71225],[-68,-63],[13,-75],[-24,-63],[-40,-47],[-70,28],[-75,-15],[-36,-54]],[[78044,70936],[-87,20],[-110,-63],[-89,2],[-23,-21],[-60,27],[2,73],[-40,15],[-89,-12],[-41,24],[-69,-4],[-3,55]],[[78066,71568],[6,28]],[[78253,72956],[79,-33],[120,-130],[72,8],[25,23],[97,-24],[46,28],[74,-103],[62,-43]],[[78960,73068],[-67,-209],[-9,-62],[-24,-12],[-15,-66]],[[79687,73213],[-29,-88],[52,-34],[17,-43],[-65,-97],[-45,-47],[42,-23],[-32,-120],[43,2],[50,-37],[-6,-136],[18,-13],[-18,-69],[-83,-6],[-50,-36],[-58,8]],[[77891,74538],[-45,-36],[-34,-57],[-36,-27],[-64,-11],[-119,-160],[5,-63],[-50,-53],[-41,-19],[-44,31],[-108,34],[-38,30],[-45,0],[-40,104],[-61,29],[-92,13],[-61,-128],[45,-35],[-33,-75],[-135,-35],[-94,-9],[-39,27],[-33,82],[18,43],[-15,33],[-66,20],[-52,-50],[-65,-30]],[[76549,74196],[-50,29],[-23,93],[-30,56],[80,-14],[44,12],[43,-16],[40,64],[56,-1],[15,36],[68,23],[-40,68],[-6,43],[49,43],[48,-42],[72,19],[14,39]],[[76929,74648],[69,-22],[63,14],[39,-37],[62,16],[3,37],[76,89],[62,26],[1,25],[189,16],[64,-24],[27,-39],[105,-4],[83,-101],[56,-45],[41,3]],[[76963,72821],[-64,78],[-4,25],[-60,52],[-25,-18],[-147,88],[-19,60],[1,55],[-34,24],[31,85],[-26,33],[-101,14],[-41,-16],[-30,43],[-66,55],[-33,50],[17,66],[30,6],[28,106],[53,14],[7,52],[31,29],[-50,64],[-3,30],[-57,36],[-79,69]],[[76322,73921],[67,41],[67,12],[100,-24],[61,-59],[110,-2],[109,-61],[29,-79],[66,-29],[25,-35],[40,19],[58,-1],[64,67],[36,7],[53,-51],[69,-44],[12,-51],[37,-43],[135,-60],[15,-45]],[[77607,76489],[143,-85],[38,33],[39,-2],[7,-62],[30,-17],[15,-69],[45,-2]],[[77852,75472],[-123,-64],[-15,-58],[-39,-24],[-65,29],[-10,46],[-62,55],[-45,62],[-69,54],[-39,87],[-84,85],[2,62],[23,51],[-17,55],[32,91]],[[76549,74196],[4,-42],[-55,-7],[-1,-33],[-54,-25],[-75,11],[-33,-11],[-30,35],[-97,14]],[[76208,74138],[-13,52],[-75,71],[-28,50],[-4,80],[-27,32],[-101,-18],[-35,59],[-50,42],[-68,18],[-58,-12],[-47,32],[28,30],[-24,85],[-55,18],[-110,-34]],[[75541,74643],[-34,34],[-92,-16],[-21,67],[-32,18],[32,181],[20,22],[109,-9],[22,22],[34,92],[-2,102],[72,100],[89,20],[87,37],[121,23],[58,-77],[52,-23],[92,30]],[[76148,75266],[123,-96],[29,-42],[102,-12],[113,-57],[66,-16],[76,-40],[28,-89],[-5,-29],[55,-99],[41,-29],[70,104],[46,13],[-27,-92],[-26,-6],[-12,-89],[10,-52],[92,13]],[[76322,73921],[-64,39],[8,49],[-66,59],[8,70]],[[76148,75266],[30,41],[8,84]],[[76186,75391],[75,96],[41,75],[70,-6],[28,33],[43,106],[62,68],[-4,67],[163,82],[82,69],[48,123]],[[79336,78955],[-88,-71],[-36,-48],[-39,-7],[-20,-59],[6,-54],[29,-29],[-15,-81],[-59,60],[-66,28],[-95,18],[-10,100],[-33,42],[-50,19],[-88,-7]],[[78772,78866],[-21,-57],[-45,-27],[17,-40],[-37,-125],[44,-33],[19,-76]],[[78498,78553],[-60,73],[-42,104],[44,11],[80,58],[21,67],[-35,66]],[[78288,76870],[-40,16],[-127,-61],[-109,-26],[-48,64],[-63,-1]],[[78224,78348],[15,80],[-25,194],[14,30],[-21,88]],[[77660,80816],[285,-53],[24,-34],[130,-62],[40,42],[28,-50],[113,-40],[17,-39],[80,28],[22,24],[65,-13],[56,11],[66,-15]],[[78421,80142],[-25,-9],[22,-71]],[[80717,80365],[-40,-31],[4,-35],[-52,-26]],[[81017,80380],[120,-21],[102,-37],[109,-23],[16,-57],[145,-12],[75,-50],[107,-9]],[[81008,81016],[72,22],[77,111],[62,-46],[220,-48],[22,-63],[106,30],[45,35],[52,-22],[23,87],[42,52],[42,-1]],[[81771,81173],[27,-29],[110,-60],[172,20],[57,-23],[27,-75],[42,-32],[11,-39],[-38,-100],[-5,-104],[54,-63],[28,-131]],[[81312,81546],[49,-5],[83,83],[36,-14],[0,-45]],[[81480,81565],[39,-60],[-7,-86],[-21,-36],[74,-20],[75,32],[92,-30],[47,21],[29,-35],[-80,-98],[43,-80]],[[81479,82164],[26,-12],[98,43],[-3,-65],[-93,-63],[-38,-101],[-49,-66],[2,-88],[74,1],[89,-102],[-69,-122],[-36,-24]],[[80337,81254],[-71,-94],[91,-26],[-35,-55],[-74,-22],[-39,-49],[1,-49],[-46,-31],[-101,-41],[-54,-76],[-5,-50],[-65,6],[-25,-38],[-50,5],[-69,-49],[-169,3]],[[72686,72964],[58,-7],[74,-116],[40,-33],[-24,-47],[-17,-151],[-30,-37],[16,-43],[70,37],[48,-39],[51,8],[82,-44],[-20,-81]],[[73034,72411],[-66,-3],[14,-48],[-61,-15],[-6,-57],[-73,-5],[-15,42],[-102,-28],[-27,-52],[-24,-198]],[[72674,72047],[-49,-1],[-92,81],[-90,-43],[-32,-93]],[[72411,71991],[-95,-95],[-59,-15],[-23,-29]],[[72234,71852],[-17,-25],[-53,17],[-24,-26],[-59,35],[-60,-28]],[[72021,71825],[12,91]],[[72033,71916],[61,77],[19,73],[-42,109],[-25,26]],[[72046,72201],[-1,62],[31,2],[-2,163]],[[72074,72428],[-2,99],[-28,7],[-51,73],[15,47],[64,-1],[-30,99],[23,68],[-73,42],[36,68],[-34,72],[55,4],[16,30]],[[72065,73036],[64,-67],[46,-76],[60,-19],[40,-61],[55,16],[41,-41],[77,-38],[45,-52],[67,6],[44,-37],[65,176],[-8,80],[25,41]],[[71043,71851],[47,-66],[67,12],[64,-95]],[[71221,71702],[-36,-27],[-41,26],[-33,-16],[-40,-55],[43,-83],[38,-46],[-20,-54],[30,-140],[-10,-40],[27,-45]],[[71179,71222],[-73,-45],[-15,-73],[-25,-24],[-122,30],[-13,-31],[-76,16],[-63,-50],[-68,-82],[-33,24],[-19,57],[-82,-74]],[[70590,70970],[-36,37],[-48,15],[-41,53],[-61,42],[-3,41],[53,15],[40,52],[-17,25],[11,121],[-21,39]],[[70467,71410],[-3,20],[60,65]],[[70524,71495],[31,-15],[60,-67],[50,79],[-20,43],[69,-1],[87,46],[-1,74],[56,116],[32,-7],[47,98],[108,-10]],[[71480,72179],[79,-95],[41,-2],[15,75],[63,-5],[-7,-69],[38,-30],[65,-4]],[[71774,72049],[60,-40]],[[71834,72009],[20,-28],[8,-162],[-30,-79],[-43,-3],[-31,-34],[17,-113],[-11,-17]],[[71764,71573],[-109,-72],[-44,-47]],[[71611,71454],[-69,45],[-16,35],[0,77],[-34,23],[-50,120],[-90,17]],[[71352,71771],[-22,53],[29,43],[-7,71],[-77,49],[13,60],[-14,98],[15,29]],[[71289,72174],[74,23],[48,-32],[69,14]],[[72021,71825],[2,-42]],[[72023,71783],[-81,8],[-2,128]],[[71940,71919],[93,-3]],[[76186,75391],[-52,25],[-76,68],[-70,80],[-26,116],[-62,20],[-30,54],[-88,-15],[-136,-128],[-67,-18],[-15,32],[27,46],[-6,80],[-68,35],[-34,80],[-36,8],[13,78],[-75,-17],[-16,-31],[-74,-5],[-97,-46],[-65,18],[-25,-14],[-62,17],[-25,-15],[-77,64],[-64,108],[-3,46],[-128,26],[-59,41],[-6,30],[-64,0],[-52,-52],[-23,3],[-58,-51],[-56,-107],[-93,-51],[-52,-69],[-21,-82],[-41,-41],[-8,-66],[73,-46],[-47,-109],[-52,-36]],[[74190,75467],[-37,20],[-25,-51],[13,-48],[-15,-95],[-29,5],[-29,86],[-50,30],[-22,107],[19,31],[-58,57],[-17,56],[-32,23],[-47,-43],[-82,44],[-38,-51],[-44,-10],[-55,-75],[8,-54],[-38,-16],[-48,-68],[-57,45],[3,84],[-22,69],[16,52],[-31,32],[-32,106],[-42,7],[-104,118],[-4,48],[-141,79],[-42,60],[-111,-76],[-54,-7],[-99,-39],[-113,9],[-61,31],[-25,82],[-45,36],[16,61],[-36,54],[-94,8],[-47,33],[-20,62]],[[72422,76610],[125,-49],[51,51],[45,-3],[57,-78],[52,21],[86,7],[66,49],[66,-20],[142,16],[47,-30],[47,5],[53,-41],[54,69],[-13,43],[70,33],[41,41],[-31,66],[-53,54],[-3,134],[34,41],[18,71],[9,100],[-13,60],[27,20]],[[73399,77270],[11,-38],[57,-54],[133,-6],[179,-26],[29,41],[95,-9],[66,27],[50,-9],[76,109],[85,29],[31,-18],[-2,-85],[38,-87],[42,-42],[76,54],[35,58],[58,-3],[27,27],[5,63],[92,-16],[58,65],[71,-41],[16,47],[-48,48],[17,31],[72,39],[1,56],[37,39],[101,-10],[16,30],[108,53],[73,116],[78,9],[79,-8],[117,16],[35,66],[147,-18],[39,64],[-29,36],[22,42],[-51,62],[14,40],[-22,69],[31,32],[64,-40],[141,-7],[75,47],[-3,67],[26,56],[84,12],[42,-25],[142,49],[55,-31],[38,23],[33,51],[133,-6],[88,70]],[[74414,71982],[15,-42],[57,-92],[-16,-28],[-53,-10],[60,-94],[16,-49],[-33,-45],[57,-8],[65,-99],[24,-99],[-30,-27],[54,-40],[-54,-45]],[[74576,71304],[-56,75],[-102,-15],[-75,88],[-160,50],[-25,-69]],[[74158,71433],[-78,10],[-8,92],[-40,-1],[-43,89],[47,37],[-25,59],[-34,21],[-62,-29],[-19,32]],[[73896,71743],[19,128],[-12,32]],[[73903,71903],[37,27],[2,92],[39,56],[72,-43],[16,-72],[81,-22],[55,21],[42,-31],[39,40],[16,58],[112,-47]],[[72550,74665],[27,-93],[67,2],[108,-60],[63,7],[17,-58],[-35,-9],[-16,-75],[27,-26],[85,-26],[-8,-141],[-25,-78],[-44,-31],[-3,-38],[44,-78],[37,-28],[24,-82],[60,-39],[45,-82]],[[73023,73730],[-53,-34],[4,-65],[-77,-8],[-11,-87],[-31,-35],[31,-34],[-18,-54],[-44,-57],[31,-140],[-47,-57],[21,-77],[60,-25],[-4,-41],[39,-28],[9,-71],[102,-43],[65,-45],[41,105],[98,-27],[55,32],[60,78],[10,40],[63,2],[18,23],[-24,73],[62,65],[0,69],[26,29],[35,88],[-2,90]],[[73542,73496],[40,25],[-7,64],[-26,79],[107,51],[64,20],[34,-18],[25,-50],[58,12],[27,40],[40,-1],[34,80],[-32,112],[15,85]],[[73921,73995],[64,-41],[91,-29],[9,-36],[87,13],[-14,-138],[-54,-50],[36,-26],[9,-55],[-18,-35]],[[74131,73598],[-144,-53],[-55,-190],[25,-58],[39,-28],[31,-58],[-105,-73],[-38,-60]],[[73884,73078],[-41,23],[-38,-86],[-67,-17],[-73,-88],[-48,-36],[-3,-60]],[[73614,72814],[-79,4],[-148,-10],[-10,-51],[28,-79],[36,-29],[-29,-56],[48,-31]],[[73460,72562],[-18,-138]],[[73442,72424],[-31,-102],[-27,-8]],[[73384,72314],[-33,-13],[-135,68],[-61,52],[-29,-17],[-92,7]],[[72686,72964],[-29,27],[-3,75],[60,80],[-86,82],[-55,-13],[-8,73],[22,57],[-36,13],[89,99],[-15,46],[16,36],[-11,208],[-21,31],[-97,46],[-50,2],[-21,100],[-61,-23],[-54,31],[-35,-4],[-32,62],[-64,6],[46,108],[-88,45],[-93,-10]],[[72060,74141],[-48,33],[-1,59],[-27,20],[18,88],[37,28],[-33,45],[-13,75],[-71,41],[-17,44]],[[76667,72128],[-38,20],[-50,-44],[0,-39],[-75,-40],[-24,-38],[-55,-28],[-23,15],[-78,-14],[-88,-66],[-134,46],[-59,101],[-38,22],[-30,48],[-44,120],[52,39],[90,26],[118,4],[47,20],[46,48],[-23,19],[-187,-7],[-106,123],[-46,80],[-75,52],[-38,-11],[-44,21],[-53,-1],[-17,69],[29,58],[-18,41],[-78,-2],[-43,-21],[-108,53],[16,123],[-44,44],[-6,58]],[[75443,73067],[35,96],[110,26],[89,-32],[67,72],[0,38],[-59,102],[-6,49],[34,33]],[[75713,73451],[58,39],[6,51],[38,25],[-11,71],[-51,55],[44,64],[-19,31],[-170,69],[-100,144],[-54,7]],[[75454,74007],[-13,73],[-53,23]],[[75388,74103],[0,106],[-12,85],[27,148],[54,60],[20,48],[64,93]],[[73023,73730],[97,-44],[28,-112],[46,-31],[20,-67],[49,-71],[90,-15],[9,41],[43,62],[107,17],[30,-14]],[[74966,72537],[67,-5],[50,-77],[69,-16],[5,33],[43,42],[25,-65],[62,-54],[76,12],[31,-21],[9,-83],[88,-50],[-11,-47],[-38,-49],[20,-61],[-57,-122],[-66,-92],[14,-33],[-52,-27],[-65,-81],[-19,-55],[53,-25],[27,29],[109,12],[33,-44],[12,-83],[-28,3],[-61,-65],[11,-52],[-105,-25]],[[75268,71436],[-132,-22],[-38,19]],[[75098,71433],[28,181],[-29,-16],[-25,52],[-39,-4],[-97,44],[-9,50],[-47,35],[-77,87],[19,68],[-31,157],[-41,8],[-79,57]],[[74671,72152],[-10,47],[71,86],[-39,82],[-2,73],[28,130]],[[74719,72570],[58,32],[40,-34],[35,23],[30,-93],[84,39]],[[72234,71852],[19,-50],[60,-27],[52,2]],[[72365,71777],[-21,-53],[-71,-130],[-43,-104],[-46,-69],[-78,-84]],[[72106,71337],[-34,-87],[-106,-132]],[[71966,71118],[-32,16],[-76,88],[23,36],[58,41],[24,55],[-26,88]],[[71937,71442],[-37,97]],[[71900,71539],[20,71],[84,59],[16,32],[3,82]],[[76598,71424],[-21,-33],[-77,-22],[-115,23],[-38,-91],[-92,-69],[-64,-10],[-41,-26],[-75,-78],[-46,-4],[-16,-34],[-44,-9],[-38,-61],[-51,18],[-43,86],[-41,-35],[-42,42],[-67,-9],[-26,42],[10,76],[-121,14],[-94,-20],[-22,43],[25,58],[-99,43],[-92,68]],[[74966,72537],[35,38],[-15,31],[88,130],[65,41],[17,38],[-37,70],[-56,49]],[[75063,72934],[85,27],[80,6],[53,27],[67,-6],[95,79]],[[73884,73078],[37,-23],[37,29]],[[73958,73084],[50,-18],[-18,-126],[-67,-124],[-62,-28],[-13,-55],[59,-42],[23,-61],[-18,-45],[20,-38],[64,75],[112,-55]],[[74108,72567],[-14,-50],[-43,-14],[5,-41],[34,-21]],[[74090,72441],[0,-6]],[[74090,72435],[-17,-39],[-43,-18]],[[74030,72378],[-59,34],[-44,0],[-99,-50],[-114,-6],[-26,-39]],[[73688,72317],[-29,65],[-138,77],[-50,-47],[-29,12]],[[73460,72562],[42,20],[67,-1],[2,51],[54,-5],[90,51],[-73,136],[-28,0]],[[74414,71982],[40,42],[13,67],[27,26]],[[74494,72117],[52,-38],[43,-3],[71,45],[11,31]],[[75098,71433],[-21,-29],[-47,-6],[-67,-106],[-33,0],[-100,-76],[-70,20],[-59,-52],[-55,7]],[[74646,71191],[-68,50],[-2,63]],[[73384,72314],[24,-97],[42,3]],[[73450,72220],[3,-94],[-139,-73],[-72,-59]],[[73242,71994],[-150,-6]],[[73092,71988],[-146,-35],[-19,-26],[-143,-79]],[[72784,71848],[-156,26],[-53,38]],[[72575,71912],[44,29],[95,35],[-9,31]],[[72705,72007],[-31,40]],[[73903,71903],[-71,21],[-30,47],[-64,15],[-10,26],[-63,-2],[-15,54],[-41,19],[-22,57],[-46,28],[35,70],[42,43]],[[73618,72281],[61,3],[9,33]],[[74030,72378],[-3,-48],[50,-5],[41,30],[95,-31],[-7,-80],[25,-15],[113,-8],[52,-51],[25,4],[73,-57]],[[74090,72441],[6,24],[101,76],[47,-43]],[[74244,72498],[-40,-24],[-27,-45],[-41,35],[-46,-29]],[[72065,73036],[-63,100],[-19,75],[12,36],[-75,90],[-30,77],[29,50],[-3,74],[-17,28],[62,74],[-11,108],[73,37],[21,83],[-15,61],[26,44],[-6,114],[11,54]],[[71940,71919],[-51,26],[-55,64]],[[71774,72049],[-6,104]],[[71768,72153],[-32,101],[-5,56]],[[71731,72310],[40,0],[24,-38],[189,-21]],[[71984,72251],[4,-33],[58,-17]],[[73399,77270],[-2,47],[37,86],[-33,45],[33,92],[28,29],[15,58],[36,10],[11,45]],[[72074,72428],[-36,-32],[-67,-14],[13,-131]],[[71731,72310],[7,121],[31,9],[43,125],[41,71],[20,89],[-33,98]],[[71840,72823],[-74,89],[51,31],[-83,127],[53,35],[-44,76],[-37,33],[-56,12],[-55,35],[-115,-5],[-21,29],[-52,-10],[-35,37],[-4,65],[-20,28],[17,67],[-27,59],[9,47],[-124,105],[7,42],[-86,78],[-29,77],[62,78],[44,9],[6,56],[-41,118],[34,92],[-30,125],[-40,12],[-44,59]],[[74190,75467],[32,-71],[71,-25],[96,-177],[41,-34],[90,-108],[-2,-85],[-50,-11],[-62,34],[-76,-31],[-34,-78],[41,-186],[-6,-96],[18,-27],[-27,-51],[21,-49],[-8,-65],[10,-113],[-41,-32],[-70,-10],[-73,-51],[-81,-4],[-65,-37],[-12,-103],[-79,-28],[-3,-34]],[[75388,74103],[-150,-56],[-10,-43],[-82,-26],[-48,6],[-41,38],[-96,-55],[-32,-94],[-131,44],[-71,-27],[-61,-60],[24,-73],[-50,-54],[-50,-18],[-46,-51],[-125,-38],[-29,-40]],[[74390,73556],[-110,-7],[-38,-19],[-40,32],[-46,-5],[-25,41]],[[71966,71118],[11,-82]],[[71977,71036],[17,-180],[-57,-70],[-6,-98],[17,-133],[-17,-80],[8,-32]],[[71939,70443],[-59,91],[-30,76],[-49,30],[-2,-116],[-81,17],[-33,-24],[-45,22],[-16,60],[-41,58],[-13,60],[-41,19]],[[71529,70736],[-51,49],[3,37],[-56,46],[-67,24],[-26,96],[-52,11],[18,61],[-55,57],[-18,59]],[[71225,71176],[77,42],[11,27],[86,-1],[12,-32],[54,-42],[51,-11],[-4,-55],[37,-9],[42,-59],[60,77],[-4,37],[43,41]],[[71690,71191],[18,82],[47,-1],[69,33],[24,38],[-18,68],[86,10],[21,21]],[[72705,72007],[-79,5],[-24,-36],[-111,36],[-3,-54],[-38,-1],[-39,34]],[[72575,71912],[-89,22],[-13,0],[-34,-17],[-47,-61],[-27,-79]],[[71221,71702],[96,14],[-3,53],[38,2]],[[71611,71454],[-12,-195],[23,-32],[68,-36]],[[71225,71176],[-46,46]],[[71043,71851],[17,31],[-4,88],[-78,-48],[-70,73],[10,24],[-73,76]],[[70845,72095],[0,30],[38,98],[31,-2],[63,52],[41,68],[57,-13],[49,39]],[[71124,72367],[31,-103],[134,-90]],[[70524,71495],[51,96],[-6,79],[58,130],[-4,35],[-42,38],[-8,63],[19,23],[55,-1],[57,37],[39,65]],[[70743,72060],[42,29],[60,6]],[[71480,72179],[-1,141],[30,88],[52,27]],[[71561,72435],[35,-44],[63,-113],[109,-125]],[[71764,71573],[62,-29],[74,-5]],[[71840,72823],[-54,-56],[-39,30],[-106,-62],[-13,-22],[-109,-35],[5,-55],[62,-28],[10,-75],[-75,-9]],[[71521,72511],[-35,16],[-64,-7],[-22,62],[-94,0],[-134,-52],[-45,-120],[-3,-43]],[[70743,72060],[-18,28],[-68,44],[-40,77],[-45,37],[37,58],[-16,36],[39,40],[16,53],[-25,48],[-6,67],[-97,24],[-20,70],[-58,47],[5,54],[75,104],[-9,107],[-85,19],[-21,82],[-35,85],[-58,-6],[-31,-118],[-56,-24]],[[70227,72992],[-26,8],[-19,82],[-40,4],[-40,-42],[-30,74],[34,89],[-6,180],[-14,35],[25,81],[-43,44],[-47,-8],[-44,-30],[-50,20],[-6,46],[-44,56],[21,45],[-34,49],[22,45]],[[71561,72435],[-40,76]],[[73618,72281],[-39,2],[-112,-23],[-17,-40]],[[73958,73084],[97,10],[95,-45],[59,-16],[14,-135],[75,-31]],[[74298,72867],[46,-19],[-2,-56],[-62,-5],[-61,-43],[-31,-51],[-91,-4],[-11,-34],[49,-65],[-27,-23]],[[74390,73556],[-3,-44],[95,-33],[-4,-30],[-80,-85],[60,-16],[55,-90],[54,-28],[48,-81],[7,-47]],[[74622,73102],[-23,-35],[-53,-17],[-15,-29],[-73,21],[-42,-28],[-58,-117],[-60,-30]],[[74719,72570],[-55,25],[-59,-9],[-69,-32],[-9,-56],[-39,-35],[-78,18],[-27,-30],[-101,9],[-38,38]],[[74622,73102],[70,3],[42,-48],[71,47],[33,-5],[69,-66],[54,-23],[30,-51],[72,-25]],[[75454,74007],[-57,-22],[-66,-48],[-33,-68],[-52,-49],[-37,5],[-52,-76],[5,-48],[-86,-73],[-53,-14],[-12,-101],[20,-54],[45,-23],[19,-41],[38,-13],[140,73],[49,13],[76,70],[75,-34],[59,9],[181,-62]],[[83546,70303],[1,-67],[-24,-30],[35,-130],[51,5],[36,34]],[[83645,70115],[38,0],[46,-49]],[[83729,70066],[-54,-83]],[[83675,69983],[-35,-19],[28,-141],[-46,-34],[47,-40],[-48,-76],[27,-36]],[[83648,69637],[-124,-65],[-42,-55],[-98,-35],[-48,-50],[-59,-14],[12,-120],[-5,-66],[-84,32],[-55,-26],[-35,16],[-79,-49],[-74,-5]],[[82957,69200],[-42,63],[-29,144],[67,-14],[8,29],[-41,50],[30,95],[28,30],[-10,57],[29,91],[85,-24],[142,8],[91,-51],[69,39],[103,28],[76,-50],[37,46],[-33,44],[59,103],[-62,27],[-25,-31],[-57,121],[-47,50],[-61,33],[-54,99],[-60,57],[-134,80],[-125,51],[-167,47]],[[82834,70422],[19,54],[50,-11],[19,28],[21,92],[26,59],[-69,13],[38,132],[70,44],[40,48],[61,42],[35,56]],[[83144,70979],[65,-88],[39,-26],[38,-108],[112,-110],[27,-94],[50,-62],[38,-2],[56,-81],[-29,-13],[6,-92]],[[84715,70484],[-12,-69],[-67,-86],[-36,-17],[-14,-45],[-52,-57],[26,-75],[-38,-35],[19,-52],[-21,-79],[-26,-39],[25,-47],[57,-12],[47,31],[33,-30],[-9,-86]],[[84647,69786],[-41,32],[-100,-73],[-107,34]],[[84399,69779],[-69,27],[-22,70],[-2,77],[35,13],[-52,69],[-12,70]],[[84277,70105],[28,15],[-5,61],[24,60],[-4,72],[45,59],[-12,51],[-39,40],[-24,75]],[[84203,70745],[-55,-86],[-11,-72],[-39,-31],[-18,-61],[-84,-65],[-7,-27],[-100,-120],[-44,-126],[-54,-9],[-62,-82]],[[83645,70115],[38,83],[-39,86],[-10,64]],[[83634,70348],[33,63],[-32,120]],[[83635,70531],[15,47],[86,97],[55,11],[73,-12],[76,55],[111,8],[88,55]],[[82720,71891],[5,-17]],[[82725,71874],[3,-6]],[[82728,71868],[18,-44],[34,-153],[-33,-55],[-53,-142],[-52,-81],[16,-30],[-77,-32],[-66,-64],[-72,-46],[-40,-60],[-58,-43],[28,-70],[10,-82],[-11,-45],[-63,4],[-21,40],[-78,-84],[8,-45],[52,-72],[-88,33],[-66,-71],[-73,84],[-39,-20],[-32,37],[-61,4],[-94,-71],[14,-46],[-14,-116]],[[81817,70598],[-12,-24],[-88,-13],[-16,47],[-55,33],[-11,93],[-21,12],[15,106]],[[84647,69786],[-14,-155],[-60,-6],[-8,-36],[59,-75],[9,-79],[52,-40],[72,20],[45,-25],[10,-89],[24,-24],[52,30],[17,-128],[-39,-93],[-5,-80],[-39,-62],[45,-44],[-44,-78],[-75,-50],[-73,-10],[-29,-78],[-59,2],[-23,-35]],[[84564,68651],[-48,-6],[-56,57],[-39,61],[-62,29],[-47,54]],[[84312,68846],[50,92],[73,72],[-55,73],[-22,55],[14,93],[59,87],[-23,67],[82,63],[-9,45],[-69,-16],[-82,50],[1,55],[47,89]],[[84378,69671],[-30,52],[51,56]],[[79937,69905],[-56,-220]],[[79881,69685],[-25,-20],[29,-76],[-44,-70],[4,-57],[-88,-44],[-22,-56],[5,-76],[-23,-19],[14,-53],[-44,-82],[4,-42],[61,-36],[13,-47],[-19,-45],[141,-81],[50,-60],[-2,-66],[61,-60],[-11,-36],[85,-94],[40,9],[-43,-112],[66,-46]],[[80133,68416],[73,-81]],[[80206,68335],[-60,-60],[-82,-44]],[[80064,68231],[-209,75],[-132,20],[-64,-62],[-40,11]],[[79619,68275],[-27,84],[-53,-87],[-38,39],[-35,78],[-46,-7]],[[79420,68382],[-16,65],[6,72],[-30,49],[-94,19],[-34,66],[8,26],[-117,13],[-12,58],[1,87],[56,81],[1,80],[-51,30],[-26,51]],[[79112,69079],[12,21],[-41,53],[-81,22],[-30,50],[3,78],[-19,46],[9,45],[-21,38]],[[78944,69432],[8,34],[91,64],[37,49]],[[79080,69579],[102,14],[84,-27],[23,-36],[-13,-48],[94,-50],[52,53],[21,80],[74,23],[19,78],[30,55],[-11,32],[67,63],[4,40],[36,51],[-3,42],[34,35],[65,-59],[33,51],[70,18],[76,-89]],[[82237,70326],[-45,110],[-90,-26],[-40,30],[-28,58],[-96,-1],[-121,101]],[[82728,71868],[27,-47],[7,-48],[56,-84]],[[82818,71689],[49,-148],[-1,-71],[126,-271],[90,-163],[63,-45]],[[83145,70991],[-1,-12]],[[82834,70422],[-73,17],[-155,16],[-151,-31],[-30,-24],[-152,-66],[-36,-8]],[[77837,67340],[-45,25],[-15,38],[2,87],[31,93],[10,87],[26,20],[29,182],[38,111],[31,57],[18,112],[30,99],[-26,77],[20,123],[-14,214],[-9,10],[85,36],[27,38],[44,-4],[15,48],[33,20],[143,15],[106,66]],[[78416,68894],[0,-56],[-84,-76],[-14,-51],[-48,-28],[1,-117],[-45,-14],[-1,-94]],[[78225,68458],[-17,-32],[-99,-46],[41,-130],[36,-71],[75,-2],[46,-53],[-9,-124],[48,-10],[33,-83],[-17,-53],[23,-56],[-32,-81],[-4,-48],[25,-48],[49,3],[10,-49],[-22,-45],[20,-62]],[[78431,67468],[-307,-51],[-134,-34],[-71,-33],[-82,-10]],[[80563,69075],[38,20],[34,-66],[82,-87]],[[80717,68942],[-46,-62],[-6,-49],[-57,-88],[-11,-94],[61,-70],[4,-69],[-112,-191],[-71,-102],[7,-45],[-52,-63]],[[80434,68109],[-180,173],[-48,53]],[[80133,68416],[41,2],[72,55],[81,-22],[24,31],[-20,79],[44,79],[-28,33],[22,110],[63,8],[-16,35],[43,93],[68,76],[47,-14],[25,61],[-36,33]],[[79420,68382],[-14,-33],[-46,-16],[-22,-55],[-116,-155],[-65,-30],[55,-80],[4,-42],[-32,-30],[-42,7],[55,-147],[103,-119],[-58,-32],[27,-60],[65,-52],[0,-105]],[[79334,67433],[-17,-24],[-15,-95]],[[79302,67314],[-109,40],[-205,59],[-107,25],[-145,23]],[[78736,67461],[-29,85],[-50,24],[-14,35],[63,26],[1,48],[104,59],[-41,72],[50,41],[69,24],[54,42],[-16,24],[-76,37],[-32,-23],[-42,19],[-103,77],[24,38],[-60,54],[-10,34],[-63,75],[29,83],[7,61],[-18,52]],[[78583,68448],[34,65],[58,76],[-9,33],[26,84],[44,56],[66,47],[72,125],[41,19],[34,51],[-1,34],[117,-5],[47,46]],[[79881,69685],[61,-41],[86,7],[121,-48],[39,-57],[59,-6],[22,-25],[27,-98],[82,-36],[17,-103],[27,-12],[13,-78],[109,-43],[19,-70]],[[84005,71083],[-63,-41],[-58,3],[-187,-62],[-38,51],[-25,-5],[-44,48],[6,77],[-70,46],[-15,62],[-39,56],[2,46],[-112,-26],[-99,-63],[-115,-10],[-75,57],[12,67],[-22,48],[-38,7],[-68,58],[-13,87],[-126,100]],[[82725,71874],[230,-41],[261,-11],[63,-26],[56,6],[81,-17],[74,-73],[31,15],[24,71],[-17,44],[101,-15],[2,-39],[52,-2],[143,-48],[53,-33],[40,1],[57,-59],[-30,-31],[4,-55],[51,-67],[42,-29],[52,-69]],[[78225,68458],[38,-58],[57,2],[0,-80],[-28,-60],[18,-34],[41,10],[29,52],[31,-18],[64,25],[27,69],[23,-1],[29,81],[29,2]],[[78736,67461],[-96,10],[-160,6],[-49,-9]],[[84093,67794],[-68,-53],[-30,-90],[27,-174],[30,-36],[-41,-56],[-92,10],[-2,93],[-150,-58],[-75,-67],[-20,-96],[-40,-36]],[[83632,67231],[-26,84],[-38,61],[25,16],[24,110],[-87,20],[-9,45],[44,42],[-3,72],[-209,48]],[[83353,67729],[-28,48],[56,88],[7,43],[56,41],[37,-8],[64,61],[22,39],[3,73],[18,36]],[[83588,68150],[41,1],[52,-27],[48,5],[52,-35],[43,16],[19,-42],[-26,-55],[78,-34],[46,-72],[8,-83],[81,-32],[63,2]],[[83635,70531],[-34,18],[16,44],[-114,111],[-47,28],[-42,96],[-62,45],[-56,22],[-117,88],[-34,8]],[[76785,67541],[-138,14],[-260,-18],[-193,-21]],[[76194,67516],[36,180],[-24,93],[-24,18],[-11,131],[-34,60],[18,43],[-4,115],[28,47],[57,29]],[[76236,68232],[100,-100],[70,-21],[44,33],[44,3],[44,-155],[80,-54],[53,-206],[60,-42],[17,-42],[41,-17],[-4,-90]],[[83648,69637],[7,-68],[35,-38],[65,17],[73,-11],[110,70],[110,2],[50,57],[64,-18],[33,24],[85,-54],[43,63],[55,-10]],[[84312,68846],[-6,-39],[-41,-37],[-25,-73],[-109,21],[-28,-23],[-87,-13],[-89,-49],[27,-52]],[[83954,68581],[-18,-22],[-98,-50],[-34,13],[-82,-38],[-46,5],[-42,44],[-65,6]],[[83569,68539],[-2,38],[-33,42],[-87,6],[-12,34],[-144,71],[-25,45],[-8,63],[-62,-8],[-51,-46],[-85,9],[-87,-27],[-2,-58],[-60,-20]],[[82911,68688],[-45,19],[-10,152],[49,64],[38,-3],[52,61],[32,11],[-20,86],[-40,48],[-10,74]],[[79334,67433],[92,-21],[38,83],[14,85],[56,37],[12,32],[63,35],[46,-18]],[[79655,67666],[92,-43],[53,-58],[3,-65],[45,-15],[3,-61],[-76,-100],[-3,-57],[17,-67],[48,8],[79,-43],[60,10]],[[79976,67175],[79,-85],[49,2],[9,-50],[-31,-27],[-108,32],[-77,3],[-65,43],[-176,65],[-162,81],[-192,75]],[[79619,68275],[18,-126],[-39,-62],[-15,-84],[53,-61],[-10,-97],[30,-83],[-1,-96]],[[83675,69983],[104,12],[54,44],[159,62],[27,-11],[73,22],[84,-27],[101,20]],[[80064,68231],[63,-63],[8,-50],[33,-58],[-11,-90],[23,-32]],[[80180,67938],[-67,-57],[-49,-58],[-47,-79],[-4,-69],[-28,-75],[-69,-144],[-12,-128],[23,-75],[49,-78]],[[84564,68651],[-30,-71],[-6,-81],[18,-31],[-90,-146],[-21,-98],[-86,-74],[36,-33],[-119,-28]],[[84266,68089],[-60,64],[10,27],[-18,68],[-93,99],[-54,92],[-45,49],[-9,40],[-43,53]],[[83588,68150],[-59,12],[-49,50],[3,32]],[[83483,68244],[33,43],[6,213],[47,39]],[[84266,68089],[-30,-65],[-81,-17],[-37,-59],[17,-36],[-48,-65],[6,-53]],[[83632,67231],[-64,38],[-21,-65],[-52,-2],[-34,-42],[-37,9],[-80,-67],[-24,-46],[-101,40],[-86,112],[-87,-13],[5,69],[-33,36],[-61,7],[-23,49],[64,77],[-34,93],[-58,65],[-54,37],[-71,-25],[-9,80]],[[82772,67683],[60,42],[45,3],[56,29],[106,19],[17,-55],[96,-28],[18,15],[82,1],[65,28],[36,-8]],[[82772,67683],[-4,30],[37,176],[78,40],[-6,65],[82,41],[-3,43]],[[82956,68078],[47,9],[102,49],[71,52],[83,87],[12,40],[73,4],[28,-95],[111,20]],[[82956,68078],[-56,144],[-61,94],[63,47],[-49,27],[-26,57],[69,69],[-23,72],[63,25],[21,41],[-46,34]],[[83546,70303],[23,33],[65,12]],[[80434,68109],[-27,-32],[-116,-61],[-111,-78]],[[79350,71734],[-23,-84],[80,-98],[0,-31],[81,-23],[67,-49],[56,-60],[7,-104],[37,-25],[1,-46],[83,1],[85,23],[46,-72],[40,2],[44,-58],[-21,-26],[16,-46],[-82,-74],[-14,-119],[38,-46],[43,-13],[40,91],[42,4],[48,-27],[5,-39],[36,-37],[42,-82],[-43,-94],[-54,-5],[-59,-91],[-71,-6],[-66,-47],[6,-73],[43,-97],[-22,-102],[56,-38],[5,-43],[48,-65],[-49,-61],[-4,-69]],[[79080,69579],[-15,63],[-64,64],[0,35],[138,91],[0,69],[-45,114],[35,33],[-2,98],[60,116],[-148,146],[-88,-10],[-24,49],[-1,47],[-37,22],[7,129],[38,73],[149,209],[-18,60],[18,44],[-127,92],[19,68],[-14,40],[-53,-1],[-9,36],[68,60],[-10,96],[31,36],[3,41]],[[78416,68894],[58,14],[-5,53],[-62,34],[-22,83],[49,61],[27,-14],[56,79],[102,62],[76,-10],[44,69],[51,-7],[22,32],[132,82]],[[76267,68486],[15,-22],[-77,-73],[38,-64],[-7,-95]],[[76194,67516],[-260,-47],[-260,-62],[-232,-60]],[[75442,67347],[-12,85],[-80,-2],[-90,26],[21,60],[-19,37]],[[75262,67553],[46,55],[-38,86],[0,143],[156,2],[3,23],[-97,27],[4,244],[24,-2],[28,61],[-29,32],[-33,-32],[-56,-11],[-11,36]],[[75259,68217],[127,33],[96,-35],[75,43],[69,8],[53,55],[60,-28],[36,51],[83,40],[56,-6],[39,40],[-9,74],[-35,-18],[-39,86],[15,29],[105,8],[51,21],[29,71]],[[76070,68689],[56,16],[51,-35],[-13,-45],[42,-35],[8,-67],[53,-37]],[[75324,67989],[-1,-98],[-56,12],[9,62],[48,24]],[[75671,69528],[29,-50],[51,-6],[-1,-39],[-44,-63],[56,-43],[-2,-49],[55,-59],[-16,-29],[9,-63],[31,-27],[18,-87]],[[75857,69013],[-89,-48],[5,-52],[-55,-68],[-62,29],[-26,36],[-86,-49],[-46,37],[-11,42],[-75,-45],[-120,-47],[-49,-38],[-34,54],[-29,-25],[-67,-6],[-54,24],[-64,-101],[2,-53]],[[74997,68703],[-93,37],[-33,-14],[-35,35],[-71,-15]],[[74765,68746],[-7,65],[-53,43],[13,91],[-54,41],[-83,27],[-80,-59],[-19,-72],[-24,-15],[-82,24]],[[74376,68891],[-49,-7],[-59,-61],[-74,-6],[17,53],[46,23],[-2,58],[-36,26]],[[74219,68977],[-13,49],[72,97],[-56,53],[-14,54],[56,79],[18,52],[-24,33],[51,48],[-31,28],[-15,61]],[[74263,69531],[35,-4],[35,53],[59,-7],[36,-34],[65,25],[31,41],[-30,88],[-4,60],[57,55],[80,-23],[36,44],[79,-33],[93,45],[60,-5],[29,-66],[69,-5],[31,-72],[61,74],[83,-67],[160,-15],[47,12],[90,-51],[9,38],[122,1],[30,-89],[-7,-23],[52,-45]],[[72784,71848],[41,-67],[-2,-51],[22,-50],[59,-48],[-11,-33],[63,-31],[55,-61]],[[73011,71507],[-64,-36],[-4,-39],[-42,-68],[-38,0],[-28,-55],[36,-41]],[[72871,71268],[-39,-31],[0,-51]],[[72832,71186],[-33,-7]],[[72799,71179],[-42,118],[-31,42],[-81,3],[-20,-34],[-66,-16],[-25,-32],[-55,-20],[-77,22],[-6,26],[-103,-62],[-21,64],[-102,22],[-64,25]],[[74646,71191],[-28,-16],[-34,-88],[18,-49],[-40,-67],[-26,-80],[-40,8],[-165,-115],[-43,-20],[-62,2],[-16,-40],[-55,0]],[[74155,70726],[-74,59],[-76,46],[-41,-31],[-49,24]],[[73915,70824],[-4,50],[68,36],[-25,86],[44,108],[-31,47]],[[73967,71151],[-50,89]],[[73917,71240],[28,32],[67,-15],[64,73],[6,28],[76,75]],[[73524,69156],[-14,-130],[-17,-67],[-64,-128],[-68,-1],[9,-73],[-27,-42]],[[73343,68715],[-89,46],[-45,-10],[-108,42],[-54,-10],[-45,31]],[[73002,68814],[7,114],[-59,24],[20,62],[54,52]],[[73024,69066],[37,-45],[65,21],[76,-22],[99,16],[5,63],[25,82],[31,35]],[[73362,69216],[50,-23],[35,13],[77,-50]],[[73917,71240],[-111,-8],[-47,-42],[-34,-5],[-44,-71],[-63,3],[-18,-19],[-4,-71],[-40,-10],[-40,-43],[-195,-14],[-58,94],[7,73]],[[73270,71127],[25,26],[-4,68]],[[73291,71221],[2,102],[77,26],[-15,62],[73,-40],[83,28],[87,-30],[96,36],[31,45],[21,82],[5,69],[33,50],[80,32],[32,60]],[[75259,68217],[-16,54],[64,22],[-26,53],[-66,38]],[[75215,68384],[-46,84],[65,16],[-32,44],[-95,13],[-63,21],[-26,46],[-21,95]],[[75857,69013],[42,-63],[75,-22],[2,-27],[66,-81],[21,-53],[-38,-45],[45,-33]],[[72525,70586],[-12,-48],[-60,-14],[1,-68]],[[72454,70456],[-59,-21],[-32,96],[-111,114],[-30,11],[-88,-29],[-15,97],[10,66],[151,-52],[85,-15],[50,132]],[[72415,70855],[44,-10],[39,-87],[3,-77],[35,-1],[-11,-94]],[[73845,68889],[-82,-78],[-72,-37],[-40,-40],[-151,-287]],[[73500,68447],[-33,13],[-40,67],[-13,96],[5,41],[70,108],[46,145],[1,81]],[[73536,68998],[29,1],[71,45],[26,0],[118,109]],[[73780,69153],[40,34],[16,-101],[-84,-63],[-29,-41],[16,-67],[106,-26]],[[74012,69950],[-60,-54],[-39,-83],[-3,-46],[-48,-42]],[[73862,69725],[-50,-93],[-37,-11],[-24,-50],[57,-75],[46,-3],[40,-30]],[[73894,69463],[12,-43],[-65,-70],[-34,-16],[-98,-82]],[[73709,69252],[-100,65],[-43,-10]],[[73566,69307],[-4,103],[-19,76],[11,110]],[[73554,69596],[38,48],[13,84],[57,30]],[[73662,69758],[20,41],[62,40],[42,62],[45,23],[46,60],[1,34]],[[73878,70018],[12,8]],[[73890,70026],[124,-48],[-2,-28]],[[76685,70847],[13,-52],[-31,-30],[-45,16],[-152,14],[-98,-77],[-34,45],[-65,-3],[13,69],[-37,11],[-44,-23],[-25,-52],[5,-38],[-46,-61],[-64,-62],[66,-64],[-35,-58],[-57,-48],[-66,-19],[16,-68],[-27,-61],[-69,-37],[22,-110],[48,-37],[19,-59]],[[75992,70043],[-6,-53],[-28,-8],[-43,-65],[-8,-92],[28,-46],[-51,-43],[-2,-77],[-47,-12],[-47,18],[-53,-43],[-20,-68],[-44,-26]],[[74263,69531],[-22,69],[-60,42],[-82,7]],[[74099,69649],[-38,-11],[-26,62],[-57,-53],[-73,30],[-43,48]],[[74012,69950],[144,14],[33,30],[15,124],[83,199],[48,29],[-80,76],[-52,1],[-39,82]],[[74164,70505],[-7,80]],[[74157,70585],[7,104],[-9,37]],[[74219,68977],[-53,-63],[-44,-24],[-129,-9],[-10,71],[24,80],[-142,-105],[-20,-38]],[[73780,69153],[-63,25],[-8,74]],[[73894,69463],[76,-4],[63,39],[-12,71],[46,21],[32,59]],[[74376,68891],[9,-51],[-36,-82],[-92,2],[0,-63],[62,-41],[-29,-48],[-44,49],[-44,-12],[-16,-58],[82,-25],[35,36],[58,-64],[107,-59],[43,-64]],[[74511,68411],[35,-14],[-10,-160]],[[74536,68237],[-83,-40],[-35,44],[-61,3],[-48,-37],[-39,46],[-100,-41],[-55,-47],[-62,69],[-144,-50],[-42,-23],[-81,15],[-44,51],[-25,61],[-62,58],[-17,75],[-34,-4],[-104,30]],[[73868,67887],[72,-36],[-23,-49],[-49,85]],[[75215,68384],[-27,-39],[-71,19],[-51,-18],[-86,7],[-18,32],[-141,38],[-69,-90],[-58,53],[-29,-39],[-32,-154],[13,-31],[-60,-64],[-24,29],[23,57],[-49,53]],[[74511,68411],[35,42],[153,23],[-41,48],[33,56],[-27,42],[66,52],[-6,30],[41,42]],[[73896,71743],[-72,-36],[-103,6],[-4,-19],[-120,-7],[-21,-60],[-33,22],[-50,-15],[-24,-36],[-91,-21],[15,61],[-122,-10],[-27,-13]],[[73244,71615],[49,59],[55,151],[-10,57]],[[73338,71882],[-24,56],[-74,-15],[-22,23],[24,48]],[[73002,68814],[30,-65],[36,-19],[17,-61],[-50,-31],[14,-66],[-11,-106],[23,-55]],[[73061,68411],[-43,-14],[-88,8]],[[72930,68405],[25,152],[-49,153],[-85,100],[-71,-16],[-30,57],[22,53],[-20,60],[0,83],[15,154]],[[72737,69201],[115,-46],[42,1],[48,60],[86,5]],[[73028,69221],[60,-33],[-44,-107],[-20,-15]],[[72636,68809],[50,-35],[42,-82],[6,-66],[-94,-19],[-42,189],[38,13]],[[73092,71988],[32,-40],[-13,-77],[-24,-37],[41,-79]],[[73128,71755],[-27,-38],[-29,-89],[-28,-19],[-4,-58],[24,-30]],[[73064,71521],[-18,-33]],[[73046,71488],[-35,19]],[[73291,71221],[-71,50],[-78,-62]],[[73142,71209],[-32,47],[-81,24]],[[73029,71280],[22,54],[-5,154]],[[73064,71521],[44,13],[59,87],[77,-6]],[[72799,71179],[-41,-48],[4,-41],[45,-46],[-18,-45],[-46,-3],[-18,-42]],[[72725,70954],[-75,14],[-10,-27],[-64,-1],[-74,-34],[-93,-16]],[[72409,70890],[-50,-6],[-54,-60],[-30,-7],[-69,37],[36,54],[-11,75],[-57,21],[19,45],[-59,0],[-80,36],[-77,-49]],[[75992,70043],[26,-33],[3,-79],[100,-2],[25,49],[66,16],[16,30],[57,-22],[40,-102],[-25,-49],[34,-12],[30,48],[72,-30],[18,57],[44,37],[85,-15],[57,34],[50,-5],[56,-139],[-3,-22],[50,-56],[24,-58],[84,19],[24,90],[-8,43],[28,89],[50,64]],[[76995,69995],[75,-63],[53,-29],[22,-49],[75,2],[56,-28],[0,-32],[52,-17],[23,-50],[-5,-49]],[[77346,69680],[-20,-71],[37,-58],[-43,-61],[39,-80],[-16,-14],[-43,9],[-32,-50],[-2,-43],[-35,-12],[-39,-61],[-25,19],[-59,-24],[-44,-71],[10,-50],[-31,-42],[4,-43],[-38,-47],[4,-74],[-40,-48],[-91,-64],[-98,-19],[-12,-85],[-43,-57],[-115,13],[-74,-17],[-64,-49],[-23,16],[-55,-21],[-32,-32],[-51,-6],[-48,-52]],[[73046,70014],[92,10],[22,-3],[38,0],[25,-35],[35,10],[36,-87]],[[73294,69909],[6,-52],[-31,-78],[35,-37],[2,-84],[-37,19],[-40,-47],[-10,-82],[11,-78],[22,-37]],[[73252,69433],[-47,-40]],[[73205,69393],[-39,69],[-47,5],[-26,99],[-40,9],[-29,38],[-53,27]],[[72971,69640],[5,27],[-94,16],[8,34],[84,138],[47,33],[37,117],[-12,9]],[[73294,69909],[51,9],[27,-51],[36,4],[46,-33],[54,22],[9,38]],[[73517,69898],[71,-70],[50,6],[24,-76]],[[73554,69596],[-44,-13],[-56,26],[-82,-74],[-51,-14],[-69,-88]],[[72737,69201],[20,140],[-44,31],[135,208],[-12,37],[30,37],[105,-14]],[[73205,69393],[19,-43]],[[73224,69350],[-60,-66],[-64,41],[-48,-15],[-34,-36],[10,-53]],[[72730,69332],[-18,-65],[-48,32],[40,61],[26,-28]],[[73823,70805],[-100,59],[-61,52],[27,63],[67,77],[211,95]],[[73915,70824],[-33,-23],[-59,4]],[[73536,68998],[24,140],[-14,25],[11,69],[25,49],[-16,25]],[[73566,69306],[0,1]],[[73029,71280],[-33,-52],[-75,41],[-50,-1]],[[73517,69898],[-8,47],[19,37],[43,-6],[18,71],[115,18],[41,107],[21,-6]],[[73766,70166],[31,-38],[70,-36],[11,-74]],[[73764,70284],[-6,-2],[-87,120],[35,54],[70,19],[-26,46],[45,58]],[[73795,70579],[87,42],[23,31],[61,0],[-2,-34],[88,-27],[105,-6]],[[74164,70505],[-49,-34],[14,-44],[-33,-44]],[[74096,70383],[-47,-39],[-41,12],[-37,-38],[-75,-8],[-36,-33],[-34,25],[-62,-18]],[[75442,67347],[-170,-49],[-358,-125],[-98,-43],[-79,-18],[-74,-33],[-69,-16],[-192,-80],[-134,-19],[-118,23],[-138,-31],[-155,-45],[-40,13],[-69,-16],[48,77],[16,67],[62,122],[92,210],[46,50],[69,4],[45,-36],[-4,-41],[66,-26],[0,-47],[91,-23],[90,42],[35,82],[139,15],[86,80],[61,-1],[45,57],[90,-14],[31,22],[18,61],[34,12],[-36,54],[68,45],[85,-47],[27,62],[-27,47],[121,95],[84,-18],[0,-218],[-51,-16],[-24,-40],[107,-32]],[[72409,70890],[6,-35]],[[72454,70456],[13,-59],[-19,-59]],[[72448,70338],[-38,-14],[-85,92],[-48,-22],[-64,3],[-41,30],[-66,-27],[-17,-60]],[[72089,70340],[-32,38],[-99,27],[-19,38]],[[72909,71051],[-8,-60],[21,-37],[95,-38],[-45,-97],[-21,-15],[-50,-22],[-44,-49]],[[72857,70733],[-22,85],[-31,23],[-6,45],[-72,-3],[-1,71]],[[72832,71186],[-21,-36],[23,-56],[38,4],[37,-47]],[[73146,71114],[-20,-36],[-128,-62],[-20,38],[-69,-3]],[[73142,71209],[4,-95]],[[72448,70338],[80,-46],[58,-86]],[[72586,70206],[-60,-35],[-35,33],[-37,-30],[-66,-11],[27,-37],[61,-20],[106,-102],[59,-35],[0,-55]],[[72641,69914],[-32,-15],[-2,-130],[-74,44],[-28,-13],[83,-72],[-14,-50],[-86,49],[-36,-4]],[[72452,69723],[11,18],[-62,85],[-39,97],[-7,119],[-13,57],[-96,105],[-90,51]],[[72156,70255],[-67,85]],[[73890,70026],[25,42],[30,97],[54,35],[84,5],[18,47],[20,117],[-25,14]],[[72857,70733],[-36,-41]],[[72821,70692],[-91,39],[-1,45],[-76,18],[-6,-139]],[[72647,70655],[-32,-44],[-4,-84]],[[72611,70527],[-75,12],[-11,47]],[[73795,70579],[-22,44],[24,35],[-18,33],[10,71],[-31,36],[65,7]],[[73766,70166],[10,73],[-12,45]],[[73270,71127],[-84,-39],[-40,26]],[[73128,71755],[52,49],[50,17],[86,-11],[22,72]],[[72821,70692],[-41,-58],[-16,-48],[-68,10],[6,36],[-55,23]],[[72611,70527],[-18,-166],[-29,-61],[31,-98]],[[72595,70202],[-9,4]],[[72595,70202],[64,-22],[76,-84]],[[72735,70096],[-25,-52],[71,-50],[-18,-88],[-122,8]],[[72768,69900],[42,-122],[-110,-26],[-37,4],[-5,144],[110,0]],[[73224,69350],[50,-52],[62,-29],[26,-53]],[[73566,69306],[-17,-31],[-25,-119]],[[73350,67982],[49,-59],[73,-29],[25,-54],[-43,-25],[57,-32],[-15,-37],[8,-70],[-53,15],[-97,-6],[-38,48],[-57,-7],[-76,46],[-109,43],[-82,54],[-37,49],[-31,9],[-47,62]],[[72877,67989],[36,-9],[153,123],[52,-18],[7,-57],[59,-101],[65,-65],[101,120]],[[73692,67738],[15,-34],[-59,-20],[-13,30],[57,24]],[[73061,68411],[90,-1],[54,-24],[36,14]],[[73241,68400],[-1,-127],[-26,-65],[-7,-82],[64,-38],[2,-45],[77,-61]],[[72877,67989],[-51,88],[74,198],[30,130]],[[73343,68715],[-68,14],[2,-41],[38,-9],[-26,-55],[-5,-60],[31,-57],[-45,-16],[-7,-86],[-22,-5]],[[77077,70968],[18,-14],[-10,-103],[44,-76],[19,-72],[52,-111],[2,-84],[-36,-22],[-79,-14]],[[77087,70472],[-26,44],[-102,-23],[-50,-30],[-58,13],[-1,-131],[-21,-52],[18,-85],[60,1],[22,-55],[42,-34],[5,-73],[19,-52]],[[77731,70219],[-20,-44],[6,-93],[-38,-36],[-147,-101],[-61,-102],[-60,-33],[-4,-49],[-61,-81]],[[77087,70472],[23,-63],[56,-3],[97,25],[27,-56],[92,9],[21,35],[126,-54],[42,-49],[72,-18],[66,-73],[22,-6]],[[78044,70936],[-50,-5],[2,-47],[-38,-7],[-41,-107],[-56,-20],[38,-53],[41,-1],[38,-41],[-22,-62],[40,-42],[-37,-24],[-43,19],[6,-67],[-47,-60],[-45,-25],[21,-130],[-32,-23],[-11,-48],[-77,26]],[[70971,68331],[39,-18],[35,42],[49,4],[81,34],[12,-27],[156,25],[60,-46]],[[71403,68345],[-81,-105],[-85,-152],[-39,-110],[-16,-134],[-37,-173],[12,-85],[66,-30],[70,-61],[-7,-161],[8,-68]],[[71294,67266],[-73,40],[-18,36],[-170,28],[-73,-39],[-116,27],[-4,-40],[-53,-33],[-28,-64],[-41,12],[-49,45],[-41,-32],[-22,-47],[-86,-62],[-55,-26],[-5,-97],[-69,-69],[-6,-60],[-26,-19],[-12,-55],[-34,-35],[-13,-53],[-85,-104],[-34,-19],[58,-141],[-73,-109],[-50,-3],[-2,-69],[-43,-31],[-10,-38],[-47,-45],[-62,8],[-38,-44],[-158,-34],[-19,-16],[-193,14],[-49,-8]],[[69495,66084],[17,117],[28,36],[4,53],[68,51],[3,36],[-57,14],[-18,28],[26,92],[-51,84],[-86,-36],[-60,-42],[-77,21]],[[69292,66538],[23,93],[-53,86]],[[69262,66717],[47,85],[45,41],[85,-9]],[[69439,66834],[70,0],[50,-16],[40,93],[130,30],[11,45],[-15,57],[2,126],[-27,67],[32,89],[36,9],[18,67],[70,47],[-49,65],[37,20],[-8,51],[39,33],[58,121],[54,47],[44,80],[-63,39],[40,58],[68,21],[9,46],[33,38],[89,55],[-53,113],[-76,3],[-40,93],[13,28]],[[70051,68359],[9,37],[43,-2],[3,44],[108,-5],[112,28],[56,-15],[68,91],[82,22],[18,32],[52,-23],[26,30],[64,-29],[-2,-76],[78,-84],[6,-24],[83,8],[89,-34],[25,-28]],[[71366,69995],[46,-66],[147,-34]],[[71559,69895],[42,-16],[53,9],[123,-28]],[[71777,69860],[-7,-38],[23,-48],[67,-29]],[[71860,69745],[-17,-43],[38,-41],[44,36],[21,-70]],[[71946,69627],[-71,-34],[-45,-49],[-31,-107],[23,-11],[-25,-120],[-42,-60],[134,-6],[19,-54],[-71,3],[-39,-19],[-4,-87],[12,-81],[-26,-47]],[[71780,68955],[-42,18],[-184,18],[-27,26],[-67,1],[-20,26],[-90,-1],[-55,44],[-135,61],[-67,54],[-19,56],[-143,63],[-52,78],[-47,46],[-103,66],[-88,-23],[-51,1]],[[70590,69489],[31,95]],[[70621,69584],[43,10],[83,-5],[50,-20],[42,-42],[79,20],[225,41],[57,-15],[75,22],[-61,74],[16,34],[69,-24],[45,139],[-130,10],[39,143],[-15,63]],[[71238,70034],[128,-39]],[[71941,69573],[-62,-28],[82,-38],[-59,-92],[-81,28],[14,92],[57,47],[49,-9]],[[72690,66316],[-64,-30],[11,-67],[-26,-65],[-36,1],[-49,-34],[-17,-53],[15,-128],[17,-17]],[[72541,65923],[-36,-41],[-41,8],[-71,-41],[-8,-78],[-33,-84],[-42,-9]],[[72310,65678],[-155,26],[-102,-23],[-6,51],[-68,21],[-33,-28],[-161,40]],[[71785,65765],[0,157],[-56,52],[56,51],[9,47],[40,26],[-10,37]],[[71824,66135],[0,24],[86,85],[-70,48],[19,33],[-50,20],[8,54],[-36,39],[16,50],[37,43]],[[71834,66531],[29,12],[11,-5],[1,53],[-79,50],[9,59],[58,36],[-12,33],[24,62]],[[71875,66831],[33,-50],[113,-45],[31,-27],[114,-16],[195,-126],[63,-71],[61,-29],[99,-15],[69,11],[37,-74],[0,-73]],[[71294,67266],[-28,-82],[-65,-34],[-10,-50],[67,9],[32,-20],[32,34],[52,-29],[44,14],[78,-47],[82,-10]],[[71578,67051],[41,-53],[-18,-132],[43,-18],[1,-44],[-37,-6],[-15,-74],[-50,-93],[-5,-43],[-42,-27]],[[71496,66561],[-123,-17],[-52,-51],[-88,-49],[-105,4],[-55,-38],[-41,5],[-14,49],[-35,-5],[-52,-81],[68,-28],[-63,-36],[-131,16],[-49,-69],[-73,43],[-59,-43],[-63,-14],[3,-35],[56,-21],[-14,-86],[23,-66],[-67,-68],[-13,-85]],[[70549,65886],[-49,-10],[-103,-59],[-6,-24],[-102,30],[-80,-20],[-75,20],[-24,-24],[-132,27],[-43,-19],[-90,11],[-54,-84],[-31,-70],[75,-89],[-61,-24],[-46,-60],[-49,-6],[-137,-39],[-39,12],[-112,-64],[14,-35],[-30,-73],[-78,11],[-40,-22],[-12,-49],[-152,16]],[[69093,65242],[-38,59],[-68,24],[-36,44],[-29,85],[-7,66],[-24,17]],[[68891,65537],[6,38],[-31,70],[-42,44],[-46,18],[38,105],[72,65],[-8,80],[37,42]],[[68917,65999],[81,3],[35,44],[70,15],[68,-25],[37,5],[36,45],[106,-22],[53,32],[92,-12]],[[72156,70255],[27,-143],[33,-118],[91,-161],[36,-18]],[[72343,69815],[-118,-67],[-87,-8],[-54,-20]],[[72084,69720],[-47,70],[-53,44]],[[71984,69834],[-33,50],[-76,-3],[-53,-33],[-45,12]],[[71559,69895],[19,59],[29,22],[5,73],[-38,78],[51,-9],[39,68],[-80,42],[-18,76],[-37,17]],[[71529,70321],[-17,47],[-39,31],[-6,41],[-48,78],[8,127],[13,30],[89,61]],[[70971,68331],[25,49],[-23,24],[15,75],[-31,61],[11,98],[46,90],[-35,65],[27,17],[6,52],[-22,39],[14,58],[-74,29],[-97,-11],[-63,16],[-43,60],[-57,41],[-62,148],[-122,39]],[[70486,69281],[41,109],[67,74],[-4,25]],[[71780,68955],[-38,-73],[-18,-72],[-81,-132],[-140,-205],[-100,-128]],[[69262,66717],[-32,73],[-47,-25],[-37,22],[-110,-82],[-26,0],[-34,63]],[[68976,66768],[-42,-3],[-82,22],[-63,53],[-58,11],[3,35],[-58,34],[12,81],[-29,48],[83,123]],[[68742,67172],[34,15],[24,75],[-47,114],[32,36],[37,7],[42,112]],[[68864,67531],[79,-16],[22,-32],[51,27],[25,95],[64,-39],[-56,-51],[38,-18],[75,-6],[7,-45],[49,-57],[-5,-55],[104,-78],[38,-41],[-17,-69],[26,-136],[22,-7],[28,-111],[25,-58]],[[69654,63785],[-41,-5],[-62,-44],[-80,-13],[1,-31],[48,-42],[55,-16],[27,15],[79,-11],[15,-49],[-1,-111],[56,-13],[135,-87],[-91,-76],[41,-31],[-40,-103],[45,-8],[-13,-46],[6,-62],[-42,-27],[-54,1],[-18,34],[-52,-25],[-19,73],[66,33],[-111,21],[-69,79],[-8,-37],[17,-77],[-26,-10],[-45,-66],[10,-41],[79,63],[31,-50],[3,-61],[34,-61]],[[69630,62901],[-34,2],[-66,51],[-27,-22],[-86,12],[-77,78],[-46,-60],[-87,4],[-64,52],[-16,51],[-19,141],[24,22],[-2,52],[76,35],[4,43],[-44,41],[-99,8],[-38,-26],[-85,13]],[[68944,63398],[18,7],[-35,114],[-29,21],[26,59],[-17,58],[11,125],[105,-29],[-72,91],[29,45],[-18,70]],[[68962,63959],[69,25],[60,-6],[87,20],[72,-68],[28,-8],[17,-103],[68,5],[134,-15],[46,17],[56,-6],[55,-35]],[[69999,63862],[-84,-32],[-66,-70],[-46,91],[-22,-44],[-34,-13]],[[69747,63794],[21,95],[114,64],[101,-61],[16,-30]],[[70051,68359],[-97,39],[-80,-16],[-34,32],[30,40],[4,84],[60,38],[-37,100],[-27,18],[31,68]],[[69901,68762],[28,-4],[84,36],[41,34],[2,40],[69,11],[68,43],[140,61],[9,107],[32,12],[-7,118],[79,68],[40,-7]],[[72690,66316],[23,-4],[44,52],[-23,78],[51,-9],[3,-76],[55,-25],[11,-46],[56,-16],[45,20],[27,-46],[3,-61],[-22,-53],[129,-55],[23,41],[93,-9],[44,-105],[-23,-59],[25,-34],[-41,-120],[-36,-37],[-10,-132],[-48,19],[6,53],[-33,15],[-119,-14]],[[72973,65693],[-25,47],[16,40],[-23,31],[-90,13],[-60,-55],[-23,35],[-50,25],[-96,85],[-81,9]],[[73123,66656],[19,-48],[-1,-60],[-42,9],[-43,-45],[-43,-9],[-102,-56],[-54,36],[56,39],[69,9],[20,65],[32,3],[89,57]],[[73151,66430],[29,-22],[-27,-58],[-46,-42],[-65,-13],[-53,12],[28,68],[107,28],[27,27]],[[69630,62901],[-43,-10],[-66,-55],[-40,42],[-67,-27],[-7,-37],[45,-75],[-69,-46],[-79,-10],[-5,74],[-25,31],[-71,10],[-16,-30],[39,-38],[-16,-54],[-38,-1],[-15,-49],[48,-26],[-77,-77],[-40,-8],[-19,67],[-35,9],[-21,-63],[-39,8],[-109,-131],[-104,-184]],[[68761,62221],[-10,34],[18,49],[-74,61],[-41,0],[-54,87],[14,51],[-15,49],[-89,1],[-52,-21],[-140,5],[-72,-68],[15,-72],[-44,-64],[-2,-73],[-119,-7],[-16,-60],[56,-54]],[[68136,62139],[8,-46],[-71,-57],[-42,-55],[29,-73],[-63,-4],[-99,-62]],[[67898,61842],[-54,132],[-55,8],[-44,39],[-40,9],[-45,63],[16,62],[-17,41],[26,78],[-38,57],[29,67],[-5,30]],[[67671,62428],[22,-66],[66,-7]],[[67759,62355],[16,62],[104,-11],[19,100],[-43,51],[-11,-79],[-36,35],[20,62],[-37,38],[-1,45]],[[67790,62658],[69,-20],[21,41],[1,57],[58,-20]],[[67939,62716],[43,42],[9,42],[47,20],[8,42],[77,-12],[70,-32],[36,-39],[28,10],[43,137],[-15,58],[13,40],[41,10],[61,-74],[85,78],[0,32],[-48,73],[-1,39],[-36,38],[51,61],[-17,16]],[[68434,63297],[20,62],[39,31],[11,57],[31,19],[46,-30],[38,30],[63,-20],[24,12]],[[68706,63458],[36,-19],[54,10],[124,-72],[24,21]],[[71529,70321],[-28,-8],[-90,-162],[-51,-43],[22,-33],[-16,-80]],[[71238,70034],[-59,38],[8,47],[-82,38],[-30,-12],[-61,22],[-103,9],[-94,-45],[-87,5]],[[70730,70136],[-17,63],[20,92],[-13,36],[42,46],[-65,43],[38,54],[17,68],[47,17],[-2,57],[-57,65],[-101,82],[-27,-12],[-56,29]],[[70556,70776],[21,30],[18,86],[-5,78]],[[72973,65693],[33,-84],[-78,-42],[-75,30],[-67,-65],[-60,20],[-15,-45],[34,-33],[73,36],[-1,43],[62,22],[-6,-73],[54,29],[70,-48],[92,73],[57,-17],[-10,-47],[-101,-63],[-22,-64],[6,-65],[65,-93],[-28,-33],[-3,-52],[45,-29],[21,-39],[-17,-61],[-86,-26],[-44,4],[1,-68],[-90,-6],[-65,-60],[-111,-11],[-69,24],[-117,23],[-14,18],[-82,-1],[-20,82],[21,29],[101,1],[99,-32],[92,0],[34,-38],[72,-18],[54,25],[13,73],[-81,-58],[-44,33],[38,93],[-46,79],[112,27],[-47,44],[-20,-40],[-42,1],[-57,28],[-27,-13],[-58,31],[-25,-49],[35,-12],[24,-50],[-56,-45],[-59,-10],[-73,46],[14,111],[-69,-4],[16,-42],[-32,-60],[-46,-26],[-79,58],[-59,13],[-45,-13]],[[72165,65154],[-60,67],[103,23],[113,57],[0,43],[55,58],[-43,68],[38,76],[-62,96],[1,36]],[[68864,67531],[-19,16],[-37,119],[-79,13],[-27,20]],[[68702,67699],[85,75],[-16,58],[-65,94]],[[68706,67926],[-85,68],[-6,44],[-42,-2],[-4,56],[22,93],[-58,19],[-1,58]],[[68532,68262],[32,-5],[67,49],[54,4],[112,33],[93,51],[24,43],[-40,72],[39,62],[49,3],[20,77],[95,59],[-22,68],[-47,-22],[-75,8],[-62,37],[13,39],[64,87],[55,36],[21,-62],[80,-57],[26,32],[63,-39],[96,37],[73,-13],[91,-101],[156,-57],[39,3],[80,-23],[90,42],[67,55],[16,-18]],[[72452,69723],[-40,-1],[-69,93]],[[70621,69584],[-22,74],[7,44]],[[70606,69702],[29,74],[-38,47],[7,78],[36,47],[88,62],[-33,100],[35,26]],[[71984,69834],[-36,-66],[-39,7],[-49,-30]],[[72084,69720],[-17,-33],[15,-55],[-72,-19],[-64,14]],[[71496,66561],[18,-38],[-20,-59],[65,-17]],[[71559,66447],[-13,-49],[-81,-80],[-9,-98],[18,-21],[-30,-63],[3,-33]],[[71447,66103],[-67,5],[-69,-13]],[[71311,66095],[-26,59],[-114,-34],[-36,6],[-125,-64],[1,-32],[-51,-23],[-111,-23],[10,-32],[-73,-48],[-105,-31],[-71,24],[-61,-11]],[[71834,66531],[-9,6],[-5,5],[0,2],[-16,-14],[7,-13],[-3,-5],[-175,11],[-3,-48],[-33,-33],[-38,5]],[[71578,67051],[79,-10],[148,-66],[70,-144]],[[71311,66095],[1,-32],[-43,-47],[-63,4],[-32,-21]],[[71174,65999],[-61,-34],[-83,29],[-24,-23],[5,-59],[-89,-14],[-44,-40],[-78,-116],[-46,-8],[22,-107],[-24,-58],[-88,72],[29,47],[-19,65],[-30,20],[-105,-59],[69,-54],[-18,-34],[10,-78],[-32,-63],[-40,-8],[-160,-86],[-14,-39],[-74,-59],[-9,-31],[-100,-22],[-55,19],[-39,-104],[-63,-36],[-102,-16],[-25,-37],[-55,5],[-34,-56],[30,-39]],[[69828,64976],[-63,-63],[-40,3],[-61,-57],[11,-51],[-121,-15],[3,-41],[-53,-54],[-15,-77],[-49,11],[-37,-67],[20,-100],[-183,-58],[-21,11],[-39,-59],[5,-41],[-79,-38],[-20,30],[-84,-12]],[[69002,64298],[-34,26],[17,86],[-66,17],[-14,50]],[[68905,64477],[21,43],[94,53],[9,78],[-34,40],[73,76],[30,10],[8,57],[-72,55],[6,33],[-31,83],[-81,64],[-16,80],[29,26],[59,-3],[93,70]],[[71824,66135],[-139,-29],[-35,40],[-69,-58],[-98,19],[-36,-4]],[[71785,65765],[-30,-73],[-1,-59],[-101,-49],[-44,-93],[7,-30],[-34,-51],[16,-63],[-15,-23],[-55,4],[-31,-72],[-81,29],[-91,-25],[-52,7],[-24,31],[-43,-4],[-27,56],[-80,31]],[[71099,65381],[9,76],[31,66],[-17,91],[55,31],[-33,91],[71,129],[-41,134]],[[71099,65381],[-31,-4],[-34,-64],[-41,-11],[-112,19],[-71,-54],[6,-69],[-25,-48],[-2,-68],[-38,-4],[-66,-39],[-51,17],[-23,-21],[49,-87],[-35,-26],[-24,-69],[11,-42],[-14,-67],[28,-72],[45,-41]],[[70671,64631],[-23,-34],[-137,-61],[-58,85],[-15,-64],[-40,-22],[-21,-47]],[[70377,64488],[-21,45],[19,40],[-6,74],[-58,53],[-26,59],[-96,3],[-63,18],[-76,-5],[-85,91],[20,35],[-60,59],[-97,16]],[[70411,64423],[0,0],[0,1],[0,0],[0,-1]],[[72165,65154],[-23,-55],[-66,-5],[-46,-33],[-4,115],[46,112],[64,46],[53,-2],[7,51],[-73,9],[-46,40],[-23,-65],[-40,-15],[-29,60],[-105,17],[-24,-39],[73,-14],[11,-69],[-62,-21],[-60,-44],[-64,-23],[16,-28],[59,30],[56,-11],[12,30],[52,-24],[-49,-34],[-7,-29],[-54,-34],[7,-61],[-101,-16],[-4,-57],[-72,-11],[-43,-29],[-40,-68],[-102,-8],[-48,133],[107,80],[-140,-13],[-61,-23],[-28,-28],[9,-67],[-10,-59],[-39,-50],[-42,49],[27,34],[-11,72],[-61,-27],[-24,-40],[-63,19],[8,53],[-45,4],[1,-93],[17,-36],[-34,-24],[-26,-68],[48,-67],[-51,-26],[-78,-61],[4,51],[-77,29],[-41,43],[45,65],[-15,48],[-66,-76],[9,-69],[-16,-21],[18,-59],[-130,-11]],[[68962,63959],[-25,40],[46,40],[-34,93],[20,71],[47,52],[-14,43]],[[70377,64488],[-63,-32],[-34,42],[-11,58],[-78,-22],[-2,-75],[-34,-33],[-59,-10],[-19,-42],[-75,2],[-68,-94],[-65,-29],[37,-79],[-43,-54],[36,-108],[49,-64],[32,38],[47,-32],[-28,-92]],[[69747,63794],[-32,94],[97,62],[41,63],[-47,11],[-40,-29],[-28,-51],[-50,-37],[-65,-22],[-16,-24],[47,-76]],[[68761,62221],[-105,-221],[-76,-213]],[[68580,61787],[-69,40],[-66,-8],[4,89],[-45,39],[-3,52],[-37,66],[-30,18],[-104,-11],[-25,33],[-69,34]],[[68580,61787],[-38,-107],[-31,-158],[-34,-46]],[[68477,61476],[-20,24],[-130,59],[-54,-6],[22,-67],[-71,-3],[-92,49],[-32,41],[-5,113],[-55,-15],[-41,30],[-25,53],[-53,9],[-23,79]],[[68500,71056],[-28,-41],[-79,-220]],[[68393,70795],[-70,-23],[-52,-36],[-69,-214]],[[68202,70522],[-100,-62],[-24,-140],[-22,-38],[-43,-136]],[[68013,70146],[-45,-55],[-17,-62],[-101,-159],[-22,-59],[70,-209],[8,-64],[84,25],[110,-25],[54,-128],[80,23],[8,46],[57,-19],[61,-1]],[[68360,69459],[109,-28],[19,-82],[-20,-51],[36,-69],[68,-25],[58,35]],[[68630,69239],[-42,-45],[49,-49],[-3,-45],[-158,-21],[-64,-69],[-35,-4],[-30,-70],[3,-49],[-67,-9],[-38,17],[-17,-71],[-110,-11]],[[68118,68813],[-38,85],[-63,-43],[-60,-9],[-16,-42],[-52,-34],[-57,26],[0,36],[-116,69]],[[67716,68901],[-18,74],[42,39],[-2,102],[48,55],[-20,55],[12,27]],[[67778,69253],[-16,39],[-63,41],[-58,71],[24,55],[-76,64],[-78,7],[48,64],[-20,52],[-66,23],[80,-4],[-5,62],[-52,86],[-48,41],[3,33],[99,52],[5,43],[-21,58],[34,49],[8,45],[-25,33],[41,71],[2,47],[34,67],[13,87],[-19,49],[21,27],[18,84],[-48,19],[-33,112],[7,62],[-57,131],[-1,79],[34,20],[1,73],[37,151],[41,49],[44,89]],[[67686,71384],[27,-18],[89,29],[121,-61],[22,-70],[92,-37],[48,14],[61,87],[41,22],[106,-34],[36,0],[53,-50],[118,-210]],[[70257,71328],[-67,-64],[-93,23],[-71,-64],[-36,-3],[-20,-51],[-46,-49],[-71,-7],[-24,-49],[-64,-27]],[[69765,71037],[-39,-15],[2,-56],[-49,4],[-20,-32]],[[69659,70938],[-61,37],[-24,-74],[-41,-63],[14,-22]],[[69547,70816],[-57,35],[-52,-3],[-19,-54]],[[69419,70794],[-56,22],[-73,69],[-143,18],[-20,26],[-76,9],[-49,23],[-140,225]],[[68862,71186],[-9,45]],[[68853,71231],[202,-19],[161,81],[-37,516],[14,39]],[[69193,71848],[321,-110]],[[69514,71738],[18,-40],[15,-182],[147,-52],[67,31],[19,-38],[49,15],[162,14],[67,-38],[28,-77],[50,68],[93,-34],[28,-77]],[[70227,72992],[10,-80],[-24,-48],[-2,-81],[-28,-43],[-14,-88],[19,-36],[-28,-52],[50,-47],[41,-64],[-4,-27],[47,-81],[-8,-62],[29,-50],[-31,-101],[-83,12],[-46,-18],[28,-130],[-18,-74],[-40,-54],[-7,-77],[-73,-28],[-28,61],[-49,15],[-99,-24],[-142,12],[-39,-19],[-90,-11],[-84,-59]],[[69193,71848],[-18,10],[-245,224],[-19,109],[114,144],[8,34],[-11,105],[-113,43],[10,108],[26,76],[-13,62],[33,95],[3,88]],[[68500,71056],[56,51],[232,128],[65,-4]],[[68862,71186],[27,-191],[47,-76],[34,-132],[34,-24],[57,12],[34,-24],[3,-73],[50,-70],[4,-37],[57,-12],[88,-56],[39,-87],[38,-32],[-69,-47],[0,-46],[-52,-27],[-52,24],[-55,-4],[-74,-47],[1,-42],[80,-68],[26,-55]],[[69179,70072],[-63,4],[5,43],[-63,49],[-44,-25],[-58,8],[-22,51],[-62,2],[-49,-33]],[[68823,70171],[-69,83],[-165,59],[-43,137],[-89,32],[-23,87],[-13,200],[-28,26]],[[68013,70146],[92,-46],[49,-123],[41,-8],[25,-61]],[[68220,69908],[12,-51],[-21,-31],[60,-40],[-21,-61],[10,-40],[63,-42],[40,-6],[48,-70],[-51,-108]],[[68202,70522],[43,-104],[110,-68],[58,-69],[22,-53],[-12,-67],[38,-33],[5,-59],[-67,-82],[56,-24],[44,-55]],[[68499,69908],[-66,-19],[-45,-68],[-99,58],[-69,29]],[[68499,69908],[57,-103],[63,-52]],[[68619,69753],[-14,-91],[33,-155],[98,-148]],[[68736,69359],[-65,-37],[-14,-76],[-27,-7]],[[68532,68262],[-63,51],[44,83],[51,41]],[[68564,68437],[-68,48],[-53,0],[-16,39],[16,66],[-177,-30],[3,48],[-79,56],[-57,-19]],[[68133,68645],[-27,76],[12,92]],[[68736,69359],[79,-11],[64,-52],[75,-15],[56,-27],[96,100],[-21,97],[-3,66],[-25,41],[87,47],[-11,68],[27,73]],[[69160,69746],[59,-37],[53,72]],[[69272,69781],[41,-67],[49,-23]],[[69362,69691],[11,-76],[31,-44],[64,-33],[35,-45],[41,2],[19,-34],[5,-73],[43,11],[51,-72],[74,-15],[68,44],[24,-15],[108,78],[57,63],[77,-6],[24,-28],[76,31],[31,39],[24,123],[-16,51]],[[70209,69692],[65,43],[47,-42],[102,11],[24,25],[87,-55],[72,28]],[[68823,70171],[4,-191],[-29,-61]],[[68798,69919],[-88,28],[-2,-76],[-26,-78],[-63,-40]],[[68798,69919],[57,-84],[14,-58],[75,-53],[62,38],[57,-17],[-22,65],[53,1],[66,-65]],[[67686,71384],[-137,-56],[-27,16],[-50,91],[7,37],[-33,28],[-20,78],[-84,49]],[[67342,71627],[-49,60],[-26,63],[-88,25],[25,73]],[[70209,69692],[-41,83],[-37,41],[-52,16],[-53,42],[-63,77],[-150,2],[-93,68],[-77,4],[-71,-33],[-28,-78],[10,-81],[-32,-37],[-64,-38],[-12,-28],[-66,15],[-18,-54]],[[69272,69781],[-37,-14],[-34,108],[16,54],[-37,50],[18,31],[-19,62]],[[69419,70794],[23,-35],[2,-87],[36,-76],[5,-69],[66,-1],[53,-28],[51,97],[53,-49],[88,35],[95,-26],[113,33],[96,-75],[20,-56],[54,38]],[[70174,70495],[26,-44],[73,-32],[128,58],[40,28],[18,69],[-51,43],[-31,94],[26,79],[43,9],[7,38],[77,-60],[26,-1]],[[70467,71410],[-73,1],[-137,-83]],[[69547,70816],[44,-42],[3,-50],[51,-17],[-26,101],[34,3],[104,-28]],[[69757,70783],[96,-33],[14,-22],[70,18]],[[69937,70746],[26,-64],[66,-71],[14,-33],[84,-9],[47,-74]],[[69659,70938],[39,-22],[-9,-75],[68,-17],[0,-41]],[[69765,71037],[80,-83],[30,-60],[44,-40],[18,-108]],[[64012,72479],[69,-41],[-31,-45],[41,-86],[51,20],[59,-12],[48,-32],[-7,-64],[59,-11],[38,-70],[38,-34]],[[64377,72104],[-109,-21],[-28,-62],[5,-66],[-158,-22],[59,-47],[6,-46],[-34,-12],[-36,-48],[86,-40],[22,-112],[-43,-65],[64,-18],[18,-47],[9,-106],[74,-47],[19,4],[95,-80],[43,-6],[60,31],[74,18],[103,-40],[102,26],[38,28]],[[64846,71326],[25,-120],[-107,-75],[-23,-50],[-52,-4],[56,-90],[-29,-141],[-38,14],[14,-178]],[[64692,70682],[-24,-8],[-56,38],[-35,-9],[-91,14],[-94,-3],[-37,-87]],[[64355,70627],[-96,-20],[-70,73],[-32,-1],[16,71],[-18,45],[70,33],[-16,48],[-43,24],[-36,58],[-36,-8],[-22,36],[-41,-1],[-44,42],[37,28],[27,73],[-51,118],[-117,24],[-31,-27],[-103,35],[-47,-42],[-30,2],[-48,-43],[-13,-43],[-79,-58],[-52,112],[-5,61],[-39,-16],[-72,3],[-133,46],[8,68],[-24,33],[-110,44],[-138,34],[-117,62]],[[62850,71541],[-68,25],[-18,37],[36,81],[-13,41],[-44,22],[8,64],[25,26],[-24,65],[41,82],[-20,87],[60,103]],[[62833,72174],[61,38],[67,-27],[63,-64],[52,-4],[41,-35],[10,-45],[60,8],[18,23],[72,22],[55,73],[2,29],[98,-18],[8,40],[-17,65],[15,171]],[[63438,72450],[49,8],[59,-46],[125,-6],[66,44],[-7,45],[24,37],[76,38]],[[63830,72570],[104,-26],[26,-42],[52,-23]],[[65640,72474],[-39,-60],[-97,-85],[-52,-18],[-44,24],[-32,-43],[-58,13],[-27,-109],[29,-71],[-92,-108],[-40,-16],[-32,88],[-51,-10],[-49,28],[-44,-26],[-53,-1],[-68,-40],[-89,-21],[-70,43],[-8,44],[-60,15],[-69,-17],[-22,21],[-84,-26],[-86,18],[-26,-13]],[[64012,72479],[78,10],[54,35],[7,47],[81,75],[-2,52],[92,20],[28,69],[53,47],[40,-25],[65,20],[61,-78],[55,-44],[40,-9],[19,62],[6,106]],[[64689,72866],[114,-25],[68,85],[41,-56],[18,-71],[-14,-67],[-48,-54],[-26,-148],[-37,-34],[13,-35],[74,47],[-3,25],[55,58],[53,15],[-4,45],[41,38],[49,-2],[58,23],[54,-83],[50,37],[29,65],[-33,32],[-27,106],[-28,-79],[-58,14],[-92,-24],[-83,135],[-14,89],[39,44],[42,-2],[29,33],[47,12],[68,68],[56,-35],[72,33],[50,53],[70,-23],[2,55],[39,37],[4,47],[77,41],[32,-64],[-35,-27],[3,-60],[79,1],[48,-91],[65,7]],[[65976,71984],[0,-39],[-66,-10],[-29,-32],[-85,-31],[28,-68],[-38,-44]],[[65786,71760],[-62,22],[-57,-11],[-99,13],[-147,-23],[-61,-48],[-27,-49],[-56,-13],[-86,-64],[-28,-77],[-63,-69],[-83,-17],[-32,-46],[-35,-14],[-32,-55],[-72,17]],[[67716,68901],[-45,-54],[-49,-12],[-29,-70],[-71,-37]],[[67522,68728],[1,-32]],[[67523,68696],[-25,-12],[-67,19],[-56,40],[-66,-8],[-43,24],[-109,-8]],[[67157,68751],[38,38],[-7,75],[-30,46],[33,18],[-28,75]],[[67163,69003],[79,51],[72,5],[12,85],[29,26],[69,13],[38,-63],[59,5],[4,50],[76,2],[28,25],[-15,57],[25,54],[40,1],[16,-40],[83,-21]],[[63830,72570],[-7,35],[74,40],[3,52],[68,72],[2,54],[58,15],[26,44],[-8,81],[-55,-7],[-35,34],[-52,104],[48,44],[53,-29],[23,56],[47,26],[22,40],[-25,26],[49,126],[5,56]],[[64126,73439],[-41,98],[-77,76],[-2,61],[27,68],[59,7],[23,28],[5,68],[87,-37],[8,61],[47,74],[33,21]],[[64295,73964],[69,0],[63,-27],[149,63],[53,-32],[-5,-45],[-42,-54],[32,-44]],[[64614,73825],[-36,-3],[-77,-113],[-37,-117],[-5,-63],[-49,-26],[-53,-84],[-58,-32],[-45,-94],[-84,-107],[-15,-60],[4,-62],[26,-46],[49,-17],[47,66],[-36,47],[19,47],[101,45],[16,42],[41,33],[96,107],[-6,-66],[-42,-40],[21,-72],[60,-15],[65,-50],[-72,-41],[-97,41],[-31,-65],[20,-65],[27,-28],[124,-13],[13,-52],[89,-56]],[[66309,70186],[-41,-110],[96,-67],[54,11],[17,-23],[-24,-58],[1,-86],[45,-15],[71,-103],[-17,-27],[53,-74],[-3,-39],[-37,-22],[-4,-109],[16,-32],[-91,-8],[-56,-21]],[[66389,69403],[-52,0],[-74,-25],[-24,51],[-72,-34],[2,-38],[38,-51],[-81,-14],[-6,-101],[100,-5],[1,-92],[-42,-36]],[[66179,69058],[-104,-8],[-91,34],[6,29],[-61,21]],[[65929,69134],[-55,52],[-1,43],[-56,16],[-23,-31],[-48,3],[-31,35]],[[65715,69252],[-14,114],[34,8],[-27,97],[51,37],[-58,48],[-56,-3],[-59,44],[-42,1],[-83,42],[-70,-40],[-68,60],[-34,-31],[-30,25],[-84,-2],[-20,66],[23,65]],[[65178,69783],[58,-9],[25,-31],[146,24],[45,-24],[45,77],[63,32],[101,119],[-11,38],[24,37],[38,-21],[70,-7],[42,-29],[96,-13],[14,-26],[65,27],[92,18],[-24,130],[48,35],[46,69],[51,-21],[37,8],[60,-30]],[[67523,68696],[18,-9]],[[67541,68687],[12,-67],[30,-9],[34,-138]],[[67617,68473],[-80,10],[-94,-5],[-36,-21],[-88,-4]],[[67319,68453],[-26,43],[-44,29],[-82,18],[-47,84]],[[67120,68627],[-2,105],[-15,17]],[[67103,68749],[54,2]],[[66920,69136],[-75,1],[-7,77],[-21,34]],[[66817,69248],[-62,111],[51,26],[64,-31],[24,-49],[41,-33],[4,-53],[-19,-83]],[[66920,69136],[-2,-83],[-40,-50]],[[66878,69003],[-99,29],[-48,1],[-60,-55]],[[66671,68978],[-26,-3],[-71,37],[0,104],[-28,24]],[[66546,69140],[57,28],[27,-8],[80,81],[107,7]],[[66860,68943],[46,-35],[18,-66],[90,-50]],[[67014,68792],[80,-23],[9,-20]],[[67120,68627],[-126,9],[-44,-68],[-9,-50]],[[66941,68518],[-44,94],[-42,33],[-55,9],[-3,97],[-45,23],[-14,59]],[[66738,68833],[15,41]],[[66753,68874],[107,69]],[[67319,68453],[58,-69],[-21,-92],[14,-39]],[[67370,68253],[-74,-7],[-24,-57],[-114,-3],[-32,-65],[10,-34],[-34,-43],[-66,-34]],[[67036,68010],[-18,19],[-25,147]],[[66993,68176],[64,66],[31,82],[-82,136],[-41,23],[-24,35]],[[64126,73439],[-63,-4],[-71,-124],[-51,-12],[-45,-74],[-31,-91],[-68,-73],[-19,15],[-111,-4],[-103,-75],[-29,4],[-77,-37],[-87,35]],[[63371,72999],[-52,18],[-101,-41],[-76,5],[-147,-92],[-10,-34],[-112,-2],[-63,-16],[-36,63],[-42,39],[22,66],[-24,43],[-61,29],[-12,42],[-104,50],[-27,63],[-69,83],[-45,15],[60,64],[10,58],[34,80],[-35,96],[-16,99],[17,41]],[[62482,73768],[59,17],[37,-27],[-11,-64],[85,12],[49,-20],[74,7],[104,39],[104,61],[19,86],[42,49],[37,8],[24,47],[68,-7],[19,18],[63,-23],[78,10],[-1,35],[124,44],[167,137],[3,90],[46,19],[156,17],[57,44],[60,-17],[131,47],[15,26],[113,39],[57,-23],[69,42],[5,53],[63,-60]],[[64398,74474],[-70,-149],[-63,-32],[-6,-32],[-49,-26],[11,-41],[-55,-100],[32,-84],[98,-20],[-1,-26]],[[67342,71627],[-39,-84],[-54,-18],[1,-68],[20,-28],[-35,-38],[-45,35],[-93,-18],[-65,6],[-36,-26],[13,-36],[-22,-65],[-199,-79],[-181,50],[-78,-32],[-58,-81],[4,-59],[-50,-18],[-5,-49],[-55,18],[-50,-21],[-48,-55],[35,-27],[-1,-61],[-64,-81],[-56,-117],[-62,-94],[4,-53],[-18,-72],[47,-59],[50,1],[70,-23],[33,-89],[35,14],[43,-47],[13,-48],[-49,-30],[-38,11]],[[65178,69783],[-11,52],[-46,39]],[[65121,69874],[-13,61],[44,38],[-3,33],[55,41],[65,23],[6,112],[-47,27]],[[65228,70209],[43,42],[62,17],[47,-17],[37,62],[98,79],[7,74],[36,47],[-19,49],[35,18],[12,61],[27,14],[-22,52],[7,54],[-85,51],[58,148],[-28,89],[10,96],[59,25],[-46,75],[25,148],[62,38],[29,44],[-21,38],[31,62],[113,68],[-23,58],[4,59]],[[67722,68333],[-9,-49],[15,-45],[37,-29],[27,-60],[53,-32],[42,66],[22,-37],[-17,-46],[68,-9]],[[67960,68092],[20,-68],[27,5]],[[68007,68029],[-31,-7],[-23,-63],[-46,-69],[-30,-13],[-37,-136],[-27,26],[-47,2],[-67,-49],[-75,-1],[-52,37],[-65,11],[-36,-12],[-84,65],[-62,18],[-72,-10]],[[67253,67828],[1,34],[61,26],[-8,39],[-70,-1],[5,32],[52,33],[100,14],[14,62],[-22,64],[-1,95],[-15,27]],[[67370,68253],[130,30],[60,37],[63,-4],[99,17]],[[66878,69003],[-18,-60]],[[66753,68874],[-42,78],[-40,26]],[[67014,68792],[1,21],[-21,44],[-32,18],[-6,8],[-7,23],[-22,40],[84,33],[43,3],[39,42],[28,-46],[42,25]],[[67522,68728],[19,-41]],[[67617,68473],[64,-21],[6,-49]],[[67687,68403],[35,-70]],[[68133,68645],[-58,-35],[-59,-85],[-64,10],[-21,-42],[-52,-34],[-41,20],[-16,-39],[-43,-20],[-92,-17]],[[67960,68092],[78,62],[63,-13],[56,126],[4,36]],[[68161,68303],[81,-16],[17,-89],[43,1],[-7,-122],[-27,-8],[-11,-131]],[[68257,67938],[-61,2],[-17,47],[-72,-58],[-46,-9],[-48,44],[30,52],[-36,13]],[[68564,68437],[-177,43],[-116,-75],[-23,-32],[-43,12],[-33,-21],[-11,-61]],[[67253,67828],[-119,28]],[[67134,67856],[8,53],[-106,101]],[[68706,67926],[-72,-28],[-12,-90],[-53,-40],[-14,-49],[-67,11],[-7,40],[-39,21],[-28,-28],[-71,15],[-1,70],[-27,69],[-58,21]],[[65228,70209],[-13,66],[22,13],[-38,65],[27,37],[-47,21],[-50,-5],[-67,20],[-27,29],[-61,-7],[-30,54],[-55,32],[-123,-41],[-51,-7],[-72,34],[64,91],[-15,71]],[[64398,74474],[54,-58],[36,-9],[36,-92],[49,2],[37,-31],[-3,-47],[57,-25],[29,-63],[-11,-68],[111,-89],[-51,-94],[24,-101],[-54,-17],[7,64],[-35,32],[-70,-53]],[[63438,72450],[-24,27],[-27,169],[10,79],[-51,22],[47,39],[8,104],[-35,67],[5,42]],[[65351,66242],[48,-46],[28,26],[56,-51],[10,-129],[35,-62],[29,-202],[-23,-62],[65,-55],[-42,-149],[-7,-56]],[[65550,65456],[-47,-13]],[[65503,65443],[-51,3]],[[65452,65446],[-45,176],[-48,21],[-30,55],[-30,108],[-68,95],[-37,8],[-38,108],[17,46],[-60,38],[-54,54]],[[65059,66155],[23,113],[55,-11],[16,67],[-37,24],[3,65]],[[65119,66413],[125,-74],[107,-97]],[[65035,66338],[0,-38],[-10,-16],[35,-41],[-55,-36],[8,50],[13,21],[-5,1],[14,21],[0,38]],[[65732,67997],[-36,-74],[-73,-47],[-35,15]],[[65588,67891],[-5,120],[-49,51],[-28,54]],[[65506,68116],[8,43],[-27,105]],[[65487,68264],[29,51],[8,54]],[[65524,68369],[28,-7],[117,88],[40,-25],[49,2],[25,47]],[[65783,68474],[56,-91],[-18,-65],[-49,-29],[-18,-91],[41,-31],[-60,-60],[-3,-110]],[[65487,68264],[-63,62],[-28,3]],[[65396,68329],[-40,99],[41,78],[2,53],[-29,71],[66,44],[-7,30],[39,102]],[[65468,68806],[62,-64],[53,-37],[-2,-97],[-28,-20],[-23,-202],[-4,-8],[-2,-9]],[[66051,68116],[-86,-58],[-4,-45],[-34,-28],[-49,11],[-47,-31],[-60,42],[-39,-10]],[[65783,68474],[43,38],[35,-27],[60,-2]],[[65921,68483],[32,-63],[121,-48],[10,-57],[-16,-40]],[[66068,68275],[-79,-45],[62,-114]],[[65371,66534],[41,-43],[35,8]],[[65447,66499],[2,-33],[-52,-52],[28,-40],[-42,-28],[-31,-53]],[[65352,66293],[-21,4],[-47,83],[-66,23],[-62,57]],[[65156,66460],[-56,58],[58,95],[49,-112],[51,-2],[48,19],[20,38],[45,-22]],[[65278,66584],[-4,-51],[-28,-13],[-35,43],[29,47],[38,-26]],[[66389,69403],[29,-78],[-42,-121],[-38,-25],[-13,-39],[74,-13],[45,46],[23,-8]],[[66467,69165],[11,-171],[23,-92],[36,-13],[19,-50],[145,-78]],[[66701,68761],[-40,-93],[-70,-39],[-23,-47],[-6,-77],[-31,-87],[-106,-65],[-31,-91]],[[66394,68262],[-62,-70]],[[66332,68192],[-23,34],[-2,81]],[[66307,68307],[4,87],[41,28],[-103,44],[-22,147],[-54,12],[-28,51],[10,77],[-31,19],[44,57],[-26,45],[22,22],[-21,60],[38,27],[-2,75]],[[65452,65446],[-50,-52],[-82,12]],[[65320,65406],[-9,33],[-80,1],[-20,52]],[[65211,65492],[-26,84],[20,101],[-38,47],[-17,72],[-102,95]],[[65048,65891],[-104,88],[-44,14]],[[64900,65993],[43,73],[33,27],[52,8],[31,54]],[[64953,66215],[42,-67],[-26,-50],[-48,-39],[-26,32],[67,109],[-9,15]],[[66113,68024],[65,23],[74,63]],[[66252,68110],[39,-28],[12,-38],[49,-44]],[[66352,68000],[-37,-33],[-94,17],[-49,-64],[52,-57],[13,-40]],[[66237,67823],[-7,-32],[-80,3],[-75,97],[37,24],[-21,58],[22,51]],[[66993,68176],[-44,-21],[-43,42]],[[66906,68197],[25,48],[-41,55],[-69,20],[-46,-8],[-39,19],[-71,-32],[31,-118],[-65,-24]],[[66631,68157],[-34,-12],[-22,65],[-88,13],[-10,32],[-83,7]],[[66701,68761],[37,72]],[[66307,68307],[-104,-90],[-50,8],[-32,37],[-53,13]],[[65921,68483],[12,29],[-18,134],[-43,52],[-15,90],[-44,-27],[-20,47]],[[65793,68808],[-19,23],[37,95],[44,25],[30,72],[41,57],[3,54]],[[66198,67001],[53,102],[-131,50],[21,28],[49,-20],[-3,89]],[[66187,67250],[74,1],[-19,44],[56,15],[-7,57],[162,-2],[0,-36],[203,-9]],[[66656,67320],[-5,-87],[-23,-41],[-1,-53]],[[66627,67139],[-36,-50]],[[66591,67089],[-7,-29],[-50,-17],[-83,1],[-32,-44],[-55,-26]],[[66364,66974],[-38,-33],[-87,31]],[[66239,66972],[-41,29]],[[65320,65406],[-20,-51],[-131,-35],[-33,16],[-65,-10],[-14,24],[-67,-17],[-38,29]],[[64952,65362],[1,38],[-55,5],[-35,86],[8,38],[-24,57],[-69,75],[-84,-20],[0,29]],[[64694,65670],[56,41],[-61,87]],[[64689,65798],[24,66],[85,19],[53,36],[-31,25],[58,66],[22,-17]],[[65048,65891],[-21,-74],[-75,-8],[-18,-40],[39,-78],[66,-89],[77,-53],[48,-2],[10,-51],[37,-4]],[[64433,66020],[-55,47]],[[64378,66067],[64,59],[57,-53],[-66,-53]],[[64497,65965],[-55,47]],[[64442,66012],[53,43],[41,-4],[29,-36],[-68,-50]],[[66144,66496],[82,-18],[0,51],[27,83]],[[66253,66612],[131,-36],[78,-4]],[[66462,66572],[-29,-17],[-7,-51]],[[66426,66504],[-14,-49],[53,-58],[0,-49],[-77,1],[-2,-52],[22,-50]],[[66408,66247],[5,-76],[-10,-67],[-70,-80]],[[66333,66024],[-42,17],[-87,82],[24,86],[-30,42],[-89,29]],[[66109,66280],[-8,65],[11,139],[32,12]],[[66631,68157],[14,-52],[-22,-58],[10,-49]],[[66633,67998],[-154,-2],[-20,-28],[-7,-70],[35,-13]],[[66487,67885],[-59,-19]],[[66428,67866],[14,45],[-25,51],[-34,0],[-31,38]],[[66252,68110],[80,82]],[[65898,65973],[13,57],[61,54],[61,87],[-17,26]],[[66016,66197],[58,35],[35,48]],[[66333,66024],[42,-56],[26,1],[54,-57],[72,-22],[63,-110],[62,-27]],[[66652,65753],[-46,-81],[-19,-4]],[[66587,65668],[-163,8],[-35,-50],[-91,17],[-5,-24],[-93,4],[-72,-43],[-47,-63],[-68,-11],[-65,-40]],[[65948,65466],[-89,-83],[-38,18],[-16,58],[-68,39],[-18,41]],[[65719,65539],[28,64],[111,55],[41,43],[3,66],[27,61],[6,105],[-37,40]],[[65911,67009],[3,2],[47,24],[62,7],[1,-27],[124,2],[50,-16]],[[66239,66972],[-18,-41]],[[66221,66931],[-24,-29],[-49,-5],[13,-74],[-13,-32]],[[66148,66791],[-74,-38],[-21,37],[-6,39],[-56,-2],[-29,70],[-49,0],[-2,112]],[[66293,67703],[23,71]],[[66316,67774],[74,36],[54,8],[-16,48]],[[66487,67885],[78,-4],[52,-23],[0,-34],[80,-40],[5,-92]],[[66702,67692],[1,-11]],[[66703,67681],[-51,-7],[-56,23],[-183,-10],[-52,-18],[-68,34]],[[65558,66506],[32,-19],[23,-78],[6,-107],[63,-77],[1,-38],[58,-29],[40,-55],[19,-114],[98,-16]],[[65719,65539],[-40,-59],[-105,-40],[-24,16]],[[65351,66242],[1,51]],[[65447,66499],[75,-17],[36,24]],[[65468,68806],[18,85],[22,31]],[[65508,68922],[41,-4],[58,54],[9,40],[41,5],[11,-43],[54,-50],[-43,-37],[22,-96],[62,30],[30,-13]],[[66591,67089],[49,-31],[72,-2],[36,-107]],[[66748,66949],[-59,-55],[13,-35]],[[66702,66859],[-80,-59],[-24,-91]],[[66598,66709],[-163,43],[-2,67]],[[66433,66819],[31,85],[-100,70]],[[66253,66612],[-77,106],[-27,2],[-1,71]],[[66221,66931],[30,-69],[74,-112],[55,78],[53,-9]],[[66598,66709],[37,-38]],[[66635,66671],[-53,-51],[-120,-48]],[[66316,67774],[-50,-6],[-29,55]],[[66113,68024],[-51,20],[-11,72]],[[65469,66671],[44,-27],[12,-47],[59,-61],[-26,-30]],[[65371,66534],[68,82],[30,55]],[[65409,66709],[53,-28]],[[65462,66681],[-29,-55],[-68,-62],[-69,38],[-28,40],[31,68],[37,-23],[42,-36],[31,58]],[[66703,67681],[0,-63],[29,-79],[-40,-68],[0,-35]],[[66692,67436],[-36,-73],[0,-43]],[[66187,67250],[-71,72],[-21,132],[27,23],[6,64],[12,62],[72,12],[28,57],[53,31]],[[64952,65362],[1,-35],[-58,-35],[12,-46]],[[64907,65246],[-32,15],[-58,-32],[-48,-2],[-7,-56],[-58,-34],[-47,116]],[[64657,65253],[-19,52],[-49,69],[-52,127],[-53,47],[6,81]],[[64490,65629],[68,26],[84,91]],[[64642,65746],[29,-74],[23,-2]],[[64435,65920],[-66,-59],[-45,55],[60,48]],[[64384,65964],[51,-44]],[[64376,65971],[-39,17],[-81,-66],[-26,31],[89,66]],[[64319,66019],[57,-48]],[[66633,67998],[30,-23],[101,-27],[63,11]],[[66827,67959],[31,-119],[-6,-22],[-97,-66],[-53,-60]],[[66906,68197],[-28,-57],[19,-104],[-18,-46],[-52,-31]],[[66016,66197],[-36,85],[-1,83],[25,52],[-28,44],[-9,42],[42,-22],[30,44],[35,0],[10,63],[41,-18],[19,-74]],[[64657,65253],[-61,-34]],[[64596,65219],[-88,21],[-40,-16],[-58,-61],[-55,-18],[-89,47]],[[64266,65192],[-30,25],[-56,2],[8,163]],[[64188,65382],[51,28],[69,9],[50,35],[49,74],[83,101]],[[66467,69165],[79,-25]],[[65508,68922],[-73,12],[-29,60],[-34,19],[106,68],[91,-16],[46,11],[8,58]],[[65623,69134],[43,12],[24,91],[25,15]],[[65623,69134],[-32,-16],[-42,22],[-59,61],[-121,-35]],[[65369,69166],[-15,44],[-44,19],[-105,18],[-28,61],[-94,0],[-99,68],[38,80],[38,19],[-37,50],[17,166],[-5,52],[-78,8]],[[64957,69751],[-33,59],[23,47],[113,48],[61,-31]],[[65119,66413],[37,47]],[[64433,66020],[9,-8]],[[64497,65965],[-62,-45]],[[64384,65964],[-8,7]],[[64319,66019],[59,48]],[[64642,65746],[47,52]],[[64266,65192],[-28,-131],[-58,-7],[-57,-42],[-48,4],[-74,-22],[-57,42],[-76,-72],[-114,9],[-6,57],[-55,40],[-9,51],[50,56],[-71,39]],[[63663,65216],[45,46],[152,44],[-2,-36],[59,-15],[61,83],[57,2],[67,40],[86,2]],[[66635,66671],[38,-65]],[[66673,66606],[50,-34],[3,-101],[-12,-24]],[[66714,66447],[-35,-3],[-69,-51],[-71,42],[-65,69],[-48,0]],[[66714,66447],[19,-81],[31,-60],[-14,-117]],[[66750,66189],[-36,27],[-91,-17],[-18,-69],[-32,-2],[-67,76],[-40,0],[-5,55],[-53,-12]],[[66750,66189],[0,-2]],[[66750,66187],[1,-56],[24,-29],[-27,-52],[-17,-70],[-69,-51],[21,-67],[56,-34]],[[66739,65828],[-24,-57],[-63,-18]],[[61711,69924],[-10,-60],[12,-52],[-54,-25],[-23,-74]],[[61636,69713],[-40,-15],[13,-103],[60,-48],[-30,-126],[33,-7],[29,-67],[-17,-32],[53,-61],[20,-61],[93,-3],[97,-18],[25,-67],[47,-7],[30,-35],[47,2]],[[62096,69065],[16,-78],[-15,-64],[-41,-52],[16,-40],[79,-40],[49,-49]],[[62200,68742],[-64,-76],[-13,-97],[-73,-20],[-42,17],[-11,-99],[19,-51]],[[62016,68416],[-82,-115],[-49,-16],[-44,-47],[16,-39],[44,27],[56,-25],[2,-31],[-33,-95]],[[61926,68075],[-79,43],[-109,15],[-73,34],[-63,-3],[-35,-38],[-100,41],[-30,-38],[-43,21],[55,39],[-50,24],[-43,-84],[-35,-21],[-65,0],[-8,65],[-107,-62],[-14,46],[-125,-40],[8,-43],[-87,-25]],[[60923,68049],[4,93],[17,43],[-22,108],[-64,82]],[[60858,68375],[41,-16],[64,14],[31,90],[63,29],[47,-9],[-7,-39],[86,-15],[41,19],[14,49],[-8,57],[-27,35],[-124,60],[-16,38],[-62,11]],[[61001,68698],[-1,25],[64,121],[7,75],[-25,22],[-83,-20],[-33,7],[-41,44],[45,52],[-21,102],[27,47],[-14,123]],[[60926,69296],[16,87],[-47,26],[11,63],[46,40],[48,75],[-8,35],[34,39],[26,69],[-16,132],[73,118],[4,47],[63,100],[36,-19],[63,38],[69,-4],[52,-39],[20,54],[41,22]],[[61457,70179],[60,-4],[12,-67],[79,-42],[-11,-44],[16,-64],[45,-30],[53,-4]],[[60491,67500],[27,-22],[44,-143],[-44,-3],[-61,30],[-69,-60],[-39,67],[36,68],[70,-17],[30,15],[6,65]],[[60744,67595],[13,-49],[38,-30],[1,-61],[-19,-40],[-87,54],[-62,26],[-16,38],[30,31],[41,-2],[61,33]],[[60942,67533],[89,-55],[-26,-65],[-76,-35],[-45,72],[-2,36],[60,47]],[[60639,67424],[17,-33],[-23,-114],[-65,44],[2,38],[60,33],[9,32]],[[65310,67662],[-80,-108],[-14,75],[-89,11]],[[65127,67640],[62,175],[-24,62],[2,57],[-35,111],[1,152]],[[65133,68197],[28,-16],[27,-64],[76,-49],[38,18],[55,-9],[29,34],[112,31],[8,-26]],[[65588,67891],[-60,6],[-17,-32],[1,-69],[-85,-43],[-26,-35],[-62,-25],[-29,-31]],[[63274,67320],[-161,-10],[-80,14],[-81,52],[-65,62],[-79,59],[-115,34],[-64,80],[-131,88]],[[62498,67699],[53,47],[25,55],[28,15]],[[62604,67816],[48,27]],[[62652,67843],[66,-27]],[[62718,67816],[34,-79],[61,-62],[64,86],[116,-6],[1,-166],[33,-51],[-7,-39],[34,-81],[103,2],[136,-10],[45,14],[-64,-104]],[[62458,67617],[20,41],[9,18],[7,14],[75,-61],[-34,-47],[-77,35]],[[64578,68195],[18,69],[-6,64],[-101,40],[-20,-27],[-71,56],[-18,76],[18,131],[57,18],[87,-39],[26,40],[76,-5],[72,88]],[[64716,68706],[94,-23],[70,-180],[66,-89],[-85,-50],[-31,1],[-71,-43],[26,-56],[101,-72],[75,-2],[9,-33],[56,-14],[87,20],[14,52]],[[65127,68217],[6,-20]],[[65127,67640],[-48,-33],[-49,53],[37,58],[-55,59],[-60,45],[-76,23]],[[64876,67845],[-65,179],[-64,75],[-26,61],[-54,33],[-89,2]],[[64907,67821],[57,-40],[-13,-31],[-72,-3],[-1,42],[29,32]],[[64976,67778],[50,-51],[-42,-16],[-8,67]],[[62625,65768],[17,-189],[-22,-101],[51,-77],[60,-29],[17,-122],[54,-77],[81,-52],[27,-65],[-1,-79],[14,-50],[-144,-54],[-135,-37],[-98,-63],[-43,-15]],[[62503,64758],[-17,29],[-94,88],[-19,49],[-63,23],[40,110],[-4,84],[-32,55],[45,70],[-18,48],[39,34],[-116,38],[-53,107],[-78,-45],[-111,2],[-40,17],[-70,-20],[-5,31],[-89,-5]],[[61818,65473],[75,205],[46,14],[62,155],[40,36],[25,65]],[[62066,65948],[170,-43],[68,11],[51,-12],[-8,-50],[34,-56],[52,1],[31,63],[54,-11],[36,-53],[-4,-59],[75,29]],[[64766,67802],[-67,124],[-55,85],[3,42],[-73,138],[4,4]],[[64876,67845],[-3,-49],[-93,-23],[-14,29]],[[64864,67757],[-6,-46],[-48,6],[-29,48],[82,20],[1,-28]],[[65127,68217],[58,74],[-42,93],[72,26],[30,-58],[30,17]],[[65275,68369],[18,-50],[103,10]],[[60422,68031],[-19,67],[-5,118],[-65,10],[-2,-44],[39,-93],[-71,-67]],[[60299,68022],[45,95],[-51,36],[-47,5],[9,99],[-86,-8],[-19,53],[17,70],[-86,99],[23,38],[-26,50],[19,84]],[[60097,68643],[19,80],[45,96],[-23,50],[32,47],[37,15],[81,77]],[[60288,69008],[167,14],[57,-41],[-10,-32],[12,-97],[-38,-29],[-18,-65],[-90,-52],[38,-77],[52,-65],[-9,-24],[43,-60],[56,28],[6,-71],[22,-36],[-8,-74],[-23,-26],[28,-78],[-25,-30],[-83,-31],[-30,-27],[6,-41],[-19,-63]],[[62833,72174],[-76,88],[-24,4],[-64,-52],[-6,-60],[-121,-4],[-86,41],[-29,-15]],[[62427,72176],[-40,8],[-40,52],[-10,53],[-31,39],[-73,42],[-13,53],[-46,34],[-95,-27],[-31,-34],[-66,34],[-46,-26],[-75,-2],[-19,-43],[32,-38],[-21,-39],[-46,-21],[-177,30],[-44,23],[-90,-20],[-100,41],[-81,-30]],[[61315,72305],[-45,27],[-27,93],[24,121],[45,77],[-37,67],[-2,36],[-95,49],[-6,140],[35,-10],[68,29],[16,95],[28,0],[29,52],[15,93],[42,46],[137,20],[47,79],[69,83],[-2,62],[35,58],[-17,97],[42,65],[50,47],[13,38]],[[61779,73769],[62,22],[151,-19],[55,49],[58,20],[47,-37],[53,-2],[62,-52],[68,-79],[68,89],[79,8]],[[62200,68742],[17,-17],[-4,-72],[66,28],[123,-33],[29,12],[79,-89],[52,-3]],[[62562,68568],[39,-70],[55,-24],[80,9],[60,-101]],[[62796,68382],[-9,-93],[49,-106]],[[62836,68183],[-15,-67],[-70,48],[-59,-24],[-56,33],[-23,-78],[-44,-9],[-20,-51],[42,-69],[7,-78],[54,-45]],[[62604,67816],[-57,57],[-30,-21],[-49,8],[-81,-45],[-11,-37]],[[62376,67778],[-56,-51],[-52,-6],[-93,77],[21,78],[-22,9]],[[62174,67885],[10,88],[-12,66],[6,59],[60,54],[-45,45],[-76,127],[-1,52],[-36,32],[-64,8]],[[60299,68022],[-6,25],[30,60],[-29,11],[-87,-17],[-37,-70],[10,-62],[-62,-90],[-122,-14],[-40,-18],[-50,34],[-38,84],[-24,-25],[-99,-34],[-28,22],[-57,-52],[-37,-56]],[[59623,67820],[-4,85],[-41,20],[19,36],[25,112],[61,25],[-19,54],[-33,0],[-39,43],[18,46],[-15,91],[-47,53],[-62,46]],[[59486,68431],[16,31],[124,25],[-8,75],[13,46],[75,42],[34,-45],[43,12],[69,-33],[2,90],[39,-5],[50,-93],[84,31],[50,53],[20,-17]],[[63679,69936],[25,-41],[-31,-51],[-51,-24],[-98,-97],[-36,-80]],[[63488,69643],[-76,-78],[1,-61],[27,-10],[6,-54],[-54,-53],[-50,-21],[-87,5],[-58,-9],[-44,-37],[-60,5],[-57,-43],[-74,39],[-71,9],[-82,-16]],[[62809,69319],[-185,42],[-13,106]],[[62611,69467],[120,15],[28,-11],[39,68],[1,95],[32,59],[71,45],[-10,32],[48,52],[89,8],[-2,49],[-39,59],[66,41],[10,53]],[[63064,70032],[68,-9],[105,20],[71,-1],[6,-88],[62,-34],[75,-6],[42,14],[15,-44],[171,52]],[[64716,68706],[-37,60],[-6,51],[-28,44]],[[64645,68861],[-31,56],[17,71],[-13,73],[62,54],[39,15],[47,-43],[28,67],[-3,92],[-29,34],[14,67]],[[64776,69347],[48,-17],[33,-99],[30,-18],[21,-57],[18,-99],[42,-34],[-17,-52],[-47,-32],[40,-68],[10,-74],[22,-6],[37,-67],[54,-3]],[[65067,68721],[67,-40],[73,-87],[62,13],[56,-21],[6,-30],[-59,-87],[3,-100]],[[64054,68882],[-65,-44],[17,-197],[-16,-49],[-79,-57],[-92,20],[-38,51],[-49,-13],[-26,-58],[-45,-14],[-39,-51],[-53,-118],[37,-26],[19,-51],[44,-24],[3,-71],[-62,-1],[-34,-47],[-75,-45],[-42,7],[-34,41],[-114,-47],[-186,63],[-92,-71],[-59,1]],[[62974,68081],[-11,41],[19,49],[-146,12]],[[62796,68382],[48,-1],[24,-29],[58,55],[85,10],[34,45],[67,5],[73,50],[4,41],[-29,25],[67,78],[79,-8]],[[63306,68653],[59,20],[28,35],[62,10],[50,53],[-3,81],[33,17],[91,-4],[94,141],[41,98],[36,31]],[[63797,69135],[32,27],[84,38],[38,-5],[26,-90],[-3,-73],[23,-22],[15,-99],[42,-29]],[[62174,67885],[-60,2],[-50,48],[-98,65],[-61,10],[21,65]],[[65067,68721],[22,65],[26,-9],[71,31],[-22,53],[7,33],[84,94],[29,54],[43,44],[-18,44],[60,36]],[[62562,68568],[26,4],[-1,103],[12,49],[64,66],[17,56],[-37,46],[29,28],[16,88]],[[62688,69008],[78,30],[82,-67],[-5,-76],[31,-37],[114,-9],[47,84],[128,23],[27,-51],[109,-86],[18,-87],[-11,-79]],[[64645,68861],[-91,-6],[-78,-45],[-32,4],[-70,-37],[-98,37],[-45,-15],[-99,80],[-78,3]],[[63797,69135],[-57,6],[-29,94],[-50,77],[1,49]],[[63662,69361],[40,-40],[82,41],[38,-61],[33,20],[47,63],[5,138],[112,-5],[17,29],[57,18],[3,81],[40,10],[49,44],[22,61],[33,-12],[58,14],[33,49],[34,-44],[96,23],[43,-66],[8,-64],[71,21],[87,6],[14,-27]],[[64684,69660],[-8,-90],[64,-3],[62,-78],[-45,-15],[-20,-51],[39,-76]],[[62096,69065],[3,71],[32,45],[-23,110],[42,51],[7,51]],[[62157,69393],[19,7],[23,88],[78,41],[31,43],[-8,49],[73,83]],[[62373,69704],[25,-52],[48,-29],[8,-134],[157,-22]],[[62809,69319],[22,-52],[-2,-103],[-80,-32],[-69,35],[-16,-28],[38,-64],[-14,-67]],[[64957,69751],[-89,-8],[-8,-67],[-72,-27],[-69,24],[-35,-13]],[[63662,69361],[11,107],[-6,61],[-62,-15],[-16,44],[-101,85]],[[63679,69936],[85,31],[77,-62],[10,107],[-37,39],[17,40],[-57,70],[8,36],[-33,104],[33,11],[53,68],[83,-16],[49,53],[113,-31],[74,20],[116,-1],[104,137],[-19,85]],[[62427,72176],[31,-87],[-1,-42],[-65,-77],[-87,4],[-99,-38],[-23,-51],[-65,-28],[-17,-44],[15,-55],[37,-34],[-48,-66],[-68,-12],[-50,-35],[13,-55],[105,-78],[-2,-93],[-28,-48],[-159,-61],[-43,69],[-125,27],[-38,-34],[-65,21],[-38,47],[-52,-75],[40,-80],[9,-54],[-28,-30]],[[61576,71167],[-65,-45],[-61,53],[-88,22],[-13,53],[-90,107],[-75,-5],[-32,-54],[-68,-18],[-101,96],[-11,92],[-35,11],[-59,60],[-59,13],[-25,41],[-86,43],[-115,101]],[[60593,71737],[18,78],[-39,96]],[[60572,71911],[26,83],[58,61],[54,37],[41,1],[24,-33],[72,24],[55,-8],[55,21],[53,-35],[76,-9],[90,117],[58,23],[53,-19],[29,23],[23,58],[-24,50]],[[63064,70032],[-54,7],[-42,-18],[-59,6],[-29,115],[13,39],[-81,92],[12,50],[55,51],[-5,54],[100,93],[-18,42],[-47,1],[9,81],[-22,57],[57,94],[-46,38],[17,43],[-24,73],[-60,9],[-90,-25]],[[62750,70934],[-71,70],[21,73],[-28,25],[-12,59],[30,80],[42,39],[2,40],[39,29],[11,73],[69,73],[-3,46]],[[62503,64758],[-131,-56],[-90,-60],[-74,-86],[-77,-52],[-132,3],[-216,-74],[-17,113],[-62,53],[-81,12],[-19,34],[54,107],[56,38],[-14,75],[-94,-78],[-27,21],[-121,13],[21,40],[-22,79],[-54,54],[4,126],[61,131],[103,44],[104,-14],[92,78],[51,114]],[[62241,64374],[48,-47],[0,-48],[-48,-49],[-54,2],[2,51],[40,16],[12,75]],[[62750,70934],[-16,-42],[-74,-70]],[[62660,70822],[-52,-2],[-44,-56],[-20,-66],[-66,-43],[-117,-38],[1,-82],[-48,-59],[-53,-35],[-61,48],[-44,-13],[-81,15],[-84,-105],[-51,120],[-46,-52],[-104,29],[-30,39],[-32,81],[25,38],[-56,86],[17,44]],[[61714,70771],[-3,100],[-52,63],[-66,15],[-2,92],[-36,38],[34,42],[-13,46]],[[62066,65948],[43,116],[40,31],[77,114],[91,-10],[58,65],[117,230],[51,71],[45,38],[48,-9],[87,45],[66,80],[47,5],[132,167],[31,67],[94,110],[95,36],[42,-47],[35,-70],[30,-12],[16,-78],[-42,-77],[-116,-120],[-15,-147],[-69,-120],[-36,-42],[-74,-52],[-70,-110],[-57,-106],[-174,-230],[-33,-125]],[[60926,69296],[-113,9],[-2,80],[-67,-2],[-26,26],[-61,13],[-57,97],[16,74],[-98,-3],[-41,43]],[[60477,69633],[10,37],[-35,43],[-18,56],[-58,48],[-83,-17],[-73,36],[21,62],[-25,146],[29,63],[6,51],[-20,36],[41,50],[-48,50],[-41,65],[-43,-13],[-40,25],[-8,52],[25,44],[-38,59]],[[60079,70526],[23,68],[-36,46],[33,75],[-8,59],[-59,4],[-88,44]],[[59944,70822],[-9,75],[7,98],[76,37],[30,86]],[[60048,71118],[65,-13],[105,-63],[67,56],[83,-3],[-11,36],[77,38],[37,71],[166,108],[-31,105],[29,88],[-51,55],[-17,65],[26,76]],[[61714,70771],[-121,-19],[-26,-63],[-59,-33],[-61,0],[8,-97],[-40,-87],[-37,-43],[34,-62],[-37,-80],[49,-34],[-8,-40],[41,-34]],[[60923,68049],[-60,40],[6,33],[-61,24],[-43,-14],[-88,52],[-20,-41],[-55,-45],[-74,38],[-69,-37],[0,-38],[-37,-30]],[[60288,69008],[16,71],[-26,47],[-11,73],[-79,40]],[[60188,69239],[-15,32],[29,63],[89,62],[70,-9],[24,55],[46,10],[-12,58],[58,123]],[[61001,68698],[-43,-96],[-85,-42],[-23,-121],[8,-64]],[[62373,69704],[8,37],[-54,84],[53,62],[-61,81]],[[62319,69968],[32,64],[13,88],[59,33],[-32,91],[20,62],[70,47],[43,120],[57,42],[90,93],[-31,68],[52,110],[-32,36]],[[62974,68081],[27,-67],[-94,-126],[-159,-42],[-30,-30]],[[62498,67699],[-22,29],[-100,50]],[[62420,67746],[34,-18],[-46,-85],[-70,17],[31,73],[51,13]],[[61711,69924],[50,5],[43,-29],[12,-54],[41,-10],[69,29],[115,-40],[56,4],[48,29],[53,84],[121,26]],[[62157,69393],[-89,18],[-98,-29],[-35,64],[-83,14],[-22,33],[-56,10],[1,42],[-60,98],[-4,30],[-75,40]],[[59486,68431],[-40,22],[-24,52],[-89,-26],[-24,35],[15,39],[-19,61],[-34,15],[-3,49],[69,117],[12,87],[44,38],[60,17],[30,62]],[[59483,68999],[26,41],[-10,43],[114,74],[43,2],[38,-46],[89,53],[41,55],[64,-14],[26,12],[51,-32],[145,6],[78,46]],[[59483,68999],[-106,106],[7,35],[-69,50],[-48,9],[3,44]],[[59270,69243],[30,40],[89,70],[0,80],[-31,51],[35,21],[24,60],[-18,28],[-69,25],[-7,74],[57,43],[33,65],[85,60],[52,15],[45,-14],[-9,112],[34,42],[-11,102],[92,33],[68,10],[29,58],[-15,74],[45,59],[-23,28],[36,68],[21,73],[83,35],[75,-2],[59,-27]],[[60572,71911],[-85,21],[-62,35],[-18,34],[53,193],[-25,26],[17,66],[-13,26]],[[60439,72312],[40,23],[30,101],[-16,18],[10,69],[-24,33],[39,121],[130,135],[61,-18],[106,36],[1,78],[-34,77],[17,28],[-19,46],[2,62],[40,49],[98,26],[35,44],[42,14],[-5,57],[18,41],[-37,25],[-41,141],[-74,11],[-47,33],[-72,-7],[-63,83],[8,69],[20,25],[-26,62],[-30,25]],[[60648,73819],[64,-3],[49,28],[62,-76],[66,-18],[115,22],[39,-24],[42,19],[72,-112],[79,10],[1,49],[61,1],[30,64],[88,43],[15,-26],[72,-49],[61,30],[23,-36],[66,24],[12,49],[71,10],[43,-55]],[[60439,72312],[-77,49],[-55,-2],[-64,40]],[[60243,72399],[-10,117],[-19,61]],[[60214,72577],[18,22],[-55,142],[18,37],[-93,97],[40,69],[23,149],[-19,69],[-61,0],[-25,50],[17,105],[-35,49],[-75,56],[-83,30],[-8,39]],[[59876,73491],[91,-6],[42,38],[38,-19],[117,31],[47,-4],[5,79],[95,-28],[51,70],[48,-8],[94,91],[82,53],[36,-21],[26,52]],[[68702,67699],[-50,-33],[-14,34],[-111,-51],[-19,-61],[-45,-13],[-102,20],[-18,80],[-35,-51],[-59,-36],[-41,7],[-40,-36],[38,-65],[-5,-110],[103,16],[11,57],[67,16],[-25,-71],[58,-95],[-33,-37],[-5,-46]],[[68377,67224],[36,-61],[-108,-102],[5,-44],[-53,-42],[43,-53],[-20,-51],[12,-46],[-23,-43],[-136,11]],[[68133,66793],[-9,42],[-87,143],[-16,6]],[[68021,66984],[75,57],[-4,88],[41,51],[7,61],[-42,71],[-46,-1],[-23,-62],[-58,-20],[-108,26],[3,-62],[-17,-87],[-68,23],[-31,-22],[-31,71],[-65,-7],[-48,119],[-84,-20],[-31,12]],[[67491,67282],[-37,-1],[-2,66],[-100,35],[-14,53],[-123,0],[-33,-24],[-53,-2],[-64,21],[-46,36],[-33,-7]],[[66986,67459],[-53,159],[-7,47],[19,57],[51,21],[36,70],[32,30],[70,13]],[[67181,66598],[0,-54],[-24,-65],[-11,-84],[17,-89],[-37,-44]],[[67126,66262],[-17,32]],[[67109,66294],[-46,0],[26,63],[-62,0],[-22,42],[-3,77],[-61,-1],[-22,58]],[[66919,66533],[31,72],[43,3]],[[66993,66608],[10,-16],[153,23],[25,-17]],[[67491,67282],[1,-76],[-55,-14],[18,-61],[-22,-20],[-92,13],[1,-69],[-46,-36]],[[67296,67019],[-99,8]],[[67197,67027],[0,27],[-55,110]],[[67142,67164],[-41,34],[-121,72],[21,29],[-44,43]],[[66957,67342],[23,11],[18,65],[-12,41]],[[68021,66984],[-58,-5],[-92,-131],[-53,-15],[-23,-49],[-104,-67],[-93,4],[-65,22],[-29,-24]],[[67504,66719],[-63,76],[-47,149],[-78,-39]],[[67316,66905],[-19,14]],[[67297,66919],[41,43],[-42,57]],[[67181,66598],[28,37]],[[67209,66635],[68,0],[2,-35],[66,6],[-1,38],[120,-12]],[[67464,66632],[2,-150],[39,0],[2,-87],[23,-56],[-24,-16]],[[67506,66323],[-7,20],[-77,2],[-16,-47],[5,-74],[-104,-22]],[[67307,66202],[-73,25],[-57,-37]],[[67177,66190],[-50,16],[-1,56]],[[68133,66793],[3,-37],[-34,-26],[13,-63],[-72,-63],[2,-33],[-91,-43],[3,-66],[-44,-60],[-29,-69],[-62,-71],[32,-89],[-29,-59]],[[67825,66114],[-42,-13],[-63,-51]],[[67720,66050],[-58,112],[-150,129],[-6,32]],[[67464,66632],[2,61],[38,26]],[[66739,65828],[88,-63],[68,5],[63,-58],[47,-24],[63,19]],[[67068,65707],[73,-25],[13,-53],[66,18]],[[67220,65647],[6,-81],[-27,-41],[22,-48],[-16,-118],[6,-52],[51,-8],[-1,-110],[-19,-34],[-11,-79],[100,-43],[72,12],[81,-34]],[[67484,65011],[21,-35],[52,2],[37,-30]],[[67594,64948],[9,-29],[-138,-97],[-11,-61],[-39,-2],[-31,-37],[-59,-15],[-30,43],[-67,17],[-131,-58],[19,-64],[-41,-106],[10,-64],[67,-21],[35,-44],[105,-11],[53,-49],[98,58],[60,-22],[93,59],[92,-1],[-25,-45],[10,-45],[80,15],[80,39],[38,-65],[39,-29]],[[67910,64314],[38,-92],[-30,-72]],[[67918,64150],[-57,0],[-60,40],[-101,-8],[-83,-66],[-96,25],[-30,-17],[-85,-10],[-97,-28],[-93,104],[-76,18],[-140,-210],[-29,-64],[-56,-70],[-11,-61],[-73,-14],[-46,-26],[-125,7]],[[66660,63770],[15,37],[82,31],[64,58],[23,102],[40,60],[114,58],[-18,60],[21,46],[-11,33],[-92,34],[-16,52],[-90,67],[41,38],[-1,33],[51,24],[11,57]],[[66894,64560],[93,76],[14,69],[-35,54],[-26,148],[-136,95],[-16,-42],[-43,0]],[[66745,64960],[-44,62],[12,42],[-31,56],[-15,75],[15,42],[-6,66],[-40,8],[16,181],[-40,68],[-25,108]],[[66750,66187],[106,3],[65,31],[48,-10],[16,31],[74,-18],[44,18],[6,52]],[[67177,66190],[-1,-66],[31,-34],[-53,-129],[32,-57]],[[67186,65904],[-18,-6],[-70,-82],[-48,-25],[18,-84]],[[66957,67342],[-8,-1]],[[66949,67341],[-69,8],[-95,45],[-15,34],[-78,8]],[[66702,66859],[41,27],[69,-19],[57,12]],[[66869,66879],[7,-162],[72,21]],[[66948,66738],[42,-47],[3,-83]],[[66919,66533],[-43,37],[-48,-1],[-8,67],[-89,-13],[-7,35],[-58,-25],[7,-27]],[[68976,66768],[-49,-101],[24,-25],[-1,-51],[-64,-15],[17,-60],[-37,-46],[-32,-100],[-47,-11],[-15,-38],[24,-56]],[[68796,66265],[-99,12],[-80,-7],[60,-49],[-42,-46],[-89,-51],[-63,-9],[-31,-63],[-54,2],[-111,-47]],[[68287,66007],[-83,-2],[-25,-35],[-52,-23],[-60,20],[-76,93],[-65,19],[-49,-32],[-52,67]],[[68377,67224],[65,-15],[105,60],[63,-53],[71,-37],[61,-7]],[[66949,67341],[-21,-42],[14,-122],[-47,-70]],[[66895,67107],[-64,40],[-70,-10],[-80,-39],[-54,41]],[[66895,67107],[-3,-68]],[[66892,67039],[-52,13],[-16,-54],[-76,-49]],[[67142,67164],[-28,-72],[-54,-41],[1,-49]],[[67061,67002],[-77,-16],[-58,27]],[[66926,67013],[-34,26]],[[67197,67027],[-35,-35],[-48,2]],[[67114,66994],[-53,8]],[[67297,66919],[-130,-6],[-45,9]],[[67122,66922],[-8,72]],[[67316,66905],[18,-69],[-55,1],[-104,-36]],[[67175,66801],[-3,71],[-53,36]],[[67119,66908],[3,14]],[[67209,66635],[-38,110],[4,56]],[[69292,66538],[-52,-42],[-53,-108],[-64,-18],[-95,-1],[-51,-24],[-45,-86],[-88,-18]],[[68844,66241],[-48,24]],[[68917,65999],[-5,40],[-36,63],[-32,139]],[[67307,66202],[78,-101],[2,-44],[50,-15],[68,18],[107,-101]],[[67612,65959],[-23,-27],[-62,12],[-67,-89],[-27,62],[-91,-24],[-39,17],[-31,-22],[-86,16]],[[67720,66050],[-34,-6],[-74,-85]],[[66869,66879],[38,55]],[[66907,66934],[78,-35],[11,-70],[-17,-67]],[[66979,66762],[-31,-24]],[[66926,67013],[-33,-40],[14,-39]],[[66979,66762],[65,17],[-11,66],[12,51],[74,12]],[[68287,66007],[20,-49],[-58,-58],[-34,-9],[-38,-82],[-83,-54],[16,-68],[-27,-71]],[[68083,65616],[-20,-36],[-50,-5],[-58,-33],[-12,-35],[-72,-53],[-41,-61]],[[67830,65393],[-53,-45],[-14,58],[-40,25]],[[67723,65431],[-15,55],[-114,31],[-41,43],[-73,45],[-18,90]],[[67462,65695],[132,37],[10,46],[41,-10],[26,44],[2,61],[-61,86]],[[67462,65695],[-103,-12],[-60,-39],[-40,25],[-39,-22]],[[67723,65431],[-40,-22],[-41,-79],[-65,15],[-96,-59],[-35,-71],[46,-47],[-18,-80],[10,-77]],[[67830,65393],[22,-31],[56,-27],[50,-105],[1,-97],[20,-57],[-12,-34]],[[67967,65042],[-67,51],[-47,-26],[-98,-6],[-20,-24],[-72,-3],[-30,-58],[-39,-28]],[[67967,65042],[63,-39],[85,-24],[58,17],[46,-36],[15,-78],[38,-12],[-51,-139],[0,-50]],[[68221,64681],[-38,-14],[-23,-97],[-32,-36],[4,-96],[-11,-49],[-66,-22],[-88,10],[-57,-63]],[[66660,63770],[-27,-26],[-98,-28],[-25,-43],[-68,-24],[-158,86],[-98,-3],[-121,-63]],[[66065,63669],[-17,-2]],[[66048,63667],[-44,46],[53,61],[-19,83]],[[66038,63857],[64,34],[-6,29],[112,53],[31,101],[3,53],[30,53],[72,34]],[[66344,64214],[90,26],[-7,49],[42,69],[70,40],[-3,52],[-38,49],[2,35],[71,91],[38,-17],[66,50],[52,-5],[84,-40],[21,-33],[62,-20]],[[67671,62428],[-31,56],[17,37],[-47,57],[-50,-9],[-107,65],[-68,-16],[-8,-46]],[[67377,62572],[-49,-8],[-78,-40],[-61,16],[-53,-35],[-79,38],[-87,77],[-203,2],[-35,-35],[-41,14],[-54,-18],[8,-54],[-74,-77],[-65,0],[-34,-24],[-58,-7],[46,81],[-38,93],[-70,-2],[-32,58],[53,29],[20,78],[-24,44],[39,31],[6,113],[39,-28],[60,2],[-7,54],[25,53],[-19,143],[-31,7],[-38,71],[-9,48],[-71,24],[-66,-12],[-22,49],[43,80],[-27,76],[-34,18],[-39,60],[-71,7],[-18,38],[-64,33]],[[67918,64150],[40,-65],[13,-48]],[[67971,64037],[-72,-81],[26,-93],[-44,-83],[16,-50],[-54,-71],[32,-56],[-25,-39],[24,-63],[75,-78],[-7,-35],[-42,-28],[36,-133],[-28,-29],[-25,-73],[90,-65]],[[67973,63060],[2,-30],[-72,-89],[-44,-24],[-4,-69],[28,-80],[59,-25],[-3,-27]],[[67790,62658],[6,34],[-68,-1],[-53,-85],[14,-89],[54,10],[57,-63],[-41,-38],[0,-71]],[[68434,63297],[-74,-49],[-26,-67],[-52,-36],[-72,-9],[-36,-27],[-144,7],[-57,-56]],[[67971,64037],[43,8],[67,-36],[43,-67],[48,-2],[70,-59],[12,-51],[-2,-172],[14,-24],[57,0],[75,41],[44,41],[24,-51],[106,-80],[51,17],[83,-144]],[[68221,64681],[50,-21],[59,22],[67,5],[37,30],[112,8],[-1,-65],[53,-104],[120,-7],[27,-43],[125,-8],[35,-21]],[[68083,65616],[97,-4],[75,44],[28,-28],[33,-85],[3,-57],[86,-30],[102,41],[50,-28],[19,-38],[81,-13],[93,17],[24,55],[1,57],[116,-10]],[[64596,65219],[2,-130],[29,-132],[-22,-112],[131,11],[52,-19],[37,-85]],[[64825,64752],[-40,-8],[-57,-43],[-60,-19],[-54,-39],[34,-54],[19,-66]],[[64667,64523],[-1,-37],[-34,-64],[37,-27],[-44,-45],[-113,13],[-76,27],[-123,-43],[-71,-11],[2,-39],[-60,-30],[-2,-24]],[[64182,64243],[-39,-11],[-13,94],[-22,45],[-78,57],[-32,-21],[-84,50],[-19,54],[33,11],[-19,59],[26,17],[-28,68],[-94,-3],[-75,22],[-18,55],[77,-15],[51,-47],[24,16],[-51,75],[-63,22],[-79,50],[-34,50],[-90,-2],[-50,12],[13,68],[48,50],[-33,62],[33,93],[69,13],[28,29]],[[63285,65096],[-2,-42],[-46,-64],[-36,5],[84,101]],[[64667,64523],[83,-36],[93,-24]],[[64843,64463],[-29,-96],[-67,-18],[-26,-89],[35,-28],[7,-45],[-30,-89]],[[64733,64098],[-27,-64],[-39,-35],[-114,-31],[-72,45],[-52,-3],[-41,-95],[-49,19],[-89,-64],[-91,-13]],[[64159,63857],[-47,19],[-63,-45],[-139,2],[-8,42],[-34,38],[-72,43],[-33,-5]],[[63763,63951],[57,13],[115,-21],[-4,27],[-55,19],[5,46],[-66,28],[54,49],[122,5],[59,-30],[59,41],[45,95],[28,20]],[[66745,64960],[-54,-56],[19,-31],[-68,-84],[-38,-22],[-54,49],[-61,-1]],[[66489,64815],[27,57],[-12,87],[-49,81],[-45,-18],[-54,9],[-83,-30],[-25,44],[-65,-4],[-16,99],[-51,-39],[-60,28],[-39,37]],[[66017,65166],[2,44],[-26,63],[-56,52],[11,141]],[[64159,63857],[-4,-25],[33,-108],[-13,-70],[-22,-29]],[[64153,63625],[-69,-39],[-37,49],[-41,-3],[-101,-36]],[[63905,63596],[-17,48],[-165,43],[-69,-17],[-8,44],[32,25],[5,74],[59,45],[21,93]],[[64222,62484],[8,-55],[72,-6],[-26,-52],[-68,28],[-56,-19],[-12,-45],[86,-30],[11,-74],[31,-26],[-35,-51],[7,-40],[-20,-67]],[[64220,62047],[-69,40],[-6,49],[-55,35],[2,45],[-33,22],[-15,57],[-33,39],[-2,57],[-34,52]],[[63975,62443],[10,30],[-36,98],[-32,116]],[[63917,62687],[95,56],[-14,123],[24,49],[65,19]],[[64087,62934],[20,-113],[-33,-40],[8,-94],[95,-65],[42,-71],[3,-67]],[[67377,62572],[25,-67],[-46,-77],[-34,-123],[11,-53],[45,-67],[41,-24],[20,-45],[86,-78],[-2,-41],[-32,-30],[-9,-49],[-66,-82],[-54,-21],[-3,-44],[-86,-17],[-46,33],[-31,-47],[-50,-17],[-20,-32],[6,-49],[-45,-29],[-18,-61],[-47,16],[-61,-64]],[[66961,61504],[-45,-5],[15,-45],[-31,-53],[-37,28],[-66,-30],[-11,-49],[-60,-72],[-118,-20],[-19,-75],[-7,-87],[40,-43]],[[66622,61053],[-36,-49],[-38,2],[-66,-28],[-27,42],[-70,-12],[-38,-33],[-88,45],[-13,35],[-50,20],[-66,-24],[-43,37],[4,102],[-54,82],[-114,-3],[-17,89],[-48,-25]],[[65858,61333],[-24,24],[-60,-20],[-42,28],[-29,47],[1,70],[-29,31],[25,43],[28,98],[-63,93],[-30,13],[-24,-76],[3,-51],[-62,-8],[-68,-36],[-33,-106],[-94,-63],[-68,-72],[-34,-102]],[[65255,61246],[-51,-5],[-24,31]],[[65180,61272],[-27,25],[92,47],[-29,83],[-57,37],[-28,52],[-52,20],[-34,-37],[-25,50],[29,33],[-33,43],[-78,-8]],[[64938,61617],[46,117],[1,69],[21,17],[5,111],[-18,91],[50,-1],[44,34],[23,49],[63,66],[51,32],[57,2],[64,-24],[56,28],[97,16],[61,-18],[30,29],[23,66],[-74,9],[-33,51],[-91,51],[10,59],[-69,-3],[-47,13],[-31,41]],[[65277,62522],[3,42],[-44,7],[19,53],[-19,82]],[[65236,62706],[6,36],[42,51],[56,-4],[61,103],[40,-40],[59,40],[75,-7],[28,-49],[48,2],[20,29],[48,-12],[161,80],[31,-8],[101,66],[32,75],[-55,128],[-38,32],[43,83],[-49,65],[-106,10],[0,79],[-17,36]],[[65822,63501],[74,39],[86,18],[15,43],[51,66]],[[68477,61476],[-72,-92],[-31,-57],[-20,-97],[-49,-29],[-31,-63]],[[68274,61138],[-90,15],[-53,77],[-52,0],[-29,39],[-70,-71],[-58,15],[3,35],[-30,52],[-85,36],[-13,52],[-91,27],[-15,55],[-62,-25],[-27,-49],[-61,-36],[34,-54],[-86,-31],[-68,53],[-50,9],[-34,29],[-32,-37],[-51,16]],[[67254,61345],[-66,-16],[-77,54],[-20,46],[-47,43],[-83,32]],[[65503,65443],[15,-79],[41,-3],[32,-83],[43,-55],[-82,-113],[-31,-65],[3,-37],[35,-45],[56,-33],[10,-89],[89,-72],[19,-59],[-33,-86],[-8,-107]],[[65692,64517],[-75,-35],[4,-27],[-81,-75],[-99,-25],[-57,38],[-115,42],[-28,-26],[-92,9],[-71,-20],[-37,7],[-57,76],[-53,-15],[-40,-36],[-48,33]],[[64825,64752],[53,18],[47,39],[23,137],[-27,76],[18,142],[-49,62],[17,20]],[[65692,64517],[26,-66],[50,-35],[71,-81],[-86,-55],[-15,-62]],[[65738,64218],[-156,-117],[-53,-69],[-109,-64],[-129,39],[-153,-6],[1,-48],[-97,2],[-52,18],[-42,-18],[-16,-52],[-92,-6],[-29,36],[-18,73],[-60,92]],[[66017,65166],[-35,-47],[33,-53],[-51,-67],[-9,-97],[-23,-46],[37,-103]],[[65969,64753],[-60,-8],[-16,-182],[52,-35],[-39,-34],[-4,-47],[-40,-37],[11,-90],[44,-61],[82,-30],[81,38],[42,78],[-6,111],[58,-86],[-11,-30],[40,-46],[21,-58],[102,6],[18,-28]],[[66038,63857],[-67,20],[-3,86],[-55,29],[-84,154],[-44,52],[-47,20]],[[66489,64815],[-38,-23],[-55,-74],[-57,25],[-18,40],[-57,10],[-25,51],[-17,112],[-45,-1],[-9,-87],[17,-44],[-27,-24],[-39,16],[-43,-14],[-11,-42],[-96,-7]],[[64153,63625],[66,-172],[59,16],[33,-40],[79,1],[43,-90]],[[64433,63340],[-5,-47],[-84,-14],[-61,19],[-52,82],[-99,20],[-61,36]],[[64071,63436],[-68,98],[-61,-12],[1,68],[-38,6]],[[64433,63340],[19,-16],[92,-4],[95,-59]],[[64639,63261],[-31,-41],[-74,-52],[-24,-158],[-98,-39],[-15,-70],[-57,33],[-129,6],[-68,25],[-34,-10]],[[64109,62955],[-18,57],[4,120]],[[64095,63132],[-3,68],[-56,8],[-107,-41],[-48,67]],[[63881,63234],[89,49],[-45,50],[81,65],[65,38]],[[65822,63501],[-122,-60],[-75,-6],[-82,59],[-76,-64],[-183,-76],[-56,-56],[-105,23],[-74,-56],[-62,-2],[-109,26],[-119,-33],[-40,23],[-80,-18]],[[63975,62443],[-55,59],[-54,26],[-103,29],[-60,-28],[-86,-12],[-21,24],[-53,-47],[-65,-23]],[[63478,62471],[76,107],[80,37],[84,-8],[30,15],[75,-7],[52,30],[1,54],[41,-12]],[[63478,62471],[-3,56],[38,19],[-28,84],[42,8],[48,-20],[30,23],[6,69],[-46,65],[8,45],[49,2],[-9,41],[30,48],[36,-8],[36,41]],[[63715,62944],[28,-62],[75,9],[85,73],[13,39],[69,76],[110,53]],[[64109,62955],[-22,-21]],[[63715,62944],[61,15],[-19,39],[-47,9],[-16,-30],[-99,-24],[32,74],[-66,59],[77,16],[28,89],[60,-1],[80,39],[75,5]],[[64222,62484],[88,-24],[105,-2],[57,-34],[95,-2],[49,66],[75,62],[64,25],[72,54],[54,-4],[52,52],[78,3],[94,23],[131,3]],[[65277,62522],[-37,-21],[-129,7],[-69,13],[-27,-47],[-83,-4],[-70,-37],[0,-33],[-63,-73],[22,-25],[-30,-47],[5,-64],[-47,-35],[-19,-69],[-96,-8],[-41,-21],[-57,-101],[34,-102]],[[64570,61855],[-146,-16],[-25,24],[19,44],[-6,43],[-192,97]],[[64938,61617],[-30,-8],[-31,99],[-66,62],[-58,-18],[-102,72],[-81,31]],[[66622,61053],[47,-22],[-55,-91],[-75,-22],[9,-79]],[[66548,60839],[-73,-1],[-41,-19],[-82,85],[-48,-38],[-61,25],[-39,-7],[-54,36],[-79,-14],[-42,15],[-27,-60],[-49,-12],[7,-56],[-18,-46],[-124,26],[-58,-48],[-36,-51],[25,-65],[-34,-45],[-16,-53],[-67,-126],[-40,-23]],[[65592,60362],[0,0],[-1,0],[0,0],[-2,-1],[0,-1],[-3,-3],[-1,-1],[-5,-6],[-65,18],[14,48],[-27,43],[-103,52],[-40,59],[-35,-32],[-37,46],[-54,36],[-7,59],[-27,14],[38,90],[-16,20],[29,58],[-23,105],[-50,52],[-151,23],[-55,25],[-55,48],[2,48],[54,26],[9,69],[26,36],[33,-15],[24,-53],[116,47]],[[65255,61246],[50,-62],[51,59],[70,-46],[87,-41],[71,15],[43,-46],[34,-8],[129,3],[-14,100],[57,43],[25,70]],[[66548,60839],[19,-12],[69,-148],[10,-50],[-8,-88],[-76,1],[-47,25],[-28,-48]],[[66487,60519],[-22,-28],[8,-91],[61,-3],[-22,-70],[-54,-62],[64,-67],[-16,-98]],[[66506,60100],[-38,10],[-46,-32],[-69,41],[-50,-17],[-94,1],[-20,54],[-81,-9],[-65,12],[-13,26],[-73,-5],[-97,39],[9,40],[-67,21],[-10,37],[-60,55],[-47,-23],[-93,12]],[[68274,61138],[36,-119],[-99,20],[-16,-28],[-49,-4],[-50,-26],[-14,-32],[44,-79],[1,-55],[-44,-13]],[[68083,60802],[-31,10],[-15,-59]],[[68037,60753],[-12,-18],[21,-14],[-2,-30]],[[68044,60691],[-32,-48],[84,-51],[4,-38]],[[68100,60554],[-29,-30],[-35,24],[-84,-50],[-15,-47],[37,-58],[-87,-43]],[[67887,60350],[-24,40],[-38,1],[-38,53],[23,18],[-22,97],[-102,30],[-40,25],[-71,-39]],[[67575,60575],[-91,37],[13,46],[-36,93],[31,15],[-17,58],[-82,95],[-2,41],[-38,105],[-3,102],[-92,53],[16,74],[-20,51]],[[68044,60691],[77,26],[34,-90],[54,25],[-35,-99],[-74,1]],[[68083,60802],[-5,-13],[-41,-37],[0,0],[0,1]],[[67575,60575],[2,-46],[-26,-66],[-31,-29],[35,-107],[-6,-42],[-46,-1],[5,-42],[-24,-41],[-64,85],[-71,-54],[-139,-41],[-88,7],[-40,-34],[-45,25],[-31,57],[-53,9],[-27,-42],[-58,20],[-20,-51],[-79,8],[-100,84],[-23,92],[0,45],[-38,22],[-18,43],[-48,6],[-55,37]],[[67887,60350],[-90,-66],[-122,-59],[-11,-22],[-77,-36],[2,-28],[-89,11],[-75,-81],[-27,7],[-46,-38],[-15,-69],[-62,-101],[54,-112],[3,-30],[-51,-51],[-26,40],[-40,7],[-33,-75],[-57,7],[11,50],[-30,32],[61,44],[72,28],[-6,67],[-36,63],[-43,20],[-63,-12],[-47,-36],[-26,39],[-33,-35],[-58,29],[-32,39],[-57,14],[-43,-15],[-45,14],[-36,-15],[-64,19],[-48,62],[-55,8],[-41,31]],[[67429,59939],[12,-32],[75,8],[90,-18],[55,-25],[-11,-58],[-130,-35],[-43,39],[-111,46],[63,75]],[[60243,72399],[4,-18]],[[60247,72381],[-67,-32],[-65,-6],[-57,35],[-131,-12],[-13,-38],[-73,-33],[-78,-7],[-40,32],[-54,-14],[-176,108],[-42,-21],[-46,17],[-78,-28],[-16,-55],[-72,-16],[-112,-93],[-60,-16],[2,-54],[50,-64],[55,-44],[-27,-93],[18,-68],[37,-32],[-11,-95],[30,-81],[48,-5],[17,-76],[69,-41]],[[59355,71549],[-69,-39],[-26,-43],[-42,14],[-45,-13],[-63,7],[-21,26],[-62,-74],[-46,-16],[-6,-41],[-217,-57],[-45,39],[-46,7]],[[58667,71359],[-88,13],[-103,97],[-25,44],[-61,26],[-24,-32],[-58,-20],[-44,25],[-40,-31],[-55,29],[-73,17]],[[58096,71527],[-117,19],[-44,39],[25,68],[58,54],[-23,42],[20,63]],[[58015,71812],[16,68],[72,34],[52,64],[-51,17],[-79,49],[-133,43],[20,60],[30,21],[-93,119],[-64,-19],[-32,28],[-70,10]],[[57683,72306],[-21,83],[33,61],[-40,70],[51,153],[8,85],[37,25],[34,57],[-29,68]],[[57756,72908],[126,0],[60,20],[40,74],[70,-114],[63,-8],[121,3],[104,13],[31,28],[83,-6],[281,41],[91,17],[145,46],[55,5],[123,31],[138,51],[78,39],[28,77]],[[59393,73225],[89,-69],[24,-84],[35,-10],[17,-57],[92,-28],[10,-36],[-30,-96],[19,-16],[-12,-81],[-26,-68],[48,-13],[39,-43],[76,-2],[56,38],[93,107],[75,0],[38,-67],[68,-2],[71,-24],[39,-97]],[[54659,72485],[-34,-139],[89,-12],[37,135]],[[54751,72469],[57,-3],[105,32],[35,73]],[[54948,72571],[28,-7],[-3,-58],[99,16],[33,-66],[63,-75],[47,-17],[-3,-47],[-49,-44],[-24,-44],[-77,4],[-48,-13],[20,-107]],[[55034,72113],[-27,-47],[-55,9],[-80,-14],[-61,53],[-72,-6],[-14,-67],[-72,-48]],[[54653,71993],[-68,14],[-22,33],[-87,-6],[-54,-67],[-23,-3]],[[54399,71964],[-57,83],[39,52],[-2,94],[-63,131],[-41,34],[-151,62],[-236,198]],[[53888,72618],[86,96],[102,55]],[[54076,72769],[89,-92],[71,-55],[156,-74],[132,-35],[135,-28]],[[57134,72626],[65,-4],[36,-39],[-29,-179],[55,-53],[54,-17],[33,-58]],[[57348,72276],[-84,-25],[-23,15],[-38,-75],[-48,-14],[-46,-101],[-34,-44],[-20,-86],[-7,-91],[-53,-55],[-64,-7],[-55,-64],[-56,-19],[-18,-42],[-40,-7],[-57,-61],[-12,-37]],[[56693,71563],[-28,-19],[-44,57],[-113,-1],[-94,51],[-68,12],[-23,-38],[-75,-10],[-61,30],[-87,78],[-92,20],[-49,-18],[-135,52]],[[55824,71777],[-15,36],[-43,9],[-46,51]],[[55720,71873],[-2,38],[130,30],[74,43],[57,11],[67,49],[29,89],[112,113],[25,10]],[[56212,72256],[59,4],[89,37],[56,39],[41,6],[169,135],[-14,34],[75,68],[80,-11],[42,-39],[62,42],[39,-58],[77,-18],[36,38],[12,112],[58,-27],[41,8]],[[53888,72618],[-26,27]],[[53862,72645],[-31,89],[-91,194],[12,59],[92,70],[48,16],[89,2]],[[53981,73075],[73,-48],[-43,-28],[-22,-60],[50,3],[25,-54],[-37,-43],[49,-76]],[[59393,73225],[50,5],[50,105],[100,24],[42,-21],[69,18],[2,43],[116,2],[60,36],[-6,54]],[[60048,71118],[-48,68],[-64,-19]],[[59936,71167],[30,44],[2,148],[-63,109],[-33,-8],[-79,78]],[[59793,71538],[55,193],[57,32],[-9,91],[71,40],[55,106],[51,49],[90,21],[48,34],[23,76],[28,25],[19,126],[-34,50]],[[59355,71549],[23,-37],[45,-7],[34,41],[88,33],[69,3],[58,-34],[121,-10]],[[59936,71167],[-43,-19],[8,-54],[-31,-36],[-97,-56],[-72,-21],[-10,-42],[-63,-65],[-46,-13],[-78,8],[-92,-33]],[[59412,70836],[-107,87],[-36,-13],[-23,-49],[-116,-22],[-58,-49]],[[59072,70790],[-124,-6],[-15,-80],[-65,-43],[-52,17]],[[58816,70678],[7,53],[-21,50],[-58,42],[2,69],[41,69],[11,74],[-31,42],[-72,-21],[-37,50],[42,23],[-14,42],[41,54],[-68,74],[8,60]],[[58015,71812],[-89,16],[-94,-60],[-53,28],[-82,-45],[-46,-52],[-72,4],[-19,-70],[22,-27],[-36,-70],[-96,-2],[-134,-80],[-101,-10],[16,-42],[5,-86],[-55,-26],[-62,-93],[-61,-30],[-73,24]],[[56985,71191],[-15,78],[-40,34],[9,43],[-42,50],[-8,50],[-33,1],[-93,42],[-70,74]],[[57348,72276],[46,-9],[67,41],[65,-11],[122,31],[35,-22]],[[57134,72626],[47,129],[0,36]],[[57181,72791],[107,17],[110,2],[28,17],[92,-5],[70,17],[79,44],[23,-11],[66,36]],[[55720,71873],[-93,24]],[[55627,71897],[10,110],[83,8],[32,43],[-10,45],[15,79],[-42,130],[53,9],[19,61],[39,36],[16,83],[-12,100],[18,93],[4,106],[-11,40],[44,64]],[[55885,72904],[131,-18],[203,-83],[91,7],[148,-22]],[[56458,72788],[24,-55],[-21,-114],[37,-72],[-7,-26],[-68,-76],[-54,-30],[-45,-60],[-112,-99]],[[56458,72788],[197,-20],[234,0],[292,23]],[[54659,72485],[92,-16]],[[54948,72571],[20,78],[51,34],[19,43],[73,29],[64,1],[120,86],[102,32],[26,22],[55,-10],[138,31],[59,39],[118,10],[23,-35],[69,-27]],[[55627,71897],[-43,-75],[-42,-15],[-79,64]],[[55463,71871],[-34,66],[13,107],[-52,66],[-118,18],[-77,-16],[-28,9],[-112,-17],[-21,9]],[[54653,71993],[49,-42],[101,-37],[14,-59],[55,-33],[38,11],[27,-58],[-54,-61],[-46,-18],[21,-51],[-33,-16],[-115,7],[1,-51],[-23,-53],[28,-75],[-16,-27],[22,-60],[-10,-59],[-43,-10],[-94,-56]],[[54575,71245],[-21,-29],[33,-59],[-44,-69]],[[54543,71088],[-45,-25],[-35,12],[-34,66],[11,81],[-26,34],[-88,35]],[[54326,71291],[-17,86],[-41,66],[39,71],[-75,110],[16,52],[2,130],[66,109],[39,-7],[44,56]],[[55463,71871],[-42,-48],[-3,-32],[-54,-79],[-19,-47],[-88,-22],[-45,-24],[-20,-40],[-62,-27],[-25,-42],[-46,-12],[-34,-63],[29,-72],[-26,-58]],[[55028,71305],[-76,-33],[-32,-48],[-60,-19],[-107,-117],[-62,-9],[-54,112],[-41,11],[-21,43]],[[54543,71088],[9,-112],[-43,-33],[-57,9],[-19,-39],[-120,-39],[-8,58],[-40,-13],[-27,-81],[33,-47],[152,-82],[30,-69],[47,-20],[51,30],[30,-34],[55,-9],[27,95],[61,-8],[43,19]],[[54767,70713],[-7,-52],[27,-35],[35,-132],[32,-26],[3,-112],[-45,-43],[-85,-8],[-43,10],[-64,-29],[-62,-59],[-40,30],[-47,6],[-53,-73],[-45,-7],[-107,63],[-57,-50],[14,-159],[-73,-31],[-41,-53]],[[54109,69953],[-43,36],[-37,75],[-73,25],[-66,-69],[-65,36],[-81,-9],[-104,-33],[-58,1],[-38,42],[-101,-59],[-29,60]],[[53414,70058],[25,55],[-24,37],[17,72],[30,34],[-28,75],[34,41],[-7,51],[16,51],[47,58],[140,51],[40,37],[16,46],[-32,96],[-35,19],[14,47],[-21,46],[-47,38],[-99,-31],[-6,79]],[[53494,70960],[157,116],[129,48],[30,-2],[71,50],[14,-18],[79,24],[45,56],[122,-10],[37,29],[50,-10],[56,15],[42,33]],[[55028,71305],[2,-26],[54,-76],[29,20],[46,-78],[-20,-15],[23,-84],[93,30],[39,33],[67,-42]],[[55361,71067],[-13,-31],[51,-49],[32,-63],[-4,-29],[44,-121],[-16,-26]],[[55455,70748],[-36,0],[-15,49],[-43,16],[-50,-31],[-69,-11],[-55,-28],[-41,-44],[-102,-24],[-50,11],[-118,74],[-42,7],[-67,-54]],[[55824,71777],[-37,-44],[16,-45],[-82,-104],[4,-109],[-37,-65],[-9,-61],[16,-31],[-27,-43],[0,-65]],[[55668,71210],[-62,-87],[-47,11],[-58,-44],[-92,26],[-48,-49]],[[53862,72645],[-114,-95],[-79,-36],[12,-104],[20,-76],[-48,-81],[-20,-132],[-51,-57],[-93,-40],[-63,-39],[-7,-35],[-90,-74],[-62,-6],[-93,-63],[-41,-63],[-93,-63]],[[53040,71681],[-61,64],[-43,85],[-1,48],[25,41],[-8,47],[-70,2],[-69,25],[-54,-3],[-28,-71],[-44,16],[-111,13],[-17,-12],[-111,19],[-53,27],[-73,-16],[-12,-48],[-90,62],[-27,-34],[-105,21]],[[52088,71967],[8,35],[-44,44],[1,80],[59,20],[41,57],[182,144],[21,69],[-115,124],[-37,154],[8,65],[-20,80]],[[52192,72839],[47,8],[44,32],[25,-15],[112,0],[42,15],[53,-23],[50,30],[0,53],[-31,9],[17,98],[40,-25],[21,36],[78,-17],[60,-37],[107,20],[-7,59],[26,35],[56,-14],[85,86],[-13,75],[55,31],[85,-24],[40,28],[22,93],[93,-32],[4,-42],[37,-58],[40,-7],[45,-60],[14,-43],[50,-9],[49,22],[162,14],[-21,79],[29,16],[31,-66],[65,-17],[25,18],[10,65],[42,-30],[100,-33],[38,33],[56,-4],[26,24],[103,-26],[32,14],[118,-45],[16,-45],[-66,-26],[-46,3],[-171,-21],[-106,-41]],[[49076,68927],[9,-60],[84,-57],[68,-104],[63,-22],[76,28],[80,-30],[17,-59],[47,-79],[-14,-22],[0,-83],[-37,-55],[-2,-101]],[[49467,68283],[-52,41],[-108,-20],[-30,-30],[-68,-21],[-46,16],[-48,56],[-52,-51],[-38,-104],[-47,9],[-53,38],[-5,83],[-99,59],[-88,-1],[0,-145],[-84,-122],[-23,-94],[-66,-31],[-34,25],[-40,-28],[4,-37],[-62,-31],[-36,18],[-34,-44],[-148,-86],[-8,-38],[-56,-13]],[[48146,67732],[-50,43],[-35,-19],[-40,45],[-75,-40],[-47,-48],[-73,9],[-126,71],[-55,-8],[16,-65],[-45,-2],[-47,-33],[-60,83],[-108,11],[-76,-2],[-37,32],[-49,0],[-52,23],[-15,82],[-54,-5],[-29,81],[-83,34],[-82,18],[-18,35]],[[46906,68077],[17,84],[90,-10],[12,60],[45,-7],[36,33],[76,34],[50,130],[85,62],[18,-12],[69,42],[25,84],[74,39],[38,75],[-39,41],[31,31],[88,29],[28,45],[44,-62],[65,5],[-13,63],[17,38],[42,22],[-11,75],[108,154],[48,39],[33,-11],[47,45],[-18,35],[30,32],[89,31],[86,55]],[[48216,69358],[-4,-37],[30,-73],[42,31],[36,-31],[78,8],[43,43],[37,-42],[-19,-121],[128,-68],[67,2],[7,49],[65,65],[37,-39],[12,-70],[39,-5],[25,-48],[-25,-48],[30,-23],[53,2],[15,50],[58,0],[67,-68],[39,-8]],[[52088,71967],[-94,-129],[18,-44],[-30,-48],[45,-53],[-44,-62],[-119,-19],[-18,-32],[28,-98],[-96,8],[-60,-13],[10,-54],[-49,-7],[-54,-58],[-13,-64],[-30,-40],[35,-55],[-6,-47],[-40,-18],[-43,-85],[-66,-30],[-6,-55],[20,-33],[-17,-84],[-34,-11],[-37,-89],[-42,-1],[-39,-89],[-88,19],[-39,-63],[-48,0]],[[51132,70613],[-56,3],[-11,54],[-70,26],[-44,-27]],[[50951,70669],[1,98],[-35,87],[-70,70],[-41,-51],[-41,-2],[-117,97],[-42,-2],[-54,68],[-54,40],[25,76],[-19,26],[-9,89],[-19,50]],[[50476,71315],[117,26],[93,30],[67,44],[77,90],[67,107],[34,77],[47,153],[17,109],[1,96],[-16,85],[-142,99],[-115,14],[6,42],[55,43],[58,6],[1,31],[67,44],[51,0],[88,45],[86,-20],[40,-45],[69,34],[164,5],[19,54],[-134,84],[83,18],[34,28],[135,15],[108,30],[32,60],[33,24],[69,3],[27,49],[57,-12],[75,44],[179,4],[67,8]],[[48146,67732],[6,-37],[66,-53],[68,-8],[19,-29],[-30,-70],[-79,-145]],[[48196,67390],[-31,-58],[-40,-37],[21,-36],[-72,-140],[19,-69],[47,-33],[-22,-79]],[[48118,66938],[-40,-30],[6,-36],[-27,-64],[-71,-48],[-86,-111],[-41,-4],[-122,-43],[-26,-55],[-3,-58],[-56,-71],[82,-15],[40,-42],[-12,-36],[58,-120]],[[47820,66205],[-70,1]],[[47750,66206],[-29,41],[-48,6],[-127,-51],[-46,-48],[-6,-37],[-56,-22],[-25,54],[21,32],[1,57],[-58,12],[-54,-22],[-34,41]],[[47289,66269],[18,37],[-26,48],[3,90],[-48,70],[-31,0],[-44,-50],[-113,25],[-8,26],[-77,53],[16,67],[-18,37],[41,85],[35,7],[35,50],[-61,73],[39,29],[-51,39],[-46,-11],[-5,98],[-42,10],[-47,-33],[-32,16],[-44,-29],[-26,-58],[-14,-79],[-52,17],[-48,-7],[-66,28],[-29,34],[-56,-26],[-43,43],[-96,-3],[-113,-53],[-45,-57],[-50,3],[-58,-50],[-70,69]],[[46017,66867],[-19,64],[-20,152],[8,48],[-62,-4],[-62,50],[18,70],[3,109],[-47,90],[-28,26],[32,88]],[[45840,67560],[2,-25],[73,-28],[182,12],[120,28],[110,44],[143,40],[93,46],[107,75],[37,58],[44,28],[35,59],[-10,73],[-24,62],[58,28],[54,-19],[42,36]],[[50951,70669],[-66,-61],[-25,-74],[-58,-16],[-31,-32],[7,-42],[97,-72],[23,-38],[83,-2],[-44,-66],[25,-28],[-50,-79]],[[50912,70159],[-90,19],[-58,32],[-43,-47],[-65,14],[29,84],[-51,63],[-55,-18],[-34,42],[-57,-15],[-100,4],[-58,28],[-122,-103],[0,-20],[-127,-54],[-44,27],[-92,-153],[58,-72],[-9,-33]],[[49994,69957],[-45,-59],[-12,-86],[-78,-62],[-3,-57],[-60,42],[-48,-35],[-74,12],[-70,-8],[-37,-44],[-71,-18],[-25,-65]],[[49471,69577],[-26,41],[-54,14],[-40,94],[15,72],[-31,15],[-7,53],[-65,43],[-26,-11],[-45,33],[-36,-16],[-50,79]],[[49106,69994],[21,56],[44,14],[-5,93],[59,74],[87,32],[64,53],[-9,31],[134,76],[3,91],[16,56],[59,33],[-6,61],[99,87],[-4,36],[59,11],[96,53],[75,65],[13,51],[80,21],[80,44],[51,57],[102,35],[0,44],[86,67],[150,65],[13,16],[0,0],[2,-1],[0,0],[1,0]],[[53494,70960],[-41,-30],[-108,-13],[-83,31],[-24,54],[31,85],[-44,25],[-44,63],[-98,-1]],[[53083,71174],[-14,35],[14,53],[-41,95],[6,76],[-20,11],[12,237]],[[48216,69358],[55,79],[74,38],[107,75],[32,48],[159,148],[55,60],[85,22],[88,8],[181,87],[54,71]],[[49471,69577],[23,-33],[28,-95],[105,-36],[63,25],[15,-47],[48,-28],[82,-3],[44,-48],[18,-52]],[[49897,69260],[-32,9],[-96,-29],[-29,-28],[-34,-87],[-87,4],[-72,59],[-75,-9],[-28,34],[-55,-4],[-16,-47],[-97,-83],[-120,-21],[-70,-52],[-10,-79]],[[49106,69995],[0,-1],[0,1],[0,0],[0,0]],[[53083,71174],[-138,-34],[-81,28],[-20,-21],[-230,25],[-129,-23],[21,-49],[-6,-82],[-57,-76],[1,-47],[-43,-32],[1,-78],[24,-48],[-19,-39],[22,-82],[-13,-35],[-103,-50],[-55,7],[-24,25],[-68,-45],[8,-46],[57,-40],[-10,-36],[-60,-26],[-24,-116]],[[52137,70254],[-48,-1],[-116,-58],[-8,-22]],[[51965,70173],[-94,115],[-46,-38],[-102,3],[-20,163],[-103,0],[-87,-57],[-22,-58],[-61,7],[-22,25],[-44,-29],[-32,55],[-69,28],[-60,-10],[8,46],[-26,22],[1,52],[-43,33],[-11,83]],[[53414,70058],[-52,17],[-23,45],[-57,10],[-23,-20],[-56,19],[-56,-46],[-73,26],[-60,-7],[-40,-69],[-101,-13],[-48,60],[-40,5],[-9,58],[-76,61],[-93,2],[-39,-91],[-143,-47],[-74,52],[-36,-18],[-90,32],[-35,66],[-53,54]],[[51965,70173],[-73,-73],[-35,-65],[-60,-60],[53,-65],[-127,-66],[-25,-76],[-82,-56],[-32,-41],[4,-53],[-95,-47],[-14,-40]],[[51479,69531],[9,-47],[-67,-42],[-33,-108],[-48,5],[-67,-29],[-38,-54],[-73,44],[-112,-28]],[[51050,69272],[-18,58],[8,47],[-70,-17],[-68,28],[0,80],[57,68],[-24,19],[6,87],[54,14],[15,33],[93,83],[29,-28],[68,-15],[17,69],[-23,32],[31,73],[-6,45],[-67,1],[-30,53],[-57,50],[-94,35],[-59,72]],[[49994,69957],[91,-38],[-2,-76],[-34,-41],[60,-33],[-22,-27],[90,-95],[27,-2],[0,-85],[34,-49],[113,52],[66,-17],[-1,-52],[30,-32],[10,-80]],[[50456,69382],[-55,-43],[7,-57],[-51,-25],[-6,61],[-57,27],[-68,-9],[-41,-28],[6,-51],[-27,-37],[-67,4],[-45,45],[-75,-27],[-80,18]],[[51050,69272],[-48,-113],[-47,-12],[-33,-48],[-50,-22],[-52,-102],[-38,7]],[[50782,68982],[-6,81],[-43,18],[-45,65],[-54,11],[-69,-34],[-1,72],[-47,20],[-61,167]],[[50782,68982],[18,-40],[72,14],[67,-70],[55,30],[37,-64],[96,-14],[12,-15],[44,-190]],[[51183,68633],[-87,-40],[-23,42],[-75,-17],[-41,-97],[-40,0],[-64,50],[-24,-16],[-62,35],[-60,2],[-177,-130],[-30,-45],[-61,-33],[-3,-27],[-73,12],[-84,-85]],[[50279,68284],[-92,55],[-80,-48],[-53,34],[-60,-27],[-61,32],[-32,-4],[-108,75],[-45,48],[-35,-43],[-46,-15],[19,-81],[-54,-12],[-83,-88],[-59,-4],[-31,20],[8,57]],[[47289,66269],[-94,-43],[-48,-52],[-78,37],[-42,50],[-52,-48],[-199,68],[-61,31],[-43,-4],[-8,-58],[-42,5],[-15,-64],[-37,-60],[-57,-2],[-103,-53],[-29,-71]],[[46381,66005],[-38,-11],[-132,-5],[-50,34],[-74,-66],[-43,26],[-87,-27],[-100,96],[27,50],[-27,90],[32,58],[-20,39],[-67,-15],[-5,60],[-36,82],[-40,20]],[[45721,66436],[55,81],[89,44],[59,59],[-30,114],[27,79],[37,-4],[36,61],[23,-3]],[[47750,66206],[-85,7],[-22,-35],[-60,-15],[-41,-57],[4,-93],[-99,-62],[-39,-87],[40,-44],[14,-62],[70,-97],[-8,-93],[-58,-8],[-34,-29],[-26,-59],[-31,-9],[-43,-86],[-26,-87],[-51,-18],[15,-46],[-26,-46],[-86,121],[-76,59],[-66,5],[-10,-33],[-70,-71],[-49,33],[-34,-19],[13,-49],[-27,-32]],[[46839,65194],[-110,-25],[-138,42],[-13,-55],[-78,49],[-54,13],[-52,42],[-1,48],[-43,14],[-70,56],[26,45],[-8,56],[-37,18]],[[46261,65497],[-25,55],[5,63],[-19,39],[48,40],[11,48],[52,32],[11,80],[33,63],[4,88]],[[53289,76702],[48,-31],[75,-84],[-50,-26],[6,-47],[-45,-58],[96,19],[-31,-70],[-82,37],[0,-82],[-40,-10],[-58,-98],[-49,-19],[-51,-59],[-51,32],[22,61],[-11,48],[45,86],[-77,162],[92,33],[-2,43],[48,5],[18,39],[55,-2],[42,21]],[[53062,76846],[47,-1],[67,-53],[-53,-86],[-82,-39],[-120,-24],[-15,-30],[28,-70],[28,6],[36,-82],[-35,-27],[4,-82],[-70,-23],[-82,10],[-55,72],[-32,96],[-75,11],[-10,-44],[-66,-11],[89,-170],[-4,-29],[40,-52],[-55,-6],[-20,38],[-60,23],[-8,30],[-101,21],[-41,27],[23,50],[-17,44],[68,79],[63,101],[72,52],[107,-27],[33,23],[-1,128],[39,-8],[56,20],[65,-22],[20,-31],[44,3],[73,83]],[[52719,76148],[165,-27],[49,-63],[92,-53],[19,-92],[-124,79],[-115,-15],[-57,-26],[-9,108],[-35,52],[15,37]],[[54161,78155],[22,-5],[24,-73],[48,-53],[101,-29],[67,-93],[31,21],[25,-51],[86,-86],[38,-14],[34,-47],[48,-29],[32,-57],[-65,-106],[26,-129],[-30,-51],[-10,-101],[-81,-26],[-13,-32],[-54,18],[40,41],[-23,53],[-53,-79],[-112,10],[7,-32],[109,-13],[19,-175],[-73,-15],[-130,59],[-63,-14],[-62,44],[7,-75],[-226,-4],[19,91],[33,44],[-109,-11],[-81,61],[-5,76],[-117,30],[-9,58],[37,43],[10,94],[-22,25],[-56,3],[-6,39],[52,74],[8,91],[43,101],[75,20],[-2,63],[76,16],[38,37],[-31,25],[40,35],[73,36],[47,-44],[36,3],[87,80],[-5,53]],[[56897,67443],[62,33],[62,10],[53,-48],[13,-43],[-30,-24],[30,-101],[-38,-47]],[[57049,67223],[-64,-43],[-22,-53],[-63,-25],[19,-53],[99,-27],[20,-30],[53,48]],[[57091,67040],[28,-58],[-4,-66],[-52,-71],[1,-86],[-73,-27],[47,-102],[53,5],[61,-54],[21,-44],[65,-9]],[[57238,66528],[0,-50],[21,-112],[-29,-5],[-17,-70],[10,-31],[68,-19],[23,-63],[-4,-42]],[[57310,66136],[-68,66],[-196,34],[-66,-37],[-45,-51],[31,-132],[-38,-13],[-81,22],[-35,-21],[-24,59],[-68,109],[-5,62],[-36,-13],[-13,73],[-47,49],[-28,75],[-41,-17],[-70,15],[-14,-29],[95,-37],[33,-127],[-126,16],[-81,30],[7,288],[-76,-2],[-2,-66],[-33,-34],[-73,2],[-2,66],[-59,16],[-55,-52],[-4,-53],[-115,-18],[-31,-57],[-82,20]],[[55862,66379],[20,70],[81,43],[93,169],[37,113],[-43,21],[-15,56],[-71,70]],[[55964,66921],[48,21],[89,80],[-56,62],[-28,111],[-7,116]],[[56010,67311],[141,52],[105,66],[75,26],[18,-33],[74,-23],[31,5],[55,-61],[-5,-102],[25,-55],[78,1],[59,58],[-31,18],[59,58],[43,-20],[51,26],[67,-34],[29,10],[0,84],[13,56]],[[56285,66437],[-5,-95],[-77,-11],[2,92],[80,14]],[[56687,65974],[17,-26],[55,-5],[-26,-49],[-32,7],[-14,73]],[[58816,70678],[-91,-29],[-38,-66],[2,-99],[-50,-152],[-13,-91]],[[58626,70241],[-117,-123],[-25,0],[-17,-87],[22,-18],[-15,-105],[-55,24],[-47,-22],[-5,-97],[13,-104]],[[58380,69709],[-41,38],[-82,-28],[-16,24],[-61,10],[-70,-83],[39,-69],[-45,-1],[-77,26],[-36,56],[-29,3],[-37,50],[-48,20],[-60,-41],[-32,-55],[-101,-15],[-19,58],[11,69],[36,101],[-113,-22],[14,-75],[-40,-97],[-53,-31],[-5,-34],[-52,-63],[-71,-65],[-55,60],[-40,-10],[-29,98],[39,41],[-27,181],[-50,-2],[-116,-26],[-39,61],[-48,-18]],[[57027,69870],[-18,14],[9,75],[-11,49],[34,71],[35,30],[-18,38],[24,66],[47,18]],[[57129,70231],[52,24],[65,-22],[30,-103],[35,-31],[82,-5],[88,-79],[46,-28],[83,0],[34,50],[-3,89],[27,18],[38,95],[40,26],[-3,56],[28,51],[4,87],[33,36],[-5,49],[22,53],[30,13],[22,68],[40,41],[12,147],[-7,106],[23,44],[58,38],[-44,63],[-20,93],[87,71],[27,46],[-17,101],[60,99]],[[57238,66528],[46,35],[60,5],[-10,83],[45,32],[47,-38],[91,51],[100,200],[120,-65],[23,-49],[58,8],[53,113],[120,-17],[126,-7]],[[58117,66879],[-26,-60],[9,-40],[-41,-40],[-70,-7],[-45,-36],[-30,-73],[20,-30],[-30,-66],[-35,79],[-49,14],[-46,-19],[-49,-46],[16,-26],[-31,-81],[44,-70],[-63,-14],[-39,-60],[-38,-14],[-20,-50],[47,-54],[-1,-60],[-49,-24],[-76,-11],[-62,14],[-47,33],[-96,-2]],[[58063,66454],[-26,-55],[-60,-1]],[[57977,66398],[56,57],[30,-1]],[[55686,66950],[-46,-105],[-11,-80],[-80,-68],[-3,-57],[32,-53]],[[55578,66587],[-29,-104],[-31,-18],[-43,-75],[84,-29],[76,8]],[[55635,66369],[38,-46],[29,-129]],[[55702,66194],[-67,15],[-105,-44],[-65,44],[-20,-109],[-51,-13],[-71,17],[-62,-69],[-58,16],[-26,26],[91,79],[-33,30],[-111,-65],[-34,0],[-6,145],[-44,19]],[[55040,66285],[10,52],[35,41],[-11,75],[-32,80],[35,69],[-23,80]],[[55054,66682],[146,27],[66,61],[78,42],[1,101],[38,77],[60,8],[29,45]],[[55472,67043],[82,23],[54,-61],[78,-55]],[[55542,65788],[45,-64],[-33,-93],[65,-12],[7,-54],[-68,-2],[-92,76],[-62,35],[15,34],[44,-9],[79,89]],[[55448,65879],[-23,-120],[-34,-50],[-45,88],[70,32],[32,50]],[[55310,65460],[58,-63],[-14,-33],[-50,32],[6,64]],[[55519,65201],[-23,-71],[-43,42],[66,29]],[[55054,66682],[-18,87],[-58,59],[-43,21],[-19,105],[-91,23],[-46,36],[-6,66],[-58,73],[1,55],[36,36],[-24,34],[6,44],[75,150],[-7,45],[-83,22],[5,50],[-65,63],[-18,105]],[[54641,67756],[-8,74],[-40,23],[-3,47],[46,64]],[[54636,67964],[77,-7],[17,-34],[54,-16],[63,-61],[16,-78],[31,-25],[41,-86],[35,-1],[70,-65],[80,-13],[55,39],[91,37],[54,-6],[12,57],[78,35],[66,53],[-47,54],[-4,45],[34,38],[50,22],[119,-28],[-24,-36],[35,-61],[108,-24]],[[55747,67803],[29,-59],[36,18],[75,-42]],[[55887,67720],[-82,-50],[6,-73],[-57,-46],[-66,-1],[-5,-61],[-44,-66],[-1,-82],[-38,-21],[-51,34],[-40,-48],[-14,-70],[-39,16],[-39,-18],[44,-49],[27,-89],[-16,-53]],[[56576,68113],[-1,-42],[50,-86],[36,10],[63,-50],[23,3],[95,-68],[28,-52],[19,-77],[-42,-80],[65,-88],[-45,-49],[8,-65],[22,-26]],[[56010,67311],[-50,46],[5,58],[-32,29],[-13,131],[42,14],[25,69],[-46,61],[-54,1]],[[55747,67803],[96,98],[114,100],[-8,22],[48,48],[35,-16],[54,44],[11,57],[67,43]],[[56164,68199],[68,-97],[29,-95],[48,-39],[13,66],[144,89],[4,36],[106,-46]],[[54636,67964],[-20,63],[-6,80],[40,82],[-14,62],[41,46],[3,72],[-53,68],[-48,4],[-31,70],[-56,-3],[-50,67],[14,24],[-34,54]],[[54422,68653],[9,18]],[[54431,68671],[94,123],[133,-6],[99,-28],[33,34],[82,10],[68,41],[88,-25],[35,-33],[130,27],[41,-40],[61,13],[98,-52],[38,23],[24,47],[50,-1],[41,32],[51,2],[46,30],[41,70],[-42,99],[55,97],[73,5],[21,44],[-32,66],[89,38]],[[55848,69287],[63,-124],[20,-8],[21,-104],[-8,-99],[68,24],[6,35],[85,36],[-9,163],[53,-16],[72,31],[46,57],[38,-29],[78,40],[13,38],[61,-28]],[[56455,69303],[18,-139],[-44,-87],[29,-70],[-31,-23],[-36,-79],[-57,-8],[-65,-63],[-95,-47],[7,-60],[-53,-87],[-35,-22],[-38,-71],[4,-44],[37,-37],[-3,-59],[45,-62],[22,-53],[4,-93]],[[55455,70748],[81,-124],[-30,-35],[15,-41],[95,-17],[59,2]],[[55675,70533],[121,-79],[-26,-57],[-12,-73],[-43,-26],[-8,-76],[11,-58],[69,-73],[0,-44],[-22,-113],[29,-42],[-37,-54],[20,-95],[67,-25],[-34,-81],[5,-51],[69,-35],[-5,-40],[64,-98],[13,-71],[-75,-15],[-33,-40]],[[54431,68671],[-34,54],[-77,61],[-19,51],[-41,46],[-11,94],[37,57],[9,55],[-14,46],[39,52],[-63,120],[39,57],[-9,45],[41,16],[57,85],[-13,66],[10,33],[-29,56],[-56,18],[-10,35],[-93,127],[-57,27],[-39,48],[11,33]],[[59623,67820],[-34,65],[-89,28],[-66,-16],[-11,-24],[-65,-25],[-13,-45],[-88,-5],[-41,-20],[-63,47],[-17,55],[-109,-9],[-18,-46],[14,-84],[68,-6],[48,39]],[[59139,67774],[13,-49],[-53,-25],[-50,9],[-47,-17],[-95,-78],[-55,-29],[-65,-3],[-16,108],[32,84],[-111,71],[-41,-47],[-41,-8],[-51,-74],[-58,45],[19,93],[-46,-4]],[[58474,67850],[20,98],[71,35],[15,34]],[[58580,68017],[103,85],[22,3]],[[58705,68105],[45,-46],[115,6],[26,30],[54,-11],[49,24],[-22,56],[12,95],[-48,59],[35,100],[42,36],[35,97],[-6,78],[-23,42],[-138,24],[23,84],[56,61],[9,54]],[[58969,68894],[-10,127],[152,-24],[13,104],[50,38],[-2,50],[98,54]],[[59501,67873],[66,-19],[39,-71],[24,-13],[46,57],[37,-21],[42,-74],[-103,26],[-31,-57],[-43,2],[-54,30],[-109,-10],[-38,43],[29,57],[66,46],[29,4]],[[59295,67725],[50,-37],[-40,-55],[-59,19],[49,73]],[[58526,66972],[3,78],[-17,31],[35,139],[-78,76],[-79,-44],[-69,34],[22,78],[-55,-16],[-45,26],[-33,48],[43,69],[65,41],[27,34],[34,108],[-4,46],[50,52],[49,78]],[[59139,67774],[84,-87],[-39,-21],[-13,-39],[-40,-23],[-52,-77],[-58,-36],[-22,-41],[-74,-82],[-62,19],[-24,-27],[13,-98],[24,-15],[-31,-91],[-101,-13],[-66,-48],[-15,-52],[-55,-7],[-50,-55],[-32,-9]],[[58980,67155],[-22,-65],[-141,-31],[0,52],[51,-10],[57,38],[55,16]],[[59206,67543],[-25,-32],[-67,-35],[-32,51],[55,20],[69,-4]],[[57704,68778],[109,49],[17,37],[103,27],[28,35],[-17,39],[55,122],[23,108]],[[58022,69195],[47,79],[45,-42],[39,-6],[56,-39],[38,15],[43,-17],[28,28],[71,9],[27,-39],[-17,-45],[55,-38]],[[58454,69100],[10,-31],[-80,-139],[51,5],[14,-31],[-24,-45],[58,-28],[-40,-35],[-81,-7],[-20,-71],[-91,-58],[-28,21],[-57,3],[8,-57],[-31,-40],[-2,-64],[37,-30],[47,30],[172,-76],[10,-52],[61,-62],[38,-3],[53,-54],[82,-5],[81,-59],[13,-71],[-30,-36]],[[58580,68017],[-71,50],[-99,12],[15,47],[-31,75],[-32,6],[-86,-19],[-33,-77],[-37,-40],[-31,-78],[-87,-72],[-148,-74],[-36,-42],[2,44],[-51,83],[-67,63],[76,75],[-49,51],[22,59],[-100,47],[63,105],[62,28],[8,72],[22,56],[-18,55],[26,35],[6,56],[-63,32],[-23,-51],[-48,39],[-38,94],[-30,30]],[[56985,71191],[13,-66],[-65,-143],[-43,-33],[-112,50],[14,-61],[-46,-44],[31,-54],[4,-134],[-45,-33],[-3,-97],[57,-17],[6,-32],[56,-67],[52,-38],[74,5],[25,-32],[63,-7],[6,-34],[47,-26],[10,-97]],[[57027,69870],[-49,-15],[13,-42],[-88,-85],[-93,-17],[26,-63],[-20,-42],[8,-89],[35,-42],[51,-27],[26,-170],[-43,11],[-7,39],[-95,13],[-50,-7],[-50,-49]],[[56691,69285],[-34,-3],[-28,-41],[-42,0],[-44,29],[-52,-9],[-36,42]],[[55675,70533],[45,9],[51,47],[-22,38],[-1,60],[33,16],[3,53],[91,8],[10,61],[-10,68],[-47,57],[13,64],[-38,70],[5,54],[-66,19],[-74,53]],[[58969,68894],[-55,40],[-75,9],[-33,-113],[-62,43],[-80,-3],[-75,21],[16,146],[-38,16],[-48,-33],[-45,75]],[[58474,69095],[34,18],[18,45],[50,12],[-74,55],[-34,68],[-40,11],[-10,61],[42,8],[1,191],[-32,-61],[-35,6],[17,75],[-11,77]],[[58400,69661],[62,35],[57,-17],[59,29],[79,0],[15,16],[-16,171],[101,-8],[83,-22],[36,66],[-11,52],[30,36],[-66,55],[32,99]],[[58861,70173],[36,-19],[38,55],[45,14],[84,-1],[38,43],[45,20],[-27,42],[30,88],[-41,41],[27,76],[-1,44],[-36,60],[2,57],[-29,97]],[[59412,70836],[8,-91],[57,-152],[41,-7],[98,-59],[74,-19],[25,21],[34,83],[48,25],[29,52],[46,27],[53,58],[19,48]],[[55862,66379],[-50,-26],[-29,-54],[38,-43],[-22,-32],[-68,-1],[-29,-29]],[[55635,66369],[39,29],[-25,48],[32,53],[44,21],[-48,119],[-99,-52]],[[55686,66950],[41,33],[28,-48],[59,-38],[81,-19],[69,43]],[[58454,69100],[20,-5]],[[57049,67223],[30,-51],[-9,-53],[21,-79]],[[58626,70241],[75,-3],[27,-46],[79,-3],[54,-16]],[[58400,69661],[-20,48]],[[57704,68778],[-94,-11],[-50,23],[56,59],[-42,25],[-44,82],[-68,37],[-35,-32],[-44,51],[64,55],[12,53],[-12,74],[20,36]],[[57467,69230],[64,46],[22,79],[37,17],[7,48],[81,-59],[69,-30],[77,28],[135,2],[-5,-141],[26,-35],[42,10]],[[57467,69230],[-115,1],[-27,27],[-43,-54],[-57,-17],[-17,42],[-35,6],[-20,-65]],[[57153,69170],[-31,67],[-46,0],[-21,42],[-48,9],[-58,-43],[-23,-39],[-44,-5],[-31,-66],[-136,52],[-24,98]],[[57153,69170],[8,-50],[-23,-28],[16,-39],[89,-68],[-13,-56],[-43,-8],[-45,-73],[11,-27],[-36,-65],[25,-99],[-24,-57],[-79,-19],[-57,-46],[7,-177],[-59,11],[-43,40],[-54,-7],[-42,-29],[-36,-75],[-7,-68],[-105,-4],[-67,-113]],[[50271,65233],[94,-12],[12,64]],[[50377,65285],[42,16],[83,-62],[34,-1],[54,-67],[50,75]],[[50640,65246],[119,-34],[52,23],[53,-23],[75,-146],[73,63],[67,28],[69,67],[56,-33],[64,89],[133,71],[21,-84],[-2,-78],[32,-52],[-14,-22],[60,-59],[54,-5],[22,-58]],[[51574,64993],[-162,33],[-3,-40],[58,-84],[38,-24],[2,-36],[-74,-42],[11,-36],[-143,11],[-67,-9],[-106,-36],[-56,-75],[-15,-60],[-33,-22],[-67,53],[-52,-32],[21,-33],[-56,-27],[-66,-9],[-63,50],[-123,57],[16,41],[-50,17],[-45,-99],[-97,-82],[-82,-40],[-80,9],[30,88],[-65,79],[35,41],[53,0],[54,61],[-36,27],[-35,-14],[-83,26],[6,48],[-39,41],[-44,-9],[-1,69],[25,90],[-59,94]],[[50121,65119],[60,2],[57,48],[4,56],[29,8]],[[50263,64507],[3,-82],[63,13],[44,-71],[-77,-32],[-6,-57],[-46,7],[-50,-51],[43,-28],[15,-39],[81,30],[10,-67],[-51,-168],[104,15],[72,64],[46,-28],[-12,-29],[35,-57],[-26,-16],[-34,58],[-27,0],[-15,-118],[-59,-90],[-36,-21],[-22,116],[-107,-17],[-121,50],[-18,-77],[-69,2],[-68,-21],[-52,-36],[-43,73],[-34,3],[-2,88],[98,54],[155,101],[42,3],[23,71],[-56,19],[-22,43],[0,54],[51,145],[81,45],[46,50],[41,1]],[[51191,64529],[46,-43],[102,-6],[20,-19],[80,-7],[-27,-59],[54,-6],[4,-31],[-58,-82],[-54,0],[-26,57],[-72,-4],[-47,13],[-21,42],[-42,-11],[-98,22],[8,74],[62,61],[69,-1]],[[51908,64481],[-10,-20],[84,-76],[25,-46],[-114,-90],[-137,-56],[-87,22],[14,46],[-14,69],[21,31],[85,62],[133,58]],[[50986,64526],[9,-47],[51,-53],[-43,-80],[-42,-27],[-61,35],[-33,-36],[-30,13],[21,86],[42,64],[34,4],[52,41]],[[51583,64433],[65,-80],[-34,-69],[-56,-28],[-50,3],[-6,95],[52,71],[29,8]],[[50254,63705],[28,-37],[-24,-135],[-76,29],[38,41],[34,102]],[[50489,64303],[6,-59],[-48,10],[42,49]],[[51512,64236],[9,-20],[-78,-40],[-9,25],[78,35]],[[52755,65325],[-85,53],[-59,-40],[-97,37],[-104,-5],[-73,-63],[-103,9],[-92,-8],[-51,-69],[-79,-25],[-3,-42],[-32,-47],[-39,-7]],[[51938,65118],[-18,72],[11,123],[17,33],[-11,147],[-198,86],[-39,32],[-76,-28],[-51,37],[18,38],[77,69],[68,-2],[-25,71],[-121,39],[-30,70],[122,0],[37,25],[49,-38],[145,4],[10,-29],[159,-52],[63,38],[-17,23],[32,78]],[[52160,65954],[37,7],[22,-151],[-18,-43],[43,-44],[99,-63],[45,-53],[-2,-103],[53,-34],[55,30],[129,-63],[89,17],[39,-34],[4,-95]],[[52160,65954],[-17,41],[47,53],[-3,32],[-66,93],[48,17],[31,-35],[59,-13],[26,61],[-46,48],[-95,174],[2,30],[-43,72],[-97,11],[-59,27],[-27,130],[70,34],[41,4],[62,52],[-27,99],[38,3],[51,51]],[[52155,66938],[91,51],[58,-4],[105,-76],[72,-12],[15,-56],[52,15],[42,-56],[109,-68],[60,21],[63,-13],[94,79],[81,-33],[24,-32],[97,-27],[33,-68]],[[53151,66659],[-32,-64],[-62,-4],[2,-33],[-84,-103],[-7,-46],[47,-57],[55,23],[21,-52],[41,-8],[69,32],[16,45],[45,-12],[49,-60],[-12,-95],[34,-1],[25,-77],[41,-18],[4,-52],[84,-15],[30,-51],[-16,-58],[-54,-41],[-26,-53],[41,-19],[17,-56],[40,31],[32,-22],[-46,-52]],[[53505,65741],[-138,-77],[-53,4],[-55,38],[-72,-1],[-49,-149],[-13,-103],[-41,-39],[-71,12],[-43,-18],[-60,-67],[-51,7],[-104,-23]],[[53287,65522],[54,-44],[21,-99],[-9,-43],[-47,-73],[-30,-14],[-57,69],[-1,67],[29,55],[0,63],[40,19]],[[53151,66659],[81,1],[45,35],[81,15],[73,117],[12,48]],[[53443,66875],[101,-74],[23,-64],[54,-28],[6,-41],[119,-5],[44,-22],[57,0],[12,-30]],[[53859,66611],[-12,-46],[-40,-37],[13,-61],[74,35],[60,-23],[-34,-86],[12,-31],[-41,-57],[4,-43],[-56,-6],[-36,-34],[30,-46],[68,-49],[56,-3],[-15,-50],[39,-150]],[[53981,65924],[-25,-8],[-40,-68],[-61,-16],[-58,11],[-113,-62],[-96,-30],[-83,-10]],[[53502,65509],[106,-3],[21,-27],[-3,-64],[63,-48],[36,-1],[79,-138],[-64,-39],[-28,-50],[70,-42],[-55,-46],[16,-41],[-40,-30],[-58,37],[-35,75],[-94,42],[-36,99],[-41,73],[-35,17],[18,94],[54,35],[26,57]],[[53403,65245],[34,-12],[43,-86],[-15,-88],[-111,-55],[-58,-41],[-9,-38],[-156,-65],[-51,25],[-28,48],[34,123],[42,74],[12,62],[48,37],[14,-45],[64,23],[52,-1],[85,39]],[[53828,65833],[104,-16],[8,-97],[-95,-70],[-5,-64],[-23,-66],[-32,11],[-90,-27],[-82,58],[11,30],[-34,103],[40,53],[64,6],[50,48],[84,31]],[[54194,65698],[-24,48],[-51,-22],[-58,12],[-40,-36],[-42,19],[8,44],[137,54],[5,44]],[[54129,65861],[85,-10],[39,-86],[-59,-67]],[[53112,65350],[44,-126],[-48,-74],[-46,6],[-34,34],[-4,43],[22,71],[66,46]],[[54065,65676],[65,-38],[26,-37],[-42,-75],[-31,29],[-36,91],[18,30]],[[53549,65719],[55,-75],[-87,-32],[-13,75],[45,32]],[[55040,66285],[-9,-214],[-13,-9],[-147,89],[-33,-12],[141,-91],[28,-43],[-48,-77],[-96,77],[-28,-49],[-59,-10],[-58,-41],[-17,-81],[-8,-102],[21,-47],[-93,-97],[-80,-19],[-24,62],[-63,33],[-106,0],[-47,42],[-70,-31],[-37,33]],[[54129,65861],[-18,75],[5,47],[-68,20],[-80,0],[13,-79]],[[53859,66611],[31,-28],[40,12],[25,45],[35,14],[24,47],[64,15],[35,50],[-37,71],[18,56],[-54,52],[-47,68],[-41,29],[-35,94],[18,63],[-32,46],[32,64]],[[53935,67309],[56,36],[67,11],[30,91],[57,18],[51,-16],[32,-42],[-12,-57],[31,-25],[48,2],[24,-41],[49,14],[5,79],[74,58],[32,49],[-7,65],[74,29],[22,35],[59,4],[-7,63],[-33,51],[54,23]],[[54369,65602],[26,-72],[52,45],[47,7],[-40,-92],[-72,-9],[-101,-72],[-31,15],[-38,71],[67,76],[90,31]],[[54201,65506],[-8,-126],[-86,-26],[-27,88],[121,64]],[[54985,65465],[65,-73],[-12,-25],[-84,21],[-14,35],[45,42]],[[54791,65702],[22,-44],[-29,-24],[-39,43],[46,25]],[[53443,66875],[4,33],[-40,40],[60,25],[62,105],[1,150],[-11,20],[-84,32],[-87,11],[-4,42],[-41,15],[-55,59],[-99,37]],[[53149,67444],[1,85],[56,88],[26,21],[-26,65],[28,48],[-21,53],[10,61],[27,37]],[[53250,67902],[67,1],[10,34],[83,97],[72,-10],[55,22],[31,-17]],[[53568,68029],[2,-91],[-32,-75],[22,-52],[149,-91],[43,-74],[-71,-61],[-23,-76],[47,-8],[-21,-61],[95,-47],[36,-42],[45,-13],[45,13],[30,-42]],[[51479,69531],[88,26],[58,-44],[90,-6],[21,36],[88,73],[41,-4],[10,-58],[-26,-93],[-38,-16],[10,-103],[24,-20],[7,-57],[29,-48],[37,13],[-2,-75],[-31,-24],[30,-45],[72,-3],[50,-55],[17,-59],[-1,-71],[79,-10],[-9,-75],[-43,-41],[22,-63],[-11,-38],[56,-59],[98,-85],[31,-44],[63,-45],[15,-41],[43,-15],[86,-70],[52,58],[-4,24],[49,64],[40,-83],[55,-14],[63,-81],[97,-45],[12,-74],[-61,-52],[1,-36],[82,-17],[24,-54],[104,34],[16,45],[-23,51],[28,16],[36,-33],[140,0],[67,-24],[-6,-49],[16,-53],[-28,-44],[7,-43]],[[53149,67444],[-124,-67],[-10,43],[-62,-9],[-88,78],[-57,22],[-12,34],[-174,-10],[-15,-51],[-68,-26],[-13,-49],[-42,14],[-28,-28],[-68,58],[-11,116],[-78,-30],[-143,42],[-29,-5],[-7,-55],[-59,-68],[5,-91],[-35,-21],[-2,-60],[27,-20],[-32,-86],[27,-40]],[[52051,67135],[-66,-22],[-25,19],[-70,-47],[-55,0],[-135,104],[-58,-6]],[[51642,67183],[-6,51],[-75,70],[-5,76],[38,27],[44,82],[10,53],[33,32],[7,56],[-102,39],[-93,22],[-3,45],[22,80],[50,48],[10,70],[-33,67],[-54,-9],[-17,40],[33,92],[35,24],[0,125],[19,81],[-103,11],[-175,39],[-82,25],[-48,-19],[-44,23],[23,57],[68,3],[55,37],[-9,55],[-57,48]],[[54422,68653],[-46,-2],[-31,-32],[-76,1],[-55,38],[-59,0],[-3,-42],[-38,-104],[-85,-37],[-54,-71],[-68,67],[25,20],[-54,125],[-45,67],[-32,21],[-60,-56],[-65,-2],[-54,-20],[-70,31],[-30,-53],[-77,-40],[0,-62],[-39,-34],[53,-89],[-19,-38],[-18,-111],[54,-23],[64,-54],[39,-52],[-11,-72]],[[48712,64894],[-51,-80],[-9,-85],[60,-52],[45,-77],[-10,-28]],[[48747,64572],[-122,-14],[-42,-31],[-68,27],[-42,-5]],[[48473,64549],[47,102],[-115,43],[-48,-29],[-5,54],[-44,1],[-27,-29],[-35,50],[-27,-5],[14,89],[-73,139],[33,61],[-8,38],[-51,49],[-17,64]],[[48117,65176],[11,45],[52,29],[55,-3],[3,79],[87,4],[27,-38],[-14,-125],[-24,-67],[26,-42],[134,-41],[18,49],[106,17],[12,-44],[50,-26],[52,-119]],[[49014,64500],[25,-17],[55,11],[41,-54],[-22,-18],[-72,-4],[-48,17],[21,65]],[[51107,66638],[22,3],[23,71],[33,46],[69,-1],[62,18],[97,109],[92,8],[68,47],[-4,89],[43,61],[4,54],[26,40]],[[52051,67135],[57,-102],[34,-18],[13,-77]],[[51938,65118],[-43,-24],[-99,149],[-40,4],[-94,-51],[-27,-28],[-9,-54],[-41,-62],[-11,-59]],[[50640,65246],[-7,34],[40,43],[-26,84],[82,77],[19,-7]],[[50748,65477],[80,1],[7,54],[50,44],[-23,95],[-26,33],[11,45],[-32,20],[21,89],[41,59],[73,33],[-13,63],[-47,38],[-37,-37],[-62,36],[-13,43],[-48,-24],[-45,1],[-40,64],[-38,5],[45,210],[50,3],[50,47],[27,56],[57,-11],[61,115],[49,52],[99,-31],[47,17],[15,41]],[[51683,65022],[27,-36],[-41,-46],[-62,20],[5,31],[71,31]],[[48118,66938],[63,-66],[26,-58],[35,8],[39,-69],[-2,-30],[58,-51],[64,2],[26,-19],[-93,-89],[19,-44],[97,-123]],[[48450,66399],[58,-46],[18,-40],[-35,-45],[-17,-61],[14,-94],[-92,-67],[67,-48],[-2,-69],[24,-53],[119,3],[56,94],[35,0],[100,-109],[139,-28],[16,-126],[83,-35],[17,53],[-20,93],[62,76],[8,-58],[59,-27],[-18,-54],[15,-113],[98,-84],[25,-62]],[[49279,65499],[16,-20],[25,-29],[-38,-47],[-57,-24],[-18,41],[-34,0],[-37,-49],[6,-30],[-43,-91],[-38,-21],[-44,-67],[-51,-39],[-28,-73],[-93,-85],[-24,9],[-53,-59],[-56,-21]],[[48117,65176],[-7,83],[29,52],[-53,23],[-73,-6],[-22,42],[0,57],[-80,56],[-77,9],[-4,98],[36,117],[-39,17],[24,63],[-29,91],[24,21],[18,115],[21,38],[-50,93],[-15,60]],[[49209,65211],[32,-84],[46,-39],[-3,-60],[-37,-47],[-141,-110],[-52,-82],[-102,-62],[-63,-8],[-29,105],[86,139],[0,37],[35,60],[61,41],[71,11],[96,99]],[[51107,66638],[-48,35],[27,31],[-46,122],[57,117],[-6,38],[-73,90],[-75,18],[-56,-47],[-44,16],[-69,-31],[-99,26],[-26,-31],[-2,-65],[-63,-5],[-31,-24],[3,-40],[-67,-71],[-26,-5],[-21,59],[-96,37],[-35,34]],[[50311,66942],[86,52],[25,-3],[47,68],[-24,66],[31,46],[-15,26],[25,67],[28,22],[47,106],[-44,67],[107,127],[-151,77],[27,64],[-16,69],[51,99],[-40,54],[-56,17],[5,124],[-103,98],[3,32],[-65,64]],[[49974,65116],[13,-53],[60,-67],[25,-57],[-15,-101],[-16,-31],[16,-99],[-30,-77],[-1,-113],[-82,-43],[-11,-80],[41,-52],[55,-127],[-43,-63],[-113,-68],[-98,12],[-18,57],[31,41],[-6,37],[32,74],[-30,5],[21,94],[-26,70],[-32,-1],[-21,-115],[-54,23],[-6,103],[-74,46],[-118,143],[26,29],[-4,65],[-25,99],[31,24],[124,-9],[64,-32],[18,-56],[42,-71],[7,-55],[35,-18],[71,36],[20,-54],[63,-73],[25,152],[-54,89],[-90,54],[-2,-43],[-35,-17],[-48,12],[-15,40],[55,47],[11,50],[-44,34],[-8,66],[131,19],[109,-6],[-7,60]],[[49480,64361],[65,-43],[75,-26],[26,-50],[-18,-51],[-72,-18],[-61,13],[-25,42],[-10,95],[20,38]],[[49763,64254],[13,-55],[-56,-26],[-19,20],[62,61]],[[50079,65707],[-21,38],[44,58],[53,14],[15,44],[73,50],[50,-24],[-27,-45],[-38,-108],[-70,-99],[7,-19],[-78,7],[-8,84]],[[50492,65613],[-16,-106],[-74,-90],[-37,3]],[[50365,65420],[-29,81],[-109,21],[-47,-23]],[[50180,65499],[-1,8]],[[50179,65507],[-3,25]],[[50176,65532],[-1,3],[49,40],[19,48],[79,63],[62,-5],[47,-23],[-5,-35],[66,-10]],[[50492,65613],[13,40],[106,-3],[113,-46],[44,-73],[-20,-54]],[[50377,65285],[-26,55],[14,80]],[[50180,65499],[20,-93],[38,-52],[18,-110],[15,-11]],[[50121,65119],[-59,87],[-12,37],[56,113],[-31,24],[-14,66],[59,4],[14,30]],[[50134,65480],[46,19]],[[48196,67390],[48,-87],[136,34],[13,61],[39,42],[18,74],[48,-4],[41,-66],[51,8],[52,103],[111,-8],[15,-46],[76,-53],[138,133],[71,-36],[77,191],[46,40],[68,-39],[24,-47],[59,-49],[-23,-25],[36,-97],[-20,-66],[-52,-50],[47,-60],[-19,-28],[49,-53],[-16,-96],[57,-32],[126,-31],[52,14],[17,-57]],[[49581,67060],[-25,10],[-51,-78],[-15,-54],[17,-76],[-4,-57],[-79,-90],[-78,-62],[19,59],[-57,45],[-52,-17],[-61,21],[-137,-29],[-136,-53],[-156,-80],[-50,-81],[-3,-60],[-126,42],[-49,-28],[-9,-66],[-41,-19],[-38,12]],[[50311,66942],[-29,-3],[-72,147],[-28,4],[-40,-67],[-65,-18],[-7,34],[-93,81],[-83,13],[-41,-67],[-93,-71],[-68,71],[-56,-26],[-55,20]],[[52338,65042],[40,-27],[-1,-48],[-48,-162],[-66,-85],[7,-108],[-21,-34],[-39,17],[-70,-12],[-69,-40],[-126,13],[-74,96],[24,74],[-31,34],[35,26],[53,-27],[40,52],[38,-2],[76,87],[63,-87],[26,13],[22,93],[95,110],[26,17]],[[52258,65141],[11,-61],[38,-33],[-52,-33],[-41,47],[0,45],[44,35]],[[42120,65543],[53,-33],[64,-81],[56,-35],[36,-93],[64,-23],[15,-65],[39,-4],[81,-67],[47,-54],[37,9],[48,-58],[19,-107],[55,-27],[129,14],[63,31],[107,6],[35,-52],[58,7]],[[43126,64911],[-2,-50],[-60,-91],[-4,-68],[-36,13],[-44,-50],[-96,-37],[-25,-41],[-76,-48],[11,-48],[-51,-50],[-1,-27],[46,-50],[50,-109],[-34,-23],[-41,9],[-34,51],[-35,-4],[1,-79],[-38,-67],[7,-76],[152,-148],[-2,-73]],[[42814,63845],[-31,-23],[2,-58],[23,-52],[-53,-26],[-60,25],[-86,-30],[53,-42],[-64,-45],[-21,-113]],[[42577,63481],[-105,21],[1,51],[-58,44],[-44,-73],[10,-42],[-47,-28],[-35,-51],[34,-41],[-50,-67],[-38,31],[-20,-36],[30,-37],[-39,-21],[-20,-68],[-92,-77],[-100,-65],[-23,-33],[-104,-87],[-50,-2],[-75,74],[35,123],[-43,89],[5,54],[34,63],[1,56],[-67,35],[59,132],[-21,100],[-80,57],[-71,24],[-3,65],[-46,38],[1,51],[-57,34],[17,66],[10,143],[71,30],[58,-45],[57,38],[-12,49],[46,68],[34,4],[53,64],[36,131],[-10,123],[-76,34],[31,61],[-2,94],[-111,96],[-24,75],[-78,61],[-74,75],[36,50],[57,20],[-6,45],[41,42],[5,110],[-14,92],[50,42],[3,62],[32,11],[30,-51],[38,-5],[64,-69],[20,58],[76,5],[163,69]],[[41762,62943],[24,-38],[-11,-63],[41,-7],[31,-69],[-26,-76],[-52,-19],[-57,21],[-16,85],[-59,64],[-57,40],[34,53],[60,-54],[88,63]],[[41527,65608],[69,-64],[-15,-65],[-105,-6],[-52,-71],[-49,62],[97,23],[47,30],[24,42],[-16,49]],[[44158,64109],[35,-37],[16,-68],[-18,-40],[-80,-62],[-43,27],[-38,-13],[35,-55],[8,-71],[-39,-29],[20,-37],[-14,-43],[-41,-19],[-17,-82],[-34,-40],[-57,-9],[-9,-44],[-50,-91],[-13,-67],[-53,-31],[-14,-57],[24,-32],[88,-11],[61,36],[45,-15],[75,24],[80,-28]],[[44125,63215],[-15,-39],[-44,-29],[-17,-128],[-80,-81],[-86,7],[-55,-32],[-73,-96],[-137,-73],[-68,14],[-36,40],[-74,-27],[8,59],[48,14],[6,36],[-53,21],[-16,-62],[-45,-26],[-31,39],[55,31],[-83,67],[-4,-68],[-59,-11]],[[43266,62871],[-33,95],[-30,24],[10,106],[-16,67],[31,50],[46,32],[16,37],[70,36],[26,37],[9,71],[-90,56],[-40,-10],[-81,94],[42,58],[74,60],[49,19],[-22,55],[30,72],[7,94],[-40,29]],[[43324,63953],[23,44],[83,20],[33,46],[24,68],[76,23],[36,-31],[57,8],[59,127],[46,35],[51,-7],[38,-28],[39,31],[37,-34],[-17,-56],[96,-48],[38,-45],[79,21],[36,-18]],[[46261,65497],[-79,-64],[4,-94],[-58,-21],[-9,-89],[32,-82],[-30,-27],[-3,-49],[73,-92],[-22,-74],[-41,-15],[-34,-82],[63,-148],[1,-71],[45,-60],[21,-58],[-54,-38],[-80,16],[-33,-62],[39,-58],[-15,-36],[-46,-17],[-27,-36],[17,-54],[-3,-55],[-63,-53],[-78,58],[-31,1],[-34,-61],[-170,27]],[[45646,64103],[35,96],[-23,37],[-105,13],[-26,-30],[-21,-79],[-73,4],[-29,26],[-45,-5],[-41,24],[-53,-1],[17,-47],[-57,-49],[0,-62],[-48,-19],[-35,-52],[6,-46],[-38,-63],[-97,-24],[-73,-44],[-56,80],[-42,1],[-49,-33],[-53,-120],[-75,-29],[-58,-53],[10,-75],[20,-37],[47,-2],[30,-42]],[[44714,63472],[-46,-28],[15,-92],[51,-33],[-90,-62],[-41,-8],[48,-57],[-45,-32],[-29,45],[-71,-48],[-64,22],[42,97],[-24,49],[-94,-58],[-13,55],[29,41],[-52,36],[-42,1],[1,58],[22,48],[-23,51],[-42,-26],[-12,-64],[13,-30],[-77,-22],[61,-42],[-28,-86],[-39,-52],[-39,-20]],[[44158,64109],[23,35],[26,89],[-1,58],[98,101],[4,42],[38,52],[-2,75],[24,14]],[[44368,64575],[31,-4],[29,45],[62,30],[71,0],[91,99],[93,44],[36,-29],[56,1],[7,48],[34,20],[-16,47],[65,96],[-13,27],[66,25],[-26,38],[64,49],[37,58],[45,-36],[45,58],[11,60],[34,54],[-44,61],[12,68],[-37,98],[-75,24],[-26,22],[-4,55],[70,62],[-1,43],[-43,39],[-5,59],[74,-7],[94,31],[37,-35],[81,15],[53,-16],[20,53],[60,102],[53,72],[32,6],[5,69],[24,63],[57,30],[15,61],[-36,47],[25,23],[-23,54],[59,35],[54,-3]],[[44368,64575],[-65,41],[18,48],[-5,65],[20,35],[-18,70],[27,41],[-19,65],[-65,3],[-17,58],[-24,15],[1,79],[-49,104],[-126,-47],[-63,47],[31,58]],[[44014,65257],[20,72],[-11,72],[18,82],[-31,35],[-69,3],[-61,63],[-56,-32],[-47,1],[-19,97]],[[43758,65650],[60,13],[65,56],[43,9],[13,85],[48,65],[60,6],[22,-38],[48,-1],[75,28],[16,42],[64,-30],[64,73],[95,67],[-39,44],[-55,-9],[-49,55],[35,38],[73,-68],[49,32],[68,106],[129,97]],[[44642,66320],[83,41],[25,-26],[105,-32],[44,86],[63,55],[35,-2],[47,70],[43,-12],[-7,-47],[85,-109],[25,-54],[92,5],[57,27],[17,50],[54,39],[30,-24],[43,40],[133,70],[-73,115],[-43,-19],[-66,99],[-66,40],[-48,79],[23,25],[26,101],[-17,29],[-66,30],[-17,67],[-92,24],[-33,-21]],[[45144,67066],[-15,27],[35,70],[94,45],[98,-25],[16,60],[-53,-13],[31,151],[26,47],[53,37],[45,-17],[43,13],[56,-25],[19,-33],[-26,-60],[49,-28],[5,70],[85,20],[35,48],[-18,47],[87,21],[31,39]],[[42907,68307],[20,-35],[60,-31],[4,-54],[82,-49],[-8,-53],[-65,-34],[-57,-1],[-35,70],[-15,109],[14,78]],[[44383,66493],[34,-120],[-60,-31],[-31,38],[8,71],[49,42]],[[43676,66524],[86,-42],[-12,-40],[-59,-19],[-46,18],[31,83]],[[45646,64103],[-42,-16],[-16,-81],[20,-49],[-39,-54],[18,-101],[-40,-15],[6,-62],[44,-20],[57,6],[40,-17],[-4,-70],[61,-111]],[[45751,63513],[-25,7],[-88,-38],[-45,49],[-45,0],[-61,-45],[-27,-73],[-35,-30],[-48,27],[-15,69],[-60,-41],[-13,-42],[-53,-49],[-66,-33],[-5,-35],[-113,-60],[-70,11],[-52,24],[-38,42],[31,28],[-36,56],[-128,33],[-45,59]],[[45293,63383],[79,-57],[-29,-21],[-22,-75],[-133,-79],[-6,41],[-49,11],[66,54],[3,62],[91,64]],[[47117,63289],[-61,-63],[-76,-15],[-87,-114]],[[46893,63097],[-47,17],[-76,71],[3,38],[-49,53],[-113,18]],[[46611,63294],[23,71],[-11,47],[37,10],[23,43],[61,24],[-4,30],[51,58],[-4,90],[-25,33],[-14,70],[-70,29],[26,54],[118,66],[22,34],[56,-49],[-27,-50],[12,-47],[69,1],[85,-24],[-32,-30],[117,-117],[-39,-59],[24,-49],[-27,-105],[37,-65],[-2,-70]],[[46717,63171],[25,-64],[55,-35],[-21,-33],[-58,-36],[13,-25],[-29,-72],[-46,-17],[-55,-76],[-82,-11],[-78,63],[12,64],[22,17],[49,-32],[55,7],[9,34],[90,-5],[-8,78],[32,55],[15,88]],[[48473,64549],[-51,-62],[20,-53],[47,-54],[117,7],[39,59],[-20,54],[39,27],[42,-47]],[[48706,64480],[-30,-56],[83,-98],[24,-88],[-25,-156],[-61,-11],[-23,-30],[-148,-11],[-16,-61],[17,-104],[38,-101],[4,-75],[-11,-78],[39,-73],[12,-56],[-16,-171],[-18,-64],[-64,-88],[-8,-47]],[[48503,63112],[-23,12],[0,154],[11,25],[-50,54],[-100,-15],[-33,8],[-48,67],[-51,20],[-20,66],[-43,2],[-53,58],[-39,-13],[-48,18],[-77,-59],[-64,-114],[-52,-26]],[[47813,63369],[-71,-59]],[[47742,63310],[-62,10],[-22,-17],[-55,23],[-26,70]],[[47577,63396],[22,41],[22,97],[-36,142],[-58,-22],[-80,-11],[-9,89],[-71,62],[-79,7],[-12,112],[-26,57],[-13,164],[-24,38],[38,73],[-15,64],[46,45],[-40,32],[-12,107],[-58,15],[-26,45],[-5,56],[16,54],[-41,40],[-80,-53],[-25,39],[-118,38],[-19,40],[32,64],[-68,116],[7,61],[-6,186]],[[49635,63427],[67,-94],[-39,-29],[-83,34],[-9,69],[64,20]],[[47117,63289],[85,17],[54,27],[22,43],[-5,59],[39,2],[58,-47],[135,23],[72,-17]],[[47742,63310],[-2,-64],[57,-32]],[[47797,63214],[-6,-44]],[[47791,63170],[-66,-30],[-77,-11],[-72,28],[-49,-31],[-42,-75],[-40,-19],[-15,-54],[-54,-10],[-20,-44],[21,-66],[99,-74],[47,-47],[22,-45],[58,-12],[-11,-70]],[[47592,62610],[-30,31],[-61,24],[-144,123],[-56,-51],[-34,41],[31,29],[-33,78],[-30,28],[-108,-14],[-39,27],[-8,36],[-46,61],[-108,66],[-33,8]],[[47551,62417],[28,-107],[-84,-11],[55,69],[1,49]],[[42120,65543],[107,67],[24,-23],[82,28],[66,-28],[15,54],[-40,66],[-42,11],[-7,38],[-47,31],[-46,-21],[-115,6],[-40,37],[-72,16],[-43,-48],[33,-22],[-7,-50],[-42,-10],[-57,45],[17,63],[34,-7],[70,68],[-12,38],[21,49],[47,4],[53,45],[120,-48],[9,-82],[79,-25],[122,-5],[76,33],[87,58],[97,-24],[83,-45],[16,-27],[89,20],[57,-85],[-13,-41],[86,-125],[81,-1],[99,49],[62,107],[28,-144],[53,-25],[44,51],[5,84],[48,-8],[67,-43],[81,0],[52,38],[100,-36],[11,-26]],[[44014,65257],[-140,29],[-20,-61],[-46,-8],[-51,106],[-50,50],[-106,-79],[-34,-56],[-28,5],[-36,-53],[-5,-47],[-59,-40],[-30,-57],[-84,-28],[-33,29],[-114,-29],[-33,-91],[-19,-16]],[[43512,66018],[42,-11],[37,-64],[-33,-30],[-171,15],[-79,-84],[30,-46],[-87,-35],[-124,65],[-10,111],[52,13],[28,-28],[74,14],[90,0],[93,41],[58,39]],[[48503,63112],[-60,-112],[-45,0],[-137,-44],[-131,6],[-16,-64],[2,-134],[34,-136],[-25,-33],[25,-30],[-16,-42],[43,-57],[60,-29],[-10,-47],[63,-47],[6,-58],[-36,-47]],[[48260,62238],[-77,65],[-24,54]],[[48159,62357],[1,80],[-124,108],[-34,90],[-45,45],[46,25],[22,38],[-7,181],[-65,48],[-90,-21],[-88,-4]],[[47775,62947],[-13,41],[34,25],[-17,138],[12,19]],[[47797,63214],[35,107],[-19,48]],[[48558,62073],[73,-25],[65,-97],[61,-10],[42,-47],[21,-60],[-15,-55],[-79,68],[-44,13],[-92,-11],[-13,34],[-59,37],[-1,43],[-60,26],[-71,-47],[-23,46],[70,44],[12,-20],[113,61]],[[43324,63953],[-10,16],[-144,16],[-39,-44],[-31,-101],[-59,-38],[-46,12],[-89,-37],[-63,17],[-29,51]],[[46611,63294],[-61,-47],[-40,-57],[-77,-30],[64,-39],[4,-80],[-34,-12],[-46,52],[-64,-15],[-91,27],[25,47],[56,16],[-24,48],[88,91],[25,41],[39,-1],[50,75],[-15,49],[-74,48],[-87,-92],[-9,38],[41,78],[-11,45],[-139,-1],[-80,-42],[-58,52],[66,65],[-54,1],[-110,-53],[-55,20],[-49,-31],[-12,-56],[-51,5],[-51,44],[-26,-67]],[[46271,63554],[38,-12],[-90,-66],[-91,-96],[-38,-16],[-50,14],[-6,70],[29,24],[83,-6],[20,-24],[52,97],[53,15]],[[45937,63457],[33,-25],[-32,-37],[21,-32],[-13,-127],[47,-63],[49,-19],[-6,-43],[-52,9],[8,46],[-41,14],[-77,114],[41,-9],[-3,122],[25,50]],[[43266,62871],[-76,-25],[-33,-48],[-38,68],[-71,84],[28,97],[-12,100],[-76,58],[23,51],[-85,-1],[-11,-43],[-57,44],[-58,92],[-39,82],[-36,30],[-67,-12],[-81,33]],[[48686,63028],[56,-31],[22,-55],[100,-38],[94,47],[8,-86],[75,-76],[-2,-63],[31,-30],[86,12],[-36,-71],[96,-29],[58,18],[61,42],[13,44],[50,67],[46,-23],[86,7],[56,45],[-20,50],[37,20],[40,57],[38,7],[108,-76],[69,10],[-19,-55],[-111,-52],[-52,-7],[-24,-48],[-69,-16],[-59,14],[-95,-24],[-21,-64],[-47,-38],[21,-38],[-19,-46],[32,-51],[-4,-60],[-39,-42],[-31,40],[-57,-10],[-88,-50],[-13,43],[24,53],[43,34],[-24,52],[-71,45],[-124,21],[-39,35],[-102,-76],[-5,-127],[-50,47],[-85,-21],[-24,21],[-94,-20],[-54,-95],[-52,74],[24,48],[-73,45],[-16,48],[-62,60],[8,108],[-19,27],[78,68],[1,45],[-26,56],[43,30],[59,-40],[48,21],[-5,51],[96,-5],[24,51]],[[49282,62976],[41,-44],[-36,-40],[-59,3],[1,52],[53,29]],[[49343,62336],[70,-67],[-37,-8],[-43,44],[10,31]],[[48747,64572],[7,-37],[-48,-55]],[[47835,62334],[64,-86],[98,-7],[10,-45],[37,-31],[-37,-45],[-83,7],[-14,-54],[-54,-22],[-15,-68],[-63,-4],[-25,-43],[10,-43],[-44,-28],[-52,75],[77,12],[29,54],[-6,49],[104,82],[15,56],[-58,44],[-13,34],[20,63]],[[48260,62238],[-66,-73],[-80,22],[-48,-10],[14,84],[-13,79]],[[48067,62340],[92,17]],[[47307,61951],[33,-11],[76,-65],[11,-40],[-100,-36],[-54,-35],[-72,25],[-17,52],[61,0],[20,25],[0,65],[42,20]],[[48251,61734],[-24,-60],[16,-25],[-17,-65],[36,-81],[-19,-42],[-83,-51],[-36,41],[33,46],[63,27],[-24,50],[12,68],[43,92]],[[47775,62947],[16,-158],[-36,-58]],[[47755,62731],[-17,-32],[-119,-56],[-27,-33]],[[48067,62340],[22,102],[-52,34],[-60,14],[-57,48],[-53,17],[-18,78],[-86,30],[-8,68]],[[47788,62499],[39,-86],[-44,-24],[-20,82],[25,28]],[[44642,66320],[28,75],[-46,31],[-35,87],[67,102],[69,11],[78,-17],[60,17],[15,48],[70,79],[98,57],[12,40],[70,67],[7,54],[-27,30],[36,65]],[[61120,63875],[-23,-109],[-32,-100],[-59,-100],[28,-49],[-22,-59],[10,-46],[62,-59]],[[61084,63353],[-63,26],[-171,-16],[7,-68],[-38,-45],[-16,-96],[88,28],[45,-81],[-11,-95],[-17,-12]],[[60908,62994],[-74,-5],[-78,-39],[-28,28],[-73,22],[-44,-7],[-53,47],[-71,-10]],[[60487,63030],[-25,95],[26,40],[54,38],[-12,118],[-28,42],[-38,13],[-77,-42],[-33,-60],[-61,14]],[[60293,63288],[20,38],[-16,40],[-44,-20],[-79,62],[13,79],[-36,53],[20,31]],[[60171,63571],[94,1],[130,56],[-29,101],[-6,56],[-40,12],[-2,67],[26,14],[-3,61]],[[60341,63939],[58,16],[95,-44],[90,15],[7,60],[62,31],[58,9]],[[60711,64026],[22,4],[32,-79],[67,-17],[28,75],[88,53]],[[60948,64062],[58,-20],[55,-78],[28,-78],[31,-11]],[[61081,63668],[35,-40],[-18,-40],[-63,0],[46,80]],[[61180,64131],[-95,47],[-51,-14],[-74,57],[-66,-27],[-24,-47]],[[60870,64147],[-99,-24],[-57,-57]],[[60714,64066],[-103,76],[-59,0],[-64,32]],[[60488,64174],[-13,99],[-30,96],[-84,-8],[-41,62],[0,34],[-83,-11]],[[60237,64446],[7,108]],[[60244,64554],[68,-14],[97,20],[63,64],[67,35],[111,12],[124,1],[94,-30],[24,19],[36,81],[80,16],[1,-48],[22,-52],[-42,-88],[21,-57],[47,-38],[82,-29],[70,-64],[92,-5],[-64,-128],[-71,-98],[14,-20]],[[61310,64756],[-66,-142],[-20,-60],[-8,-130],[-56,45],[-126,44],[-11,60],[62,1],[73,55],[16,67],[98,22],[38,38]],[[61119,64833],[34,-8],[22,-41],[-3,-62],[-63,-28],[-37,-54],[-54,57],[28,76],[73,60]],[[61084,63353],[-46,-17],[0,-52],[43,-57],[62,-46],[82,-2],[20,53],[-34,27],[41,43],[43,-28],[59,-130]],[[61354,63144],[-40,-23],[-48,-118],[-52,32],[-52,-33],[-19,-82],[-71,-7],[-121,-33],[-49,-36],[-27,7]],[[60875,62851],[48,33],[-15,110]],[[61354,63144],[67,-132],[31,-25],[80,-24],[52,-36],[50,-164],[-31,-49],[5,-31],[-25,-62],[-39,-16],[-22,-56],[-88,-82],[-91,-54],[-75,-13],[-31,-50],[46,-11],[40,-57],[-18,-45],[249,54],[12,-21],[80,15],[37,-40],[-141,-34],[-43,-54],[96,18],[14,18],[107,-25],[47,40],[62,23],[32,-62],[-57,-19],[-44,-37],[-175,-70],[-34,-45],[-52,-6]],[[61495,61992],[-22,76],[-105,-52],[-208,-83],[-26,-38],[-72,2],[-43,-23],[-56,2],[-35,44],[-46,2],[-70,80],[-107,-13]],[[60705,61989],[-31,25],[-55,-9],[-21,41],[12,63],[71,71],[7,52],[76,64],[88,13],[-9,95],[-73,25],[-102,6],[-125,-54],[-98,33],[-56,-7]],[[60389,62407],[29,75],[-25,69],[125,117],[60,-19],[56,38],[85,26],[4,38],[61,46],[76,14],[15,40]],[[61378,62392],[25,-27],[-37,-61],[-45,33],[57,55]],[[60020,63788],[28,-135],[6,-87]],[[60054,63566],[-50,4],[-49,-52],[-66,-35],[-30,-64],[-64,66],[-61,-52],[-42,-8],[-3,-61],[-22,-45],[-67,-44],[-96,0],[-54,-39],[-31,-57],[-42,9],[-96,-42],[-26,-36]],[[59255,63110],[-139,-11],[-109,25],[-25,37],[-8,69],[-58,46],[14,39],[-35,22],[79,86],[3,65],[-44,77],[7,40],[-26,33]],[[58914,63638],[205,17],[62,19],[263,3],[40,-7],[81,14],[64,-9],[59,30],[-2,64],[223,18],[103,34]],[[60012,63821],[8,-33]],[[58914,63638],[-40,118],[22,50],[44,24],[35,78],[59,59],[10,114],[33,45],[-1,71],[22,21],[-4,57],[-63,69]],[[59031,64344],[63,32],[86,4],[54,-11],[67,31],[69,-15],[20,-30],[79,17],[42,-56],[41,3],[33,41],[73,-26],[30,15],[53,-20],[20,73],[52,5],[93,-82]],[[59906,64325],[-41,-103],[80,-108],[-28,-55],[45,-102],[66,16],[14,-47],[-39,-30],[9,-75]],[[59255,63110],[26,-34],[-49,-50],[-13,-60],[-55,-17],[-37,-34],[19,-104],[-52,-98],[3,-55],[53,-9]],[[59150,62649],[28,-39],[12,-64],[-90,-17],[-82,-52],[-82,29],[-70,-49],[-23,-49],[-42,-27],[-51,0],[-36,23],[-68,-24],[-52,-51],[-77,-31],[-76,15]],[[58441,62313],[-28,66],[-4,56]],[[58409,62435],[106,79],[60,18],[21,69],[0,129],[-94,2],[-39,18],[25,118],[-32,44],[-4,45],[53,63],[-2,85],[21,46],[-14,66],[38,40],[13,84],[-24,11],[-12,76],[-69,45],[-30,47],[11,38],[-38,45],[-72,-39],[-17,-30],[-146,-27],[-114,8],[-31,-32],[-81,-12]],[[57938,63471],[5,132],[-7,106]],[[57936,63709],[13,39],[43,37],[60,-14],[50,82],[46,22],[11,60],[40,45]],[[58199,63980],[60,-41],[50,11],[56,54],[68,-42],[146,26],[89,98],[-22,111]],[[58646,64197],[45,45],[10,37],[51,14]],[[58752,64293],[93,58],[115,-25],[71,18]],[[58441,62313],[-56,-70],[-36,12],[-152,-74],[-51,5],[-36,-42]],[[58110,62144],[-108,-42],[-85,1],[-46,93],[-43,6],[-101,-18],[-45,-38],[8,-84],[-27,-75],[-33,-29],[-86,9],[-63,-58],[-61,19],[-27,51],[-118,22]],[[57275,62001],[-37,84],[-50,56],[-17,42],[-51,23],[-27,44],[-54,-2],[-56,-48],[-153,-6],[-9,29],[-58,9],[-102,-37],[-42,2],[-42,70],[-59,21],[-50,-12],[-62,16],[-31,-12],[-36,41],[-90,14],[-77,75],[-11,73]],[[56161,62483],[6,25],[84,47],[-18,64],[16,40],[54,43],[-12,60],[-52,4],[4,42],[84,70],[-28,72],[27,45],[-63,50],[20,39],[-40,102],[49,71],[-33,56]],[[56259,63313],[47,0],[62,34],[44,-16],[66,45],[9,90],[31,48],[60,39]],[[56578,63553],[84,58],[36,67],[115,63],[77,-65],[106,28]],[[56996,63704],[31,-16],[35,-64],[55,-35],[9,-43],[47,-25],[17,-56],[127,-31],[54,25],[24,-82],[51,-78],[1,-33],[58,-76],[4,-103],[56,-20],[112,3],[26,-21],[20,-63],[69,-5]],[[57792,62981],[26,-91],[-56,-44],[45,-87],[93,-13],[58,-36],[-5,-70],[126,-52],[38,15],[69,-36],[-30,-50],[35,-75],[75,-35],[143,28]],[[57938,63471],[-3,-1]],[[57935,63470],[-105,25],[-54,-24],[-108,37],[-70,36],[-60,8],[2,82],[-62,105],[-46,45],[-24,64],[22,22]],[[57430,63870],[45,27],[56,64],[91,3],[-11,-43],[36,-41],[-3,-46],[66,-40],[14,-36],[52,-8],[41,-35],[119,-6]],[[60389,62407],[-90,-48],[-113,-22]],[[60186,62337],[31,37],[3,50],[67,55],[-23,55],[44,57],[-1,135],[16,37],[-98,15],[-37,42],[11,142]],[[60199,62962],[32,-21],[159,-11],[47,87],[50,13]],[[60186,62337],[-76,8],[-144,-56],[-72,26],[-67,-43],[-51,20],[7,32],[-54,18],[-32,32],[-46,-5],[-4,68],[-22,21],[17,56],[-91,125],[-48,26]],[[59503,62665],[25,99],[55,1],[65,53],[75,-61],[63,48],[67,6],[94,57],[30,-10],[62,29],[-1,38]],[[60038,62925],[161,37]],[[60038,62925],[21,66],[7,75],[26,19],[1,54],[82,73],[55,10],[-2,57],[65,9]],[[60171,63571],[-81,24],[-36,-29]],[[60020,63788],[139,95],[118,22],[63,43]],[[60340,63948],[1,-9]],[[59503,62665],[-44,-23],[-21,53],[-127,16],[-69,-15],[-92,-47]],[[60705,61989],[-8,-20],[-143,-54],[-45,12],[-55,-49],[-27,-55],[-50,10],[-30,-27],[-71,-18],[18,-39],[-62,-24],[-56,-3],[-25,-59],[-49,-70],[-59,-12],[-10,-68],[-28,-30]],[[60005,61483],[-137,13],[-32,29],[-35,-16],[-137,-5],[-48,31],[-78,-2],[-89,-30],[-32,22],[-58,-22],[-40,-43],[-55,-11],[-32,32],[-71,-30],[-17,13],[-101,2],[-11,-22],[-184,-94],[-58,-43],[6,-54]],[[58796,61253],[-80,-16],[-117,65],[-138,-8],[-176,-38],[-43,15]],[[58242,61271],[44,118],[-7,63]],[[58279,61452],[17,56],[-64,150],[15,58],[-1,99],[-18,51],[-50,34],[4,57],[-70,65],[19,71],[-21,51]],[[60413,61213],[-36,-12],[-156,-101],[-89,8],[-8,-58],[-29,-14],[-39,37],[-76,-59]],[[59980,61014],[-52,46],[-35,92],[-57,37],[18,28],[-27,86],[24,52],[108,50],[36,40]],[[59995,61445],[103,8],[78,-28],[112,52],[34,-29],[7,-89],[44,-68],[50,1],[-10,-79]],[[60483,60981],[81,-56],[-58,-28],[-33,50],[10,34]],[[61495,61992],[-49,-16],[-113,-82],[-65,-16],[-81,1],[-59,-45],[-19,-43],[-61,-17],[-70,-1],[6,-43],[-60,-10],[25,-53],[-20,-62],[-48,-59],[-42,49],[-63,-49],[7,-90],[-64,-56],[-87,-56],[-50,-21],[-95,-73],[-74,-37]],[[59995,61445],[10,38]],[[59980,61014],[-26,-58],[-75,-43],[-31,-66],[123,1],[-27,-64],[-60,-30],[-52,-86],[14,-33],[-53,-47],[6,-32],[-86,-2],[-50,25],[-60,-2],[-47,-63],[-1,-52],[43,-38],[-15,-77],[-43,18]],[[59540,60365],[-11,35],[-86,37],[-71,6],[-20,-37],[-165,-12],[-103,93],[-37,-4],[-83,-39]],[[58964,60444],[-3,50],[-40,45],[5,34],[-52,83],[-43,18],[11,80],[-86,13]],[[58756,60767],[-7,72],[-24,48],[72,31],[34,41],[72,45],[-68,55],[21,25],[-33,58],[34,33],[-4,51],[-57,27]],[[60948,64062],[-51,22],[20,40],[-47,23]],[[61180,64131],[35,-30],[-12,-53],[-75,-22],[-39,-111],[31,-40]],[[60711,64026],[3,40]],[[60340,63948],[-4,26]],[[60336,63974],[69,15],[-3,67],[35,8],[2,59],[49,51]],[[60336,63974],[-84,-14],[-6,35],[-57,45],[-15,106],[-34,21],[-39,64]],[[60101,64231],[35,6],[29,50],[46,24],[-1,59],[-23,29],[50,47]],[[59906,64325],[39,2],[12,-44],[43,-10],[34,27],[59,-40],[8,-29]],[[57792,62981],[63,82],[60,35],[32,75],[1,69],[-20,21],[30,137],[-23,70]],[[56996,63704],[11,116]],[[57007,63820],[62,35],[42,-18],[66,59],[43,7],[22,-33],[135,51],[53,-51]],[[58199,63980],[-72,73],[-34,69],[-26,-1]],[[58067,64121],[-20,117],[25,19],[11,69],[-23,53],[11,48],[-44,13],[-21,138],[-45,44],[-101,149],[17,70],[26,46],[-50,38],[-70,-19],[-139,56],[0,41]],[[57644,65003],[-28,141],[-69,96],[27,31],[98,26],[23,46],[-38,40],[-16,51],[-44,57],[3,97],[-35,43],[-6,78]],[[57559,65709],[81,-89],[23,34],[61,-21],[23,-81],[42,21],[47,-8],[64,-66],[138,-23],[31,13],[83,-18],[102,-8],[22,89],[32,-3],[-6,-79],[48,-13],[35,20],[28,61],[8,139],[82,-80],[39,-83],[28,3],[-22,82],[34,43],[27,109],[43,26],[122,-71],[20,-72],[-33,-90],[15,-59],[-28,-98],[58,-82]],[[58806,65305],[-54,-98]],[[58752,65207],[-32,18],[-83,6],[-44,-28],[2,-72],[-33,-70],[-35,-161],[-11,-112],[22,-41],[-18,-40],[17,-34],[-46,-76],[-2,-82],[22,-22],[1,-94],[67,-101],[30,-94],[37,-7]],[[58220,65834],[16,-75],[-76,-104],[-35,13],[95,166]],[[58266,65986],[11,-70],[-55,12],[44,58]],[[56923,65207],[6,-42],[43,5],[109,-107]],[[57081,65063],[42,-83],[52,35],[85,15],[101,45],[26,-101],[47,-15],[-1,-48]],[[57433,64911],[-30,-92],[4,-177],[-16,-52],[27,-28]],[[57418,64562],[-168,-41],[-97,14],[-42,70],[-107,63]],[[57004,64668],[-27,99],[-44,-10],[-66,121],[-49,-28],[-55,14]],[[56763,64864],[-16,99],[-44,78]],[[56703,65041],[20,21],[-33,77],[110,68],[36,-76],[38,47],[49,29]],[[56421,65769],[76,-93],[29,-90],[-41,-50],[-56,6],[-16,-64],[-53,-8],[-75,59],[22,28],[9,76],[36,6],[12,52],[50,3],[7,75]],[[56773,65781],[68,-36],[-12,-54],[-33,-39],[-53,-22],[-10,-32],[-65,-15],[14,59],[-39,57],[78,27],[52,55]],[[56218,65844],[20,-24],[8,-91],[-47,-39],[-36,29],[-12,97],[67,28]],[[57644,65003],[-32,-61],[-38,6],[-38,-28],[-103,-9]],[[57081,65063],[26,35],[-11,40],[22,44],[-74,107]],[[57044,65289],[-9,17]],[[57035,65306],[-9,72],[-26,3]],[[57000,65381],[-1,85],[104,59],[0,-29],[90,8],[-1,-73],[-97,-72],[-45,-8],[20,-54],[63,21],[60,-9],[108,115],[19,-4],[68,66],[-37,131],[31,46],[34,-30],[55,22],[53,-22],[35,76]],[[56997,65745],[22,-32],[-12,-47],[-38,10],[-15,47],[43,22]],[[57004,64668],[-40,-19]],[[56964,64649],[-47,-18],[50,-142],[-76,-61]],[[56891,64428],[-80,67],[-152,-2],[-31,84],[-65,16],[-55,80],[8,40]],[[56516,64713],[36,15],[29,54],[123,45],[63,-10],[-4,47]],[[56259,63313],[-7,36],[-67,57],[-49,13],[-87,-20],[-66,75],[-71,-35],[-48,23],[-29,49]],[[55835,63511],[67,7],[86,54],[31,108],[-11,63],[34,77],[-12,17],[6,120],[-37,9],[49,61],[18,153],[-14,33],[31,65]],[[56083,64278],[53,-16],[30,23],[38,-140],[98,-48],[25,11],[85,-51],[20,-54],[-14,-31],[31,-146],[58,-32],[36,-84],[3,-85],[32,-72]],[[55461,64102],[77,-50],[-46,-18],[-31,68]],[[58752,64293],[4,33],[43,72],[-8,130],[5,79],[27,74],[3,63],[-34,69],[21,43],[-23,54],[33,94],[-65,33],[-10,64],[32,59],[-28,47]],[[58806,65305],[43,-11],[23,50],[35,9],[10,79],[93,-18],[46,43],[-48,107],[65,-30],[8,-78],[72,-67],[46,7],[49,71],[38,-40],[6,-55],[33,-111],[-71,-49],[-24,-47],[47,-108],[35,-26],[49,40],[46,-65],[40,-23]],[[59447,64983],[-27,-65],[-30,-25],[-12,-58],[32,-56],[-40,-33],[9,-61],[-16,-81],[-42,31],[-57,5],[-120,-75],[-69,-2],[-44,-39],[10,-58],[29,-20],[-39,-102]],[[59447,64983],[42,-8],[51,28],[92,-82],[123,-83],[52,7],[61,-24],[44,25],[3,43],[66,-36],[45,-85],[71,-41],[-28,-25],[16,-51],[97,-76],[62,-21]],[[56083,64278],[-4,103],[20,32],[-61,96],[-13,58],[-66,31],[-27,40],[-40,15],[-6,46],[-93,47],[-111,139],[72,3],[43,-32],[110,-30],[21,-67],[34,-29],[58,21],[79,-38],[55,44],[37,5],[79,-42],[34,20],[53,-18],[56,42]],[[56413,64764],[57,-69],[46,18]],[[56891,64428],[36,-36]],[[56927,64392],[-22,-78],[5,-43],[64,-119],[12,-103],[-13,-39],[23,-83],[-10,-40],[21,-67]],[[55981,65058],[12,-59],[55,-35],[27,33],[63,23],[-30,-84],[-45,24],[-51,-19],[-50,-80],[-27,62],[49,35],[-3,100]],[[59679,66812],[-18,-46],[-50,-52],[-39,-159],[-50,-30],[-121,9],[-69,-48],[-36,5],[-73,-24],[-66,-5],[-48,-84],[-115,-42],[-9,-36]],[[58985,66300],[-93,27],[-87,83],[-2,120],[28,47],[43,-55],[35,-12],[34,32],[58,-5],[57,19],[54,41],[30,-15],[51,19],[12,32],[76,51],[42,65],[36,-36],[125,-6],[50,16],[53,63],[92,26]],[[58386,66407],[42,-57],[47,-5],[1,-68],[-48,-39],[-64,-87],[-83,72],[-72,11],[-42,41],[-10,61],[89,-2],[56,57],[84,16]],[[58811,66371],[32,-31],[90,-28],[-45,-57],[-54,-12],[-15,-57],[-86,-22],[-42,73],[5,38],[61,85],[54,11]],[[58604,66297],[-9,-38],[-40,-21],[-39,42],[88,17]],[[59679,66812],[65,8],[16,-85],[-14,-65],[52,-14],[26,-61],[-24,-32],[5,-79],[-48,-71],[21,-49],[-44,-30],[26,-56],[30,-10],[-22,-104],[-73,-89],[26,-60],[-37,-17],[-18,68],[-54,77],[-40,-15],[-40,14],[-63,-70],[-40,36],[-9,42],[36,21],[57,-16],[35,20],[49,-21],[-4,72],[-30,41],[-92,-10],[-87,-44],[-44,-7],[-42,-85],[16,-30],[-60,-68],[-24,-75],[24,-18],[-63,-57],[-43,1],[-34,60],[74,47],[-22,73],[40,92],[-45,115],[-27,26],[-53,-40],[-32,46],[-64,7]],[[57780,66270],[11,-31],[58,-7],[85,-70],[17,-100],[-95,7],[-42,17],[-9,53],[-41,58],[16,73]],[[58063,66454],[-25,-170],[-42,45],[-19,69]],[[56923,65207],[68,66],[53,16]],[[57035,65306],[-26,-4],[-9,79]],[[58067,64121],[-42,-9],[-34,35],[-62,18],[-24,-13],[-60,66],[-182,44],[-3,55],[-96,141],[-138,75],[-8,29]],[[56964,64649],[70,-107],[45,-129],[-47,-22],[-25,-44],[-37,1],[-43,44]],[[56413,64764],[58,78],[82,53],[-25,64],[2,45],[81,43],[26,-42],[66,36]],[[56179,65302],[83,-54],[0,-71],[-50,13],[-32,56],[-1,56]],[[55954,65485],[55,-98],[-23,-48],[-39,14],[4,53],[-18,58],[21,21]],[[52309,62634],[-24,-52],[-77,-52],[-27,5],[-83,-55],[-49,-112],[45,-104],[-49,-85],[-46,-131],[-6,-43],[-125,-62],[-46,-4],[-41,-70],[61,-42],[87,-141],[43,-46],[22,-62],[51,-72]],[[52045,61506],[-22,-68],[-76,-84],[-40,-97],[-88,-9]],[[51819,61248],[-42,47],[-13,83],[22,48],[-38,62],[-5,47],[-56,60],[-9,72],[-33,15],[-22,58],[24,135],[-47,3],[-102,58]],[[51498,61936],[-113,62],[-113,-1],[-42,19],[-72,-18],[-105,-3]],[[51053,61995],[38,76],[-5,82],[-25,27],[66,76],[-19,38],[74,13],[11,30],[-26,99],[-40,15],[4,58],[22,20],[31,112],[111,-24],[80,18],[42,36],[8,79],[61,156],[17,104],[-10,73],[22,65],[-17,64],[81,79],[76,9],[41,52]],[[51696,63352],[48,-43],[25,-55],[61,-29],[41,39],[85,-57],[118,2],[48,-49],[-25,-173],[12,-65],[152,-88],[42,-44],[13,-103],[-7,-53]],[[50843,63350],[33,-32],[-58,-64],[-1,-63],[21,-74],[-70,-29],[49,-42],[5,-88],[-45,-17],[-85,24],[-62,-44],[-23,-51],[-54,61],[-20,65],[4,46],[92,90],[29,60],[64,-1],[56,64],[62,45],[3,50]],[[51082,62767],[20,-57],[-24,-27],[16,-49],[-102,-29],[-8,-52],[49,-82],[-15,-28],[-87,-10],[34,142],[-39,44],[-9,45],[73,-7],[35,28],[-5,47],[44,3],[18,32]],[[50403,63197],[-32,-99],[-60,-63],[-52,114],[55,33],[89,15]],[[50928,63068],[56,-24],[3,-77],[-49,-12],[-37,-33],[-38,41],[15,64],[50,41]],[[50146,63173],[54,-6],[-51,-88],[-40,-10],[-50,34],[40,56],[47,14]],[[50341,62841],[-74,-72],[-47,-4],[-4,51],[63,-5],[62,30]],[[51073,63091],[43,-75],[-60,-1],[17,76]],[[51696,63352],[83,52],[32,43],[36,0],[16,42],[79,37],[10,55],[149,25],[68,51],[92,-19],[31,70],[-10,79],[52,8],[6,38],[-27,96],[-121,24],[68,47],[40,-29],[24,46],[33,11],[23,81],[38,1],[36,-89],[104,-55],[23,7],[38,-119],[38,-42],[18,-60],[60,-99],[31,8],[53,-29],[13,-81],[63,-75],[76,-198],[77,-154]],[[53048,63124],[-76,-8],[-56,-24],[-39,-109],[-85,7],[-52,-44],[-88,14],[-65,-54],[-19,-82],[4,-155],[-27,-38],[-55,-15]],[[52490,62616],[-53,34],[-44,-8],[-24,-31],[-60,23]],[[52760,65138],[75,-30],[49,-63],[5,-52],[63,-114],[47,-5],[-28,-117],[3,-80],[32,-41],[-44,-42],[-93,-36],[-64,17],[-103,-11],[-40,-48],[-56,-11],[-68,-40],[-55,-10],[-39,34],[-24,75],[33,74],[62,39],[90,-19],[45,5],[25,141],[-33,35],[18,29],[-30,39],[-80,-34],[-35,39],[30,39],[74,-4],[9,33],[-30,75],[28,28],[48,-13],[86,68]],[[52893,64474],[92,-22],[73,0],[38,-35],[2,-59],[38,-48],[49,26],[78,7],[2,-55],[-34,-43],[-77,-12],[-41,-76],[-56,-54],[-38,-15],[-38,-73],[-43,-16],[-15,-46],[-40,-35],[-117,20],[46,62],[-20,40],[5,78],[29,64],[81,26],[2,41],[-33,77],[-39,4],[-29,36],[36,45],[14,51],[35,12]],[[53264,64769],[16,-49],[-11,-73],[50,-38],[79,-13],[-71,-51],[30,-45],[-10,-33],[-97,3],[-21,52],[-30,10],[-64,-68],[-29,12],[-40,84],[-54,-15],[-30,37],[62,30],[-34,62],[12,38],[39,21],[51,-38],[77,52],[42,-17],[33,39]],[[52035,64488],[47,-40],[62,-4],[-11,-42],[-38,6],[-28,-50],[-81,84],[49,46]],[[52300,64518],[27,-43],[4,-81],[-41,10],[-14,92],[24,22]],[[50902,58993],[59,-59],[-9,-133],[36,-118],[-39,-20],[-32,19],[-31,-55],[-85,4],[-91,18],[-5,-87],[-58,-20],[-34,-61],[57,-100],[12,-105],[-14,-105],[70,-2],[57,61],[116,9]],[[50911,58239],[52,-57],[-60,-64],[-105,-63]],[[50798,58055],[-92,-25],[-24,-73],[91,-128],[-21,-92],[48,-15],[48,-106],[38,-33],[49,-8]],[[50935,57575],[32,-107],[-14,-75],[15,-59],[-62,-90]],[[50906,57244],[-32,-1],[-74,41],[-98,-79],[-110,24],[-111,-76],[-70,-17],[-95,20],[-60,-49],[-76,38],[-65,-16],[-67,35],[-66,54],[-58,16],[-98,-25],[-92,4],[-61,49],[-64,2],[-35,-25],[14,-77],[-35,-97],[-32,-40],[-77,2]],[[49444,57027],[92,34],[46,121],[-41,63],[146,64],[17,-67],[49,-12],[99,13],[29,36],[54,-15],[62,46],[-10,57],[-64,-2],[-8,86],[60,38],[-47,24],[22,48],[-47,32],[-37,82],[114,-33],[96,4],[-9,73],[14,34],[-94,8],[-46,-18],[-32,35],[-81,-60],[-51,39],[4,69],[-93,42],[46,20],[14,71],[71,14],[35,-22],[38,13],[-34,55],[-55,35],[4,46],[-48,9],[-40,63],[-57,34],[-80,-55],[54,-60],[-75,-36],[-28,15],[16,50],[-18,72],[86,1],[58,29],[149,-55],[32,-35],[5,-80],[63,-50],[48,39],[22,-11],[-34,-70],[51,-34],[52,43],[68,30],[5,61],[-37,109],[43,67],[81,4],[34,23],[62,99],[-38,22],[-40,58],[-41,-4],[2,50],[93,38],[-33,39],[-147,-34],[-15,53],[-109,43],[0,94],[33,32],[121,62],[62,-1],[12,54],[-76,39],[-72,-45],[0,1],[0,0]],[[50071,58863],[17,91],[30,54],[65,19],[84,-60],[94,-25],[153,17],[96,-2],[44,32],[97,-5],[82,-24],[69,33]],[[50173,58413],[44,-17],[43,-68],[-62,-40],[-60,38],[35,87]],[[49425,58289],[41,-63],[-115,-60],[74,123]],[[48841,58055],[71,-86],[67,30],[17,-40],[-141,-8],[-16,32],[2,72]],[[49689,60386],[14,-75],[49,-39],[48,12],[44,-28],[57,24],[22,-57],[47,-16],[-2,-113],[-61,-24],[-27,-85],[61,-31],[74,-14],[-6,-35],[64,-51],[-13,-39],[32,-75]],[[50092,59740],[-74,-47],[-29,-106],[-36,-52],[36,-59],[-45,-6],[-118,-41],[-23,43],[-84,1],[-40,61],[-67,-57],[-7,-62],[-59,-71],[-101,-18]],[[49445,59326],[3,19],[90,59],[-37,47],[23,55],[-40,42],[49,61],[24,-23],[43,69],[2,89],[46,33],[-80,23],[-76,0],[14,56],[50,-17],[11,35],[-61,37],[-40,-16],[-27,-80],[-30,51]],[[49409,59866],[27,47],[0,88],[-39,48],[-14,55],[-50,55]],[[49333,60159],[21,-1],[88,66],[67,19],[23,44],[89,53],[31,2],[37,44]],[[54736,63144],[-25,-91],[-23,-8],[-45,-95],[-23,-117],[14,-98],[-24,-124],[-74,-81],[15,-51],[97,-37],[102,26],[40,50],[124,6],[37,19],[81,-23],[7,-60],[27,-60],[-25,-17],[39,-110],[3,-75]],[[55083,62198],[-37,-18],[-81,5],[-40,28],[-67,-1],[-59,-18],[-48,-75],[-119,31],[-69,32],[-53,-61],[-65,-22],[-36,-42]],[[54409,62057],[-84,7],[-87,82],[-86,14]],[[54152,62160],[-24,108],[-31,69],[-71,32],[-38,67],[48,45],[-22,79],[-59,104],[40,56],[-35,122],[-36,-4],[2,91]],[[53926,62929],[78,55],[-3,91],[38,36],[42,-68],[69,68],[46,-2],[127,24],[55,64],[67,-22],[67,-2],[54,-71],[77,10],[93,32]],[[54623,63284],[9,-88],[-96,15],[1,35],[86,38]],[[53048,63124],[7,-47],[90,-113],[6,-58],[40,0],[38,-49],[35,45],[60,-42],[4,-28],[68,-60],[37,4],[255,104],[238,49]],[[54152,62160],[-42,-34],[-45,-92],[9,-40],[-27,-70],[-107,-70],[-89,-15],[-85,91],[-57,-6],[-12,-65],[-42,-77],[7,-21],[-67,-67],[-69,-46]],[[53526,61648],[-125,87],[-88,15],[-42,41],[-33,-22],[-12,-45],[-99,-37],[-44,15],[-91,-19],[-127,48],[-39,-3]],[[52826,61728],[-32,33],[-6,73],[34,22],[-31,101],[-23,30],[-1,58],[-62,25],[-79,-31],[-34,89],[-33,26],[-2,53],[-26,52],[35,55],[-32,87],[-34,18],[-27,81],[20,67],[-3,49]],[[49689,60386],[44,50],[-1,57],[45,32],[33,60],[39,35],[6,42],[92,74],[28,65],[26,-8],[121,93],[40,-9],[82,55]],[[50244,60932],[34,-57],[83,-89],[2,-57],[34,-24],[79,101],[29,54],[46,-19],[69,-2]],[[50620,60839],[57,-63],[17,-100],[32,-22],[11,-53],[34,-57],[-40,-31],[44,-28],[9,-69],[25,-23],[-4,-71],[-36,-54],[-4,-84],[67,-35],[-3,-50],[25,-28],[39,22],[35,-19],[35,-72],[47,61],[50,42],[142,15],[77,69],[40,1],[53,58],[83,18],[21,43],[53,3],[40,-64],[87,41],[19,46],[58,11],[22,27],[74,-112],[29,-64]],[[51858,60197],[-29,-17],[-29,-97],[-41,-24],[-30,41],[-49,-17],[-12,-39],[-41,-16],[-28,-46],[-81,-21],[-48,26],[-68,-62],[-5,-70],[-26,-91],[-68,-41],[-24,49],[-68,4],[-15,-33],[8,-87],[-16,-64],[-34,-44],[-78,2],[-47,45],[-36,-46],[-105,26],[-112,100],[-91,-1],[-26,-23],[-52,16],[-54,-25],[-89,121],[-105,-106],[-72,11],[-49,42],[-7,31],[-69,14],[-70,-15]],[[50244,60932],[222,84],[64,17],[109,81],[62,71],[45,14],[58,64],[50,18],[61,70],[20,65],[58,105],[30,98],[67,41],[38,56],[-8,97]],[[51120,61813],[59,-39],[32,49],[155,0],[0,31],[83,20],[49,29]],[[51498,61903],[19,-13],[-11,-67],[-51,-44],[-29,-65],[-80,-21],[27,-58],[-55,-74],[38,-21],[7,-52],[45,3],[75,-146],[46,-20],[16,-45],[-29,-43],[12,-43],[-17,-61],[-39,-54],[-17,-97],[-33,1],[-55,-114]],[[51367,60869],[-43,-25],[-48,7],[-32,-74],[-65,-30],[-176,79],[-79,-30],[-53,44],[19,100],[-14,84],[-68,16],[-38,-30],[-48,3],[-70,-78],[-37,-74],[5,-22]],[[56161,62483],[-88,8],[-46,-18],[-42,-52],[-84,55],[-78,-6],[-69,-77]],[[55754,62393],[-63,17],[-47,32],[-26,43],[-38,-1],[-73,-67],[1,-34],[-51,-25],[0,-54],[-44,-40],[-44,6],[-9,-79]],[[55360,62191],[-44,-42],[-68,3]],[[55248,62152],[-17,21],[-148,25]],[[54736,63144],[24,29],[43,-12],[47,13],[20,-30],[82,6],[123,-17],[68,-61],[100,-13],[26,-20],[134,39],[87,73],[74,13],[27,42],[-57,49],[55,62],[73,1],[75,68],[33,67],[23,-6],[42,64]],[[50071,58863],[-13,64],[-103,-25],[-47,4],[-33,-54],[-47,-8],[-60,15],[-56,50],[-26,-37],[-9,-58],[-118,32],[-8,46],[-87,30],[-62,-17],[31,118],[82,17],[42,46],[60,-5],[-13,44],[53,7],[-18,49],[-29,13],[25,114],[-131,-107],[-5,43],[-54,82]],[[51858,60197],[37,-63],[102,-52],[-1,-21],[158,-17]],[[52154,60044],[27,-73],[-27,-66],[25,-36]],[[52179,59869],[-87,17],[-16,-13],[-86,9],[-89,43],[-38,-28],[-91,-11],[-21,-41],[-42,-3],[-15,-77],[97,-53],[6,-46],[-23,-54],[8,-44],[48,-18],[-13,-71],[20,-53],[30,-17],[70,3],[-8,-64]],[[51929,59348],[-67,-68],[-77,-29],[-21,-101],[-95,-89],[-65,3],[-33,19],[-21,60],[-36,-33],[-78,-28],[-128,-22],[-38,10],[-38,40],[-31,-37],[-56,19],[-131,13],[-83,-7],[-29,-105]],[[52826,61728],[-19,-25],[-146,-29],[-64,-93],[-73,46],[-70,-36],[0,-49],[-108,-3],[-99,-42],[-94,-17],[-12,-27],[-81,19],[-15,34]],[[53498,65015],[69,-125],[0,-34],[-69,-59],[-98,-32],[-15,98],[8,55],[56,82],[49,15]],[[53899,65088],[41,-94],[-52,-67],[-34,-5],[-62,-53],[28,-85],[-33,-30],[-37,5],[-9,182],[58,49],[36,49],[64,49]],[[53600,65048],[73,-104],[1,-68],[-70,-3],[-6,76],[-29,70],[31,29]],[[53711,64868],[21,-18],[-30,-65],[2,-60],[-46,-17],[8,115],[45,45]],[[53557,64799],[44,-31],[-26,-47],[-80,-6],[9,68],[53,16]],[[54320,64402],[19,-20],[79,-10],[1,-36],[-57,-13],[-42,79]],[[54126,64505],[22,-100],[-57,11],[2,71],[33,18]],[[53526,61648],[18,-120]],[[53544,61528],[-112,-100],[25,-70],[-101,-40],[-32,-62],[12,-93],[-26,-88],[-52,-22],[-83,7],[-83,-46],[-41,-178],[65,-88],[-50,-48],[-66,-30],[-43,-73],[-13,-62],[82,-87],[-11,-47],[12,-55],[-18,-42],[-111,-79],[-19,-92],[-43,-42],[-28,-58],[-39,-35],[11,-61]],[[52780,59937],[-137,-45]],[[52643,59892],[-55,-6],[-100,-42],[-42,1],[-39,34],[-80,-21],[-72,-6],[-76,17]],[[52154,60044],[23,37],[1,69],[49,21],[61,101],[-23,49],[24,87],[24,34],[-58,49],[-22,52],[-30,-4],[-41,69],[-85,30],[-73,-17],[-57,36],[-51,2],[-12,81],[26,7],[40,83],[-30,70],[-75,52]],[[51845,60952],[-32,27],[24,139],[-53,26],[-18,60],[53,44]],[[51498,61936],[0,-33]],[[51120,61813],[-32,117],[-35,65]],[[51845,60952],[-6,-36],[-58,-35],[-62,-8],[-86,-61],[-38,10],[-57,-50],[-63,-33],[-36,85],[-72,45]],[[49409,59866],[-41,64],[-60,26],[3,-65],[-83,10],[-71,-19],[-3,-42],[-31,-56],[-30,34],[-26,68],[-36,11],[-26,-64],[-44,-17],[-31,-94],[-59,-5],[-111,-65],[-50,-62],[-74,-6],[-112,-67],[-107,-18],[-86,-95],[-67,-50],[-6,-85],[-39,-1],[-108,-63],[-115,-21],[9,69],[54,-4],[23,115],[-129,-22],[-55,-45],[-155,-77],[-13,-49],[-137,-105],[34,92],[39,52],[71,54],[140,86],[26,61],[123,65],[39,56],[46,19],[20,-25],[-2,-62],[49,6],[1,76],[55,-22],[31,-56],[61,25],[23,48],[-26,33],[-86,54],[42,34],[70,-68],[38,10],[-25,100],[45,29],[70,-42],[2,55],[27,33],[57,-65],[71,37],[10,46],[78,17],[53,-27],[43,-47],[32,45],[3,67],[123,87],[36,39],[58,-1],[5,33],[57,6],[18,34],[164,76],[19,33]],[[50911,58239],[110,98],[-1,63],[152,45],[103,-17],[33,66],[44,48],[37,-16],[58,18],[60,98],[40,-18],[37,-46]],[[51584,58578],[-1,-31]],[[51583,58547],[-48,-68],[-31,-66],[16,-45],[-20,-49],[26,-114],[-87,-42],[-57,11],[-41,-14],[6,-73],[-21,-48],[-63,-89],[-33,-9],[-47,-87],[-63,-43],[-14,-56],[-47,-17],[-70,96],[-58,28],[-15,36],[-68,75],[-64,44],[14,38]],[[51929,59348],[37,-126],[125,-39],[33,-31],[54,-87],[16,-81],[-9,-23]],[[52185,58961],[-17,-80],[-71,-49],[-66,-14],[-77,-74],[-175,-70],[-35,10],[-90,-53],[-38,-4],[-32,-49]],[[50906,57244],[71,-71],[35,-50],[-13,-99],[8,-72],[51,-87],[-28,-23],[53,-129],[-42,-66],[6,-86],[-33,-42],[-92,-3],[-43,-21],[16,-89]],[[50895,56406],[-43,19],[-86,-27],[-167,-72],[-68,140],[-75,73],[-124,-8],[8,-77],[-51,22],[-11,70],[-132,19],[-41,-20],[55,-98],[-95,-77],[19,-29],[138,31],[-6,-39],[-56,-66],[-84,14],[-52,-21],[-68,16],[-15,119],[-25,104],[68,-10],[55,10],[40,55],[16,48],[-68,22],[-58,78],[41,10],[-9,46],[42,26],[45,-16],[-27,-43],[61,-49],[75,-18],[79,-4],[68,-47],[10,41],[-79,34],[-25,28],[-108,21],[-13,43],[-46,68],[29,71],[-53,45],[-58,-9],[-3,87],[-15,23],[23,90],[-28,47],[-30,-20],[-46,21],[-31,-22],[-90,12],[-130,63],[-55,-20],[11,-57],[-29,-72],[3,-35],[-58,-58],[-79,19]],[[55651,61112],[78,-83],[34,-111],[-67,-64],[28,-65],[-7,-35],[54,-85],[50,-37],[65,3],[0,-66],[33,-79],[56,-1],[-11,-62],[-72,-78],[-36,-85],[-6,-82]],[[55850,60182],[-127,-60],[-35,-53],[-41,15],[34,49],[-23,18],[3,105],[32,50],[-57,19],[2,-76],[-67,-31],[-3,-49],[81,-134],[-97,-59],[-158,-74],[-51,-48],[-105,-42],[-27,-22]],[[55211,59790],[-97,113],[3,50],[-25,46],[-63,37],[-43,86]],[[54986,60122],[66,27],[47,59],[-11,57],[46,37],[16,98],[35,56],[-60,67],[-55,-8],[-31,-30],[-69,54],[-80,2],[-26,69],[-59,33],[37,81],[35,21],[-34,67],[-54,6],[-20,128],[29,69],[63,62],[79,28],[46,36],[68,11]],[[55054,61152],[80,-68],[45,61],[170,-9],[51,77],[105,-25],[25,-83],[52,-11],[69,18]],[[59171,59690],[-4,-28],[-58,-99],[-61,-137],[11,-77],[-11,-71],[-34,-59],[-35,-156],[-1,-87],[-24,-59],[-8,-84],[-31,-94],[5,-65],[-32,-209],[-45,-19],[-27,90],[-92,150],[-73,83],[-81,12],[-48,-32],[-32,184],[-31,43],[-85,44],[-39,38],[-48,95],[-68,69],[-65,23],[-39,40]],[[58115,59285],[72,50],[26,35],[71,28],[51,111],[58,19],[2,69],[44,33],[0,47],[61,19],[6,24]],[[58506,59720],[22,69],[68,53],[33,54],[64,-40],[59,58],[74,13],[32,32],[102,20]],[[58960,59979],[61,-54],[12,-47],[58,-56],[34,-13],[6,-64],[40,-55]],[[58242,61271],[-57,-72],[27,-43],[55,-7],[40,-52],[-82,-75],[4,-34],[-56,-5],[-54,-48],[-41,-15],[-72,-177],[50,-32],[-7,-75],[-59,-29],[-16,-60],[28,-57],[45,13],[50,-95],[-25,-51]],[[58072,60357],[-60,-54],[-65,-133],[-57,-37],[-48,-214],[-27,-49],[-43,-9],[-44,-74],[-21,-71]],[[57707,59716],[-33,26],[-42,83],[14,75],[-40,66],[-74,40],[-163,46],[-56,22],[-125,21],[-70,2],[-41,40],[-82,18]],[[56995,60155],[41,55],[49,-16],[73,44],[28,51],[-2,51],[17,85],[49,40],[18,55],[-12,74],[-28,57]],[[57228,60651],[-42,47],[25,36],[50,9],[27,27],[-18,37],[39,64],[-18,86],[52,73]],[[57343,61030],[39,7],[37,-44],[43,9],[37,-29],[97,42],[52,60],[81,38],[41,82],[119,92],[28,95],[31,25],[92,0],[40,40],[43,-43],[90,21],[66,27]],[[55651,61112],[13,101],[-32,68],[98,45],[25,38]],[[55755,61364],[70,-24]],[[55825,61340],[24,-68],[29,-16],[43,-70],[25,-104],[78,22],[42,-50],[42,-13],[74,28],[10,-159],[-23,-151],[30,-14],[43,-149],[43,-32]],[[56285,60564],[-25,-88],[29,-137],[-18,-65]],[[56271,60274],[-126,-21],[-295,-71]],[[55211,59790],[-106,-59],[-63,20],[-31,-16],[-21,-63],[-26,-13]],[[54964,59659],[-15,168],[-35,-2],[-76,30],[-40,-19],[-7,-35],[-68,-18],[-69,-74],[-42,46],[-55,-12],[-25,-59],[-101,-8],[-33,-42],[-52,-7],[-46,171]],[[54300,59798],[15,69],[58,29],[40,46],[-22,50],[68,76]],[[54459,60068],[43,-24],[190,83],[80,2],[-10,49]],[[54762,60178],[191,25],[33,-81]],[[55019,59547],[-44,55]],[[54975,59602],[38,70],[87,-74],[-7,-50],[-74,-1]],[[54964,59659],[-139,66],[-42,-15],[44,-54],[-48,-45],[-142,5],[-49,-59],[43,-12],[81,-52],[40,39],[41,14],[88,125],[41,-64],[53,-5]],[[55019,59547],[-36,-25],[-128,-33],[3,-27],[-111,-1],[-32,-19],[-101,-16],[-104,2],[-37,-54],[-47,-32],[13,-100],[-55,-19],[15,67],[-131,-2],[-49,27],[-57,3],[10,-44],[-102,-47],[-15,-38],[31,-26],[-24,-73],[19,-45]],[[54081,59045],[-105,110],[-14,44],[-51,29],[-17,62],[-72,-4],[-28,23],[-72,-28],[-60,4],[-24,30],[-19,99]],[[53619,59414],[43,8],[61,-13],[74,43],[-16,36],[8,117],[48,12],[78,-12],[100,29],[37,51]],[[54052,59685],[69,-7],[82,41],[97,79]],[[50935,57575],[118,-83],[48,-9],[48,-37],[71,-19],[20,-68],[44,-2],[30,-28],[46,-2],[40,-30],[-52,-114],[87,-69],[50,46],[59,-6],[42,-27],[57,31],[47,-54],[-5,-49],[81,-74],[9,-25],[-32,-55],[24,-31],[-3,-85],[18,-50],[-18,-123],[27,-32],[17,-78]],[[51808,56502],[-27,-24],[-11,-79],[-32,-6],[-86,-62],[25,-88],[-115,26],[-14,27],[-74,-83],[75,-118],[18,-56]],[[51567,56039],[-8,-77],[-17,-30],[31,-72],[-84,-25],[-32,-32]],[[51457,55803],[-78,57],[-49,-3],[-2,98],[-38,-9],[-39,109],[-71,-45],[-69,67],[42,94]],[[51153,56171],[33,34],[31,96],[-46,110],[-53,-48],[-46,52],[-57,-42],[-62,-5],[-58,38]],[[50319,55326],[66,-79],[62,-41],[-16,-70],[16,-73],[-141,-71],[-15,20],[54,69],[-47,45],[-8,42],[37,104],[-8,54]],[[50014,55659],[57,-14],[-23,-49],[-69,-7],[35,70]],[[51567,56039],[11,62],[44,-16],[27,40],[53,-35],[40,-67],[49,1],[98,-37],[20,41],[52,16],[54,-9],[32,37],[78,-10],[65,61],[56,-7],[1,77],[-55,75],[51,39],[-20,50],[48,62],[-2,51]],[[52269,56470],[60,3],[40,-88],[86,-79],[50,0],[-1,38],[99,25],[61,-47],[82,0]],[[52746,56322],[-14,-102],[16,-93],[-38,-10],[-43,-72],[-63,-24],[-79,9],[-82,-37],[29,-129],[-16,-22],[31,-55],[-35,-11],[-5,-83],[72,-88],[52,-7],[17,-26],[65,-22],[54,-49],[47,-98],[37,-37],[-19,-46],[26,-63],[17,-97],[-13,-35],[-75,-11],[-60,60],[-46,14],[-100,-26],[-2,55],[31,45],[-40,82],[-54,-4],[-29,57],[-44,47],[20,60],[-43,24],[-23,-35],[-95,42],[-133,17],[-37,-48],[-41,-93],[-5,111],[-52,30],[-87,-62],[-31,-1],[-19,-75],[-61,-53],[-49,3],[6,-50],[-61,-3],[-11,-31],[-65,11],[-16,47]],[[51580,55338],[1,96],[-29,68],[-40,25],[5,41],[-69,50],[47,103],[-34,37],[-4,45]],[[51583,58547],[68,-93],[25,-75],[93,24],[26,-11],[-23,-96],[-28,-56],[36,-46],[-30,-93],[78,-29],[27,8],[117,-73],[86,15],[13,-80],[-21,-38],[42,-47],[34,-6],[45,-54],[65,-2],[64,-31],[61,-9],[25,49],[59,26],[61,-9],[51,83],[62,-23],[49,18],[45,-27],[4,-55],[39,-8],[60,27],[64,-62],[117,-45],[-29,-68]],[[52968,57661],[-40,-77],[-72,-3],[-42,24],[-81,-22],[-50,-72],[-43,-2],[-29,-67],[-48,-4],[0,-69],[-53,-130],[-15,-97],[17,-68],[-57,-68],[44,-100],[73,-27],[22,-68],[58,-75],[44,20]],[[52696,56756],[24,-24],[-45,-89],[-12,-64],[36,-40],[-27,-91],[16,-59],[58,-67]],[[52269,56470],[-28,-1],[-103,63],[-86,-33],[-82,34],[-77,-42],[-85,11]],[[57228,60651],[-110,-106],[-74,43],[-46,-22],[-17,-33],[15,-50],[-37,-63],[-59,-44],[-41,-4],[-64,-95],[-18,-62],[-44,-57]],[[56733,60158],[-82,30],[8,70],[-36,29],[-57,13],[-129,-1],[-166,-25]],[[56285,60564],[51,92],[57,26],[83,8],[53,-41],[78,24],[117,88],[93,38],[42,-101],[105,88],[20,48],[50,51],[57,31],[-6,65],[37,8],[67,74],[97,28],[57,-61]],[[55825,61340],[40,7],[130,76],[55,41]],[[56050,61464],[135,-129],[47,-24],[59,-82],[29,-4],[233,180],[5,62],[95,66],[87,7],[25,-51],[44,-6],[75,116],[62,42],[28,-32],[40,64],[45,9],[-4,43],[58,71],[62,9],[-3,59],[38,16],[65,121]],[[59540,60365],[-53,-42],[-27,-56],[-26,-13],[-10,-60],[32,-7],[-102,-111],[-148,-248],[-2,-83],[-33,-55]],[[58960,59979],[20,33],[-7,59],[65,-33],[6,56],[25,45],[-77,81],[-1,53],[-41,21],[27,93],[-13,57]],[[58115,59285],[21,90],[-48,139],[-92,51]],[[57996,59565],[99,116]],[[58095,59681],[103,-31],[76,-2],[81,66],[91,19],[60,-13]],[[57996,59565],[-95,35]],[[57901,59600],[3,48],[65,12],[30,117],[68,23]],[[58067,59800],[-35,-63],[64,-23],[-1,-33]],[[58072,60357],[45,-49],[36,-4],[122,-47],[25,-29]],[[58300,60228],[-12,-27],[-55,-13],[-55,-56],[-27,6],[-63,-58],[-21,-280]],[[57901,59600],[-104,69],[-76,24],[-14,23]],[[58300,60228],[41,32],[27,95],[42,28],[-36,62],[5,42],[42,25],[19,81],[-11,40],[64,48],[79,-14],[88,-41],[42,18],[54,123]],[[56995,60155],[-210,10],[-52,-7]],[[55754,62393],[-16,-74],[10,-76],[22,-44],[71,-52],[71,1],[52,-41],[15,-39],[38,-16],[19,-90],[-51,-79],[22,-74],[53,-71],[9,-52],[-26,-76],[24,-29],[-28,-54],[11,-63]],[[55755,61364],[3,40],[-61,95],[21,70],[-39,67],[-31,0],[-85,69],[13,86],[-17,54],[-60,81],[-8,79],[-53,105],[-38,16],[-40,65]],[[55054,61152],[-19,80],[-56,57],[-111,-52],[-94,-32],[25,88],[-23,36],[-71,19],[-12,68],[-61,33],[1,46],[-48,49],[18,51],[-20,31],[46,52]],[[54629,61678],[107,9],[27,27],[62,3],[58,44],[32,-19],[60,3],[122,33],[123,71],[19,44],[44,42],[-48,41],[-21,58],[14,98],[20,20]],[[54629,61678],[-20,116],[-60,44],[31,59],[-50,55],[-73,34],[-48,71]],[[54762,60178],[29,88],[9,66],[-189,146],[0,72],[-46,-13],[6,-89],[-46,-15],[-35,38],[-47,-43],[-48,79],[-56,20],[-13,31]],[[54326,60558],[-36,83],[-76,-39],[-18,37],[-41,23],[14,43],[-77,70],[-33,3],[-74,-34],[-39,-38],[-51,19]],[[53895,60725],[-21,51],[-7,118],[62,45],[-6,66],[-41,81],[21,88],[-20,46],[-73,21],[-28,44],[-38,9],[-35,40],[-33,2],[-64,41],[-42,84],[5,48],[-31,19]],[[53895,60725],[-77,-49],[10,-71],[-30,-112],[-72,31],[-7,-45],[-73,-21],[24,-53],[-54,-120],[-67,-37],[-20,-36],[-53,-37],[18,-88],[-28,-126],[62,-40],[6,-73]],[[53534,59848],[-42,-38],[-73,-27],[-61,-3],[-74,-37],[-49,-47],[-61,55],[-90,5],[-27,84],[-37,21],[-13,68],[-73,-33],[-54,30],[-100,11]],[[54081,59045],[-40,-49],[-70,4],[-55,-33],[26,-37],[122,-80],[-38,-12],[-77,-69],[23,-47],[-4,-85],[49,23],[46,-17],[-25,-44],[15,-59],[30,-24],[-86,-49],[0,-36],[44,-39]],[[54041,58392],[-144,-13],[-66,94],[-94,21],[-33,40],[27,66],[-11,101],[-36,101],[-46,39],[16,55],[-54,25],[-41,-35],[-6,-38],[-118,-40],[-98,21],[-46,67],[-80,-45],[-111,118],[-3,42],[-95,-12],[-6,59],[78,39],[-46,42],[-62,6]],[[52966,59145],[-6,33],[43,94],[95,82],[118,-88],[1,50],[35,23],[22,91],[-17,64],[48,66],[83,-4],[97,-35],[43,34],[61,-22],[-5,-60],[35,-59]],[[54052,59685],[-33,26],[-3,42],[-94,60],[-65,3],[-34,31],[-50,2],[-43,45]],[[53730,59894],[-11,52],[51,129],[43,23],[-4,43],[169,-71],[28,12],[-5,74],[63,54],[34,1],[-25,176],[96,38],[113,-26]],[[54282,60399],[64,23],[12,-57],[60,-87],[1,-76],[20,-30],[49,-13],[-2,-61],[-27,-30]],[[54326,60558],[-55,4],[-5,-70],[16,-93]],[[53730,59894],[-71,-11],[-25,-46],[-60,-9],[-40,20]],[[52643,59892],[18,-34],[1,-81],[21,-55],[-44,-42],[-10,-37],[37,-27],[-52,-36],[9,-60],[-117,-15],[-37,-79],[70,-114],[84,57],[60,-66],[-15,-121],[72,-50],[53,-54],[55,-18]],[[52848,59060],[18,-92],[-5,-59],[-26,-81],[-60,24],[-74,-9],[-33,-68],[-65,-47],[-6,-44],[-49,16],[-59,87],[-40,86],[-61,8],[-61,53],[-93,27],[-49,0]],[[52966,59145],[-44,-26],[-8,-32],[-66,-27]],[[54041,58392],[-35,-31],[35,-49],[-89,-54],[-22,-73],[5,-45],[-108,-37],[-25,-55],[33,-53],[18,-119],[-30,-33],[-48,50],[9,37],[-79,15],[-112,-108],[-35,-96]],[[53558,57741],[-31,18],[-25,54],[67,85],[90,142],[-32,39],[-66,-2],[-135,-133],[-35,5],[-38,-39],[-54,-19],[-16,29],[-67,9],[-41,-42],[25,-90],[-88,25],[-30,-39],[-11,-119],[-63,-34],[-40,31]],[[51580,55338],[-36,-18],[-46,49],[-26,-38],[-42,-18],[-42,48],[-10,42],[-49,36],[-81,101],[-23,57],[-164,-40],[-18,-50],[-83,4],[-70,-20],[-75,-74],[-18,44],[38,71],[-44,10],[-37,70],[98,1],[26,39],[-41,48],[81,81],[15,55],[30,38],[-36,50],[5,44],[99,96],[47,23],[1,47],[74,37]],[[53558,57741],[-48,-63],[-5,-43],[-81,-156],[-106,-49],[-53,-106],[5,-45],[-50,-28],[-33,-153],[7,-67],[-69,26],[-46,62],[-63,-3],[-84,12],[-50,-15],[-85,-84],[-54,-88],[-47,-185]],[[39825,57401],[-37,-24],[-16,-80],[-81,1],[-67,-48],[-47,-59],[49,-76],[6,-68],[28,-19],[26,-70]],[[39686,56958],[-46,-52],[-42,17],[-79,-31],[-250,22],[-60,0],[-56,-18]],[[39153,56896],[-91,-14],[-1,30],[67,29],[72,128],[-20,41],[16,97],[15,11],[-39,120]],[[39172,57338],[112,26],[29,18],[26,58],[118,7],[57,-25],[124,44],[6,38],[49,-10],[28,-85],[45,5],[40,37],[19,-50]],[[40477,59182],[174,0],[103,-19],[15,11]],[[40769,59174],[-22,-50],[66,-39],[1,-43],[-39,-15],[-2,-83],[28,-140],[-25,-3]],[[40776,58801],[-98,27],[-83,-3],[-136,-24],[-87,-28],[-49,7],[-50,-45],[-59,-6],[0,-30]],[[40214,58699],[-76,-74],[-79,-37],[-60,51],[-39,-18],[-11,-47],[-106,-40],[-59,16],[-18,-30],[-74,2],[-26,-30]],[[39666,58492],[-36,-56],[-140,-19],[-19,-58],[-58,-54]],[[39413,58305],[-28,37],[-2,44],[-86,47],[-33,-47],[11,-50],[-62,7],[-13,-39],[-56,5]],[[39144,58309],[-3,49],[-56,-17],[-50,56],[-34,12]],[[39001,58409],[27,31],[-7,75],[58,12],[11,-66],[67,25],[24,57],[-11,43]],[[39170,58586],[47,14],[24,63],[-21,62],[61,-5],[-18,-86],[38,-75],[39,6],[-6,85],[22,29],[63,12],[7,35],[-52,22],[-4,44],[58,25],[96,10],[23,61],[-65,64],[16,31]],[[39498,58983],[37,12],[65,-45],[32,34],[6,65],[28,18],[39,-23],[86,16]],[[39791,59060],[76,16],[62,62],[44,0],[34,28],[7,47]],[[40014,59213],[267,-1],[-11,-30],[21,-59],[101,63],[85,-4]],[[41196,61595],[-81,-17],[-35,-76],[-45,-30],[-132,-43],[6,-30],[-29,-60]],[[40880,61339],[-86,31]],[[40794,61370],[-14,66],[13,78],[-67,21]],[[40726,61535],[-38,67],[-120,34]],[[40568,61636],[-22,93],[96,30],[7,56],[-24,51],[63,72]],[[40688,61938],[36,-53],[35,-86],[47,2],[44,-25],[42,10],[59,-17],[56,50],[26,58],[61,-8],[21,-34],[56,-19],[0,-74],[29,-97],[-4,-50]],[[40880,61339],[21,-13],[38,-95],[-20,-69],[28,-62]],[[40947,61100],[20,-62],[-46,-67]],[[40921,60971],[-19,-22],[86,-181],[58,-17],[-15,-91],[-55,-54]],[[40976,60606],[-56,15],[-34,39],[-34,77],[-85,74],[-39,-16],[-44,47],[-30,-53],[-3,-99]],[[40651,60690],[-48,-24],[-46,42],[-77,-34],[-71,-10],[-25,-43],[38,-44],[49,-15],[-27,-80],[29,-93],[36,14],[22,-58],[-41,-67],[15,-36]],[[40505,60242],[-46,-41],[13,-35],[-18,-84]],[[40454,60082],[-49,45],[-58,-34],[-108,3]],[[40239,60096],[-17,63],[-43,23],[11,36],[-75,84],[-11,46],[-61,57]],[[40043,60405],[-59,141],[-24,17],[-28,87]],[[39932,60650],[-25,40]],[[39907,60690],[53,47],[61,-27],[72,39],[19,43],[-29,22],[-31,85],[-56,36]],[[39996,60935],[38,56],[112,41],[28,-18],[96,98],[51,36],[10,75],[105,45],[63,3]],[[40499,61271],[35,-49],[41,19],[116,-19],[103,148]],[[40921,60971],[33,-29],[182,77],[-25,95]],[[41111,61114],[24,26],[79,5],[-20,56],[14,67],[26,26],[85,13]],[[41319,61307],[0,-99],[-16,-75],[26,-50],[37,-6],[-14,-67],[49,-32]],[[41401,60978],[-38,-79],[52,-95],[-72,-76]],[[41343,60728],[-80,74],[-116,37],[-6,-36],[41,-31],[-29,-83],[20,-33],[-9,-75],[-67,-89]],[[41097,60492],[-43,2],[-9,38],[-69,74]],[[39378,58062],[-4,-66],[46,-24],[57,-4]],[[39477,57968],[-3,-24],[-86,4],[16,-82],[-7,-45],[-36,-4],[3,-51],[-35,-31],[-27,-73],[-29,-21],[-32,-76],[-64,-101],[-37,-32]],[[39140,57432],[-116,45],[-10,18],[53,72],[-128,74],[20,55],[-20,83],[-35,-14],[-57,8]],[[38847,57773],[1,86],[-20,107]],[[38828,57966],[81,21],[24,78],[43,-4],[62,-42],[49,87],[99,11]],[[39186,58117],[40,13],[37,-97],[115,29]],[[40776,58801],[32,-92],[90,-49],[24,17],[87,-5],[67,-84],[55,8],[6,-40],[59,-7],[109,-58]],[[41305,58491],[7,-106],[35,-16],[103,-12],[37,-20],[-109,-78],[-12,-40],[56,-47],[61,-32],[25,-32],[125,-43],[-10,-64],[-41,-13],[-6,-61],[16,-74],[-44,-34],[-27,-132],[-24,-59],[-43,-53],[-71,-33]],[[41383,57542],[-69,17],[-78,63],[-23,-5],[-95,52],[-96,2],[-65,46],[-24,38],[-86,56],[-16,45],[-60,-10],[-56,22],[-42,-23],[-69,21],[10,31],[-41,58],[-93,-77],[-6,-86],[-32,-160],[-24,-61]],[[40418,57571],[-81,31],[-98,-14],[-31,-17],[-76,40],[-109,7],[-49,-59],[-47,-16]],[[39927,57543],[-31,20],[6,81],[-25,33],[8,86],[-21,35],[15,69],[-73,30],[18,123],[-33,33]],[[39791,58053],[-53,52],[-32,148],[7,65],[24,26],[-33,1],[-3,5]],[[39701,58350],[86,17],[51,-23],[176,32],[106,61],[38,-41],[91,-14],[35,11],[0,50],[-57,87],[-13,169]],[[39666,58492],[9,-98],[26,-44]],[[39791,58053],[-54,-19],[-106,7],[-50,-63],[-43,64],[-56,3],[-5,-77]],[[39378,58062],[-29,121],[34,12],[30,110]],[[39144,58309],[58,-27],[-22,-57],[6,-108]],[[38828,57966],[5,62],[-65,50],[-5,106],[16,20],[64,7],[37,37],[74,30],[15,59],[-44,44],[17,53]],[[38942,58434],[59,-25]],[[41669,61545],[41,121],[41,-27]],[[41751,61639],[98,-27],[17,-26],[58,-6],[43,-25],[127,43],[54,-8],[96,55]],[[42244,61645],[22,-38],[57,9],[-23,-68],[33,-24],[50,-161],[45,-85],[34,-19]],[[42462,61259],[-47,-59],[-73,23],[-64,-46]],[[42278,61177],[-33,31],[-6,54],[-42,32],[-128,-22],[-82,-82],[-74,-7],[-36,-32],[-42,1],[22,142],[-8,31],[52,74],[-39,53],[-56,-7],[-35,16],[-41,-45],[-38,50],[-23,79]],[[43093,60800],[-50,-118]],[[43043,60682],[-25,-50],[-110,-70],[-48,-75],[-16,-67],[-47,-89],[-85,-47],[-14,-69],[-76,-45],[-45,-55]],[[42577,60115],[-76,-7],[-92,71],[-107,-64],[-72,20],[-61,-19]],[[42169,60116],[2,52],[22,62],[85,82],[8,86],[62,67],[27,6],[86,140],[16,55],[92,87],[107,159]],[[42676,60912],[40,-43],[30,-61],[47,0],[32,79],[46,-27],[109,-6],[90,-57],[23,3]],[[40747,62182],[54,-24],[5,-34],[69,-33],[1,-25],[-62,-23],[-31,-59],[-46,26],[-68,-39]],[[40669,61971],[-15,33],[-44,3],[-23,37],[-38,-10],[-32,66],[-25,-12]],[[40492,62088],[-6,23],[45,46],[74,23]],[[40605,62180],[60,5],[-6,45],[88,-48]],[[39791,59060],[32,149],[-1,177]],[[39822,59386],[-4,171],[-31,84],[7,29]],[[39794,59670],[69,11],[21,59],[93,-45],[44,-38]],[[40021,59657],[32,-43],[100,-69],[22,-44]],[[40175,59501],[-49,-15],[-36,-48],[-39,-117],[-39,-71],[2,-37]],[[40239,60096],[-60,-64],[1,-20],[-111,-45],[-47,-83],[-72,27],[-21,-21],[-1,-69],[71,-112],[22,-52]],[[39794,59670],[-15,16],[-118,48],[-80,-27],[-25,-32],[-87,-27],[-63,-48]],[[39406,59600],[-5,2]],[[39401,59602],[-19,15],[-5,72],[22,19],[-19,79],[46,57]],[[39426,59844],[84,-11],[40,37]],[[39550,59870],[22,27],[-8,60],[18,78],[38,62],[55,-39],[37,46],[44,-9],[9,-48],[52,-47],[45,98],[-47,39],[9,58],[84,12],[37,47],[36,73]],[[39981,60327],[38,68],[24,10]],[[39440,60298],[43,-14],[9,-49],[-18,-105],[-28,-7],[-103,-73]],[[39343,60050],[-11,62],[-50,37],[-25,54]],[[39257,60203],[10,38],[37,28],[-17,61],[65,38],[59,-83],[29,13]],[[39440,60298],[25,97],[63,45]],[[39528,60440],[68,3],[56,-85],[26,-65]],[[39678,60293],[-78,-39],[-53,-3],[29,-68],[-45,-41],[15,-57],[-25,-30],[-7,-59],[36,-126]],[[39426,59844],[-55,27],[-28,179]],[[39828,62529],[-8,-30],[82,-128],[36,-2],[44,-117],[52,-30],[20,-105],[29,-40],[58,34],[113,-16],[61,-51]],[[40315,62044],[-10,-80],[30,-60]],[[40335,61904],[-33,0],[-5,-67],[-89,10],[-53,-30],[-24,-40],[17,-39],[-102,-30],[-35,-25],[-96,-6],[-23,-28]],[[39892,61649],[-69,85],[16,52],[-52,51],[-97,4],[-114,86],[19,62],[35,35],[-32,56],[6,80],[-56,91],[-51,34]],[[39497,62285],[83,9],[83,31],[52,39],[36,66],[5,92],[72,7]],[[39281,62697],[48,-19],[-80,-106],[-31,-57],[-86,38],[-16,23],[14,90],[49,13],[48,-21],[54,39]],[[39545,62684],[41,-8],[51,-71],[-57,-11],[-35,90]],[[39678,60293],[30,-46],[49,39],[-3,43],[67,42],[40,45],[85,-72],[35,-17]],[[39853,61523],[31,-17],[26,-51],[-54,-15],[-19,-47]],[[39837,61393],[-62,-3],[-59,-51],[-12,-57],[-57,-36]],[[39647,61246],[-44,66],[-45,-32],[-127,21],[7,77],[-49,72],[-63,37]],[[39326,61487],[58,71],[48,112]],[[39432,61670],[70,-12],[45,-29],[125,-42],[146,-18],[35,-46]],[[39892,61649],[-12,-82],[-27,-44]],[[39432,61670],[18,130],[-27,72],[-24,17],[-56,-22],[-25,64],[29,43],[4,58],[73,6],[40,45],[24,58],[21,97],[-12,47]],[[40769,59174],[1,40],[47,38],[41,-66],[103,12],[72,-24],[49,-77],[139,74],[104,-64],[35,-43]],[[41360,59064],[35,-44],[44,0],[22,-48],[8,-67],[36,-86],[17,-82],[-48,-45],[-4,-61],[39,-91],[-45,9],[-52,-32],[-87,0],[-20,-26]],[[40726,61535],[-100,-82],[3,-132],[-80,2],[-50,-52]],[[39996,60935],[-45,54],[46,70],[-25,36],[-44,16]],[[39928,61111],[-56,14],[-9,33],[-52,52],[27,79],[-21,29],[20,75]],[[40335,61904],[58,-118],[6,-136],[37,-69],[46,4],[86,51]],[[41097,60492],[40,-79],[51,-55],[21,-66],[-13,-163],[33,-10]],[[41229,60119],[2,-47],[36,-85]],[[41267,59987],[-49,-35],[-12,-73],[-78,-6]],[[41128,59873],[-20,55],[-113,53],[-82,-9],[-44,10],[-76,-29],[-54,15],[-28,32],[-117,20],[-11,-18],[-75,52],[-22,-8]],[[40486,60046],[-32,36]],[[40505,60242],[25,13],[41,68],[9,57],[37,43],[-7,55],[34,22],[28,78],[6,56],[-27,56]],[[40477,59182],[-70,36],[-5,38],[-64,-3],[29,80],[-107,30],[-40,35],[-8,56]],[[40212,59454],[39,46],[64,-2],[122,186],[-52,69],[-2,57],[55,76],[34,80],[-7,45],[21,35]],[[41128,59873],[-60,-24],[-52,-92],[39,-14],[109,43],[26,-15],[80,15],[55,-63],[-3,-47],[31,-43],[14,-78],[63,-18],[11,-55],[45,-62],[-13,-42],[14,-127]],[[41487,59251],[11,-66],[-138,-121]],[[39172,57338],[-32,94]],[[39927,57543],[-4,-52],[24,-55]],[[39947,57436],[-122,-35]],[[38020,60945],[32,-28],[10,-163],[22,-23],[9,-108],[39,-54],[97,0],[17,-47],[-23,-42],[15,-48],[95,-24],[137,-99],[26,-6],[-7,-79],[23,-84],[-64,-40],[-40,-73],[1,-101]],[[38409,59926],[-76,-20],[-27,-33],[-74,20],[-26,30],[-52,-3],[-93,20],[-89,-43],[-31,-51],[-73,6]],[[37868,59852],[-63,58],[-44,3],[-50,-43],[-48,32],[-139,2],[-25,-38],[-130,-4],[-29,21],[-121,-32],[-31,16]],[[37188,59867],[52,111],[-3,49],[76,18],[41,29],[126,29],[44,30],[85,-26],[39,14],[33,47],[8,72],[45,39],[56,14],[59,114],[-50,32],[-46,-55],[-29,-9],[-48,55],[15,49],[-81,53],[-59,-30],[-40,-40],[-18,67],[-47,23],[20,47],[87,17],[47,23],[54,-11],[109,44],[63,74],[6,27],[-41,54],[14,45],[56,28],[41,-17],[118,62]],[[39401,59602],[-17,-53],[-84,-27],[-27,-69],[7,-27]],[[39280,59426],[-50,-23],[-33,10]],[[39197,59413],[-61,-22]],[[39136,59391],[-17,23],[39,67],[-54,45],[-45,70]],[[39059,59596],[-1,82],[18,54],[-60,38],[0,75],[-35,88],[-15,109],[-38,46],[32,22],[99,-7],[41,72],[66,32],[53,44],[38,-48]],[[39528,60440],[0,1]],[[39528,60441],[13,62],[57,66]],[[39598,60569],[136,-31],[109,21],[13,51],[76,40]],[[39907,60690],[-105,-26],[-36,31],[-76,18],[-90,75]],[[39600,60788],[-8,127]],[[39592,60915],[94,30],[66,-22],[41,42],[60,28],[7,58],[68,60]],[[39301,60735],[82,19],[112,-107],[49,4]],[[39544,60651],[16,-48],[38,-34]],[[39528,60441],[-44,44],[1,66],[-96,122],[-89,61],[1,1]],[[39544,60651],[3,102],[53,35]],[[39439,61198],[-24,21],[-47,-21],[-38,116],[-35,7],[-56,60],[-66,27]],[[39173,61408],[17,37],[57,-14],[79,56]],[[39647,61246],[-104,-81],[-76,10],[-28,23]],[[38888,61754],[48,-15],[-52,-61],[-18,45],[22,31]],[[39573,60913],[-20,94],[-57,27],[-56,85],[-1,79]],[[39592,60915],[-19,-2]],[[39301,60735],[-7,39],[55,39],[13,38],[65,38],[30,40],[71,-66],[45,50]],[[40510,62717],[25,-41],[-13,-34],[53,-60],[-20,-54]],[[40555,62528],[-27,10]],[[40528,62538],[-53,-112],[-89,-11],[-32,-20]],[[40354,62395],[-4,85],[-37,26]],[[40313,62506],[83,43],[62,57],[-6,77],[58,34]],[[40555,62528],[3,-5],[52,-62],[5,-67],[57,-65],[11,-31],[64,-54],[0,-62]],[[40605,62180],[-35,71],[-23,83],[-19,204]],[[39828,62529],[103,7],[37,-62],[111,-16],[80,6],[154,42]],[[40354,62395],[-9,-71],[36,-78],[-36,-103],[13,-53],[-43,-46]],[[40492,62088],[-62,-3],[-47,-60],[-68,19]],[[40669,61971],[19,-33]],[[40212,59454],[-37,47]],[[41267,59987],[132,-21],[26,-40],[-60,-45],[88,-156],[182,19],[65,-9]],[[41700,59735],[-28,-19],[14,-49],[-31,-54],[4,-64],[-16,-30],[-26,-164],[7,-65],[-123,-16],[-14,-23]],[[41290,61463],[26,16],[107,14],[14,46],[67,20],[26,-13]],[[41530,61546],[7,-122],[17,-63],[31,-35],[-15,-69],[37,-44],[38,-81],[-40,-72],[44,-50]],[[41649,61010],[-77,-57],[-105,31]],[[41467,60984],[-66,-6]],[[41319,61307],[18,48],[-47,108]],[[41229,60119],[7,37],[80,34],[26,85],[-9,86],[10,125],[34,17],[-6,54],[-26,24],[20,54]],[[41365,60635],[47,-31],[56,23],[30,-52],[33,19]],[[41531,60594],[33,-82],[78,57],[65,-42],[21,-38],[46,-20],[40,-46]],[[41814,60423],[-11,-36],[69,-123],[-10,-45],[20,-77],[27,-26],[-12,-63],[48,-24],[15,-50]],[[41960,59979],[-40,-13],[-66,-120],[-18,-58]],[[41836,59788],[-55,-17],[-28,-32],[-53,-4]],[[40947,61100],[50,5],[93,42],[21,-33]],[[41343,60728],[49,-44],[-27,-49]],[[41467,60984],[25,-46],[-4,-114],[27,-81],[-7,-27],[38,-79],[-15,-43]],[[41649,61010],[16,-89],[47,24],[29,-19],[-12,-62],[-41,-77],[26,-67],[44,-54],[0,-40],[36,-19],[20,-73],[0,-111]],[[41196,61595],[8,-47],[86,-85]],[[41751,61639],[18,49],[-18,65],[33,51],[55,31],[36,-25],[102,32],[37,63],[110,126]],[[42124,62031],[21,-2],[139,59],[39,-94],[-52,20],[-45,-39],[-68,-34],[55,-31],[28,-53],[-48,-53],[25,-35],[65,51],[32,-60],[-89,-68],[18,-47]],[[42376,62181],[50,9]],[[42426,62190],[15,-92],[-50,-8],[-15,91]],[[41530,61546],[54,47],[59,5],[26,-53]],[[42278,61177],[-110,-96],[-9,-60],[14,-66],[-53,-71],[-61,-212],[-39,-73],[2,-124],[62,-34],[-45,-111],[4,-105],[29,-66],[53,-52]],[[42125,60107],[-48,-17],[-56,-73],[-61,-38]],[[43093,60800],[65,28],[36,-28]],[[43194,60800],[-40,-76],[3,-51],[-30,-54]],[[43127,60619],[-40,44],[-44,19]],[[43127,60619],[2,-64],[68,-66],[23,-63],[-19,-89],[-53,-61],[-53,-36],[8,-80],[41,-61],[-67,12],[-173,-38],[-59,-2],[-70,36],[-136,-15],[-62,23]],[[42462,61259],[30,-19],[54,-88],[29,-85],[68,-69],[33,-86]],[[42169,60116],[-44,-9]],[[38409,59926],[24,-3],[101,-97],[79,-10],[125,-74],[25,-36]],[[38763,59706],[-47,-63],[-17,-78],[-38,-12],[-39,-56],[-76,-16],[-20,-36],[-83,-6],[-25,-100],[42,-46],[62,-3],[-25,-65],[83,-109],[25,43],[76,11],[37,-24],[34,-147],[-5,-26],[31,-142],[-1,-51],[-35,-8],[26,-122],[15,-118],[35,-24],[123,8],[1,-82]],[[38847,57773],[-78,7],[-180,30],[-94,3],[-24,59],[9,36],[-37,46],[-97,71],[-46,65],[22,43],[-48,37],[2,-71],[-81,3]],[[38195,58102],[-8,5]],[[38187,58107],[27,33],[-29,37],[3,70],[-45,91],[11,69],[-20,75],[53,29],[31,-26],[46,3],[1,126],[-64,230],[-45,73],[9,53],[-20,39],[-61,36],[-80,8],[-139,-25],[-36,15],[-97,-9]],[[37732,59034],[-10,48],[25,36],[-6,79],[-27,49],[10,56],[67,73],[19,51],[-7,56],[60,141],[8,127],[-19,47],[16,55]],[[37732,59034],[-81,6],[-80,-93],[-75,-68],[-61,-14],[-64,-79],[-56,-17],[-47,-56],[-49,-14],[-55,-54],[-36,20]],[[37128,58665],[-11,14]],[[37117,58679],[-83,126],[-3,79],[-83,75],[-58,-4],[-75,62],[-26,64],[-40,-30],[24,-82],[-28,-32],[-54,135],[-43,17],[-31,62],[-22,2],[-57,131],[29,94],[-85,120],[-70,-36],[-47,7],[-8,-69],[17,-37],[-38,-22],[-60,38]],[[36276,59379],[20,49],[-46,36],[-67,-5],[-73,52],[-58,3],[15,61],[-50,19],[-20,52],[-52,33],[-54,13],[-43,52],[38,54],[68,-26],[14,44],[-40,11],[-25,55],[33,14],[34,71],[105,-41],[-3,-69],[60,-26],[8,-38],[-21,-48],[44,-37],[43,15]],[[36206,59723],[59,-9],[-10,-71],[95,-13],[8,52],[36,33],[36,78],[10,58],[44,20],[-41,122],[-41,15],[-38,59],[-66,46],[-64,17]],[[36234,60130],[-42,27],[40,112],[-44,29],[-4,61],[21,38],[35,-13],[2,-48],[78,-49],[49,-1],[43,64],[149,-25],[59,20],[-6,-53],[86,-54],[36,8],[41,-96],[-12,-55],[-75,-82],[13,-34],[-47,-38],[54,-58],[91,68],[31,-49],[-58,-43],[34,-77],[63,-9],[68,-43],[58,-13],[126,8],[77,54],[-30,61],[18,27]],[[35730,60583],[42,-4],[23,-64],[-53,-53],[-40,1],[-79,57],[38,62],[34,-30],[35,31]],[[36266,60805],[10,-18],[-29,-73],[28,-98],[-87,73],[22,48],[56,68]],[[36365,60488],[40,-49],[5,-50],[-50,-49],[-27,40],[-10,55],[42,53]],[[36846,60334],[22,-32],[-21,-62],[-49,3],[48,91]],[[39498,58983],[-37,45],[-20,59],[-53,7],[-11,93],[-20,62],[-31,29],[-38,97],[-8,51]],[[39406,59600],[82,-26],[76,-90],[48,-26],[96,38],[36,-3],[14,-53],[48,3],[16,-57]],[[37732,59034],[-25,-34],[-3,-141],[54,-7],[54,-52],[-4,-58],[60,-31],[16,-31],[-33,-33],[26,-59],[55,-79],[9,-37],[-55,-40],[-34,-2]],[[37852,58430],[-29,54],[-83,-37],[-28,2],[-71,-79]],[[37641,58370],[-71,31],[-44,-26]],[[37526,58375],[-41,23],[-87,-10],[-83,42],[-41,-32],[-39,53],[-42,26],[-66,-9],[-23,53],[3,64],[21,80]],[[37117,58679],[-122,-14],[-109,-37],[-47,-41],[-9,-45],[-50,-42],[-43,15],[-87,-119],[-27,-54],[-50,-20],[-89,6],[-38,-26]],[[36446,58302],[-95,12],[-48,77],[-46,24],[-94,-34],[-60,-7],[-93,9]],[[36010,58383],[-83,108],[-39,25],[-68,81]],[[35820,58597],[-28,65],[-45,61],[-26,6],[53,179],[39,88],[75,48]],[[35888,59044],[63,-54],[54,-95],[24,-13],[71,-117],[58,-63],[22,91],[-81,21],[-15,52],[77,44],[20,54],[-30,29],[-38,-24],[-18,46],[91,49],[-20,32],[37,68],[-9,36],[92,70],[-10,109]],[[37526,58375],[-19,-72],[-34,-58],[25,-62]],[[37498,58183],[-50,-36],[-24,-96],[-72,-16],[33,-61]],[[37385,57974],[-24,-33],[-65,3],[-16,-35],[-42,-19],[-79,-6],[-26,-60],[-46,20],[-83,-42],[3,-39],[-85,-31],[35,-45],[-6,-60],[-38,-1],[-55,-44],[-37,32],[-93,-34]],[[36728,57580],[29,52],[-2,66],[-39,35],[-39,164],[-15,35]],[[36662,57932],[-63,56],[-49,-17],[5,70],[-32,24],[1,71],[-27,8],[-36,137],[-15,21]],[[37662,57630],[-10,-91],[68,-58],[27,-52],[-15,-42],[37,-78],[47,-43],[14,-36],[43,-24]],[[37873,57206],[-85,-70],[-56,-19],[-114,-82],[-69,-23],[-57,-39],[-8,-83],[-39,-48],[-42,-5],[-21,-35]],[[37382,56802],[-78,-11],[-37,38],[-50,78]],[[37217,56907],[-10,66],[11,59],[-36,38],[38,88],[15,124],[-35,48],[-10,55],[122,98],[9,32],[57,-11],[36,95],[-19,27],[20,86]],[[37415,57712],[151,2],[96,-84]],[[38187,58107],[-70,26],[-83,-11],[-52,68]],[[37982,58190],[49,3],[-3,48],[-78,37],[-29,50],[-90,8],[-10,54],[31,40]],[[37385,57974],[40,-111],[21,-16],[-23,-66],[-54,-25],[-6,-42],[52,-2]],[[37217,56907],[-10,-1]],[[37207,56906],[-77,54],[-3,50],[-65,-18],[-73,53],[-34,72],[-2,69],[-57,56],[-101,48],[-49,10],[-83,53],[-30,90],[-56,13]],[[36577,57456],[23,72],[-8,25]],[[36592,57553],[81,45],[55,-18]],[[38763,59706],[30,2],[54,-74],[41,10],[62,-30],[15,-33]],[[38965,59581],[-1,-73],[30,-56],[-32,-59],[-39,-3],[-27,-36],[38,-70],[53,-184],[16,-87],[-10,-115],[19,2],[51,-222],[24,21]],[[39087,58699],[24,-7],[19,-102],[40,-4]],[[38965,59581],[48,20],[46,-5]],[[39136,59391],[46,-73],[0,-52],[-45,-98],[41,-153],[-19,-46],[-10,-85],[-40,-80],[2,-38]],[[39111,58766],[-24,-67]],[[39197,59413],[32,-267],[19,-112],[-37,-33],[16,-82],[52,-28],[4,-47],[-34,-62],[-138,-16]],[[36206,59723],[-5,35],[32,37],[3,39],[-48,68],[-27,-28],[-44,31],[52,32],[-41,39],[19,48],[-56,67],[18,42],[-12,50],[65,-14],[72,-39]],[[36662,57932],[-171,-46],[-174,45]],[[36317,57931],[-18,24],[-61,12],[-22,35],[-85,-14],[-105,66],[-1,49],[-53,120],[32,64],[-16,58],[22,38]],[[37641,58370],[24,-80],[40,-38],[-15,-45]],[[37690,58207],[-37,-18],[-8,-61],[-80,42],[-67,13]],[[37982,58190],[-63,-38],[-46,18],[-12,-68],[-39,-23],[-30,27],[-82,18],[16,47],[-36,36]],[[38195,58102],[5,-57],[-52,-115],[-168,-121],[11,-28],[-123,-75],[-99,-109],[-107,33]],[[37873,57206],[9,-99],[39,-37],[21,-106],[67,-155],[26,19],[49,-35],[66,-78],[9,-74],[-109,-32]],[[38050,56609],[-160,32],[-122,4],[-30,56],[-69,-21],[-146,41],[-85,1]],[[37438,56722],[-5,27],[-51,53]],[[35972,56640],[44,-39],[17,-54],[-28,-168],[-32,-28],[-45,35],[14,43],[-3,68],[-46,80],[-45,-70],[8,-80],[21,-32],[-28,-98],[41,-8],[41,21],[32,-15],[1,-90],[22,-28],[-50,-48],[-47,25],[-14,-89],[46,-3]],[[35921,56062],[-15,-87],[31,-23],[8,-67],[98,-109],[-18,-56],[118,-4],[36,-28]],[[36179,55688],[61,-82],[63,41],[55,15],[36,-10],[34,33],[51,-15],[72,28],[35,45]],[[36586,55743],[55,-30],[82,21],[37,-48],[63,4],[45,32],[12,-41],[67,-47],[-21,-27],[3,-76],[21,-35],[-34,-66],[20,-54],[-17,-25]],[[36919,55351],[-154,39],[-58,-40],[-1,-23],[50,-78],[-25,-41],[-58,-30],[12,-37],[-87,-57],[-4,-57],[-50,8],[-24,-42],[22,-25],[-28,-75],[-44,-46],[-31,-108],[-65,-66],[-61,-11],[-32,-45],[-102,-36],[-27,24],[-33,-56],[0,-46],[-24,-80],[-101,-95],[-35,-47],[-104,-51],[-56,-12],[-54,15],[-42,-14],[-15,-40],[-81,0],[64,110],[93,19],[67,56],[-1,48],[56,22],[7,101],[56,71],[38,89],[39,-2],[-3,108],[16,83],[-71,-28],[-57,22],[-5,55],[56,-16],[31,14],[36,85],[59,5],[-16,-73],[13,-49],[47,9],[-22,51],[76,55],[24,96],[30,21],[55,85],[-17,72],[-34,-47],[-12,-66],[-48,-32],[-73,-9],[-36,-50],[-37,39],[63,91],[-43,53],[-37,-30],[-38,8],[-7,77],[-58,67],[24,78],[-52,12],[-8,51],[-35,4],[-44,67],[-44,12],[48,106],[-45,-7],[-35,25],[-74,14],[-35,-96],[-29,6],[-10,50],[-64,42],[-7,70],[-95,1],[3,48],[-41,14],[-40,57],[-42,93],[14,81],[-29,31],[-31,69]],[[35247,56217],[75,54],[42,-9],[129,47],[116,21],[25,37],[-27,71],[22,42],[-3,65],[118,50],[52,9],[65,40],[32,38],[79,-42]],[[35872,54144],[9,-84],[-87,-14],[13,75],[65,23]],[[36803,55370],[79,-13],[-14,-47],[-53,3],[-12,57]],[[35733,55073],[73,-36],[-11,-50],[-61,48],[-1,38]],[[34905,56188],[12,-37],[-32,-31],[-36,31],[56,37]],[[35835,54992],[25,-63],[-30,-15],[-42,65],[47,13]],[[36317,57931],[-25,-43],[-44,-17],[-18,-61],[-30,-16],[1,-58],[-34,-100],[9,-102]],[[36176,57534],[-16,-19],[22,-58],[-41,-42],[-1,-34],[-45,-27],[-55,17],[-18,-34],[-69,-25]],[[35953,57312],[10,48],[-55,54],[8,51],[-43,70],[42,53],[-13,88],[23,41],[-21,43],[-46,32],[-172,12],[-65,-83],[-23,27],[-74,6],[-2,106],[41,8],[-27,57],[-53,16],[-63,-23],[19,-46],[6,-93],[16,-19],[12,-131],[-73,-30],[-41,15],[-83,-25],[-67,7],[-17,58],[17,23],[94,33],[68,63],[-37,26],[-75,144],[-106,42],[11,48],[-6,91],[-38,45],[29,33]],[[35149,58202],[108,44],[25,49],[75,34],[10,30],[-56,59],[15,65],[26,19],[-31,72],[-31,-10],[-88,68],[-58,21],[-40,-63],[-42,21],[-58,-107],[10,-61],[33,-20],[36,-114]],[[35083,58309],[12,-124],[-26,-59],[-44,-39],[-40,32],[17,63],[-88,-6],[-26,54],[-85,24],[-164,10],[18,43],[56,34],[-47,111],[42,7],[-3,51],[23,74],[103,23],[-16,55],[-2,86],[50,24],[8,32],[61,78]],[[34932,58882],[-9,55],[85,36],[44,85]],[[35052,59058],[33,-23],[96,-103],[44,-8],[13,-65],[193,-5],[62,-51],[-8,-79],[158,-96],[85,13],[34,-50],[58,6]],[[35769,57793],[135,-37],[-8,-69],[6,-101],[-37,-43],[45,-82],[-9,-55],[-51,-27],[-56,-4],[-9,-76],[-32,-78],[-52,10],[1,48],[-65,-5],[3,73],[-77,170],[12,21],[81,-31],[32,22],[-7,42],[-44,41],[21,66],[54,-34],[4,94],[53,55]],[[32419,58801],[38,-9],[33,-111],[-11,-29],[51,-56],[-63,-50],[-41,-5],[15,-55],[-51,-41],[-71,4],[-79,32],[-10,46],[-77,32],[-42,44],[71,43],[26,44],[102,33],[32,-15],[59,44],[18,49]],[[34594,57845],[36,-48],[-4,-50],[-53,9],[-20,-43],[-58,34],[-64,14],[57,45],[106,39]],[[34840,58113],[17,-14],[-2,-104],[-12,-76],[-39,31],[28,29],[-52,61],[10,64],[50,9]],[[32094,58551],[45,-94],[-70,-6],[-18,64],[43,36]],[[38937,55214],[-81,57],[-303,3],[-73,22]],[[38480,55296],[10,17],[100,5],[0,54],[-47,-11],[-129,38],[11,98],[50,12],[77,216],[18,106],[-12,35],[63,147],[36,22]],[[38657,56035],[113,-73],[26,-98],[46,-101],[35,-54],[24,-75],[59,-94],[7,-64],[-23,-35],[-17,-71],[33,-95],[-23,-61]],[[38050,56609],[-20,-119],[11,-59],[-78,-29],[9,-38],[-28,-32],[-52,17],[-47,-59],[-42,-9],[-6,-76],[99,-149]],[[37896,56056],[-136,-157],[53,-29],[-10,-97],[-19,-14],[-38,-88],[-52,-10],[44,-75]],[[37738,55586],[-46,-40],[-57,-13],[-104,35],[-110,8],[-29,-30],[-55,-15],[-67,-47],[-73,-81],[-47,-11],[-41,-46],[-99,-2],[-32,25],[-59,-18]],[[36586,55743],[-43,80],[-53,57],[-34,13],[-73,154],[26,16]],[[36409,56063],[36,44],[79,-75],[30,15],[84,-71],[71,30],[55,-44],[-1,-55],[66,19],[54,-58],[119,22]],[[37002,55890],[54,40],[-3,171],[-25,27],[25,74],[4,85],[36,223],[81,49],[26,45],[89,6],[31,-26],[69,38],[1,51],[48,49]],[[37002,55890],[-48,30],[-25,68],[-51,51],[-89,54],[10,56],[-60,89],[3,41],[-99,97],[-25,38],[-7,117],[17,135],[19,61],[34,-6],[36,101]],[[36717,56822],[47,10],[29,-56],[111,23],[44,49],[87,18],[69,-20],[25,33],[78,27]],[[36469,56431],[67,-63],[59,-39],[5,-33],[-44,-27],[-63,79],[-24,83]],[[34650,59483],[22,-51],[-15,-30],[37,-94],[-29,-51],[17,-62],[33,-35],[-110,-63],[4,-45],[-53,-55],[-85,-21],[10,-58],[49,-65],[-41,-50],[-31,12],[-71,-27],[8,-44],[34,-22],[-92,-47],[51,-83],[-17,-64],[-71,-51],[-15,-62],[-65,-72],[-47,-103],[-35,6],[-66,-72],[-4,-30],[-50,-50],[-58,-20],[-40,-33],[-53,-11],[-40,-37],[-117,-40],[-125,90],[40,59],[-38,63],[29,32],[83,-143],[74,-1],[46,-19],[36,21],[17,82],[-68,-4],[-66,70],[-1,101],[52,41],[23,47],[72,15],[68,-42],[45,5],[-13,70],[-70,14],[-21,32],[10,50],[-42,32],[28,71],[61,11],[12,67],[124,51],[-75,111],[57,107],[-33,101],[34,18],[72,-2],[62,29],[45,-18],[32,28],[94,9],[24,59],[6,80],[56,-1],[1,-92],[-24,-42],[45,-26],[14,56],[35,41],[-10,45],[89,2],[26,27],[-37,58],[-119,-19],[23,34],[-35,56],[50,23],[29,-19],[41,45],[62,5]],[[34932,58882],[-51,-18],[-36,-50],[-86,29],[-70,102],[8,53],[45,-12],[-3,94],[30,106],[-44,53],[48,56],[54,-12],[36,-51],[54,-10],[34,34],[81,-68],[29,-6]],[[35061,59182],[-9,-124]],[[34022,59681],[-2,-74],[-33,-44],[28,-21],[-26,-60],[36,-35],[8,-48],[-29,-70],[-3,-67],[35,-57],[-30,-29],[18,-41],[-79,-22],[-100,47],[40,103],[25,104],[-4,43],[48,66],[10,79],[-16,70],[74,56]],[[34660,60126],[-14,-137],[40,-9],[48,64],[51,-5],[-28,-85],[-67,-67],[-44,-24],[-100,34],[-38,64],[-47,-8],[0,-76],[-58,16],[11,55],[91,86],[4,20],[151,72]],[[34524,59768],[48,-55],[-38,-48],[-144,-66],[10,47],[76,33],[48,89]],[[35061,59182],[14,38],[53,-21],[115,137],[-12,51],[39,31],[27,-58],[-25,-142],[4,-66],[19,-28],[48,10],[0,44],[53,-1],[-1,-47],[33,-43],[100,21],[49,67],[73,38],[48,-6],[44,-75],[43,1],[20,41],[8,70],[63,-2],[16,-27],[-14,-60],[22,-32],[-12,-79]],[[35920,59515],[21,-21],[98,-3],[54,-25],[19,-44],[-25,-54],[26,-48],[91,12],[38,-28],[1,-37],[-121,-83],[-69,-10],[-54,-80],[-11,50],[-34,38],[39,47],[-18,152],[32,36],[-92,83],[5,15]],[[35700,59870],[85,-64],[13,-36],[-25,-40],[11,-35],[101,-82],[-1,-26],[-137,20],[-98,-136],[-73,-8],[-26,51],[-40,27],[77,57],[50,4],[-20,60],[57,39],[24,69],[-21,80],[23,20]],[[34101,67722],[9,-31],[101,-38],[21,-26],[17,-88],[67,-88],[-48,-40],[-37,-78],[84,-15],[-44,-92],[-58,-4],[43,-64],[-116,-11],[-31,-40],[98,-31],[49,-65],[-52,-161],[12,-103],[-67,-3],[8,-98],[-55,-47],[4,-36],[-64,-55],[-7,-50],[-127,-111],[-122,-147],[-15,-55],[-90,-40],[54,-79],[-25,-40],[-49,-5],[9,-82],[39,43],[19,-82],[-49,-44],[-17,-52],[124,17],[21,-55],[-68,-23],[-25,-45],[45,-62],[6,-40],[41,-36],[-31,-60],[3,-62],[25,-26],[-41,-39],[-68,44],[31,-84],[9,-71],[-73,-12],[0,-31],[-45,-34],[-109,38],[13,34],[-21,3],[9,19],[-17,20],[92,76],[26,53],[-36,90],[-40,33],[42,34],[-89,30],[-46,-8],[12,-104],[-54,-16],[-8,-51],[-63,6],[-12,53],[37,37],[-17,72],[-22,22],[73,86],[-22,14],[-97,-77],[-30,-87],[39,-9],[16,-36],[-20,-51],[-65,32],[-16,29],[-72,3],[-37,-18],[-113,6],[-33,59],[28,24],[99,-6],[60,20],[70,54],[3,41],[-26,44],[13,90],[-14,57],[12,34],[-18,45],[8,64],[31,51],[76,6],[-98,74],[-3,60],[43,95],[38,22],[40,90],[1,51],[38,86],[42,-3],[35,104],[35,-5],[20,-48],[38,23],[9,42],[-55,-1],[-6,59],[-99,84],[-99,-27],[-10,83],[50,34],[13,63],[39,29],[-6,87],[42,73],[24,74],[11,133],[73,18],[45,-27],[85,25],[36,-69],[47,54],[24,-28],[123,136],[6,48],[81,105],[-3,48],[68,-29],[52,34],[44,64]],[[32821,65340],[32,-30],[55,20],[37,-71],[-32,-59],[1,-87],[44,-23],[25,48],[38,-14],[34,50],[49,-31],[79,60],[31,38],[71,5],[53,-78],[-25,-140],[82,13],[-4,43],[87,45],[82,-26],[12,-102],[-95,-14],[-32,-52],[-4,-74],[-28,-10],[-16,-75],[34,-42],[21,-64],[-106,-63],[-52,-3],[26,-49],[-19,-91],[-27,-21],[27,-113],[-5,-68],[-52,24],[-30,-63],[21,-68],[-36,-24],[10,-66],[-82,-29],[-15,-75],[-80,-56],[-76,-5],[-9,-64],[-41,17],[-63,59],[-67,-6],[-4,46],[-71,5],[-61,-15],[5,73],[-22,44],[8,104],[26,137],[29,109],[-8,24],[8,196],[13,51],[48,49],[-32,68],[54,143],[13,88],[-15,24],[19,98],[-13,74],[37,64],[11,52]],[[33758,65162],[47,-43],[-58,-67],[-103,-74],[-61,56],[1,61],[29,33],[67,29],[78,5]],[[33303,65376],[30,-40],[52,-28],[71,63],[10,-123],[39,-6],[-10,-21],[0,-38],[-65,14],[-27,54],[-68,24],[-29,48],[-3,53]],[[33821,65520],[42,-49],[17,-89],[-58,-9],[-39,22],[15,87],[23,38]],[[35434,62367],[38,-54],[51,4],[16,-33],[154,-21],[102,-31],[-43,-52],[-4,-92],[-45,-84],[44,-21],[34,-44],[41,-9],[33,-56],[-104,-8],[-32,-69],[38,-41],[33,34],[78,-23],[36,-85],[-32,-5],[-9,-69],[-39,-23],[-85,-13],[-49,12],[-76,-14],[-32,-33],[-31,-73],[-41,-31],[-19,-60],[-97,33],[-26,45],[-79,57],[42,64],[-10,38],[-59,64],[-21,-39],[-71,-10],[-34,40],[19,55],[-43,40],[18,33],[144,-32],[-4,48],[-67,0],[-23,33],[16,142],[-48,23],[24,37],[121,-49],[34,0],[-70,136],[5,74],[26,47],[146,115]],[[35080,61616],[22,-39],[-55,-39],[-12,56],[45,22]],[[30743,55599],[4,-153],[52,-47],[-26,-101],[75,22],[48,-54],[37,35],[51,-44],[-55,-40],[-25,-84],[7,-99],[53,-54],[-19,-26],[54,-66],[30,-15],[102,-90],[20,-88],[56,-32],[-21,-41],[-56,-30],[-57,-3],[-5,29],[-136,-20],[-99,-31],[-40,19],[-13,48],[-30,11],[-19,48],[-105,-42],[-25,-27],[-60,1],[-22,-40],[2,-82],[15,-47],[103,-79],[23,-91],[-58,-25],[-49,-83],[-104,32],[-7,72],[-78,103],[-45,3],[-64,-22],[-54,8],[-90,-18],[-53,31],[-67,7],[-54,-56],[9,-55],[-59,25],[-26,-15],[-55,79],[-62,35],[-106,14],[12,42],[46,60],[-12,51],[43,56],[21,-38],[0,-56],[108,-133],[40,-20],[44,39],[-27,46],[-70,35],[-5,57],[46,50],[1,55],[103,-24],[-10,38],[-49,5],[60,81],[-60,114],[-25,76],[12,38],[46,6],[0,45],[-70,58],[-8,29],[36,140],[-29,31],[3,112],[45,67],[54,9],[83,-13],[16,-62],[65,-17],[6,-117],[-33,-48],[77,-12],[-8,41],[41,14],[68,53],[49,-48],[86,75],[36,56],[19,-75],[33,-24],[7,-115],[42,26],[-15,72],[-52,64],[41,45],[33,66],[69,-6],[-1,77],[66,21],[20,36]],[[31032,55895],[102,-69],[13,-56],[77,-22],[19,-161],[-9,-49],[-46,-22],[-40,-58],[-16,-71],[-89,-8],[-31,20],[-54,78],[-42,13],[-36,97],[23,112],[-9,103],[105,41],[37,-39],[-14,-73],[22,-68],[-19,-40],[77,2],[6,99],[-44,13],[-21,42],[-11,116]],[[31439,56149],[36,-22],[52,-78],[19,-56],[5,-67],[-46,-100],[-48,-8],[-20,-50],[38,-70],[-17,-71],[-26,-18],[-9,147],[-46,30],[-58,99],[-83,48],[2,31],[-70,3],[-44,-19],[-10,93],[77,69],[28,-49],[88,-5],[54,-108],[27,48],[53,-6],[38,83],[-40,76]],[[31708,55554],[31,-28],[44,-105],[-16,-125],[-101,-11],[-63,-32],[-53,46],[86,61],[53,-3],[-19,91],[7,47],[31,59]],[[29831,54847],[31,-45],[-36,-64],[10,-100],[-69,-59],[-29,57],[-9,54],[60,94],[10,43],[32,20]],[[29681,55233],[7,-57],[-37,-16],[17,-67],[-27,-48],[-40,14],[-1,88],[81,86]],[[28570,50874],[67,-35],[-8,-73],[-72,52],[13,56]],[[31524,55465],[50,-54],[-12,-44],[-50,16],[-11,54],[23,28]],[[31250,54158],[1,-57],[-49,-9],[-25,40],[73,26]],[[28374,50580],[9,-30],[-42,-39],[-34,44],[67,25]],[[30862,54376],[52,-23],[-3,-39],[-64,10],[15,52]],[[31212,55051],[39,-43],[-38,-45],[-26,49],[25,39]],[[31114,55298],[-18,-76],[-33,45],[51,31]],[[35247,56217],[-45,98],[-39,124],[-47,11],[-12,-71],[-39,54],[26,51],[-9,54],[-60,38],[20,24],[-10,149],[29,53],[67,24],[2,-27],[30,-1],[7,29],[1,50],[28,28],[-24,9],[-1,39],[-35,76],[-2,88],[16,30],[48,-14],[23,97],[-7,39],[55,67],[18,89],[-16,48],[22,39],[101,-61],[75,-19],[38,-30],[26,-65],[34,24],[33,-69],[-32,-41],[34,-31],[61,42],[10,-26],[53,-25],[9,-37],[-53,-49],[-26,0],[-31,-67],[-36,-119],[36,-107],[46,16],[54,61],[-8,37],[28,68],[36,-50],[39,5],[20,-39],[79,10],[75,-62],[27,-90],[28,-9],[-18,-64],[-59,-75]],[[34934,57296],[11,-23],[75,-10],[49,-58],[-51,-114],[-62,-11],[-33,-49],[-43,0],[-59,27],[-2,51],[26,69],[51,27],[38,91]],[[34903,56566],[-16,-47],[29,-27],[39,26],[58,-35],[-6,-79],[-32,-48],[-60,6],[-32,28],[-40,78],[37,82],[23,16]],[[33041,57029],[-5,-40],[35,-59],[8,-49],[-45,-41],[-70,46],[1,65],[76,78]],[[34688,57075],[114,-18],[35,-37],[-35,-57],[-63,-22],[-47,-54],[-29,50],[55,38],[-39,74],[9,26]],[[33595,57015],[21,-107],[-31,-8],[-54,28],[10,54],[54,33]],[[35085,57168],[4,-62],[-48,11],[44,51]],[[35151,56942],[-7,-56],[20,-63],[-4,-22],[-27,2],[8,106],[10,33]],[[38480,55296],[10,-45],[-65,-78],[-22,-48],[-101,5],[-20,-26],[6,-56],[-34,-43],[-110,-85],[-100,-50],[-56,-59],[-52,-20],[-44,-57],[-55,5],[-178,-46]],[[37659,54693],[-2,52],[21,113],[114,9],[30,71],[25,-1],[40,56],[73,32],[10,35],[67,45],[37,82],[10,64],[-12,60],[-67,18],[-46,125],[36,49],[-73,73],[-126,-5],[-58,15]],[[37896,56056],[52,-79],[58,-60],[77,48],[77,29],[56,68],[45,29],[90,-26],[147,35],[42,28],[38,-12],[36,-57],[43,-24]],[[38937,55214],[-43,-64],[-99,-123],[16,-42],[46,-40],[-17,-79],[-31,-54],[-65,-24],[-44,-43],[-142,-78],[-142,17],[-73,-76],[0,-50],[-62,-55],[-50,6],[-63,-102],[-42,-32],[-118,-8],[-76,-73],[-60,-11],[-20,45],[49,59],[-28,76],[-43,49],[-23,-21],[-43,60],[-56,16],[-46,33],[-3,93]],[[36179,55688],[46,37],[14,36],[52,29],[-4,61],[-70,69],[-6,77]],[[36211,55997],[32,-91],[45,0],[30,77],[34,31],[20,71],[37,-22]],[[35921,56062],[14,-46],[62,7],[168,-142],[57,14],[-19,40],[8,62]],[[36717,56822],[-24,50],[6,105],[-88,81],[-129,73],[-25,71],[-35,40],[-84,48]],[[36338,57290],[12,63],[68,21],[94,-31],[49,33],[16,80]],[[36338,57290],[-40,-18],[-76,6],[-35,-55],[-45,17],[-33,-97],[-55,-29],[-8,103],[71,21],[-34,41],[-73,8],[-57,25]],[[36176,57534],[44,26],[118,-41],[172,59],[82,-25]],[[32043,58279],[-17,-38],[66,-38],[20,23],[53,-11],[14,-91],[39,-16],[-7,-45],[-50,31],[-32,-19],[-26,38],[-43,-9],[-28,-50],[-46,0],[4,71],[-75,-4],[-21,37],[149,121]],[[32388,58239],[64,-108],[45,-27],[-64,-45],[17,-72],[-10,-97],[-44,25],[-22,91],[23,68],[-50,129],[41,36]],[[31869,58235],[17,-31],[-15,-49],[-60,2],[19,73],[39,5]],[[35149,58202],[-27,4],[-39,103]],[[32337,57925],[25,-49],[-33,-41],[13,-50],[-37,-98],[-19,-13],[92,-115],[-19,-136],[-20,-3],[-25,-107],[-54,-98],[20,-27],[-57,-62],[33,-88],[-42,-44],[34,-117],[-25,-66],[34,-55],[44,31],[88,2],[46,33],[26,54],[57,24],[31,-20],[40,44],[78,4],[8,-101],[26,-88],[-1,-39],[-177,-98],[-29,-58],[-5,-54],[-125,1],[-35,17],[-11,-93],[-32,8],[-61,-37],[23,-26],[-12,-89],[-48,0],[-9,-62],[50,-34],[-27,-54],[37,-22],[31,-106],[-31,-34],[-36,5],[-51,38],[-63,-37],[-23,-69],[41,-84],[-30,-93],[-74,16],[-14,61],[4,151],[-16,39],[15,59],[-25,46],[21,53],[54,44],[-86,34],[8,62],[100,-61],[22,14],[-20,64],[-47,12],[-18,53],[-42,23],[-38,-26],[-37,25],[75,59],[-13,53],[-66,-36],[-46,32],[-53,7],[-9,66],[-39,100],[66,32],[6,28],[64,-17],[-3,-34],[51,-5],[38,60],[45,-13],[19,27],[-50,76],[37,30],[-45,50],[6,154],[40,55],[43,28],[41,-5],[22,-131],[83,21],[-36,73],[16,55],[-9,48],[26,160],[84,29],[32,53],[2,91],[-46,4],[27,55],[-53,60],[25,22],[16,113],[24,41],[2,58],[31,38]],[[31692,56456],[43,-35],[13,-47],[54,37],[68,-87],[-2,-54],[50,-56],[-56,-37],[25,-24],[11,-98],[-27,-38],[33,-67],[-14,-43],[-40,-1],[-43,83],[17,44],[-70,-10],[-83,10],[-63,59],[-67,149],[55,27],[12,-49],[88,-9],[-53,80],[36,18],[-50,57],[47,9],[16,82]],[[31552,56452],[31,-17],[-22,-72],[-27,-14],[-13,1],[-1,-11],[-6,9],[-9,0],[0,-40],[-36,-26],[-46,24],[-44,64],[44,35],[46,-1],[5,-35],[22,-4],[9,-16],[11,-1],[4,6],[1,15],[6,18],[-6,26],[31,39]],[[31693,56663],[36,-25],[-11,-59],[-75,-2],[50,86]],[[32735,57008],[39,-35],[-31,-50],[-46,48],[38,37]],[[40775,54077],[65,19],[31,-17],[61,31],[29,66],[32,-1],[53,68],[38,68]],[[41084,54311],[32,-6],[22,-101],[57,-65],[58,-9],[32,-39],[35,7],[76,57],[100,22],[48,-13],[69,12],[45,-21],[87,32],[24,57],[45,-35],[6,-30],[143,31]],[[41963,54210],[20,-15],[79,21],[97,-58],[64,-8],[101,-132]],[[42324,54018],[-2,-49],[30,-63],[-1,-72],[-80,-31],[-12,-161],[49,-107],[-11,-67]],[[42297,53468],[-75,-66],[-68,-33],[-48,26],[-99,-5],[-29,-43],[-64,-33]],[[41914,53314],[-66,20],[-85,-5],[-50,12],[-25,58],[16,99],[-60,63],[-49,3],[-20,47],[-73,54],[-54,-37],[-42,28],[-23,43],[-123,-53],[-50,23],[-63,-1],[-45,-60],[-147,-40],[-82,-57],[-23,-50],[16,-52],[-99,-26],[37,-134],[-46,-58],[20,-86],[60,-6],[31,-23],[-13,-51]],[[40856,53025],[-41,-5],[-53,-36],[-60,-117],[-41,-33],[-25,-56],[19,-45],[-37,-30]],[[40618,52703],[-52,-23],[-27,26],[-42,-16],[-28,88],[-32,39],[-36,85],[-53,-55]],[[40348,52847],[-59,15],[-30,-18],[-29,61],[-69,13],[-33,-19],[-62,22],[-56,-31],[-89,68],[-40,-12],[-17,-47],[-46,-51],[-54,13],[-15,44],[33,59],[-19,19],[67,123],[-28,29]],[[39802,53135],[49,77],[47,7],[67,68],[21,42],[-42,97],[21,52],[-22,75],[-82,7],[-36,47],[-1,58],[24,41],[84,-10],[12,44],[-65,26],[-113,66],[66,116],[64,30],[34,-32],[71,130],[73,113],[98,107],[38,-29],[88,87]],[[40298,54354],[130,-131],[50,-41],[50,-78],[-32,-11],[-1,-53],[-33,-50],[63,-33],[56,-76],[73,50],[20,52],[35,32],[18,54],[48,8]],[[41108,51999],[14,-37],[-43,-66],[-1,-64]],[[41078,51832],[17,-75],[63,-19],[41,-51],[52,-20],[2,-118],[34,-52],[-10,-23],[43,-86],[67,40],[53,-80],[95,52],[9,-54],[41,-47]],[[41585,51299],[-47,-39],[-37,-84],[-28,-14],[-94,48],[-85,-48],[-11,-30],[-67,28],[-149,1],[-66,13],[-39,-30],[-31,42],[-77,-14],[-28,45],[-30,-41],[-38,-7]],[[40758,51169],[-112,40],[-47,51],[-103,88],[-81,43],[-18,99]],[[40397,51490],[21,36],[10,73],[32,38],[8,60],[36,9],[41,71],[4,55],[106,129],[68,31],[26,65],[26,-3],[55,100],[-17,43],[-59,23],[3,63],[-49,55],[31,68]],[[40739,52406],[72,-36],[3,-65],[35,-15],[14,-48],[4,-143],[55,5],[35,-105],[26,-14],[74,25],[51,-11]],[[39686,56958],[24,-98],[38,-53]],[[39748,56807],[14,-67],[-42,-90],[-52,-56],[-5,-47],[-66,-41],[-10,-27]],[[39587,56479],[-24,17],[15,73],[-42,-13],[-61,15],[-51,-74],[-39,2],[-22,37],[-55,-1],[-31,-23]],[[39277,56512],[-31,112],[-10,175],[-23,43],[-38,-3],[-22,57]],[[39248,51997],[24,-33],[7,-58],[60,-42],[106,-3]],[[39445,51861],[66,-66],[86,-25],[22,-41],[60,-41],[28,23],[143,65],[143,-20],[26,8]],[[40019,51764],[64,-54]],[[40083,51710],[27,-64],[-41,-51],[-33,-82],[-132,-5],[-60,-30],[-30,-76],[-121,-10],[-42,30],[-88,-44],[-53,38],[-28,-4],[-6,-106]],[[39476,51306],[-46,-42],[-135,-11],[-202,39],[3,27],[-59,62],[-28,84],[-35,20],[-100,115]],[[38874,51600],[36,81],[65,68],[-44,59],[78,78],[39,88],[110,34],[39,34],[51,-45]],[[40264,56005],[-22,-110],[-46,-10],[-210,61],[-8,-25]],[[39978,55921],[-35,-43],[-190,57],[-31,15],[2,175],[-125,77],[-24,0],[-95,76]],[[39480,56278],[105,159],[2,42]],[[39748,56807],[161,43],[114,-26]],[[40023,56824],[62,-11],[41,-30],[18,-46],[-34,-24],[-22,-103],[73,17],[48,-67],[56,-52]],[[40265,56508],[-27,-48],[-66,-60],[-13,-43],[48,-16],[11,-115],[-53,-36],[27,-101],[72,-84]],[[41383,57542],[31,-75]],[[41414,57467],[-41,-48],[-9,-84],[-42,8],[-64,-52],[37,-66],[-43,-35],[-37,-87],[3,-127],[-55,-38],[-15,-53],[-51,-14],[-23,-37],[-80,22],[-58,-77],[-60,-57],[-49,-19]],[[40827,56703],[-47,32],[-80,-23],[-43,-87],[-51,-1],[-109,-62],[-19,-81],[-81,-30]],[[40397,56451],[-86,72],[-30,7]],[[40281,56530],[13,102],[22,34],[77,-22],[20,59],[-61,27],[26,71],[-33,45],[26,74],[-49,21],[-7,86],[65,22],[25,139],[-19,25],[-74,10],[6,45],[-21,80],[36,42],[59,22],[28,83],[-25,42],[23,34]],[[40806,56421],[-7,106],[8,94],[-8,44],[28,38]],[[41414,57467],[95,18],[16,-28],[51,8],[68,-53],[5,-49],[32,-18],[17,-57],[36,6],[87,-83],[61,20],[62,-14],[53,-36],[11,-63],[58,-86]],[[42066,57032],[-76,-124],[7,-98],[-19,-83],[-56,-76],[71,-64]],[[41993,56587],[-25,-27],[-70,2],[-7,-30],[-64,-66],[-81,6],[-110,-36],[-132,7],[13,-74],[-131,32],[-18,-31],[5,-71],[-33,-43]],[[41340,56256],[-27,38],[-94,35],[-69,8],[-25,-20],[-87,56],[-114,45],[-88,-9],[-30,12]],[[40166,55076],[104,-41],[50,12],[37,39],[81,-70],[49,-24],[13,-44],[98,-29],[105,-17],[35,-46]],[[40738,54856],[-25,-40],[-86,14],[-53,-54],[-33,-67],[-96,60],[-46,-28],[-37,34],[-58,-28],[-55,39],[-43,6],[-42,-64],[-66,-31],[-97,-19],[-47,24],[-68,-9],[-28,-22],[-86,-24],[-114,-12],[-50,8],[-8,40]],[[39600,54683],[56,9],[72,52],[74,9],[79,138],[60,46],[18,34],[107,32],[44,45],[56,28]],[[38838,53102],[41,-22],[25,59],[45,46],[39,123],[-5,51],[-88,-35],[-91,35],[-53,100],[28,62],[5,70],[118,-29],[82,45],[-4,74],[51,34]],[[39031,53715],[20,-10],[54,94],[83,56],[19,-33],[89,65],[29,-37],[67,15],[-39,-112],[-77,-135],[-45,-197],[-58,-38],[-19,-56],[-34,-33],[39,-31],[0,-50],[-64,-111],[-17,-62],[-58,-17],[-48,-60],[-15,39],[-52,3],[-27,-58],[-50,-11],[-2,62],[-22,60],[18,28],[16,16]],[[39371,54272],[-19,-85],[-49,-42],[40,-19],[-10,-56],[21,-33],[-114,-32],[-140,32],[68,183],[-96,9],[-24,44],[94,104],[41,15],[129,111],[65,-94],[-48,-46],[-6,-54],[48,-37]],[[39464,54264],[73,-113],[-59,-89],[-55,-63],[-10,126],[-18,43],[69,96]],[[39157,53065],[42,-33],[6,-78],[-15,-21],[-62,34],[10,82],[19,16]],[[39144,54006],[53,-30],[-24,-30],[-49,36],[20,24]],[[40738,54856],[89,-89],[44,-20],[113,25],[69,-12]],[[41053,54760],[-3,-17]],[[41050,54743],[-11,-75],[22,-73],[7,-79],[-6,-167],[22,-38]],[[40775,54077],[-88,86],[37,39],[-45,41],[-37,-27],[-106,76],[5,33],[-198,105],[-57,54]],[[40286,54484],[56,5],[66,-67],[16,35],[-18,56],[7,52],[-15,45],[-79,-46],[-111,-22],[-91,-43],[-42,5],[-59,-27],[-80,16],[-99,-9],[-19,12],[-164,-82],[-124,7],[-100,-51],[-40,20],[10,60],[-45,60],[47,47],[83,33],[115,93]],[[39569,54402],[82,-16],[1,-98],[-90,-99],[-30,41],[0,60],[-65,71],[102,41]],[[42066,57032],[108,1],[39,28]],[[42213,57061],[48,-57],[289,68],[32,61],[100,20],[34,-72],[143,55],[30,36],[81,-29],[94,1],[24,-14]],[[43088,57130],[-18,-80],[-56,-25],[15,-64],[69,-7],[20,-32],[76,-46],[7,-171],[142,3],[28,-66],[45,-16],[49,15],[47,-9]],[[43512,56632],[11,-81],[-12,-49],[36,-100],[5,-101]],[[43552,56301],[-123,-41],[-8,-19],[-115,-92],[-153,-64],[-36,58],[-48,30],[-100,-35],[-19,12],[-121,14],[-95,-24]],[[42734,56140],[-39,9],[-125,-28],[-27,32],[-154,82],[-62,-6],[0,32],[-170,48],[4,-45],[-48,-18],[-65,21]],[[42048,56267],[-50,67],[48,66],[-43,111],[33,33],[-43,43]],[[37078,53319],[13,-18],[109,-17],[75,35],[115,1],[69,-65],[21,2],[-5,136],[-59,56],[30,72],[48,69],[46,-1],[62,79],[-7,119],[51,123],[-45,72]],[[37601,53982],[17,20],[90,-2],[47,20],[123,7],[90,-14],[37,-104],[-10,-44],[26,-130],[-29,-54],[84,-152],[-18,-51],[-43,-37],[32,-30],[-5,-29],[15,-49],[17,-24],[6,-45],[36,-57],[-43,2],[10,-50],[-63,-54],[19,-86],[40,25],[54,-21],[20,-42],[-34,-37],[46,-72],[-37,-26],[-59,-116],[5,-74],[-25,-13],[-93,-120],[-68,-22],[-24,40],[1,59],[46,60],[-11,25],[-85,-98],[-36,-12],[26,-54],[-47,-10],[-30,-39],[31,-25],[81,-3],[16,-36],[-30,-39],[-60,-43],[-82,34],[-57,-63],[-83,-157],[-74,4],[6,-47],[46,14],[-12,-110],[-57,-22],[-39,12],[-51,-34],[44,-41],[-39,-45],[-80,0],[-71,-61],[-22,46],[-57,2],[16,-59],[-50,-71],[-52,5],[-2,61],[-56,-38],[-52,50],[26,21],[15,87],[78,28],[-12,81],[-119,28],[-34,42],[-43,-39],[-24,48],[59,134],[63,90],[56,38],[34,60],[74,19],[6,-92],[46,99],[47,-27],[39,-71],[2,-52],[57,-2],[23,64],[-7,109],[-40,-16],[-21,40],[-83,22],[-7,-51],[-45,26],[-121,1],[-60,-11],[8,46],[-15,54],[-61,12],[1,106],[-32,89],[25,65],[43,60],[32,8],[22,170],[44,155],[60,72]],[[38838,53102],[-16,81],[-48,-73],[-65,-45],[-109,-21],[-158,44],[-19,59],[-67,-10],[-7,-43],[-43,-67],[0,-36],[-48,-20],[-48,19],[62,60],[-11,99],[-63,17],[-35,-20],[-31,70],[-46,53],[-3,35],[-23,33],[-5,60],[63,36],[180,83],[43,56],[119,32],[67,53],[-4,35],[90,80],[25,45],[100,27],[44,-1],[85,36],[53,-18],[-5,-41],[109,-26],[7,-79]],[[38845,52766],[46,-40],[52,-18],[-53,-50],[-20,-58],[-80,-87],[-46,-8],[-28,-31],[-74,32],[27,39],[63,1],[-21,101],[40,26],[38,72],[56,21]],[[38632,52867],[29,-32],[107,-71],[-58,-25],[-43,-48],[-27,51],[-75,15],[-12,54],[60,-9],[19,65]],[[37136,51741],[57,-64],[-19,-29],[64,-56],[-20,-53],[-66,103],[-43,-33],[-45,10],[38,68],[-8,35],[42,19]],[[37723,52293],[38,-21],[-10,-59],[-61,-15],[-6,60],[39,35]],[[38821,52891],[21,-52],[-29,-20],[-42,38],[50,34]],[[38219,52947],[1,-80],[-34,-10],[2,68],[31,22]],[[40905,55978],[-88,-39],[-32,13],[28,53],[-5,166],[-30,-2],[-23,58],[27,132],[24,62]],[[41340,56256],[44,-44],[37,-8]],[[41421,56204],[-59,-9],[-57,-53],[-161,-57],[-135,-89],[-12,31],[-52,-9],[-40,-40]],[[41050,54743],[45,-7],[81,-62],[41,-60],[-4,-26],[67,-81],[91,12],[22,63],[105,56],[28,-2],[35,54],[12,58]],[[41573,54748],[83,-14],[59,18]],[[41715,54752],[92,-51],[97,4],[44,-60],[59,6],[72,-15],[-29,-52],[-72,1],[56,-156],[11,-93],[-44,-28],[-49,-63],[11,-35]],[[40265,56508],[16,22]],[[40397,56451],[-28,-4],[-47,-98],[49,-52],[14,-98],[-23,-49],[-53,-152],[-45,7]],[[39947,57436],[34,-22],[22,-68],[-15,-35],[44,-59],[48,-38],[28,-72],[12,-84],[-22,-74],[-48,-1],[19,-119],[-46,-40]],[[39480,56278],[-30,-29],[-72,32],[-91,98],[18,44],[-28,89]],[[42048,56267],[-94,-164],[45,-28],[79,16],[64,-50],[-35,-33]],[[42107,56008],[-85,31],[-85,-3],[-102,-37],[-124,-23],[-48,-58],[-36,-22],[-24,-45],[-36,-6]],[[41567,55845],[-3,20]],[[41564,55865],[-56,30],[4,58],[-59,26],[-5,84],[9,86],[-36,55]],[[41320,55772],[2,37],[-39,46],[-68,-6],[-15,94],[-75,7],[-17,31],[-203,-3]],[[41564,55865],[-52,-30],[-94,-21],[-67,-63],[-31,21]],[[42213,57061],[35,73],[36,21],[5,60],[26,71],[-37,39],[20,63],[50,50],[-30,41]],[[42318,57479],[68,13],[25,74],[103,34],[11,-60],[34,13],[36,66],[47,-29],[7,-44],[123,-49],[116,19],[38,-14],[67,56],[92,-22],[44,10]],[[43129,57546],[-5,-95],[13,-42],[60,-59],[37,25]],[[43234,57375],[18,-42]],[[43252,57333],[-135,-124],[-29,-79]],[[42318,57479],[-49,92],[-78,69],[-13,66],[-68,79],[30,64],[6,102],[46,98],[60,-39],[57,2],[61,54],[40,12],[16,37],[112,6],[38,-24],[76,-16]],[[42652,58081],[70,-23],[21,17],[62,-29]],[[42805,58046],[22,-19],[15,-64],[56,-21],[25,-44],[74,-32],[0,-33],[70,-57],[30,-77],[-18,-78],[50,-75]],[[43252,57333],[102,-127],[27,-134],[23,-40],[-10,-42],[61,-54],[65,-85],[-3,-81],[84,-34],[-38,-87],[-51,-17]],[[43552,56301],[-3,-67],[21,-68],[34,-51],[41,-15],[120,-127],[82,-27],[64,-55],[37,-70]],[[43948,55821],[-34,-28],[-112,6],[-53,-12],[-28,23],[-108,-31],[-40,-53],[-14,-85],[-45,-37],[-6,-79],[-42,-13],[-1,-47],[48,-49],[-25,-59],[-39,-42]],[[43449,55315],[-114,30],[-22,49],[-35,16],[-6,40],[24,81],[-67,97],[-73,12],[-44,63],[-57,30],[-54,3],[-29,-26],[-6,-68],[-78,-64],[-62,5]],[[42826,55583],[-20,73],[15,136],[-52,48],[10,34],[-8,96],[-54,109],[17,61]],[[42107,56008],[-29,-37],[36,-43],[4,-59],[-43,-39],[38,-72],[-14,-52],[70,-9],[32,-56]],[[42201,55641],[-187,-129]],[[42014,55512],[-62,41],[-80,-72],[-37,27],[-73,14],[-81,-21],[-35,19]],[[41646,55520],[-95,135],[45,84],[-29,106]],[[42826,55583],[-37,-24],[-120,-4],[-20,24],[-165,-36],[-60,-36],[-43,36],[-84,-23],[-60,20],[-41,64],[5,37]],[[40963,55105],[-14,51]],[[40949,55156],[75,28],[71,63],[28,-5],[37,47]],[[41160,55289],[56,-24],[45,-90],[94,23],[-23,114],[53,41],[-2,50],[188,21],[66,40],[9,56]],[[42014,55512],[-9,-39],[-74,-53],[-84,-42],[-55,-48],[-50,-21],[-49,-47],[-40,-9],[6,-73],[-24,-75],[21,-18],[10,-159],[18,-22],[-36,-52],[2,-61],[65,-41]],[[41573,54748],[-4,61],[-44,39],[-39,-5],[-15,63],[-54,3],[-27,54],[-66,-35],[-64,5],[-52,51],[-37,2],[-16,-52],[-33,16],[1,73],[-50,40],[-110,42]],[[41061,55378],[99,-89]],[[40949,55156],[-51,42],[-182,21],[86,76],[92,22],[42,54],[53,-12],[72,19]],[[41061,55378],[90,42],[-57,93],[14,96],[99,39],[13,41],[37,20],[70,0],[-7,63]],[[41053,54760],[-33,108],[-33,22],[3,39],[-58,45],[-2,57],[44,19],[-11,55]],[[43449,55315],[4,-58]],[[43453,55257],[-18,-2],[-103,-97],[-30,9],[-85,-52],[-55,-77],[5,-62],[-28,-42],[-1,-137],[-61,-1],[-62,53],[-43,-27],[-15,-71],[-68,-66],[-19,-61],[-39,-13],[-3,-46],[22,-39],[-21,-53],[2,-72],[17,-68],[-31,-47],[-39,-15],[-6,-60]],[[42772,54211],[-89,-3],[-71,36],[-32,-5],[-84,23],[-47,-34],[-29,-112],[6,-65],[-78,-7],[-24,-26]],[[40298,54354],[-70,82],[-7,27],[65,21]],[[40348,52847],[-33,-64],[-166,-76],[-17,-99],[60,-106],[-73,-101],[28,-18],[6,-79],[46,-15],[-86,-50],[-36,-44],[6,-85],[-37,-41],[15,-84],[-31,-116],[28,-24],[-39,-81]],[[39445,51861],[118,29],[-1,76],[15,98],[-29,53],[-109,38],[-14,22],[13,64],[-26,46]],[[39412,52287],[22,56],[51,9],[66,83],[-94,8],[-3,93],[-28,35],[87,130],[58,54],[71,28],[1,21],[-97,52],[118,135],[138,144]],[[39248,51997],[-5,62],[-38,56],[37,21],[9,67],[93,57],[10,55],[-20,41],[51,15],[27,-84]],[[41078,51832],[159,5],[37,28],[-14,40],[-42,1],[-3,85],[19,55],[85,12],[116,69]],[[41435,52127],[48,-53],[9,-70],[32,-70],[-61,-75],[47,-31],[53,9],[27,-59],[-3,-38],[153,-187],[-68,-121],[66,-31],[31,-43]],[[41769,51358],[-67,12],[-18,-41],[-99,-30]],[[41929,52790],[42,-75],[-4,-41],[38,-101],[44,-28],[72,-114],[-41,-93]],[[42080,52338],[-48,-23],[39,-43],[-12,-90],[19,-46],[51,-60],[110,-23],[40,-66],[32,11],[3,48],[52,30],[50,-37],[53,42]],[[42469,52081],[52,10],[73,-71],[14,-67],[56,-114],[85,-30],[20,-60],[-15,-121],[39,-82]],[[42793,51546],[-67,-49],[-67,14],[-69,32],[-56,-23],[-75,33],[-37,55],[-102,0],[-29,29],[-49,-31],[-60,-74]],[[42182,51532],[-40,23],[-13,73],[19,56],[-9,39],[-39,16],[16,108],[19,24],[-65,87],[-24,-2],[-154,140],[-7,37],[-55,-17],[-48,25],[-5,50],[26,30],[-67,91],[-15,99],[17,27],[-17,53],[-100,111]],[[41621,52602],[31,36],[6,45],[37,68]],[[41695,52751],[35,32],[71,-3],[32,27],[50,-24],[46,7]],[[42080,52338],[99,50],[43,80],[54,57],[38,-5],[16,-44],[72,-15],[27,-25],[40,-81],[21,-7]],[[42490,52348],[-7,-19],[23,-104],[-51,-25],[-15,-33],[6,-62],[23,-24]],[[42297,53468],[12,-95],[85,-172],[41,-37],[17,-42],[126,-4],[33,-157],[29,-54],[-30,-54],[21,-68],[67,-36],[25,8],[61,-110],[-32,-138]],[[42752,52509],[-56,-113],[-104,-86],[-62,41],[-40,-3]],[[41929,52790],[0,85],[38,88],[35,11],[16,42],[-9,86],[-57,33],[-16,67],[-35,30],[13,82]],[[41108,51999],[45,61],[-3,62],[43,49],[-12,25],[25,60],[-7,117],[43,36],[13,64],[-65,61],[-53,-31],[11,72],[-7,79],[-20,37],[16,62],[-65,87],[-3,64]],[[41069,52904],[70,-17],[61,51],[54,-85],[41,-7],[68,-56],[26,-68],[54,-16],[71,64],[181,-19]],[[41621,52602],[-82,-94],[4,-90],[27,-20],[-54,-44],[-91,-96],[10,-131]],[[41069,52904],[-16,58],[-58,22],[-105,-9],[-34,50]],[[40739,52406],[-23,78],[14,32],[-65,90],[-47,97]],[[40397,51490],[-77,23],[-74,7],[-27,44],[-12,84],[-25,67],[-99,-5]],[[42182,51532],[2,-63],[-95,-71],[-11,-55],[11,-46],[-69,-6],[-41,-29]],[[41979,51262],[-49,27],[-61,-21],[-27,39],[-58,17],[-15,34]],[[37078,53319],[53,104],[51,69],[-14,65],[28,83],[36,8],[-63,168],[-43,17],[-77,59],[69,53],[63,-12],[-26,-61],[57,-72],[117,6],[31,31],[54,19],[78,65],[109,61]],[[46670,58077],[-46,113],[-72,-6],[-34,-33],[-77,-20],[-55,-43],[-21,16],[-52,-34],[-112,-36],[-85,-58],[-34,27],[-98,-137],[32,-45],[-23,-114],[-50,-142],[19,-35],[-46,-52],[8,-98],[-74,-11],[-74,58]],[[45776,57427],[-91,18],[-77,-41],[-27,31],[-68,19],[-122,78],[-58,-1],[-31,-30],[-69,29],[-34,50],[-46,7],[-26,41],[-64,-6],[-107,-88],[-74,-17],[-59,-52],[29,-30],[-38,-70],[-104,-37],[-49,12],[-46,48],[-12,68],[-55,20],[-17,-35],[-90,-56],[-20,12],[-5,69]],[[44416,57466],[78,107],[5,68],[-30,24],[5,52],[46,24],[28,46],[48,3],[25,-26]],[[44621,57764],[12,54],[34,-10],[35,48],[63,42],[23,37],[75,17],[21,68],[63,76],[83,51],[9,62],[-27,43],[28,68],[-2,66],[16,42],[-63,5],[-39,27]],[[44952,58460],[-25,36],[8,71]],[[44935,58567],[33,1],[81,-51],[62,1],[198,-76],[57,69],[74,35],[244,72],[31,-98],[29,14],[-28,93],[72,28],[59,1],[70,-30],[153,-114],[0,-23],[64,-59],[41,-14],[0,68],[61,0],[17,-46],[48,20],[25,-21],[120,-18],[89,32],[96,11],[78,44],[75,-44],[-19,62],[86,42],[102,15],[0,-37],[-44,-49],[-29,-64],[-53,2],[-41,-76],[32,-41],[-29,-62],[-31,-19],[-43,-109],[-45,-49]],[[47233,58656],[-3,-28],[-56,-22],[-30,37],[89,13]],[[44952,58460],[-59,21],[-31,-14],[12,-135],[-96,14],[-22,-28],[-105,64],[-13,39],[-105,-52],[-11,32],[-123,-41],[-61,-38],[-116,39],[-17,91],[80,107],[-17,103],[83,14],[74,52],[-11,33],[23,81],[57,58],[3,36],[-72,13],[-41,-39],[-72,38]],[[44312,58948],[-11,53],[31,62],[-8,42],[79,-4]],[[44403,59101],[35,-41],[91,13],[162,59],[80,-13],[52,-37]],[[44823,59082],[-3,-106],[44,-125],[-6,-56],[30,-173],[47,-55]],[[43194,60800],[102,0],[90,-77],[86,-21],[35,61],[70,-49],[-15,-27],[64,-41],[28,-58],[29,-17]],[[43683,60571],[-34,-175],[-64,3],[-40,-107],[23,-76],[85,-165],[-70,-115],[-63,-28],[-30,9],[27,-142],[-15,-32],[11,-57],[41,-78],[5,-103],[-65,4],[-80,-11],[9,-90],[-41,-68],[44,-51],[-22,-63],[-52,-48]],[[43352,59178],[-54,-21],[-38,-62],[-43,50],[-59,-15],[-20,55],[-37,47],[-52,-43],[-24,16],[-40,82],[-59,-6],[-32,-60],[-69,26],[-85,102],[-44,-1],[-54,-28],[-62,-2],[-42,-71],[-17,-74]],[[42521,59173],[-167,-14],[-20,85],[-61,55],[-3,75],[-78,38],[-54,76],[-35,10],[-60,71],[0,37],[-102,30],[-1,48],[-52,66],[-52,38]],[[42521,59173],[33,-10],[-29,-146],[53,7],[7,-36],[-37,-87],[-35,-26],[8,-42],[-38,-67],[-38,-20],[-12,-42],[-12,-126],[18,-53],[82,7],[14,35],[42,-1],[20,-93],[100,-83],[-17,-18],[6,-106],[-18,-62],[-16,-123]],[[46862,55267],[-64,-34],[-63,-2],[-76,-27],[-15,74],[30,53],[-29,133],[26,86],[57,99],[-7,98],[-56,-23],[-71,12],[-53,65],[-93,-49],[-99,36],[-3,37],[-96,20],[-78,-3],[-96,-34],[-5,-83],[-19,-13],[-16,-118],[-51,-41],[-31,-110],[-29,-12],[-55,19],[-105,-40],[-147,21],[-40,-9],[-80,27],[-39,-9],[-111,13],[-35,-6],[-57,-84],[-54,-43],[-170,30],[-127,68],[-19,29]],[[44886,55447],[12,101],[35,68],[-126,96],[-51,59],[-45,76]],[[44711,55847],[36,11],[64,74],[105,21],[127,69],[14,41],[121,84],[92,-34],[46,14],[24,60],[62,51],[0,44],[27,34],[-16,72],[30,11],[76,-30],[-18,57],[-36,14],[62,71],[42,-11],[26,74],[80,55]],[[45675,56629],[37,-52],[78,-4],[68,38],[40,50],[102,32],[67,-15],[91,24],[50,-12],[114,58],[-28,73],[-15,82],[36,46],[21,75],[38,27],[-13,49]],[[46361,57100],[130,-9],[37,-26],[66,67],[28,-9],[58,23],[202,0],[52,63],[42,31],[57,1],[102,50],[68,-38],[33,20],[81,-52],[76,44],[4,24],[77,37]],[[47474,57326],[22,-59],[-23,-41],[-75,-4],[-40,-45],[-160,21],[-37,25],[-58,-4],[-53,-52],[-12,-123],[-95,-98],[37,-62],[-55,-10],[-43,-45],[34,-55],[85,-56],[75,-9],[-14,-51],[61,-20],[6,-50],[43,10],[76,-57],[28,15],[89,-60],[55,39],[26,-49],[67,-32],[67,48],[60,-3],[-3,80],[54,-34],[79,-10],[63,16],[57,-30],[14,-74],[-45,-1],[-42,34],[-173,1],[-89,-37],[-13,-47],[-37,-14],[7,-100],[-57,25],[-29,33],[6,39],[-80,4],[25,-52],[2,-89],[24,-60],[51,30],[35,-36],[-98,-120],[-18,-48],[-38,6],[-75,-106],[-44,-42],[35,-44],[9,-79],[45,63],[61,-37],[29,40],[-60,63],[55,31],[59,-50],[53,-9],[0,-64],[-31,-28],[-83,-40],[-75,-86],[24,-19],[-26,-49],[-43,16],[16,50],[-63,38],[-42,-26],[13,-46],[-64,-79],[-87,7],[-70,48],[-20,-52],[-42,23],[29,40],[-3,47],[-58,7],[-17,-85],[-65,-25],[17,-45],[-40,-26],[59,-80],[-31,-83],[62,-21]],[[47122,56983],[34,-32],[-56,-58],[0,-73],[-33,-51],[-42,-6],[-33,51],[75,67],[-7,75],[62,27]],[[47854,56738],[28,-46],[-4,-42],[-45,-53],[-20,58],[33,23],[8,60]],[[46983,55487],[76,-33],[0,-35],[-63,-5],[-13,73]],[[46670,58077],[-51,-11],[-92,-155],[36,-76],[-101,-76],[8,-69],[25,-30],[63,-7],[95,-41],[120,101],[30,-46],[45,-11],[86,45],[60,-16]],[[46994,57685],[-63,-28],[-39,-36],[-74,-2],[-68,-54],[-75,-32],[-54,7],[-67,-23],[-75,-65],[-25,7],[-45,-61],[-53,-17],[-35,-38],[29,-98],[63,-20],[-12,-49],[-34,-34],[-6,-42]],[[45675,56629],[15,20],[-26,101],[-32,36],[-37,105],[-45,50],[-19,58],[30,105],[48,-26],[64,39],[5,81],[-31,23],[-2,82],[40,79],[91,45]],[[46994,57685],[19,-22],[-73,-32],[-37,-70],[-74,11],[-15,-55],[-43,-24],[-22,-43],[-61,-5],[82,-78],[69,10],[25,34],[45,-42],[39,-9],[27,39],[63,-74],[48,-13],[32,89],[49,-82],[53,-16],[7,36],[64,-3],[-9,-39],[46,-18],[75,37],[-22,70],[21,76],[53,-3],[-14,-79],[33,-54]],[[47518,57590],[30,-30],[-26,-35],[-41,39],[37,26]],[[43234,57375],[62,81],[109,-25],[57,19],[53,104],[36,34],[17,76]],[[43568,57664],[74,12],[50,-44],[59,16],[100,-98],[112,24],[25,-27],[80,9],[30,33],[-33,34],[95,50],[35,95],[59,38],[16,41],[172,8],[26,-24],[64,11],[66,-34],[23,-44]],[[44416,57466],[-69,-63],[-33,-63],[27,-43],[-45,-31],[34,-59],[-26,-72],[-37,-54],[-60,-12],[19,-86],[42,6],[29,-43],[58,-12],[57,-34],[28,-221],[-74,-126],[-5,-82],[-50,-42],[13,-44],[-20,-70],[-22,-15],[33,-65],[7,-109],[-67,-89],[47,-37],[-52,-90],[-131,-83],[-65,-12],[-14,-26]],[[44040,55789],[-35,34],[-57,-2]],[[45075,61184],[25,-64],[13,-108],[26,-33],[-3,-115],[116,-83],[-32,-63],[9,-63],[30,-67],[48,4],[39,-42],[-39,-120]],[[45307,60430],[-63,-15],[-64,-54],[-55,-70],[0,-23],[-89,-176],[-28,-23],[19,-157],[-65,-11],[-172,113],[-35,2],[-52,70],[-84,28],[-38,66],[-9,51]],[[44572,60231],[-78,64],[-45,5],[3,56],[-70,44],[19,63],[66,26]],[[44467,60489],[31,16],[-53,78],[-2,58],[201,174],[30,-36],[30,46],[7,62],[48,41],[9,45],[62,9],[-14,58],[51,12],[-42,46],[16,48],[40,22],[40,-35],[76,31],[40,36],[38,-16]],[[45307,60430],[-19,-94],[1,-57],[25,-85],[42,-57],[18,-51],[12,-146],[25,-70],[104,-30],[37,-64],[123,-10],[-34,-47],[-12,-56],[66,-24],[105,23],[9,32],[53,48],[65,9],[60,-24]],[[45987,59727],[-46,-80],[-45,-187],[-78,2],[-78,41],[0,29],[-58,34],[-37,-18],[-93,23],[-5,-48],[-40,-31],[54,-29],[4,-48],[45,-41],[-14,-108],[-111,-5],[-31,-16]],[[45454,59245],[-8,88],[-60,20],[-84,44],[-39,-37],[-51,-6],[-15,56],[-52,9],[20,102],[-40,78],[-51,-10],[-5,-47],[-57,-32],[-53,-60],[14,-47],[-66,-1],[-12,-35],[-136,-13],[-15,-31],[-149,53],[-18,-90],[17,-29],[-94,-110],[-10,4]],[[44490,59151],[-40,98],[-93,20],[-8,35],[40,107],[33,20],[-13,73],[38,18],[25,56],[-7,43],[26,24],[-7,59],[-42,119],[8,37],[-97,102],[26,77],[55,49],[86,-27],[1,58],[-54,56],[105,56]],[[44312,58948],[-89,11],[-73,-68],[-92,-18],[-93,25]],[[43965,58898],[-105,34],[-50,91],[-127,-15],[-37,39],[-21,57],[-45,41],[-92,38],[-6,-32],[-58,-2],[-18,29],[-54,0]],[[43683,60571],[218,14],[75,-14],[23,-48],[52,-2],[47,27],[187,-5],[62,-27],[76,7],[44,-34]],[[44490,59151],[-87,-50]],[[44711,55847],[-109,-52],[-91,-2],[-30,-65],[-52,-41]],[[44429,55687],[-110,10],[-115,-26],[-76,-39],[-80,47],[11,39],[-19,71]],[[43568,57664],[12,85],[82,76],[69,52],[65,25],[26,-12],[50,34],[46,60],[-29,27],[-51,-38],[-34,61],[35,39],[-100,76],[-41,100],[-64,102],[54,31],[39,58],[41,29]],[[43768,58469],[23,96],[62,50],[111,140],[-84,70],[44,12],[41,61]],[[45075,61184],[56,53],[33,5],[25,-74],[48,2],[-10,74],[67,35],[39,-34],[72,0],[-2,-53],[91,-27],[58,51],[38,-61],[22,-63],[72,44],[34,-39],[35,-88],[52,-64],[48,2],[42,-166],[32,-57],[38,-2],[57,-100],[43,-51],[-5,-39],[39,-76],[4,-104],[19,-20],[-28,-52],[-35,-117],[-18,-100],[8,-59],[44,15],[-1,-184],[-61,7],[-44,-115]],[[45740,61575],[61,-13],[38,-28],[-75,-44],[-54,-55],[-40,28],[-63,3],[-5,56],[51,-2],[66,64],[21,-9]],[[45454,59245],[-99,-13],[-6,-129],[-62,-19],[-121,34],[-49,-15],[-49,33],[-23,67],[-84,13],[-125,-46],[-13,-88]],[[42805,58046],[27,99],[32,53],[10,55],[36,75],[65,57],[8,70],[34,33],[84,14],[25,84],[69,41],[8,34],[92,30],[4,44],[47,37],[93,2],[81,39],[83,-206],[34,20],[21,-51],[67,-27],[43,-80]],[[44491,50883],[43,8],[61,-31],[76,-11],[101,-57],[103,32]],[[44875,50824],[-51,-163],[-76,-275],[-51,-199],[-28,-153],[-38,-39],[48,-21],[-23,-105],[-35,-39],[-4,-101],[-22,-80],[-6,-171],[17,-113],[78,-120],[69,-78],[29,-1],[-63,-143],[-28,-29],[-18,-61],[18,-32],[-42,-62],[24,-82]],[[44673,48757],[-22,34],[-149,27],[-19,-4],[-82,53],[-30,69],[-70,11],[9,72],[-13,35],[-66,24],[-186,12],[-58,53],[-147,-7],[7,-61],[-118,-48],[-95,32]],[[43634,49059],[-31,76],[-117,-16],[-18,29],[12,96]],[[43480,49244],[-10,67],[-41,51],[-42,81],[31,42],[69,36],[5,61],[62,63],[-23,31],[-16,86],[-40,-16],[-53,21],[-63,3],[-54,-109],[-58,41],[-29,70],[8,102],[-4,82],[47,53],[48,-35],[60,43],[-32,73],[-81,56]],[[43264,50146],[-31,75],[38,77],[25,2],[20,92],[-42,16],[-18,48]],[[43256,50456],[86,46],[54,-113],[4,-35],[64,8],[85,45],[19,-16],[66,20]],[[43634,50411],[37,12],[93,-26],[93,-82],[76,-6],[28,82],[85,19],[64,-28],[58,-56],[16,97],[28,56],[-18,31],[50,70],[5,65]],[[44249,50645],[-5,95],[86,178],[27,28],[71,-46],[22,-38],[41,21]],[[43480,49244],[-32,-2],[-40,-95],[-33,6],[-66,-82],[-12,-62],[-76,-8],[-37,-29],[-66,-121],[-115,29],[-10,65],[-53,37],[-3,32],[-51,53],[-80,13],[-44,-67],[28,-63],[-29,-35],[-13,-119],[-25,-106],[104,-74],[49,-83],[9,-54],[41,-4],[57,-54],[79,15]],[[43062,48436],[40,-11],[63,-79],[4,-35],[54,-38],[34,-3],[26,-47]],[[43283,48223],[-69,-94]],[[43214,48129],[-102,72]],[[43112,48201],[-58,23],[-56,-41],[-106,-27],[-67,27],[-74,89],[-114,98],[-35,-13],[-96,-156],[-35,54],[-8,66],[-48,60],[-31,6],[-35,72],[12,52],[-15,60],[26,36],[-53,49],[-28,50],[24,72],[-13,155],[-91,-18],[-38,33],[-63,3],[-3,46],[55,42],[17,36],[-25,57],[-35,-10],[-47,38],[-24,-19],[-195,31],[-61,108],[-89,-15],[-54,34],[-32,-6]],[[41617,49293],[-40,65],[7,84],[19,29],[-29,68],[43,8],[25,40],[-8,58],[36,109],[41,41],[61,8]],[[41772,49803],[121,2],[62,28],[43,-20],[143,-40],[81,21],[9,54],[150,229],[53,7],[32,-50],[53,-36],[49,2],[91,-47],[67,5],[39,67],[-84,63],[7,47]],[[42688,50135],[50,-3],[14,-42],[42,11],[36,37],[86,39],[51,-15],[39,11],[36,-28],[72,-4],[19,35],[131,-30]],[[46862,55267],[-45,-42],[-6,-36],[-75,6],[-21,-33],[35,-69],[-75,22],[-22,-86],[41,-37],[-56,-77],[-27,46],[-58,56],[-52,-23],[-7,-101],[-72,-20],[-56,-73],[-32,14],[-68,-53],[-2,-41],[-46,-7],[23,-74],[33,-40],[-2,-41],[-44,-38],[-19,-51],[18,-25],[-45,-79],[-44,-16],[-27,-60],[-115,-15],[-38,5],[-32,-31],[-93,-161],[-36,-125],[-1,-44],[30,-63],[-26,-67],[8,-25],[84,-9],[-14,45],[30,25],[41,-14],[-7,-88],[79,-15],[15,-23]],[[46036,53684],[-64,-9],[-43,18],[-58,-12],[-66,-40],[-30,42],[-50,16],[-24,55],[-113,73],[-79,3],[-65,-18],[-9,63],[-50,33],[-62,-40],[-55,89],[3,43],[-84,-6],[-17,-41],[-75,-20],[-114,29]],[[44981,53962],[-59,37],[-55,69],[-47,11],[-54,39],[-67,12],[-45,-48],[-40,-13],[-146,17]],[[44468,54086],[60,57],[42,118],[6,147],[15,19],[-18,82],[-72,45],[10,91],[19,45],[-33,43],[72,64],[-6,38],[35,90],[66,62],[50,18],[39,83],[7,80],[-16,48],[45,64],[-8,55],[-34,22],[51,89],[88,1]],[[46509,54812],[57,-78],[-13,-41],[-78,18],[3,72],[31,29]],[[44673,48757],[-50,-73],[-14,-81],[66,-66],[-90,-32],[5,-75],[47,-3],[10,-103],[-53,-94],[48,-30],[-84,-101],[-119,-51],[-36,-51],[-50,-124],[-38,-21],[2,-46],[-22,-89],[-34,19],[-44,-44],[24,-79],[-3,-54],[-35,-81],[-23,-89],[59,-19],[-10,-55]],[[44229,47315],[-64,-21],[-38,19],[-75,-25],[-49,26],[-51,5],[-17,47],[-53,-52],[-82,-1],[-30,50],[7,29],[-47,31],[-1,74],[16,32],[-67,65],[19,21],[-15,59],[-66,51],[44,60],[-21,49],[-46,10],[-35,58],[-5,55],[20,36],[-1,75],[-57,64],[-69,26],[-48,-32],[-43,27],[-13,48],[-59,22]],[[43062,48436],[46,97],[84,85],[95,32],[77,59],[74,17],[39,109],[108,19],[17,83],[29,37],[3,85]],[[44373,47621],[31,-67],[-31,-79],[-37,72],[37,74]],[[42793,51546],[65,-99],[44,14],[24,-63],[82,-3],[51,13],[44,-18],[12,-39]],[[43115,51351],[32,-119],[17,-10],[-13,-79],[36,-74],[-125,-72],[32,-56],[1,-85],[-50,-53],[2,-100],[-34,-13],[11,-49],[59,-60],[13,-76],[40,-39],[55,17],[65,-27]],[[42688,50135],[-96,87],[-45,12],[-26,32],[-61,-25],[-72,6],[-30,-24],[-85,-30],[-60,45],[-6,52],[-45,24],[-39,60],[-78,-131],[25,-117],[-43,-34],[-72,23],[-54,-64],[-86,-22],[-50,-79],[6,-145]],[[41771,49805],[-68,-2],[-54,113],[-65,118],[-66,75],[-22,0]],[[41496,50109],[48,84],[26,105],[79,49],[12,61],[-20,61],[-57,8],[29,160],[-30,50],[56,70],[61,14],[74,-3],[32,-22],[67,72],[62,32],[8,73],[40,61],[63,60],[-53,157],[-14,61]],[[45630,53436],[32,-66],[52,-27],[49,1],[31,-59],[11,-98],[-67,-17],[-49,-31],[-45,15],[-45,-32],[-65,-187],[20,-49],[-53,-38],[-18,-53],[31,-48],[-30,-49],[-96,-98],[-65,-127]],[[45323,52473],[-63,19],[-42,-81],[-56,56],[-30,111],[-34,5],[-59,-27],[-45,1],[-12,-32],[-144,-118],[-31,26],[-37,-8],[-10,65],[-68,65],[-64,-60],[-68,26],[-110,-48]],[[44450,52473],[-81,17],[-23,24],[-65,1],[-62,21],[-63,-1],[3,38],[-108,66],[-40,-17]],[[44011,52622],[-9,51],[23,135],[34,49],[39,-4],[105,-70],[55,56],[43,10],[2,36],[46,119],[113,-3],[42,24],[58,0],[29,40],[102,17],[33,67],[29,25],[-2,76],[-40,96],[22,58],[139,23]],[[44874,53427],[34,-50],[40,3],[24,-31],[96,-12],[78,26],[38,-13],[104,146],[22,56],[71,-29],[34,-63],[60,22],[41,-32],[73,-19],[41,5]],[[44229,47315],[30,-58],[-27,-33],[-43,-8],[-66,-42],[0,-88],[43,-57],[8,-80],[-9,-53],[-29,-48],[-62,-21],[-55,-35],[7,-79],[-56,-5],[-7,-58],[17,-58],[77,-53],[-20,-54],[-52,-16],[-70,29],[-36,47],[-9,82],[-22,29],[-73,-30],[-176,-40],[-46,10],[-42,34],[-29,55],[-20,125],[34,25],[-3,54],[-86,31],[-35,51],[-75,51],[7,31],[-131,24],[-24,-43],[-87,77]],[[43062,47111],[21,74],[-6,66],[41,64],[6,51],[36,26],[93,34],[21,39],[4,85],[-22,50],[-10,85],[-32,31],[65,64],[19,80],[-42,98],[-53,53],[-10,41],[21,77]],[[44249,50645],[-68,6],[-76,53],[-52,-1],[-85,66],[-17,49],[-43,46],[-13,55],[-36,-5],[-146,88],[-47,50],[-47,104],[-108,-4],[-61,32],[-43,83],[-44,51],[-69,-16],[-59,66]],[[43235,51368],[-22,53],[43,68],[71,-7],[26,109],[52,26],[69,-33],[35,20],[52,-21],[57,48],[10,39],[72,16],[-20,46],[-55,73],[50,19],[-3,59],[-52,-15],[-72,15],[-68,105],[-15,66],[-84,124],[20,91],[-120,126],[6,24],[-64,70],[-84,9]],[[43139,52498],[8,94],[36,28],[35,73],[45,-5]],[[43263,52688],[67,-63],[64,-39],[59,30],[75,2],[72,-81],[54,-28],[74,-17]],[[43728,52492],[116,-104],[10,-41],[36,-12],[49,-56],[47,26],[56,-19],[44,-38],[-30,-48],[39,-126],[75,-72],[122,-161],[20,-105],[75,-81],[7,-87],[33,-19],[26,-56],[39,-38],[88,-30],[-29,-40]],[[44551,51385],[-8,-44]],[[44543,51341],[-4,-35],[-63,-81],[-55,-48],[-15,-83],[27,-38],[-45,-75],[37,-15],[6,-44],[60,-39]],[[41496,50109],[-20,26],[-89,30],[-126,-9]],[[41261,50156],[-59,54],[-30,2],[8,68],[-34,79],[-54,37],[-29,120],[-10,118],[-81,55],[-15,51],[-58,19],[-62,76],[-169,66]],[[40668,50901],[1,118],[65,54],[24,96]],[[41772,49803],[-1,2]],[[43634,50411],[35,52],[5,133],[-86,127],[-33,24],[-53,0],[-32,50],[-102,87],[-13,67],[-53,86],[-5,64],[-25,9],[-48,81],[-8,88],[12,58],[-17,27]],[[43211,51364],[24,4]],[[43115,51351],[44,-9],[52,22]],[[44551,51385],[68,-16],[92,98],[15,50],[37,2],[40,40]],[[44803,51559],[106,-43],[31,103],[36,-20],[62,-76],[31,6]],[[45069,51529],[-22,-132],[5,-29],[-28,-90],[-47,-103],[-31,-91]],[[44946,51084],[-76,61],[-7,57],[-78,27],[-42,-32],[-46,17],[-66,101],[-88,26]],[[44946,51084],[-33,-116],[-23,-118],[-15,-26]],[[42752,52509],[91,34],[52,-64],[24,20],[72,14],[65,-6],[39,-60],[44,51]],[[44450,52473],[-8,-57],[25,-126],[23,-44],[10,-92],[-25,-41],[43,-43]],[[44518,52070],[32,-75],[-13,-67],[18,-31],[-9,-54],[27,-46],[78,-41],[89,-164],[63,-33]],[[43728,52492],[77,39],[40,42],[68,1],[98,48]],[[44518,52070],[148,49],[-33,75],[40,11],[61,-52],[15,-33],[107,-23],[179,-19],[27,-19],[-47,-52],[32,-26],[56,49],[121,11]],[[45224,52041],[-53,-131],[-52,-182],[-2,-61],[-48,-138]],[[45323,52473],[-77,-223],[-2,-65],[-27,-49],[20,-27],[-13,-68]],[[46036,53684],[1,-21],[-65,-75],[-28,3],[-75,-80],[-44,-4],[-55,41],[16,26],[-107,27],[-16,-22],[5,-69],[-30,-15],[-8,-59]],[[44874,53427],[30,21],[-15,52],[19,25],[-17,49],[14,47],[72,26],[-12,93],[41,60],[7,35],[-26,66],[-6,61]],[[43624,54598],[56,-12],[167,-59]],[[43847,54527],[32,-5],[26,-59],[41,-49],[95,5],[52,-25],[-5,-84],[42,-71],[51,-127]],[[44181,54112],[-26,-20],[0,-126],[44,0],[84,-63],[20,-36],[15,-120],[67,-66],[2,-53],[-40,-58],[-151,-69],[-9,54],[48,70],[-144,107],[-70,-13],[-81,54],[-38,-59],[-75,-20],[-42,61],[-27,-26],[-71,19]],[[43687,53748],[1,62],[-32,50],[-63,8],[-28,-30],[-63,3],[-72,42],[-59,-8],[-24,66],[-6,69],[29,89],[-41,95],[-15,74]],[[43314,54268],[84,37],[31,-21],[69,48],[52,76],[23,129],[-10,71],[61,-10]],[[42772,54211],[34,-109],[46,-26],[56,-3],[23,33],[127,4],[57,46],[29,85],[-16,34],[20,62],[106,9],[60,-78]],[[43687,53748],[-14,-44],[101,-163],[11,-92],[-181,-61],[-17,-27],[-50,-4],[-14,-86],[26,-97],[29,-55],[-5,-55],[-45,-62],[-58,-42],[-82,-16],[-33,-60],[-107,19],[-9,-81],[15,-52],[36,-30],[-27,-52]],[[44181,54112],[35,-10],[81,40],[67,-50],[65,18],[39,-24]],[[44429,55687],[-7,-89],[-72,-165],[-27,-118],[-3,-92],[-62,-63],[-45,-84],[-49,-2],[-68,-112],[-37,14],[-84,-14],[-61,55],[-27,-76],[54,-87],[-10,-57],[-42,-71],[-16,-105],[-26,-94]],[[43624,54598],[8,65],[-23,126],[-38,0],[-29,38],[-66,-26],[-19,48],[-37,29],[68,59],[1,32],[-44,51],[108,94],[7,83],[-43,56],[-64,4]],[[40186,48451],[36,-107],[-36,-5],[-42,-64],[-5,-84],[-138,-106],[-18,-76],[-51,-39],[35,-114],[-4,-57],[-52,-151],[-52,-17],[-43,-55],[-11,-83],[-29,-95],[-61,13],[-6,-30],[72,-21],[-13,-107],[-31,4],[-25,47],[-38,-10],[30,-122],[71,-10],[-3,-49],[-88,12],[-10,-36],[27,-61],[-2,-69],[34,-84],[-5,-41],[19,-70],[60,-105],[58,36],[43,-66],[-53,-41],[-11,-32],[98,-331],[56,-82],[46,-33]],[[40044,46110],[-59,-33],[-144,-37],[-34,9]],[[39807,46049],[4,19],[-61,85],[0,72],[-62,58],[-41,-10],[-73,58],[-25,52],[36,84],[46,27],[2,85],[25,91],[-10,63],[-62,64],[-46,68],[-23,95],[14,48],[-19,66],[-54,13],[-15,25],[-61,1],[-62,86]],[[39320,47199],[-4,46],[-54,61]],[[39262,47306],[-11,24],[81,85],[-7,129],[-63,56],[-34,0],[-44,102],[-45,62],[-41,-1],[-69,72],[-14,40],[73,93],[65,-16],[4,34],[52,17],[15,49],[-33,44],[7,29],[73,28],[5,30],[79,-10],[37,10],[41,-22],[18,57],[-28,21],[-37,97],[-56,15],[-44,42],[15,40],[-27,68],[-12,102],[-63,21],[-15,66],[-36,41]],[[39148,48731],[39,12],[64,86],[64,-2],[51,28],[100,-40]],[[39466,48815],[50,-9],[29,-34],[49,-3],[41,41],[-23,34],[-1,60],[98,11],[55,39],[84,-16],[88,-2],[57,-14],[44,-31],[-5,-78],[-51,-19],[2,-36],[-50,-16],[12,-66],[190,-146],[-14,-48],[65,-31]],[[40687,47716],[-45,-10]],[[40642,47706],[-52,-26],[-34,-44],[-38,41],[-49,15],[-154,-44],[-43,67],[-187,152],[-5,50],[80,54],[25,71],[78,75],[86,2],[57,28],[83,15],[79,-37],[41,19],[112,-153],[-11,-29],[35,-53],[-41,-47],[31,-35],[-1,-95],[-47,-16]],[[41834,47692],[-32,-19],[-16,-80],[21,-53],[-8,-91],[17,-19],[-39,-64],[-65,1],[-6,-100],[33,-36],[44,-82],[39,7],[114,-30],[58,-168]],[[41994,46958],[-10,-162],[28,-33],[13,-78],[-4,-88],[39,-83]],[[42060,46514],[-25,-29],[-123,-17],[-62,5],[-77,37],[-45,68],[10,79],[-63,36],[-4,-47],[13,-98],[35,-29],[12,-47],[44,-20],[15,-272],[40,-65],[-1,-50],[31,-66],[-31,-41],[42,-122],[-9,-36],[39,-72],[-17,-67],[-48,-38]],[[41836,45623],[-49,19],[-32,55],[-38,20],[-22,60],[-50,-18],[-76,125],[-69,14],[5,70],[25,47],[-28,57],[-90,15],[-56,48],[-73,-9],[-59,17],[-26,-64],[-60,-24]],[[41138,46055],[-14,62],[50,106],[16,94],[-48,78],[-21,72],[-26,15],[-30,65],[-13,75],[-29,51],[-28,93],[-29,41]],[[40966,46807],[0,50],[67,53],[117,23],[-1,33],[63,67],[11,103],[48,72],[-6,96],[-26,44],[-44,9],[-51,66],[37,41],[32,69],[-30,15],[13,59],[65,39],[-23,60],[36,60],[10,66],[-15,55],[49,71],[-21,60]],[[41297,48018],[125,27],[40,47]],[[41462,48092],[71,-55],[82,-31],[54,-50],[100,-157],[54,-22],[26,-41],[-15,-44]],[[38616,46305],[78,-96],[19,-64],[91,-7],[103,61],[47,-64],[-67,-54],[-2,-88],[26,-102],[3,-115]],[[38914,45776],[-93,-6],[-51,31],[-94,-4],[-37,14],[-48,60],[-44,-20],[-75,24],[-9,-83],[-38,-34],[-68,46]],[[38357,45804],[-2,54],[-46,47],[-8,31],[80,101],[-41,18],[-37,47],[-40,13],[10,45],[74,-7],[44,21],[95,109],[85,49],[45,-27]],[[38206,51343],[-16,-30],[9,-83],[-20,-42],[30,-78],[-5,-142],[42,-17],[53,-55],[-28,-121],[62,-113],[35,0],[77,-66],[53,-20],[32,-34],[15,-75],[42,-16],[33,-67]],[[38620,50384],[-51,-65],[-34,-93],[-48,-5],[-35,51],[-71,46],[-9,-31],[21,-67],[-20,-65],[10,-30],[-33,-53],[-100,34],[-114,-31]],[[38136,50075],[-22,76],[4,53],[-41,150],[-45,34],[8,42],[-68,32],[-51,73],[2,93],[65,14],[-4,75],[64,55],[3,96],[20,31],[-16,71],[-28,48],[-87,12],[-58,-5],[-1,63],[19,19],[5,95],[28,29],[158,93],[81,23],[34,-4]],[[39476,51306],[47,-36],[10,-42],[38,-34],[-5,-52],[37,-52],[35,-20],[16,-90],[-49,-105],[-53,-78],[-66,-67]],[[39486,50730],[-65,-2],[-19,-94],[-24,-45],[-53,-24],[-39,39],[-128,-26],[-6,-62],[-30,-30],[-60,9],[-30,-20],[-123,-21],[1,-47],[-73,12],[-6,-51],[-51,-27]],[[38780,50341],[-46,-1],[-114,44]],[[38206,51343],[92,0],[36,-14],[31,-43],[121,-63],[118,-7],[33,56],[112,50],[81,70],[10,58],[45,42],[-24,67],[13,41]],[[40044,46110],[79,-76],[41,6],[74,-106],[74,-31],[123,-5],[40,-27],[-49,-66],[-37,-74],[1,-71],[40,-84],[-17,-20],[-72,-2],[-59,-39],[85,-52],[-29,-77],[-75,-60],[-65,14],[-64,-6],[-63,-54],[-19,-83],[-115,98],[-53,14],[-71,-71],[-52,-23],[-63,15],[-50,59],[-2,117],[39,31],[-37,95]],[[39648,45532],[66,35],[56,55],[-4,66],[26,48],[16,86],[26,41],[-19,95],[-24,40],[16,51]],[[42395,41556],[-61,62],[-72,51],[-58,19],[-59,43],[14,48],[-45,46],[5,79],[-163,-42]],[[41956,41862],[-39,78],[31,111],[-40,21],[36,63],[43,36],[100,158],[25,103],[62,-13],[15,25],[-19,82],[45,29],[53,136],[-6,65],[-25,38],[104,134],[48,72],[4,60],[42,-15],[77,108],[35,-26],[9,-120],[42,-24],[-1,-94],[42,-16],[20,-77],[-11,-34],[-51,-60],[2,-175],[10,-41],[-5,-103],[25,-141],[-56,-22],[-27,-56],[9,-50],[-39,-29],[-26,-90],[-7,-62],[47,-41],[-31,-72],[-8,-107],[20,-47],[-39,-63],[-77,-47]],[[41476,42688],[19,-94],[36,-63],[-19,-65],[-41,-34],[-96,10],[21,139],[80,107]],[[40687,47716],[152,11],[85,-4],[77,33],[54,59],[53,84],[-4,112],[49,57],[-1,36],[28,87]],[[41180,48191],[71,-40],[-3,-91],[49,-42]],[[40966,46807],[-25,75],[-97,106],[-39,60],[-122,39],[-36,22],[-19,103],[-24,72],[36,73],[-15,59],[20,98],[40,42],[2,58],[-45,92]],[[39148,48731],[10,48],[-20,48],[-102,12],[-72,-21]],[[38964,48818],[3,47],[-25,25],[-56,2],[-25,60],[-53,22],[-73,-36],[-54,-6],[-31,18],[-32,77],[-44,-2],[-47,-37],[-56,-13],[-82,62],[-44,13],[-46,63],[-58,2],[-29,66],[-36,-16],[-68,3],[-48,31],[-52,-6],[-23,-48],[-57,-21]],[[37928,49124],[-43,38],[-28,64],[34,38],[0,89],[36,21],[39,116],[40,47],[19,62],[-15,24],[37,72],[34,18],[62,153],[15,96],[-25,40],[3,73]],[[38780,50341],[-14,-50],[32,-67],[-23,-35],[31,-70],[66,-39],[91,-20],[125,-143],[12,-128],[-20,-37],[12,-60],[-13,-47],[79,-108],[75,4],[87,-29],[32,-27],[23,-101],[45,49],[2,116],[-24,52],[40,15],[-17,44],[48,137],[5,48],[117,-29],[54,31],[-13,62],[67,-29],[108,-28],[42,14],[115,-11],[42,-67],[65,-22]],[[40071,49766],[-34,-47],[-43,-90],[-69,5],[-64,-41],[-65,-62],[-9,-53],[-77,-64],[8,-35],[-18,-61],[-1,-60],[-89,-55],[16,-92],[-13,-114],[-103,-75],[-7,-48],[-37,-59]],[[35858,49202],[60,-56],[-18,-35],[17,-58],[-37,-63],[0,-43],[-59,-47],[7,-51],[-56,-145],[-56,-16],[-7,43],[-45,2],[-45,-72],[-2,-51],[20,-54],[-92,-116],[7,-66],[58,-38],[-60,-42],[-31,-51],[-20,-77],[-32,43],[-49,12],[-21,-26],[-3,-62],[-61,1],[-1,42],[-97,73],[-39,120],[123,16],[9,115],[49,75],[-12,67],[57,22],[-5,41],[25,61],[59,32],[39,0],[79,30],[51,35],[74,-1],[55,17],[31,89],[49,92],[-38,32],[22,77],[-5,33]],[[36209,49786],[56,-37],[56,-58],[42,-69],[79,-31],[10,-32],[64,-28],[41,42],[-49,41],[3,59],[84,9],[-11,-33],[39,-70],[-46,-18],[-9,-52],[45,-5],[4,-91],[-58,-47],[-59,33],[-45,-53],[-132,-28],[-2,69],[-45,-5],[-23,42],[10,62],[-27,9],[-50,-29],[6,63],[-30,42],[50,18],[-54,50],[-44,-40],[-12,-96],[-53,62],[-23,85],[56,40],[37,87],[90,9]],[[36143,49380],[18,-28],[-36,-59],[-3,-50],[-49,-78],[18,-62],[-35,-2],[-36,33],[-13,109],[26,26],[10,70],[100,41]],[[39262,47306],[-125,-38],[-57,-53],[-72,-21],[-134,30],[-48,-12],[-28,40],[-45,13],[-82,-3],[-48,32]],[[38623,47294],[35,89],[36,133],[38,235],[6,107],[-3,126],[-27,188],[-27,95],[-44,93]],[[38637,48360],[45,62],[-8,67],[44,51],[-6,65],[218,53],[35,29],[-1,131]],[[43112,48201],[-14,-57],[-54,-34],[-5,-44],[-90,-46],[-75,8],[-12,-62],[-53,-34],[-62,21],[-92,-7],[-20,21],[-84,24],[-37,-4],[-135,57],[-46,-82],[-2,-38],[46,-43],[51,-116],[-60,-61],[-47,-10],[4,-54],[36,-15],[-47,-51],[-81,-34],[-76,57],[-70,7]],[[42087,47604],[-71,-56],[-35,34],[-80,26],[-67,84]],[[41462,48092],[34,50],[102,-21],[11,111],[-80,68],[-10,25],[16,79],[176,-34],[43,19],[-37,97],[3,94],[-30,36],[2,201],[-60,32],[27,72],[37,38],[-63,48],[0,28],[-67,26],[25,46],[-15,91],[41,95]],[[41180,48191],[46,59],[45,24],[25,93],[-30,94],[-32,58],[-45,32],[-54,91],[-56,-4],[-81,30],[-188,18],[-12,51],[-61,47],[-55,0],[-105,61],[-72,-44]],[[40505,48801],[48,72],[25,78],[73,-14],[69,67],[-36,21],[-54,-25],[-1,57],[-24,38],[33,104],[-74,51],[-140,24],[-54,99],[-26,7],[-26,61],[-18,159],[-39,79],[-61,3],[-51,75],[-78,9]],[[40071,49766],[24,-1],[44,51],[71,2],[12,21],[-54,54],[29,22],[46,115]],[[40243,50030],[58,-1],[21,29],[43,-36],[63,19],[19,-23],[78,50],[116,-42],[16,-31],[119,-36],[27,-41],[38,45],[84,2],[80,45],[73,72],[51,5],[132,69]],[[38637,48360],[-38,22],[-46,-2],[-2,52],[-57,122],[-67,101],[-70,12],[7,51],[-18,43],[-41,3],[-20,58],[-47,14],[-70,81],[-78,63],[-65,-11],[-37,-50],[-30,17],[15,49],[-18,86],[-27,53]],[[39320,47199],[-112,-62],[-88,-147],[-59,-31],[-37,-81],[-32,-21],[-12,-62],[-69,10],[-40,-11],[-21,-52],[-80,-65],[-26,-43],[22,-42],[-14,-99],[-49,-51],[-6,-72],[-32,-2],[-49,-63]],[[38357,45804],[-47,3],[-48,-23],[-25,40],[-84,-34],[-54,4],[39,54],[1,65],[45,35],[-15,27],[-103,-4],[-41,57],[22,29],[98,30],[24,31],[-60,97],[-57,-20],[-75,-8],[-6,33],[-45,16],[-10,34],[69,16],[25,-16],[55,47],[15,71],[-75,62],[-23,56],[-83,-2],[-15,45],[-36,5],[-26,45],[-54,52],[-33,81],[-102,88],[-91,-20],[16,55],[66,11],[65,-43],[39,27],[18,41],[44,23],[22,53],[47,-28],[20,-91],[66,-16],[16,-49],[202,-51],[46,48],[197,107],[106,168],[81,160],[30,79]],[[34086,45446],[36,-15],[-32,-45],[-1,-79],[-31,15],[28,124]],[[43062,47111],[-66,39],[-57,-6],[-80,47],[-73,-4],[-12,-36],[-55,-72],[-38,29],[-49,-21],[-93,-76]],[[42539,47011],[-42,19],[-2,51],[-40,30],[-60,-8],[-67,76],[-49,-34],[-15,-53],[-81,-29],[-53,59],[-102,73],[34,174],[-38,23],[51,62],[1,118],[11,32]],[[34735,27313],[-44,-80],[-134,-15],[-21,-41],[63,-75],[-37,-37],[-62,-7],[-37,-29],[-99,-15],[-72,-56],[-31,-2],[-34,37],[-63,15],[-38,-128],[29,-58],[-58,-43],[-30,-67],[-50,-15],[-136,13],[52,-51],[46,-6],[92,-76],[46,18],[99,-71],[-12,-57],[-71,-25],[-12,-56],[-65,-17],[-41,13],[-17,-34]],[[33998,26348],[-24,19],[-20,69],[-31,39],[-47,-10],[-21,39],[-70,-39],[-45,7],[-51,-57],[-51,51],[-9,71],[-60,30],[-23,65]],[[33546,26632],[34,90],[47,58],[94,57],[-87,87]],[[33634,26924],[-1,58],[66,15],[71,47],[87,18],[22,57],[-16,55],[77,34],[82,-10],[-53,156],[10,63],[-22,65],[-56,22],[-88,61]],[[33813,27565],[53,-16],[125,37],[39,-44],[72,5],[-13,39],[27,32],[20,114],[61,2],[-1,-61],[56,-12],[39,40],[41,9],[16,-31],[-8,-99],[23,-29],[41,103],[54,29],[-36,47],[42,96],[-14,57],[26,62],[75,32],[30,61]],[[34581,28038],[46,-108],[-2,-49],[-24,-67],[19,-47],[-18,-68],[43,10],[18,-53],[-31,-59],[7,-50],[-56,-35],[-24,-68],[-33,7],[-47,-84],[41,-40],[91,-13],[104,15],[20,-16]],[[35065,27699],[71,14],[5,89],[-25,64]],[[35116,27866],[64,-50],[17,47],[-56,106],[20,52],[31,17],[14,-84],[67,73],[-9,65],[-29,44],[-50,41],[-6,47],[-49,53],[10,41],[48,-23],[103,169],[68,26],[20,-131],[-18,-46],[42,-119],[30,-43],[33,-2],[36,-40],[20,-58],[-2,-47],[-36,-47],[27,-49],[-52,-114],[-36,-4],[-42,-45],[-110,-18],[-34,-34],[-4,-40],[-61,-3],[-12,25],[-95,24]],[[39648,45532],[-31,49],[-86,102],[-62,51],[-78,39],[-80,8],[-69,-38],[-28,18],[-65,-6],[-54,32],[-81,-17],[-100,6]],[[40668,50901],[9,-76],[-17,-108],[4,-92],[32,-55],[-18,-49],[-73,-29],[-65,-109],[-48,-46],[-25,-59],[-3,-57],[-83,-73],[-117,-33]],[[40264,50115],[-36,90],[-31,27],[-54,-43],[-54,5],[-15,34],[-91,12],[-50,96],[-56,32],[-14,51],[-75,53],[-1,84],[-34,50],[-62,-38],[-67,2],[-20,-22],[-45,81],[-73,101]],[[40505,48801],[-63,4],[-140,-111],[-31,16],[-70,-109],[6,-28],[-31,-78],[10,-44]],[[36665,43233],[18,-42],[48,-17],[67,-77],[-60,-75],[-83,-39],[-40,-1],[-65,35],[-65,87],[2,50],[54,1],[49,64],[75,14]],[[38574,42959],[79,-64],[15,-44],[-42,-66],[-42,7],[-127,-24],[-83,5],[-2,79],[58,1],[31,36],[113,70]],[[39224,43031],[54,-55],[42,-8],[-22,-61],[-158,64],[-9,52],[59,-22],[34,30]],[[36207,37085],[86,-15],[0,-26],[95,-31],[56,-76],[-19,-43],[10,-61],[93,-89],[13,-58],[-143,9],[-48,-35],[-59,6],[-38,27],[-44,106],[-65,43],[-30,93],[29,55],[5,48],[59,47]],[[35622,35739],[15,-16],[-25,-126],[6,-59],[-30,-80],[-52,-30],[-63,-65],[5,-41],[-32,-25],[-45,6],[-5,51],[-38,68],[3,71],[-33,57],[25,41],[-27,22],[50,52],[34,-10],[22,36],[92,38],[98,10]],[[36547,37871],[31,-117],[56,-95],[44,-27],[29,-63],[-16,-46],[-51,-23],[-109,54],[-46,50],[-21,55],[34,76],[38,34],[-27,62],[38,40]],[[34864,34502],[74,-31],[20,-71],[36,-69],[-39,-32],[-87,1],[-2,65],[-47,27],[11,66],[34,44]],[[32799,32482],[91,-3],[21,-43],[-21,-41],[8,-119],[-46,45],[-57,31],[-72,94],[76,36]],[[34557,37293],[69,-56],[24,-63],[-35,-30],[-82,18],[-11,101],[35,30]],[[31715,30246],[49,-49],[-46,-46],[-42,29],[-45,-21],[-24,44],[69,8],[39,35]],[[34545,35898],[25,-15],[-10,-104],[-58,34],[9,63],[34,22]],[[33458,32925],[24,-28],[-24,-41],[-41,43],[41,26]],[[40264,50115],[-23,-32],[2,-53]],[[37896,51986],[9,-52],[33,-19],[16,-56],[75,-89],[-57,-54],[-23,-48],[15,-82],[52,10],[49,-34],[16,-57],[-22,-31],[-64,-8],[-72,-66],[-15,-138],[-50,-115],[3,-30],[-54,-19],[-45,27],[11,38],[-25,41],[-41,-7],[-50,63],[-49,18],[-32,48],[18,83],[2,75],[-36,67],[-7,61],[-48,26],[-16,66],[26,50],[89,51],[-68,19],[1,61],[34,18],[45,-25],[56,26],[93,-54],[-5,55],[42,60],[43,-26],[51,47]],[[38331,52475],[1,-44],[40,-42],[22,-65],[-49,-8],[-11,-38],[-117,-88],[-48,3],[-67,-61],[1,176],[49,81],[33,-27],[21,71],[75,11],[50,31]],[[37961,52237],[16,-48],[-30,-55],[-44,-33],[6,-58],[-30,-54],[-46,19],[30,107],[47,27],[59,67],[-8,28]],[[38003,52082],[36,-31],[-2,-61],[53,-64],[-69,-64],[-31,77],[23,30],[-19,92],[9,21]],[[42539,47011],[-67,-78],[-80,-120],[-63,-128]],[[42329,46685],[-87,28],[-104,-16],[-47,54],[-51,30],[-19,53],[-11,110],[-16,14]],[[42329,46685],[-23,-95],[2,-134]],[[42308,46456],[-95,-15],[-61,5],[-28,-45],[-56,33],[-8,80]],[[42355,46484],[-26,7],[11,80],[52,5],[16,-63],[-53,-29]],[[41836,45623],[6,-44],[-89,-109],[42,-46],[70,-6],[35,-22],[18,-52],[-30,-48],[-149,-129],[10,-44],[-87,-52],[-57,-70]],[[41605,45001],[-50,-13],[-49,-38],[-36,27],[-67,4],[-61,68],[75,105],[-55,50],[-79,161],[-69,66],[43,34],[43,5],[39,57],[39,-13],[56,30],[-61,160],[-51,22],[-34,-38],[-17,-92],[-88,74],[-53,-33],[-52,1],[-36,-36],[-37,6]],[[41005,45608],[27,85],[80,63],[6,114],[30,117],[-10,68]],[[41605,45001],[17,-40],[54,-15],[28,-51]],[[41704,44895],[-125,-91],[-170,-58],[-75,26],[-45,-41],[-47,12],[-32,-53],[-46,18],[-30,-60],[-47,-18],[-28,-34],[-56,-1],[-46,-56],[-31,27],[-136,-99],[-49,-2],[8,-76],[-61,-14],[-52,-51],[-70,12],[24,-67],[-29,-68],[-51,35],[-25,-6],[-9,-71],[-25,3],[-27,58],[105,173],[-11,66],[18,108],[-46,44],[-59,19],[2,29],[49,59],[78,23],[14,39],[87,45],[63,81],[89,12],[69,93],[50,125],[26,105],[42,83],[-24,80],[-47,63],[3,56],[73,85]],[[42308,46456],[36,-29],[129,-36],[75,-46],[71,-5],[36,-26],[86,-27],[34,8],[9,-113],[-54,-55],[-32,-12],[-23,-51],[-68,-36],[14,-74],[39,-32],[42,26],[82,-21],[120,58],[8,-30],[-51,-57],[-57,-34],[-16,-39],[-44,-13],[-103,-81],[-15,-40],[-56,-67],[-74,-11],[-53,14],[-33,-15],[-98,15],[-56,-86],[18,-63],[-29,-41],[-6,-55],[-57,-31],[-38,-40],[12,-35],[-77,-42],[-5,-40],[36,-19],[-21,-67],[-62,-53],[-80,-35],[-98,-60],[-37,12],[-30,-75],[-78,-2]],[[42395,41556],[10,-50],[-9,-70],[-32,-76],[-76,-48],[-69,-6],[-22,-109],[-53,-41],[-32,-60],[0,-84],[-27,-59],[-59,-89],[34,-54],[-3,-35],[-50,-33],[23,-43]],[[42030,40699],[-55,-32],[-27,23],[-34,-35],[-26,19],[-68,-31],[-86,46],[-23,99],[-77,46],[-33,49]],[[41601,40883],[10,37],[65,41],[103,165],[101,200],[55,126],[43,141],[-21,80],[7,42],[-8,147]],[[42030,40699],[60,-45],[15,-80],[-52,-70],[3,-43],[56,-80],[-71,-63],[-14,-56],[17,-57],[-50,-7],[-80,14],[-153,-55],[-98,-60],[-33,-35],[-15,-53],[-74,18],[-37,71],[-28,85],[32,91],[13,83],[-5,123],[-73,192],[-1,126],[97,-27],[25,26],[37,86]],[[39592,40806],[5,-57],[26,-47],[36,18],[41,-17],[17,-39],[113,0],[73,-59],[71,-35],[13,-40],[128,-55],[8,-48],[62,-14],[98,-41],[46,0],[129,-96],[44,-90],[-29,-93],[6,-53],[-19,-61],[-8,-105],[-17,-82],[-27,-66],[-132,-120],[-30,-51],[-59,-45],[-36,-48],[0,-30],[-69,-28],[-31,-53],[-168,-36],[-42,-29],[-69,25],[-56,-48],[-50,33],[-72,-6],[-50,-21],[-63,43],[-31,-7],[-147,23],[-33,24],[-81,172],[-36,22],[-11,65],[9,43],[-44,156],[-70,57],[-23,117],[-35,71],[10,47],[-32,108],[24,114],[49,20],[80,5],[69,-9],[61,59],[114,174],[40,-4],[33,91],[-17,49],[44,46],[131,-35],[-16,69],[23,17]],[[37753,40938],[46,-33],[135,-8],[50,-76],[49,60],[68,-52],[43,3],[37,-33],[35,10],[41,-65],[21,-1],[83,-75],[15,-50],[-26,-43],[-38,35],[-100,-23],[-44,-70],[-84,9],[-91,87],[-15,92],[32,18],[-23,45],[-72,-50],[-38,37],[-23,57],[-85,54],[-16,72]],[[33634,26924],[-35,-6],[-29,46],[-91,37],[-71,-1],[-46,71],[-46,2],[-62,-22],[-76,22],[-43,-5],[-33,105]],[[33102,27173],[45,20],[136,5],[60,18],[44,36],[-11,41],[28,36],[51,13],[14,50],[53,68],[33,5],[37,-55],[73,-39],[111,122],[43,-35],[21,-80],[30,27],[4,86],[-61,74]],[[33546,26632],[-37,10],[-52,-41],[-31,33],[-36,-31],[-48,43],[-67,2],[-36,56],[-80,-24],[-54,-3],[-71,-52],[-73,-16],[-31,47],[-104,-26],[-23,28],[-67,-5],[-32,55],[-103,-6],[-62,7],[-28,27],[-59,4]],[[32452,26740],[35,14],[127,-8],[11,42],[56,41],[38,-42],[70,-3],[15,-39],[51,-21],[16,86],[65,47],[84,-42],[45,-41],[17,30],[49,13],[48,-38],[24,95],[96,11],[-17,42],[-158,-16],[-16,-60],[-48,14],[-60,64],[-21,-17],[-120,129],[82,48],[35,-12],[128,78],[-2,18]],[[32711,27061],[147,-47],[43,-84],[-41,7],[-28,-25],[-152,96],[31,53]],[[33998,26348],[-47,-23],[-78,24],[6,-145],[-30,-93],[-95,55],[-80,4],[-91,54],[-73,-44],[93,-68],[14,-42],[32,-6],[31,-53],[12,-68],[35,-25],[-8,-92],[-78,56],[-8,94],[-63,-24],[-18,47],[-37,-40],[-62,20],[-22,-19],[-31,68],[-128,65],[28,49],[-39,181],[-39,6],[-42,-56],[-57,9],[7,64],[44,40],[0,49],[38,6],[80,72],[-28,19],[-51,-8],[-35,-33],[-38,102],[-69,1],[6,-82],[-45,-95],[-20,79],[-105,34],[-86,-23],[-57,58],[-46,-37],[-43,14],[-22,97],[-54,24],[-56,-40],[-11,58],[-36,11],[-44,48]],[[32842,26397],[15,-55],[-37,-58],[42,-67],[-16,-36],[88,-75],[96,-23],[53,46],[-9,84],[47,-10],[46,-43],[18,-81],[-127,13],[-1,-69],[-43,-30],[19,-61],[54,13],[58,35],[19,-34],[2,-96],[39,1],[19,46],[44,-89],[85,43],[55,-58],[124,49],[37,-37],[19,-48],[-54,-99],[-7,-54],[-66,-25],[-22,-26],[-41,16],[28,104],[-2,60],[-87,-64],[-65,25],[-35,-45],[17,-50],[-24,-81],[-77,46],[-39,52],[20,31],[-19,48],[-14,102],[-45,29],[-4,-60],[-46,-12],[-62,-69],[-36,-72],[-34,-6],[-2,59],[26,12],[22,68],[-17,76],[-28,12],[-1,140],[23,27],[-53,48],[-56,-8],[-19,61],[-38,13],[-16,107],[-37,29],[-13,60],[75,-1],[31,58],[71,29]],[[32866,25468],[63,-66],[51,-86],[38,13],[25,40],[34,-57],[60,38],[21,-66],[-2,-55],[-63,-78],[-21,57],[-71,29],[-25,29],[-48,13],[-75,-15],[-31,73],[2,45],[31,26],[11,60]],[[32649,25556],[-15,-42],[12,-86],[-35,-38],[25,-34],[-28,-44],[4,-57],[-62,-20],[-31,-28],[-20,60],[28,81],[6,72],[32,29],[12,49],[38,52],[34,6]],[[34581,28038],[15,19],[50,-45],[39,-13],[46,26],[15,39],[45,28],[36,-7],[36,51],[107,16],[31,-62],[-34,-14],[-53,-90],[8,-100],[-52,1],[2,-44],[-38,-96],[64,10],[6,104],[87,48],[-23,46],[51,19],[22,-88],[-46,-38],[-1,-72],[46,-24],[56,14],[20,100]],[[35065,27699],[-28,5],[-77,-38],[-30,-80],[-23,-11],[-47,-71],[-8,-56],[-40,-8],[-77,-127]],[[37084,27523],[77,-65],[7,-42],[-27,-61],[-37,-22],[-28,-68],[-77,-39],[-18,-80],[-36,-38],[-78,-160],[-25,-26],[-71,-26],[-28,-25],[-54,-9],[-32,23],[-40,90],[-54,-11],[-23,38],[-11,98],[52,76],[137,28],[96,80],[35,11],[75,84],[29,51],[45,28],[31,47],[55,18]],[[31735,23186],[-78,99],[-35,20],[-26,49],[-46,-16],[-57,16],[6,108]],[[31499,23462],[9,47],[73,23],[49,96],[-6,42],[42,56],[-126,68],[1,28],[-94,27],[-58,82],[-44,36],[20,32],[-56,124],[85,69],[-33,101],[-68,25],[-32,-12],[2,130]],[[31263,24436],[103,-25],[47,20],[66,-12],[106,19],[-3,-41],[37,-88],[-56,-9],[-49,-53],[82,-48],[-9,-112],[-18,-88],[23,-49],[54,-24],[26,-50],[62,-14],[61,-58],[28,-77],[41,-29],[52,-7],[26,-45],[-5,-71],[-23,-66],[-33,-32],[-36,-109],[13,-39],[-72,-46],[-14,-67],[-37,-30]],[[31499,23462],[-62,16],[-94,-6],[-105,79]],[[31238,23551],[15,78],[-48,41],[-8,73],[-29,21],[-13,129],[17,26],[-16,54],[-44,44],[25,82],[42,83],[6,56],[-25,24],[2,75],[43,88],[58,11]],[[31735,23186],[-3,-72],[-51,-84],[-30,-18],[-85,17],[-69,-48],[-86,-16],[-55,32],[-27,52],[-4,90],[-17,50],[-96,77],[-25,-2],[-65,90],[98,88],[18,109]],[[29775,21067],[-80,107],[-48,6],[-39,-32],[-59,10],[-32,31],[28,60],[-13,65]],[[29532,21314],[71,-10],[115,61],[43,-27],[72,28],[104,91],[32,-2],[93,43],[67,68],[103,-12],[13,-26],[-65,-69],[-74,-50],[-52,-12],[-75,-118],[-76,-95],[-64,-98],[-64,-19]],[[29775,21067],[-89,-111],[-76,-50],[-127,-44],[-44,-5],[-50,21],[-98,103],[-60,156],[18,113],[31,70],[39,20],[22,-32],[93,-28],[98,34]],[[28769,19199],[45,-15],[77,-115],[-9,-46],[21,-107],[-64,-29],[-17,15],[-100,12],[-26,39],[-29,-7],[-36,63],[-43,5],[-10,57],[19,21],[65,-24],[19,79],[32,38],[56,14]],[[24857,13955],[57,-18],[42,-40],[114,0],[66,18]],[[25136,13915],[-13,-118]],[[25123,13797],[-44,-17],[-26,-34],[-5,-72],[-44,-16],[-29,-35]],[[24975,13623],[-44,33],[-50,-8],[-34,26],[-14,-59],[-51,-44],[-33,5],[-59,-42],[-49,7]],[[24641,13541],[-1,71],[-45,75],[5,-141],[-26,3],[-3,174],[59,9],[37,58],[46,-20],[39,51],[30,-4],[54,36],[-9,87],[-38,-11],[-18,48],[33,0],[9,-4],[16,-7],[6,-3],[10,-4],[12,-4]],[[25350,14295],[41,-55]],[[25391,14240],[-104,-183],[11,-29]],[[25298,14028],[-86,-18]],[[25212,14010],[-56,42],[-18,-29],[-41,19],[-2,50],[-33,55]],[[25062,14147],[45,59],[41,9],[85,73]],[[25233,14288],[54,18],[63,-11]],[[7210,3597],[29,-28],[84,-17],[-6,-70],[19,-42],[-32,-103],[-68,-76],[-49,-23],[-40,-58],[-7,-54],[30,-39],[-70,-109],[-61,-40],[-13,-114],[-48,-28],[-62,-57],[-49,-91],[3,-74],[31,-29],[-39,-103],[42,-114],[-26,-87],[-6,-102],[11,-15],[-22,-79],[-1,-53],[-37,-64],[-34,-27],[-79,27],[-31,38],[-64,-4],[-24,-41],[13,-32],[-44,-52],[-59,-29],[-60,-4],[-106,85],[-28,39],[-64,39],[-33,4],[-74,70],[25,46],[56,22],[54,48],[20,44],[-7,54],[18,82],[-47,11],[-8,39],[-63,82],[-32,-19],[-61,12],[-79,-65],[-18,-43],[-38,62],[-38,17],[13,62],[24,12],[19,55],[74,31],[84,-63],[41,12],[-10,105],[41,24],[-6,52],[54,9],[55,-78],[-51,-101],[28,-33],[67,76],[90,-32],[47,-5],[73,57],[68,1],[27,-18],[64,2],[16,25],[-27,59],[18,85],[27,53],[-1,48],[50,6],[40,61],[63,72],[47,-34],[40,-61],[26,102],[46,118],[31,12],[-5,44],[-50,48],[-6,38],[76,53],[22,67],[51,89],[3,101],[23,10]],[[2810,10837],[54,-15],[9,-57],[-52,6],[-76,-43],[-21,59],[86,50]],[[6372,1825],[-11,-30],[-67,-6],[-5,31],[83,5]],[[24857,13955],[-8,84],[38,-5],[82,115],[93,-2]],[[25212,14010],[-76,-95]],[[26928,16517],[33,-118],[50,-46],[11,-31]],[[27022,16322],[-14,-38],[128,-126],[44,20]],[[27180,16178],[45,-42],[58,-110],[-53,-13],[8,-73],[-70,1],[-81,-27],[-103,-92],[-53,29],[-43,50],[-65,17],[-39,-23],[-90,5],[45,-77],[11,-49],[35,-51],[-109,-13],[-36,-53],[-79,27],[-43,-55],[-24,22]],[[26494,15651],[-12,39],[-114,45],[-37,2],[-38,-57],[-96,-25]],[[26197,15655],[-17,78],[-44,57]],[[26136,15790],[26,45],[39,-18],[86,69],[32,-32],[18,65],[43,46],[39,100],[-2,65],[-67,39],[-27,-2],[-112,76],[-52,8],[-68,33],[-47,-51],[-61,28]],[[25983,16261],[1,57],[63,86],[43,37],[70,4],[60,-25],[31,41],[41,14]],[[26292,16475],[56,-22],[83,24],[16,45]],[[26447,16522],[54,-23],[40,-79],[30,8],[64,-29],[79,59],[49,-14],[120,63],[45,10]],[[26612,16737],[14,-76],[45,-60],[-17,-56],[-72,45],[-26,-21],[-64,12],[-15,64],[31,54],[52,30],[52,8]],[[24956,13491],[13,-32],[-52,-83],[31,-37],[53,-8],[-15,-62],[-21,-10],[32,-93],[103,-128]],[[25100,13038],[-31,-47],[-64,-21],[-34,16],[-106,-54],[-33,-42],[-69,24],[-56,36],[13,115],[29,77],[1,59],[-24,82],[-35,-10],[-29,64],[112,43]],[[24774,13380],[55,45],[45,-2],[12,44],[52,-12],[18,36]],[[25682,14539],[-42,-55],[67,-73],[-95,-8],[-3,-57]],[[25609,14346],[-17,15],[-76,-10],[-21,57],[8,57],[-48,10],[-37,-52],[-39,9]],[[25379,14432],[-38,51],[6,24],[-34,62],[30,23]],[[25343,14592],[7,51],[-6,97],[24,43],[-7,58],[22,23],[15,100],[-17,41]],[[25381,15005],[4,50]],[[25385,15055],[13,38]],[[25398,15093],[28,-105],[42,-78],[34,2],[16,41],[50,-69],[23,26],[39,-60],[-11,-70],[-44,-95],[39,-83],[68,-63]],[[25685,14538],[65,-52]],[[25750,14486],[-84,8],[19,44]],[[24975,13623],[33,-65]],[[25008,13558],[-52,-67]],[[24774,13380],[-18,33],[-9,10],[-12,7],[-8,13],[-6,-4],[-21,5],[-59,97]],[[24698,13435],[28,0],[24,-16],[15,-29],[-42,-13],[-51,9],[26,49]],[[25677,15179],[11,-23],[-18,-30],[-48,32],[-23,-58],[91,-106],[66,-47],[52,-61],[24,-7],[52,-74],[-30,-14],[-13,-78],[79,-134],[46,-43],[47,-21],[51,-56],[42,-126],[-12,-46],[-116,61],[-145,170],[-13,30],[-33,54],[-105,-63]],[[25398,15093],[101,76],[18,43],[66,51],[61,7]],[[25644,15270],[33,-91]],[[26443,14860],[37,-130],[-73,-58],[-54,-1],[-6,77],[22,57],[52,22],[22,33]],[[26327,14733],[22,-64],[23,-31],[-78,-76],[-56,11],[-29,32],[16,36],[102,92]],[[25685,14538],[97,59],[35,-49],[8,-38],[-19,-17],[-41,40],[-15,-47]],[[26259,14504],[77,-40],[-37,-45],[-42,-4],[2,89]],[[26216,14080],[19,-27],[-8,-63],[-33,-41],[-36,37],[26,35],[-5,59],[37,0]],[[26506,14960],[18,-19],[-28,-100],[-27,8],[-16,62],[53,49]],[[12199,5507],[17,-67],[57,-65],[11,-59],[60,-36],[50,-100],[1,-79],[47,-88],[106,-81],[-20,-31],[-1,-78],[25,-45],[67,-23],[16,-27],[60,-7],[30,22],[83,-38],[30,-70],[67,-60],[118,-37],[38,5],[39,-42],[11,-49],[60,-77],[1,-25],[-51,-32],[-22,24],[-83,-19],[-96,23],[-74,-5],[-50,-27],[-54,25],[-76,-38],[-104,-26],[-82,-3],[-27,-34],[-48,-7],[-117,81],[-77,30],[-51,37],[-11,62],[-35,74],[41,19],[43,-52],[80,1],[-6,74],[-71,122],[-51,10],[-18,66],[100,78],[17,43],[8,89],[-15,60],[26,29],[75,25],[-65,133],[-59,89],[-5,70],[-38,44],[32,45],[-9,47]],[[11646,5206],[82,-24],[53,-45],[121,-68],[44,-120],[4,-71],[-27,-45],[-56,-17],[-53,13],[-59,34],[-34,3],[-8,18],[-21,14],[-13,26],[-18,9],[-23,45],[-14,8],[-4,21],[-16,20],[24,17],[-17,107],[35,55]],[[11533,5061],[21,-54],[64,-11],[4,-16],[10,-3],[23,-32],[5,-15],[12,-6],[3,-16],[35,-29],[-5,-42],[-67,-31],[-76,26],[-47,65],[8,35],[-23,80],[33,49]],[[12057,4356],[55,-27],[30,-42],[-13,-35],[-51,-11],[-32,30],[11,85]],[[12044,5672],[67,-40],[18,-44],[-67,-19],[-44,37],[-12,48],[38,18]],[[25333,13612],[9,-103],[67,-8],[3,62],[21,30],[136,38],[1,-60],[52,-37],[-7,-70],[-27,-2],[-34,-49],[-33,-13],[-100,-129],[-41,-15],[-50,15],[-69,-57]],[[25261,13214],[-16,44],[-32,3],[-58,71],[-14,46],[-44,3],[-7,104]],[[25090,13485],[25,26],[-1,63],[29,42],[5,52],[29,7]],[[25177,13675],[85,-24],[16,-54],[55,15]],[[26032,13505],[-1,-15],[-113,-99],[6,54],[85,37],[23,23]],[[27893,16656],[-22,4],[-50,71],[-5,42],[-32,23],[-7,84],[-46,3],[-62,30],[-71,-61],[-12,-57],[-31,0]],[[27555,16795],[-61,67],[-82,37],[-23,36],[-72,39]],[[27317,16974],[30,76],[-25,65],[85,44],[61,16],[31,71],[178,180],[15,52],[69,148],[24,31],[49,110],[-1,51],[-48,50],[13,59],[51,46],[38,-6],[-8,-49],[84,-67],[32,-50],[117,-29],[-10,-82],[48,-58],[32,-63],[-13,-110],[48,-81],[-23,-67],[12,-36],[-17,-55],[28,-26],[-45,-59],[5,-53],[-65,-31],[-17,-53],[-40,-14],[19,-49],[-44,-23],[3,-53],[-61,-52],[-2,-80],[-28,-52],[-49,-19]],[[26928,16517],[40,29],[47,74],[31,13],[106,-26],[-10,49],[-87,33],[-31,51],[74,94],[17,38],[89,18],[61,33],[52,51]],[[27555,16795],[-38,-39],[-26,-74],[-62,-42],[-37,-81],[-78,-52],[-35,-2],[-59,29],[-32,-46],[-26,-2],[-93,-87],[3,-25],[-50,-52]],[[27893,16656],[1,-27],[-73,-81],[-34,-84],[-53,-45],[-92,-9],[-21,-18],[-151,-14],[-129,43],[-59,-9],[-14,-45],[51,-90],[-22,-51],[-29,-12],[-111,25],[23,-61]],[[26292,16475],[20,47],[-23,84],[-70,73],[-81,5],[-35,64],[-30,5],[5,121]],[[26078,16874],[81,5],[99,34],[40,-10],[123,-83],[70,-13],[58,-54],[-62,-40],[-16,-83],[-23,-53],[-1,-55]],[[26594,16952],[54,-27],[2,-46],[-29,-54],[-40,14],[-31,71],[44,42]],[[25983,16261],[-104,195],[-7,113],[61,62],[-8,54],[-27,41],[-50,37],[-2,41],[33,79],[48,3],[75,-32],[76,20]],[[25807,16568],[42,-32],[-20,-52],[-60,-13],[-23,61],[61,36]],[[26197,15655],[-67,-64]],[[26130,15591],[-28,12],[-18,-74],[-35,-47],[-41,54],[-37,-11],[-68,-92],[-88,8],[-38,-20],[-132,-103],[-1,-48]],[[25385,15055],[-52,8],[-60,35],[-62,-28],[-57,26]],[[25154,15096],[77,58],[81,84],[52,-55],[90,10],[23,35],[-9,58],[41,29],[16,42],[97,52],[22,47],[49,10],[3,40],[-28,51],[22,46],[33,21],[27,-33],[57,58],[42,-6],[48,-37],[37,54],[79,44],[57,-13],[23,79],[43,20]],[[26494,15651],[-32,-34],[57,-94],[-7,-42],[-52,-50],[-134,-43],[-19,32],[-45,3],[-35,-56]],[[26227,15367],[-28,38],[-21,92],[-49,57],[1,37]],[[26227,15367],[14,-58],[-32,-34],[-3,-56],[-97,-16],[-41,50],[-103,23],[-30,31],[-74,-7],[-29,21],[-91,-40],[-57,-90],[-7,-12]],[[25500,17109],[108,-94],[15,-46],[-19,-45],[-93,-26],[-94,23],[-159,-7],[-44,23],[-22,69],[28,78],[31,16],[85,-24],[81,-2],[83,35]],[[25381,15005],[-63,-107],[-22,-74],[1,-50],[-161,-62]],[[25136,14712],[-115,255],[-16,59],[10,122],[-4,66],[55,-5],[59,-112],[29,-1]],[[25343,14592],[-107,-17],[-61,15]],[[25175,14590],[-39,122]],[[25233,14288],[17,94],[-24,6],[-16,71],[-34,5],[-17,52],[16,74]],[[25379,14432],[6,-18],[-53,-70],[18,-49]],[[25609,14346],[-65,6],[-26,-42],[16,-54]],[[25534,14256],[-53,-32],[-90,16]],[[25534,14256],[10,-80],[-36,-14],[-60,-62],[-44,-108],[-11,-105]],[[25393,13887],[-65,37],[-42,5],[-11,32],[23,67]],[[25393,13887],[-91,-155]],[[25302,13732],[-65,34],[-84,13]],[[25153,13779],[-30,18]],[[25177,13675],[-24,104]],[[25302,13732],[2,-94],[29,-26]],[[25090,13485],[-82,73]],[[23139,13852],[49,-26],[29,-44],[9,-84],[-24,-79],[-46,-42],[-4,-51],[19,-117],[-97,-16],[18,82],[-35,25],[-12,72],[29,51],[18,129],[34,37],[13,63]],[[23640,13840],[12,-41],[-29,-37],[-14,-59],[-34,6],[36,93],[29,38]],[[22892,14014],[5,-27],[80,-20],[33,-28],[-57,-53],[-8,52],[-48,-16],[17,-64],[-57,-48],[-62,46],[-5,41],[29,54],[32,-27],[41,90]],[[22739,13757],[66,-109],[-75,-33],[-15,38],[-45,10],[15,62],[54,32]],[[22574,13831],[2,-46],[-55,-29],[9,63],[44,12]],[[22782,13606],[29,-55],[-43,-19],[-20,45],[34,29]],[[22479,16238],[46,-13],[43,-87],[-35,-56],[-36,16],[-139,-25],[44,106],[77,59]],[[22037,14840],[-3,-65],[18,-55],[54,-28],[-71,-43],[-49,89],[51,102]],[[43483,11603],[58,-2],[70,-33],[43,-91],[-31,-88],[0,-55],[-54,-80],[-124,-31],[-46,17],[-59,49],[20,52],[0,107],[20,68],[-2,50],[30,24],[75,13]],[[43720,12166],[107,-34],[68,5],[67,-34],[-47,-122],[-22,-18],[-71,-4],[-58,33],[-48,94],[4,80]],[[43175,2709],[69,-25],[-30,-44],[-26,14],[-13,55]],[[26615,19366],[-102,-125],[-13,-84],[-39,-110],[-41,-25],[-57,0],[-41,-34],[10,-61],[-113,-39],[-25,-89],[-42,57],[4,50],[66,72],[29,74],[46,33],[52,81],[91,75],[44,90],[67,8],[64,27]],[[26109,18771],[-18,-73],[-42,38],[60,35]],[[26180,18485],[92,-63],[10,-68],[-36,-71],[9,-66],[-69,-11],[-91,46],[3,77],[-53,35],[41,71],[81,31],[13,19]],[[20095,14900],[54,-35],[60,-110],[36,12],[40,-76],[60,-77],[-51,-45],[-46,-98],[9,-25],[-16,-80],[32,-31],[18,-56],[-18,-17],[-54,16],[-33,40],[-67,32],[-24,61],[-41,48],[9,28],[-34,51],[-91,72],[-109,19],[-42,29],[-41,90],[40,45],[53,0],[68,24],[98,69],[90,14]],[[27673,24390],[51,-70],[21,-50],[-13,-38],[-58,43],[-28,67],[27,48]],[[25261,13214],[-34,-39],[-45,-10],[-82,-127]],[[9276,4011],[82,-67],[9,-41],[-12,-62],[-93,-79],[-80,0],[-92,33],[-24,81],[11,58],[50,52],[76,23],[73,2]],[[9193,4549],[32,-47],[12,-59],[-103,75],[59,31]],[[4410,2487],[93,-95],[7,-43],[57,-28],[-13,-72],[39,-56],[66,51],[16,53],[62,-33],[21,14],[69,-61],[44,62],[58,-33],[7,-69],[107,-19],[74,-45],[29,-76],[84,-6],[-12,-102],[-43,-32],[-7,-68],[16,-36],[-102,-55],[-59,-117],[23,-80],[-14,-93],[-51,42],[-52,0],[17,-67],[-20,-87],[-94,1],[-93,72],[-60,28],[-145,-16],[-83,35],[-85,7],[-98,22],[-75,58],[-39,47],[-53,22],[-21,-135],[-83,6],[-35,27],[-85,-2],[-97,160],[47,35],[58,-39],[28,17],[-37,74],[16,55],[134,-45],[-31,62],[17,41],[42,-47],[56,53],[19,-44],[49,-29],[10,-50],[44,5],[11,102],[-29,27],[47,67],[-37,39],[-18,58],[37,17],[15,37],[-36,75],[34,17],[-7,63],[52,83],[60,20],[-1,58],[-44,23],[33,42],[61,3]],[[4437,164],[104,-33],[15,-50],[-36,-62],[-40,-19],[-183,17],[-38,29],[6,62],[26,4],[91,50],[55,2]],[[5574,1321],[63,-43],[42,19],[32,-78],[-18,-48],[-69,-56],[-65,18],[-53,108],[-1,38],[38,43],[31,-1]],[[5418,1962],[94,-51],[-14,-37],[67,-52],[1,-37],[-47,-21],[-54,48],[-107,10],[33,67],[-24,51],[51,22]],[[6007,1872],[32,-24],[47,-101],[-49,-46],[-65,-1],[-22,75],[24,68],[33,29]],[[4144,2015],[66,-57],[-10,-53],[-61,45],[-32,40],[37,25]],[[5293,1251],[20,-34],[-66,-74],[-15,56],[61,52]],[[5209,1115],[7,-60],[-53,-5],[-26,40],[72,25]],[[4112,2123],[-34,-95],[-37,35],[15,46],[56,14]],[[348,2722],[70,-21],[97,-52],[-47,-82],[-48,-28],[-44,-52],[-51,25],[-26,-10],[-67,21],[-13,-31],[-80,-3],[-98,42],[-41,-1],[17,89],[61,25],[1,30],[38,37],[90,-26],[81,29],[33,-18],[27,26]],[[94757,90437],[-18,-71],[-113,18],[-26,-25],[125,-36],[-142,-220],[-147,-254],[-29,-98]],[[94836,90403],[-17,-27],[-56,19],[9,32]],[[89974,73084],[-2,14],[-125,53],[30,33],[100,18],[-28,130],[-27,24],[-87,7],[49,74],[-26,-15],[-53,60],[-27,-18],[45,-54],[-14,-32],[-75,88],[-214,212],[-48,53]],[[89805,73323],[104,-5],[11,-62],[35,-46],[-135,-6],[-15,119]],[[87858,72704],[-98,-59],[-103,-40],[-31,53],[10,-38],[-128,-10],[-34,-69],[-25,-1],[11,-60],[45,-10],[41,-56],[27,40],[34,-30],[35,29],[59,-61],[48,-15],[-28,-80],[-38,-67],[7,-34],[-52,-50],[-89,64],[-53,-9],[16,-56],[-69,-15],[22,-64],[-38,-40],[24,-8],[62,49],[40,-20],[-39,-59],[24,-31],[3,-85],[31,-40],[0,-73],[-121,-38],[-12,-69]],[[86593,73207],[67,9]],[[86787,73244],[31,-39],[46,9],[38,71],[-13,65],[154,-32],[48,-54],[15,-47],[221,-44],[18,-23],[104,3],[78,-10],[52,-33],[-14,-101],[57,-37],[58,43],[39,2],[-7,-55],[27,-32],[41,-130],[36,-9],[42,-87]],[[87770,72542],[40,-64],[-36,-34],[-117,69],[-3,29],[104,43],[12,-43]],[[87930,72571],[-66,-35],[-65,91],[75,47]],[[87874,72674],[56,-103]],[[87754,72194],[-5,-67],[-44,-43],[-58,62],[47,46],[60,2]],[[88198,72982],[59,-64],[20,-70],[-112,3],[-48,104],[-78,-72],[14,-77],[-195,-102]],[[88171,72802],[39,-42],[-173,-93],[-49,60],[130,72],[53,3]],[[87874,72674],[104,55],[3,-47],[36,-65],[-87,-46]],[[88110,72922],[34,-73],[-75,-26],[-15,66],[56,33]],[[83007,86784],[3,87],[39,64],[40,155],[46,92],[33,116],[134,181],[96,95],[50,46],[150,110],[103,59],[40,37],[64,29],[157,93],[173,113],[277,209],[23,34],[43,-13],[49,46],[78,17],[20,27],[79,-1],[72,24],[34,-13],[199,82],[96,26],[79,34],[20,38],[54,29],[32,-23],[62,-150]],[[82237,70326],[-33,-8],[-163,0],[-117,-22],[-105,-64],[-38,-58],[-24,-98],[-65,-133],[-77,-59],[21,-27],[-123,-82],[-29,-50],[15,-74],[0,-89],[42,-67],[27,69],[-51,37],[8,59],[84,11],[18,46],[60,-48],[-36,-115],[-100,-110],[-173,-100],[-25,-13],[-307,-121],[-47,-57],[-163,-63],[-71,-43],[-48,-105]],[[77837,67340],[-110,8],[-152,64],[-133,34],[-332,58],[-193,22],[-123,2],[-9,13]],[[73046,70014],[29,19],[4,125],[-78,3],[-32,-53],[-72,-162],[-68,17],[37,119],[-13,32],[-118,-18]],[[73015,70043],[20,-16],[-30,-96],[-57,-27],[26,83],[-4,32],[45,24]],[[72861,69942],[33,-4],[-16,-73],[-41,-14],[-32,65],[56,26]],[[65911,67009],[-101,-51],[-39,51],[-44,11],[-211,78],[-47,-1]],[[65469,67097],[-33,87],[90,30],[10,123],[-33,-9],[-84,42],[-9,30],[-43,24],[-8,86],[20,62],[-69,90]],[[65165,67432],[105,-25],[26,-20],[-62,-76],[-72,9],[-32,56],[35,56]],[[65286,67510],[35,-28],[2,-61],[-114,23],[0,32],[77,34]],[[65028,67250],[28,-28],[-69,-67],[-9,35],[50,60]],[[65361,67329],[80,-4],[37,-18],[12,-76],[-102,-46],[-61,25],[-63,78],[97,41]],[[65218,67225],[51,-48],[99,-7],[11,-43],[-93,-5],[-17,55],[-51,48]],[[65469,66671],[37,103],[-74,22],[-105,0],[-44,247],[71,-37],[27,-153],[45,6],[-17,121],[80,-43],[20,-99],[42,-5],[-20,130],[-125,40],[-11,74],[106,-46],[15,26],[-47,40]],[[65409,66709],[24,43],[53,3],[-24,-74]],[[64766,67802],[-48,2],[-37,-31],[5,-67],[-177,-23],[-102,-12],[18,-33],[-75,-10],[-41,15],[10,-26],[-56,-36],[-90,-19],[-4,-57],[-33,-14],[-18,-49],[19,-82],[-85,-10],[-103,-14],[-41,-20],[-88,-1],[-86,-16],[-70,-33],[-99,-25],[-74,-33],[-76,-5],[-141,117]],[[64651,67664],[35,-4],[12,-96],[-189,-25],[-11,99],[62,29],[91,-3]],[[64769,67744],[-54,-34],[1,83],[49,-5],[4,-44]],[[64644,67372],[-29,89],[31,4],[-2,-93]],[[64329,67571],[62,-59],[69,-144],[-146,-4],[-77,58],[-5,91],[97,58]],[[64416,67305],[11,-54],[-154,-14],[22,63],[121,5]],[[58526,66972],[-46,7],[-36,-43],[-64,-11],[-24,34],[-57,-16],[-76,16],[-6,61],[-31,10],[-27,68],[-69,-12],[-53,21],[-121,24],[-69,-38],[-28,-45],[-34,9],[-119,-52],[65,-38],[70,43],[161,3],[112,26],[77,-73],[2,-70],[-36,-17]],[[50176,65532],[-2,2],[-1,11],[-1,8],[-60,-59],[-51,8],[-23,-23],[-71,21],[-49,-24],[-87,-1],[-14,-76],[-62,30],[-7,48],[-85,39],[-38,-13],[-82,37],[-101,-14],[-7,-54],[-64,-31],[-23,53],[-69,5]],[[49770,65304],[25,-51],[-18,-98],[-54,-28],[-41,31],[51,75],[-6,34],[43,37]],[[49983,65438],[27,-70],[-31,-30],[-21,93],[25,7]],[[50134,65480],[45,27]],[[40510,62717],[48,36],[27,64],[74,27],[82,-7],[62,-20],[47,-47],[26,75],[50,2],[0,39],[84,13],[1,-42],[-46,-7],[0,-36],[80,-43],[12,45],[156,-17],[59,-54],[-23,-133],[-35,-15],[-62,-59],[-54,3],[-8,-32],[-158,-49],[-49,61],[29,-88],[170,51],[0,-24],[13,29],[66,18],[49,-5],[-5,44],[88,76],[-6,45],[17,62],[106,47],[53,10],[13,-32],[-49,-33],[12,-28],[84,36],[14,-19],[-90,-47],[-5,-23],[109,60],[153,-160],[73,32],[88,76],[76,194],[84,59],[3,93],[60,-20],[93,17],[52,52],[94,-49],[21,-29],[-30,-42],[15,-58],[-54,0],[-15,-49],[4,-71],[-36,-85],[13,-36],[-82,-23],[11,-29],[69,-40],[-55,-244],[-84,-42],[-6,-64],[-83,29],[-19,-61],[51,-126],[77,7]],[[41221,62908],[28,-33],[95,40],[66,-67],[-119,-56],[-199,29],[-36,35],[0,35],[117,1],[48,16]],[[42376,62181],[-25,142],[51,9],[24,-142]],[[38020,60945],[46,44],[14,44],[-15,64],[19,24],[60,-51],[49,-25],[33,-42],[-43,-43],[-21,-63],[25,-38],[11,-59],[77,-33],[150,-12],[-23,-87],[-43,43],[-56,-39],[110,-90],[71,4],[32,-19],[101,49],[9,65],[51,2],[104,-17],[70,5],[90,54],[40,-15],[23,-54],[39,20],[-44,65],[27,14],[37,-41],[14,66],[31,97],[10,86],[69,-8],[6,35],[-88,34],[108,54],[47,10],[-47,81],[33,23],[-7,52],[-65,-3],[-77,-33],[9,-41],[-35,-23],[-158,-37],[-42,-44],[-7,-62],[-103,22],[-29,-17],[-46,69],[111,11],[111,47],[103,60],[66,54],[87,99],[9,62]],[[38553,61261],[25,-14],[61,-135],[-43,-43],[-48,7],[-47,69],[2,87],[50,29]],[[39190,61171],[37,-64],[-56,-44],[-18,20],[-84,-37],[-20,42],[113,83],[28,0]],[[38564,60936],[63,-97],[1,-45],[-33,-47],[-51,1],[-15,58],[35,130]],[[38183,61293],[46,-30],[-26,-45],[-45,55],[25,20]],[[40166,55076],[-20,98],[19,72],[-6,74],[-35,80],[-5,72],[47,75],[36,17],[-54,54],[4,29],[-47,31],[-18,85],[-55,17],[-16,94],[-38,47]],[[40090,55412],[-11,-37],[-93,0],[5,36],[99,1]]],"transform":{"scale":[0.00019089146820041417,0.00015741757665510694],"translate":[122.9401561224073,24.04587194603363]},"objects":{"japan":{"type":"GeometryCollection","geometries":[{"arcs":[[0,1,2,3]],"type":"Polygon","properties":{"pref":"北海道","office":"渡島総合振興局","city":"函館市","code5":"01202","code6":"012025"}},{"arcs":[[4,5,6,7,8]],"type":"Polygon","properties":{"pref":"北海道","office":"後志総合振興局","city":"小樽市","code5":"01203","code6":"012033"}},{"arcs":[[9,10,11,12,13,14,15,16,17,18,19,20]],"type":"Polygon","properties":{"pref":"北海道","office":"上川総合振興局","city":"旭川市","code5":"01204","code6":"012041"}},{"arcs":[[21,22,23]],"type":"Polygon","properties":{"pref":"北海道","office":"胆振総合振興局","city":"室蘭市","code5":"01205","code6":"012050"}},{"arcs":[[[24,25,26,27,28,29,30]],[[31,32,33]]],"type":"MultiPolygon","properties":{"pref":"北海道","office":"釧路総合振興局","city":"釧路市","code5":"01206","code6":"012068"}},{"arcs":[[34,35,36,37,38,39,40,41]],"type":"Polygon","properties":{"pref":"北海道","office":"十勝総合振興局","city":"帯広市","code5":"01207","code6":"012076"}},{"arcs":[[42,43,44,45,46,47,48,49,50,51,52,53]],"type":"Polygon","properties":{"pref":"北海道","office":"オホーツク総合振興局","city":"北見市","code5":"01208","code6":"012084"}},{"arcs":[[54,55,56,57,58,59,60,61,62]],"type":"Polygon","properties":{"pref":"北海道","office":"空知総合振興局","city":"夕張市","code5":"01209","code6":"012092"}},{"arcs":[[-60,63,64,65,66,67,68,69,70]],"type":"Polygon","properties":{"pref":"北海道","office":"空知総合振興局","city":"岩見沢市","code5":"01210","code6":"012106"}},{"arcs":[[-43,71,72,73]],"type":"Polygon","properties":{"pref":"北海道","office":"オホーツク総合振興局","city":"網走市","code5":"01211","code6":"012114"}},{"arcs":[[74,75,76,77,78]],"type":"Polygon","properties":{"pref":"北海道","office":"留萌振興局","city":"留萌市","code5":"01212","code6":"012122"}},{"arcs":[[79,80,81,82,83]],"type":"Polygon","properties":{"pref":"北海道","office":"胆振総合振興局","city":"苫小牧市","code5":"01213","code6":"012131"}},{"arcs":[[84,85,86]],"type":"Polygon","properties":{"pref":"北海道","office":"宗谷総合振興局","city":"稚内市","code5":"01214","code6":"012149"}},{"arcs":[[-70,87,88,89,90,91]],"type":"Polygon","properties":{"pref":"北海道","office":"空知総合振興局","city":"美唄市","code5":"01215","code6":"012157"}},{"arcs":[[-18,92,93,94,95,-62,96,-91,97,98,99,100,101]],"type":"Polygon","properties":{"pref":"北海道","office":"空知総合振興局","city":"芦別市","code5":"01216","code6":"012165"}},{"arcs":[[102,103,-67,104,105,106]],"type":"Polygon","properties":{"pref":"北海道","office":"石狩振興局","city":"江別市","code5":"01217","code6":"012173"}},{"arcs":[[-101,107,108,109,110]],"type":"Polygon","properties":{"pref":"北海道","office":"空知総合振興局","city":"赤平市","code5":"01218","code6":"012181"}},{"arcs":[[111,112,113,114,115]],"type":"Polygon","properties":{"pref":"北海道","office":"オホーツク総合振興局","city":"紋別市","code5":"01219","code6":"012190"}},{"arcs":[[116,117,118,119,120,121,122,123,124,125]],"type":"Polygon","properties":{"pref":"北海道","office":"上川総合振興局","city":"士別市","code5":"01220","code6":"012203"}},{"arcs":[[-117,126,127,128,129]],"type":"Polygon","properties":{"pref":"北海道","office":"上川総合振興局","city":"名寄市","code5":"01221","code6":"012211"}},{"arcs":[[-61,-71,-92,-97]],"type":"Polygon","properties":{"pref":"北海道","office":"空知総合振興局","city":"三笠市","code5":"01222","code6":"012220"}},{"arcs":[[[130,131,132]],[[133]],[[134]],[[135]],[[136]],[[137]],[[138]],[[139]]],"type":"MultiPolygon","properties":{"pref":"北海道","office":"根室振興局","city":"根室市","code5":"01223","code6":"012238"}},{"arcs":[[140,141,142,143,144,-83,145,146]],"type":"Polygon","properties":{"pref":"北海道","office":"石狩振興局","city":"千歳市","code5":"01224","code6":"012246"}},{"arcs":[[-110,147,148,149,150,151]],"type":"Polygon","properties":{"pref":"北海道","office":"空知総合振興局","city":"滝川市","code5":"01225","code6":"012254"}},{"arcs":[[-109,152,153,154,155,-148]],"type":"Polygon","properties":{"pref":"北海道","office":"空知総合振興局","city":"砂川市","code5":"01226","code6":"012262"}},{"arcs":[[-100,156,-153,-108]],"type":"Polygon","properties":{"pref":"北海道","office":"空知総合振興局","city":"歌志内市","code5":"01227","code6":"012271"}},{"arcs":[[-19,-102,-111,-152,157,158,159,160,161]],"type":"Polygon","properties":{"pref":"北海道","office":"空知総合振興局","city":"深川市","code5":"01228","code6":"012289"}},{"arcs":[[-95,162,163,164]],"type":"Polygon","properties":{"pref":"北海道","office":"上川総合振興局","city":"富良野市","code5":"01229","code6":"012297"}},{"arcs":[[-24,165,166,167,168]],"type":"Polygon","properties":{"pref":"北海道","office":"胆振総合振興局","city":"登別市","code5":"01230","code6":"012301"}},{"arcs":[[169,170,171,-142]],"type":"Polygon","properties":{"pref":"北海道","office":"石狩振興局","city":"恵庭市","code5":"01231","code6":"012319"}},{"arcs":[[[172,-147,173,174,175,176,177]],[[-23,178,179,180,-166]]],"type":"MultiPolygon","properties":{"pref":"北海道","office":"胆振総合振興局","city":"伊達市","code5":"01233","code6":"012335"}},{"arcs":[[-106,181,182,-171,183]],"type":"Polygon","properties":{"pref":"北海道","office":"石狩振興局","city":"北広島市","code5":"01234","code6":"012343"}},{"arcs":[[184,-8,185,186,187,188]],"type":"Polygon","properties":{"pref":"北海道","office":"石狩振興局","city":"石狩市","code5":"01235","code6":"012351"}},{"arcs":[[-1,189,190,191,192,193]],"type":"Polygon","properties":{"pref":"北海道","office":"渡島総合振興局","city":"北斗市","code5":"01236","code6":"012360"}},{"arcs":[[-189,194,195,196,197,-103,198]],"type":"Polygon","properties":{"pref":"北海道","office":"石狩振興局","county":"石狩郡","city":"当別町","code5":"01303","code6":"013030"}},{"arcs":[[-68,-104,-198,199]],"type":"Polygon","properties":{"pref":"北海道","office":"石狩振興局","county":"石狩郡","city":"新篠津村","code5":"01304","code6":"013048"}},{"arcs":[[[200,201,202]],[[203]],[[204]]],"type":"MultiPolygon","properties":{"pref":"北海道","office":"渡島総合振興局","county":"松前郡","city":"松前町","code5":"01331","code6":"013315"}},{"arcs":[[-201,205,206,207]],"type":"Polygon","properties":{"pref":"北海道","office":"渡島総合振興局","county":"松前郡","city":"福島町","code5":"01332","code6":"013323"}},{"arcs":[[-207,208,209,210]],"type":"Polygon","properties":{"pref":"北海道","office":"渡島総合振興局","county":"上磯郡","city":"知内町","code5":"01333","code6":"013331"}},{"arcs":[[-191,211,-210,212,213]],"type":"Polygon","properties":{"pref":"北海道","office":"渡島総合振興局","county":"上磯郡","city":"木古内町","code5":"01334","code6":"013340"}},{"arcs":[[-2,-194,214,215]],"type":"Polygon","properties":{"pref":"北海道","office":"渡島総合振興局","county":"亀田郡","city":"七飯町","code5":"01337","code6":"013374"}},{"arcs":[[-3,-216,216,217]],"type":"Polygon","properties":{"pref":"北海道","office":"渡島総合振興局","county":"茅部郡","city":"鹿部町","code5":"01343","code6":"013439"}},{"arcs":[[-193,218,219,220,-217,-215]],"type":"Polygon","properties":{"pref":"北海道","office":"渡島総合振興局","county":"茅部郡","city":"森町","code5":"01345","code6":"013455"}},{"arcs":[[-220,221,222,223,224,225,226,227]],"type":"Polygon","properties":{"pref":"北海道","office":"渡島総合振興局","county":"二海郡","city":"八雲町","code5":"01346","code6":"013463"}},{"arcs":[[-227,228,229,230,231,232]],"type":"Polygon","properties":{"pref":"北海道","office":"渡島総合振興局","county":"山越郡","city":"長万部町","code5":"01347","code6":"013471"}},{"arcs":[[233,234,235,236]],"type":"Polygon","properties":{"pref":"北海道","office":"檜山振興局","county":"檜山郡","city":"江差町","code5":"01361","code6":"013617"}},{"arcs":[[-203,237,-235,238,-213,-209,-206]],"type":"Polygon","properties":{"pref":"北海道","office":"檜山振興局","county":"檜山郡","city":"上ノ国町","code5":"01362","code6":"013625"}},{"arcs":[[-192,-214,-239,-234,239,-222,-219]],"type":"Polygon","properties":{"pref":"北海道","office":"檜山振興局","county":"檜山郡","city":"厚沢部町","code5":"01363","code6":"013633"}},{"arcs":[[-223,-240,-237,240]],"type":"Polygon","properties":{"pref":"北海道","office":"檜山振興局","county":"爾志郡","city":"乙部町","code5":"01364","code6":"013641"}},{"arcs":[[241]],"type":"Polygon","properties":{"pref":"北海道","office":"檜山振興局","county":"奥尻郡","city":"奥尻町","code5":"01367","code6":"013676"}},{"arcs":[[-226,242,243,-229]],"type":"Polygon","properties":{"pref":"北海道","office":"檜山振興局","county":"瀬棚郡","city":"今金町","code5":"01370","code6":"013706"}},{"arcs":[[-225,244,245,-243]],"type":"Polygon","properties":{"pref":"北海道","office":"檜山振興局","county":"久遠郡","city":"せたな町","code5":"01371","code6":"013714"}},{"arcs":[[-230,-244,-246,246,247,248]],"type":"Polygon","properties":{"pref":"北海道","office":"後志総合振興局","county":"島牧郡","city":"島牧村","code5":"01391","code6":"013919"}},{"arcs":[[-248,249,250,251]],"type":"Polygon","properties":{"pref":"北海道","office":"後志総合振興局","county":"寿都郡","city":"寿都町","code5":"01392","code6":"013927"}},{"arcs":[[-231,-249,-252,252,253]],"type":"Polygon","properties":{"pref":"北海道","office":"後志総合振興局","county":"寿都郡","city":"黒松内町","code5":"01393","code6":"013935"}},{"arcs":[[-251,254,255,256,257,258,259,-253]],"type":"Polygon","properties":{"pref":"北海道","office":"後志総合振興局","county":"磯谷郡","city":"蘭越町","code5":"01394","code6":"013943"}},{"arcs":[[-259,260,261,262]],"type":"Polygon","properties":{"pref":"北海道","office":"後志総合振興局","county":"虻田郡","city":"ニセコ町","code5":"01395","code6":"013951"}},{"arcs":[[-262,263,264,265,266]],"type":"Polygon","properties":{"pref":"北海道","office":"後志総合振興局","county":"虻田郡","city":"真狩村","code5":"01396","code6":"013960"}},{"arcs":[[-177,267,-265,268]],"type":"Polygon","properties":{"pref":"北海道","office":"後志総合振興局","county":"虻田郡","city":"留寿都村","code5":"01397","code6":"013978"}},{"arcs":[[269,-178,-269,-264,270]],"type":"Polygon","properties":{"pref":"北海道","office":"後志総合振興局","county":"虻田郡","city":"喜茂別町","code5":"01398","code6":"013986"}},{"arcs":[[271,-271,272,273]],"type":"Polygon","properties":{"pref":"北海道","office":"後志総合振興局","county":"虻田郡","city":"京極町","code5":"01399","code6":"013994"}},{"arcs":[[-258,274,275,276,-273,-261]],"type":"Polygon","properties":{"pref":"北海道","office":"後志総合振興局","county":"虻田郡","city":"倶知安町","code5":"01400","code6":"014001"}},{"arcs":[[-257,277,278,279,280,281,-275]],"type":"Polygon","properties":{"pref":"北海道","office":"後志総合振興局","county":"岩内郡","city":"共和町","code5":"01401","code6":"014010"}},{"arcs":[[-256,282,-278]],"type":"Polygon","properties":{"pref":"北海道","office":"後志総合振興局","county":"岩内郡","city":"岩内町","code5":"01402","code6":"014028"}},{"arcs":[[-280,283,284,285]],"type":"Polygon","properties":{"pref":"北海道","office":"後志総合振興局","county":"古宇郡","city":"泊村","code5":"01403","code6":"014036"}},{"arcs":[[-285,286,287,288]],"type":"Polygon","properties":{"pref":"北海道","office":"後志総合振興局","county":"古宇郡","city":"神恵内村","code5":"01404","code6":"014044"}},{"arcs":[[-288,289,290]],"type":"Polygon","properties":{"pref":"北海道","office":"後志総合振興局","county":"積丹郡","city":"積丹町","code5":"01405","code6":"014052"}},{"arcs":[[-281,-286,-289,-291,291,292,293]],"type":"Polygon","properties":{"pref":"北海道","office":"後志総合振興局","county":"古平郡","city":"古平町","code5":"01406","code6":"014061"}},{"arcs":[[-276,-282,-294,294,295]],"type":"Polygon","properties":{"pref":"北海道","office":"後志総合振興局","county":"余市郡","city":"仁木町","code5":"01407","code6":"014079"}},{"arcs":[[-6,296,-295,-293,297]],"type":"Polygon","properties":{"pref":"北海道","office":"後志総合振興局","county":"余市郡","city":"余市町","code5":"01408","code6":"014087"}},{"arcs":[[298,-274,-277,-296,-297,-5]],"type":"Polygon","properties":{"pref":"北海道","office":"後志総合振興局","county":"余市郡","city":"赤井川村","code5":"01409","code6":"014095"}},{"arcs":[[-66,299,-182,-105]],"type":"Polygon","properties":{"pref":"北海道","office":"空知総合振興局","county":"空知郡","city":"南幌町","code5":"01423","code6":"014231"}},{"arcs":[[-90,300,301,-155,302,-98]],"type":"Polygon","properties":{"pref":"北海道","office":"空知総合振興局","county":"空知郡","city":"奈井江町","code5":"01424","code6":"014249"}},{"arcs":[[-99,-303,-154,-157]],"type":"Polygon","properties":{"pref":"北海道","office":"空知総合振興局","county":"空知郡","city":"上砂川町","code5":"01425","code6":"014257"}},{"arcs":[[-58,303,304,-144,305,306]],"type":"Polygon","properties":{"pref":"北海道","office":"空知総合振興局","county":"夕張郡","city":"由仁町","code5":"01427","code6":"014273"}},{"arcs":[[-65,307,-306,-143,-172,-183,-300]],"type":"Polygon","properties":{"pref":"北海道","office":"空知総合振興局","county":"夕張郡","city":"長沼町","code5":"01428","code6":"014281"}},{"arcs":[[-59,-307,-308,-64]],"type":"Polygon","properties":{"pref":"北海道","office":"空知総合振興局","county":"夕張郡","city":"栗山町","code5":"01429","code6":"014290"}},{"arcs":[[-69,-200,-197,308,-88]],"type":"Polygon","properties":{"pref":"北海道","office":"空知総合振興局","county":"樺戸郡","city":"月形町","code5":"01430","code6":"014303"}},{"arcs":[[-89,-309,-196,309,-301]],"type":"Polygon","properties":{"pref":"北海道","office":"空知総合振興局","county":"樺戸郡","city":"浦臼町","code5":"01431","code6":"014311"}},{"arcs":[[-149,-156,-302,-310,-195,-188,310,311]],"type":"Polygon","properties":{"pref":"北海道","office":"空知総合振興局","county":"樺戸郡","city":"新十津川町","code5":"01432","code6":"014320"}},{"arcs":[[-151,312,313,314,-158]],"type":"Polygon","properties":{"pref":"北海道","office":"空知総合振興局","county":"雨竜郡","city":"妹背牛町","code5":"01433","code6":"014338"}},{"arcs":[[-159,-315,315,316]],"type":"Polygon","properties":{"pref":"北海道","office":"空知総合振興局","county":"雨竜郡","city":"秩父別町","code5":"01434","code6":"014346"}},{"arcs":[[-150,-312,317,318,-313]],"type":"Polygon","properties":{"pref":"北海道","office":"空知総合振興局","county":"雨竜郡","city":"雨竜町","code5":"01436","code6":"014362"}},{"arcs":[[-76,319,-316,-314,-319,320]],"type":"Polygon","properties":{"pref":"北海道","office":"空知総合振興局","county":"雨竜郡","city":"北竜町","code5":"01437","code6":"014371"}},{"arcs":[[-75,321,-160,-317,-320]],"type":"Polygon","properties":{"pref":"北海道","office":"空知総合振興局","county":"雨竜郡","city":"沼田町","code5":"01438","code6":"014389"}},{"arcs":[[-10,322]],"type":"Polygon","properties":{"pref":"北海道","office":"上川総合振興局","county":"上川郡","city":"鷹栖町","code5":"01452","code6":"014524"}},{"arcs":[[-16,323,324]],"type":"Polygon","properties":{"pref":"北海道","office":"上川総合振興局","county":"上川郡","city":"東神楽町","code5":"01453","code6":"014532"}},{"arcs":[[-13,325,326,327]],"type":"Polygon","properties":{"pref":"北海道","office":"上川総合振興局","county":"上川郡","city":"当麻町","code5":"01454","code6":"014541"}},{"arcs":[[-12,328,-122,329,-326]],"type":"Polygon","properties":{"pref":"北海道","office":"上川総合振興局","county":"上川郡","city":"比布町","code5":"01455","code6":"014559"}},{"arcs":[[-121,330,-327,-330]],"type":"Polygon","properties":{"pref":"北海道","office":"上川総合振興局","county":"上川郡","city":"愛別町","code5":"01456","code6":"014567"}},{"arcs":[[-14,-328,-331,-120,331,332,-50,333,334,335,336]],"type":"Polygon","properties":{"pref":"北海道","office":"上川総合振興局","county":"上川郡","city":"上川町","code5":"01457","code6":"014575"}},{"arcs":[[-15,-337,337,-324]],"type":"Polygon","properties":{"pref":"北海道","office":"上川総合振興局","county":"上川郡","city":"東川町","code5":"01458","code6":"014583"}},{"arcs":[[-17,-325,-338,-336,338,339,340,-93]],"type":"Polygon","properties":{"pref":"北海道","office":"上川総合振興局","county":"上川郡","city":"美瑛町","code5":"01459","code6":"014591"}},{"arcs":[[-164,341,-340,342,343]],"type":"Polygon","properties":{"pref":"北海道","office":"上川総合振興局","county":"空知郡","city":"上富良野町","code5":"01460","code6":"014605"}},{"arcs":[[-94,-341,-342,-163]],"type":"Polygon","properties":{"pref":"北海道","office":"上川総合振興局","county":"空知郡","city":"中富良野町","code5":"01461","code6":"014613"}},{"arcs":[[-63,-96,-165,-344,344,345,346,347]],"type":"Polygon","properties":{"pref":"北海道","office":"上川総合振興局","county":"空知郡","city":"南富良野町","code5":"01462","code6":"014621"}},{"arcs":[[-55,-348,348,349,350]],"type":"Polygon","properties":{"pref":"北海道","office":"上川総合振興局","county":"勇払郡","city":"占冠村","code5":"01463","code6":"014630"}},{"arcs":[[-11,-323,-21,351,-125,352,-123,-329]],"type":"Polygon","properties":{"pref":"北海道","office":"上川総合振興局","county":"上川郡","city":"和寒町","code5":"01464","code6":"014648"}},{"arcs":[[-124,-353]],"type":"Polygon","properties":{"pref":"北海道","office":"上川総合振興局","county":"上川郡","city":"剣淵町","code5":"01465","code6":"014656"}},{"arcs":[[-118,-130,353,354,355]],"type":"Polygon","properties":{"pref":"北海道","office":"上川総合振興局","county":"上川郡","city":"下川町","code5":"01468","code6":"014681"}},{"arcs":[[-128,356,357,358,359,360]],"type":"Polygon","properties":{"pref":"北海道","office":"上川総合振興局","county":"中川郡","city":"美深町","code5":"01469","code6":"014699"}},{"arcs":[[-359,361,362,363]],"type":"Polygon","properties":{"pref":"北海道","office":"上川総合振興局","county":"中川郡","city":"音威子府村","code5":"01470","code6":"014702"}},{"arcs":[[-358,364,365,366,367,368,-362]],"type":"Polygon","properties":{"pref":"北海道","office":"上川総合振興局","county":"中川郡","city":"中川町","code5":"01471","code6":"014711"}},{"arcs":[[-20,-162,369,370,371,372,-365,-357,-127,-126,-352]],"type":"Polygon","properties":{"pref":"北海道","office":"上川総合振興局","county":"雨竜郡","city":"幌加内町","code5":"01472","code6":"014729"}},{"arcs":[[-77,-321,-318,-311,-187,373]],"type":"Polygon","properties":{"pref":"北海道","office":"留萌振興局","county":"増毛郡","city":"増毛町","code5":"01481","code6":"014818"}},{"arcs":[[-79,374,375,-370,-161,-322]],"type":"Polygon","properties":{"pref":"北海道","office":"留萌振興局","county":"留萌郡","city":"小平町","code5":"01482","code6":"014826"}},{"arcs":[[-371,-376,376,377]],"type":"Polygon","properties":{"pref":"北海道","office":"留萌振興局","county":"苫前郡","city":"苫前町","code5":"01483","code6":"014834"}},{"arcs":[[[-372,-378,378,379,380]],[[381]],[[382]]],"type":"MultiPolygon","properties":{"pref":"北海道","office":"留萌振興局","county":"苫前郡","city":"羽幌町","code5":"01484","code6":"014842"}},{"arcs":[[-380,383,384]],"type":"Polygon","properties":{"pref":"北海道","office":"留萌振興局","county":"苫前郡","city":"初山別村","code5":"01485","code6":"014851"}},{"arcs":[[-366,-373,-381,-385,385,386]],"type":"Polygon","properties":{"pref":"北海道","office":"留萌振興局","county":"天塩郡","city":"遠別町","code5":"01486","code6":"014869"}},{"arcs":[[-367,-387,387,388]],"type":"Polygon","properties":{"pref":"北海道","office":"留萌振興局","county":"天塩郡","city":"天塩町","code5":"01487","code6":"014877"}},{"arcs":[[-85,389,390,391,392]],"type":"Polygon","properties":{"pref":"北海道","office":"宗谷総合振興局","county":"宗谷郡","city":"猿払村","code5":"01511","code6":"015113"}},{"arcs":[[-391,393,394,395,396]],"type":"Polygon","properties":{"pref":"北海道","office":"宗谷総合振興局","county":"枝幸郡","city":"浜頓別町","code5":"01512","code6":"015121"}},{"arcs":[[-363,-369,397,-396,398]],"type":"Polygon","properties":{"pref":"北海道","office":"宗谷総合振興局","county":"枝幸郡","city":"中頓別町","code5":"01513","code6":"015130"}},{"arcs":[[-360,-364,-399,-395,399,400]],"type":"Polygon","properties":{"pref":"北海道","office":"宗谷総合振興局","county":"枝幸郡","city":"枝幸町","code5":"01514","code6":"015148"}},{"arcs":[[-86,-393,401,402]],"type":"Polygon","properties":{"pref":"北海道","office":"宗谷総合振興局","county":"天塩郡","city":"豊富町","code5":"01516","code6":"015164"}},{"arcs":[[403]],"type":"Polygon","properties":{"pref":"北海道","office":"宗谷総合振興局","county":"礼文郡","city":"礼文町","code5":"01517","code6":"015172"}},{"arcs":[[404,405]],"type":"Polygon","properties":{"pref":"北海道","office":"宗谷総合振興局","county":"利尻郡","city":"利尻町","code5":"01518","code6":"015181"}},{"arcs":[[-406,406]],"type":"Polygon","properties":{"pref":"北海道","office":"宗谷総合振興局","county":"利尻郡","city":"利尻富士町","code5":"01519","code6":"015199"}},{"arcs":[[-368,-389,407,-402,-392,-397,-398]],"type":"Polygon","properties":{"pref":"北海道","office":"宗谷総合振興局","county":"天塩郡","city":"幌延町","code5":"01520","code6":"015202"}},{"arcs":[[-45,408,409,410,411]],"type":"Polygon","properties":{"pref":"北海道","office":"オホーツク総合振興局","county":"網走郡","city":"美幌町","code5":"01543","code6":"015431"}},{"arcs":[[-31,412,413,414,-46,-412,415]],"type":"Polygon","properties":{"pref":"北海道","office":"オホーツク総合振興局","county":"網走郡","city":"津別町","code5":"01544","code6":"015440"}},{"arcs":[[416,417,418,419,420]],"type":"Polygon","properties":{"pref":"北海道","office":"オホーツク総合振興局","county":"斜里郡","city":"斜里町","code5":"01545","code6":"015458"}},{"arcs":[[-419,421,422,423,424]],"type":"Polygon","properties":{"pref":"北海道","office":"オホーツク総合振興局","county":"斜里郡","city":"清里町","code5":"01546","code6":"015466"}},{"arcs":[[-73,425,-420,-425,426,-410,427]],"type":"Polygon","properties":{"pref":"北海道","office":"オホーツク総合振興局","county":"斜里郡","city":"小清水町","code5":"01547","code6":"015474"}},{"arcs":[[-47,-415,428,429]],"type":"Polygon","properties":{"pref":"北海道","office":"オホーツク総合振興局","county":"常呂郡","city":"訓子府町","code5":"01549","code6":"015491"}},{"arcs":[[-48,-430,430,431,432]],"type":"Polygon","properties":{"pref":"北海道","office":"オホーツク総合振興局","county":"常呂郡","city":"置戸町","code5":"01550","code6":"015504"}},{"arcs":[[-52,433,434]],"type":"Polygon","properties":{"pref":"北海道","office":"オホーツク総合振興局","county":"常呂郡","city":"佐呂間町","code5":"01552","code6":"015521"}},{"arcs":[[-51,-333,435,-113,436,-434]],"type":"Polygon","properties":{"pref":"北海道","office":"オホーツク総合振興局","county":"紋別郡","city":"遠軽町","code5":"01555","code6":"015555"}},{"arcs":[[-53,-435,-437,-112,437]],"type":"Polygon","properties":{"pref":"北海道","office":"オホーツク総合振興局","county":"紋別郡","city":"湧別町","code5":"01559","code6":"015598"}},{"arcs":[[-114,-436,-332,-119,-356,438,439]],"type":"Polygon","properties":{"pref":"北海道","office":"オホーツク総合振興局","county":"紋別郡","city":"滝上町","code5":"01560","code6":"015601"}},{"arcs":[[-115,-440,440,441,442]],"type":"Polygon","properties":{"pref":"北海道","office":"オホーツク総合振興局","county":"紋別郡","city":"興部町","code5":"01561","code6":"015610"}},{"arcs":[[-355,443,-441,-439]],"type":"Polygon","properties":{"pref":"北海道","office":"オホーツク総合振興局","county":"紋別郡","city":"西興部村","code5":"01562","code6":"015628"}},{"arcs":[[-129,-361,-401,444,-442,-444,-354]],"type":"Polygon","properties":{"pref":"北海道","office":"オホーツク総合振興局","county":"紋別郡","city":"雄武町","code5":"01563","code6":"015636"}},{"arcs":[[-44,-74,-428,-409]],"type":"Polygon","properties":{"pref":"北海道","office":"オホーツク総合振興局","county":"網走郡","city":"大空町","code5":"01564","code6":"015644"}},{"arcs":[[-232,-254,-260,-263,-267,445,446]],"type":"Polygon","properties":{"pref":"北海道","office":"胆振総合振興局","county":"虻田郡","city":"豊浦町","code5":"01571","code6":"015717"}},{"arcs":[[-167,-181,447,-175,448]],"type":"Polygon","properties":{"pref":"北海道","office":"胆振総合振興局","county":"有珠郡","city":"壮瞥町","code5":"01575","code6":"015750"}},{"arcs":[[-82,449,-168,-449,-174,-146]],"type":"Polygon","properties":{"pref":"北海道","office":"胆振総合振興局","county":"白老郡","city":"白老町","code5":"01578","code6":"015784"}},{"arcs":[[-57,450,451,-80,452,-304]],"type":"Polygon","properties":{"pref":"北海道","office":"胆振総合振興局","county":"勇払郡","city":"厚真町","code5":"01581","code6":"015814"}},{"arcs":[[-176,-448,-180,453,-446,-266,-268]],"type":"Polygon","properties":{"pref":"北海道","office":"胆振総合振興局","county":"虻田郡","city":"洞爺湖町","code5":"01584","code6":"015849"}},{"arcs":[[-84,-145,-305,-453]],"type":"Polygon","properties":{"pref":"北海道","office":"胆振総合振興局","county":"勇払郡","city":"安平町","code5":"01585","code6":"015857"}},{"arcs":[[-56,-351,454,455,456,-451]],"type":"Polygon","properties":{"pref":"北海道","office":"胆振総合振興局","county":"勇払郡","city":"むかわ町","code5":"01586","code6":"015865"}},{"arcs":[[[-41,457,-349,-347,458,459]],[[-456,460,461,462]]],"type":"MultiPolygon","properties":{"pref":"北海道","office":"日高振興局","county":"沙流郡","city":"日高町","code5":"01601","code6":"016012"}},{"arcs":[[-40,463,-461,-455,-350,-458]],"type":"Polygon","properties":{"pref":"北海道","office":"日高振興局","county":"沙流郡","city":"平取町","code5":"01602","code6":"016021"}},{"arcs":[[-39,464,465,466,-462,-464]],"type":"Polygon","properties":{"pref":"北海道","office":"日高振興局","county":"新冠郡","city":"新冠町","code5":"01604","code6":"016047"}},{"arcs":[[467,468,469,470,471]],"type":"Polygon","properties":{"pref":"北海道","office":"日高振興局","county":"浦河郡","city":"浦河町","code5":"01607","code6":"016071"}},{"arcs":[[-469,472,473,474]],"type":"Polygon","properties":{"pref":"北海道","office":"日高振興局","county":"様似郡","city":"様似町","code5":"01608","code6":"016080"}},{"arcs":[[-474,475,476]],"type":"Polygon","properties":{"pref":"北海道","office":"日高振興局","county":"幌泉郡","city":"えりも町","code5":"01609","code6":"016098"}},{"arcs":[[-466,477,478,-471,479]],"type":"Polygon","properties":{"pref":"北海道","office":"日高振興局","county":"日高郡","city":"新ひだか町","code5":"01610","code6":"016101"}},{"arcs":[[-35,480,481,482,483,484]],"type":"Polygon","properties":{"pref":"北海道","office":"十勝総合振興局","county":"河東郡","city":"音更町","code5":"01631","code6":"016314"}},{"arcs":[[-483,485,486,487,488]],"type":"Polygon","properties":{"pref":"北海道","office":"十勝総合振興局","county":"河東郡","city":"士幌町","code5":"01632","code6":"016322"}},{"arcs":[[-49,-433,489,490,-487,491,492,-334]],"type":"Polygon","properties":{"pref":"北海道","office":"十勝総合振興局","county":"河東郡","city":"上士幌町","code5":"01633","code6":"016331"}},{"arcs":[[-482,493,494,495,-492,-486]],"type":"Polygon","properties":{"pref":"北海道","office":"十勝総合振興局","county":"河東郡","city":"鹿追町","code5":"01634","code6":"016349"}},{"arcs":[[-335,-493,-496,496,-345,-343,-339]],"type":"Polygon","properties":{"pref":"北海道","office":"十勝総合振興局","county":"上川郡","city":"新得町","code5":"01635","code6":"016357"}},{"arcs":[[-346,-497,-495,497,-459]],"type":"Polygon","properties":{"pref":"北海道","office":"十勝総合振興局","county":"上川郡","city":"清水町","code5":"01636","code6":"016365"}},{"arcs":[[-42,-460,-498,-494,-481]],"type":"Polygon","properties":{"pref":"北海道","office":"十勝総合振興局","county":"河西郡","city":"芽室町","code5":"01637","code6":"016373"}},{"arcs":[[-38,498,499,-478,-465]],"type":"Polygon","properties":{"pref":"北海道","office":"十勝総合振興局","county":"河西郡","city":"中札内村","code5":"01638","code6":"016381"}},{"arcs":[[-37,500,501,-499]],"type":"Polygon","properties":{"pref":"北海道","office":"十勝総合振興局","county":"河西郡","city":"更別村","code5":"01639","code6":"016390"}},{"arcs":[[-472,-479,-500,-502,502,503,504,505]],"type":"Polygon","properties":{"pref":"北海道","office":"十勝総合振興局","county":"広尾郡","city":"大樹町","code5":"01641","code6":"016411"}},{"arcs":[[-468,-506,506,-476,-473]],"type":"Polygon","properties":{"pref":"北海道","office":"十勝総合振興局","county":"広尾郡","city":"広尾町","code5":"01642","code6":"016420"}},{"arcs":[[-36,-485,507,508,-503,-501]],"type":"Polygon","properties":{"pref":"北海道","office":"十勝総合振興局","county":"中川郡","city":"幕別町","code5":"01643","code6":"016438"}},{"arcs":[[-484,-489,509,510,511,-508]],"type":"Polygon","properties":{"pref":"北海道","office":"十勝総合振興局","county":"中川郡","city":"池田町","code5":"01644","code6":"016446"}},{"arcs":[[-504,-509,-512,512,513]],"type":"Polygon","properties":{"pref":"北海道","office":"十勝総合振興局","county":"中川郡","city":"豊頃町","code5":"01645","code6":"016454"}},{"arcs":[[-488,-491,514,515,516,-510]],"type":"Polygon","properties":{"pref":"北海道","office":"十勝総合振興局","county":"中川郡","city":"本別町","code5":"01646","code6":"016462"}},{"arcs":[[-30,517,-515,-490,-432,518,-413]],"type":"Polygon","properties":{"pref":"北海道","office":"十勝総合振興局","county":"足寄郡","city":"足寄町","code5":"01647","code6":"016471"}},{"arcs":[[-414,-519,-431,-429]],"type":"Polygon","properties":{"pref":"北海道","office":"十勝総合振興局","county":"足寄郡","city":"陸別町","code5":"01648","code6":"016489"}},{"arcs":[[-33,519,-513,-511,-517,520]],"type":"Polygon","properties":{"pref":"北海道","office":"十勝総合振興局","county":"十勝郡","city":"浦幌町","code5":"01649","code6":"016497"}},{"arcs":[[-27,521,522,523,524]],"type":"Polygon","properties":{"pref":"北海道","office":"釧路総合振興局","county":"釧路郡","city":"釧路町","code5":"01661","code6":"016616"}},{"arcs":[[[-524,525,526,527,528]],[[529]]],"type":"MultiPolygon","properties":{"pref":"北海道","office":"釧路総合振興局","county":"厚岸郡","city":"厚岸町","code5":"01662","code6":"016624"}},{"arcs":[[-131,530,-528,531]],"type":"Polygon","properties":{"pref":"北海道","office":"釧路総合振興局","county":"厚岸郡","city":"浜中町","code5":"01663","code6":"016632"}},{"arcs":[[-523,532,533,534,535,-526]],"type":"Polygon","properties":{"pref":"北海道","office":"釧路総合振興局","county":"川上郡","city":"標茶町","code5":"01664","code6":"016641"}},{"arcs":[[-25,-416,-411,-427,-424,536,-534]],"type":"Polygon","properties":{"pref":"北海道","office":"釧路総合振興局","county":"川上郡","city":"弟子屈町","code5":"01665","code6":"016659"}},{"arcs":[[-26,-533,-522]],"type":"Polygon","properties":{"pref":"北海道","office":"釧路総合振興局","county":"阿寒郡","city":"鶴居村","code5":"01667","code6":"016675"}},{"arcs":[[-29,537,-34,-521,-516,-518]],"type":"Polygon","properties":{"pref":"北海道","office":"釧路総合振興局","county":"白糠郡","city":"白糠町","code5":"01668","code6":"016683"}},{"arcs":[[[-132,-532,-527,-536,538,539,540]],[[541,542]]],"type":"MultiPolygon","properties":{"pref":"北海道","office":"根室振興局","county":"野付郡","city":"別海町","code5":"01691","code6":"016918"}},{"arcs":[[-423,543,-539,-535,-537]],"type":"Polygon","properties":{"pref":"北海道","office":"根室振興局","county":"標津郡","city":"中標津町","code5":"01692","code6":"016926"}},{"arcs":[[-418,544,545,-542,546,-540,-544,-422]],"type":"Polygon","properties":{"pref":"北海道","office":"根室振興局","county":"標津郡","city":"標津町","code5":"01693","code6":"016934"}},{"arcs":[[-417,547,-545]],"type":"Polygon","properties":{"pref":"北海道","office":"根室振興局","county":"目梨郡","city":"羅臼町","code5":"01694","code6":"016942"}},{"arcs":[[[548]],[[549]]],"type":"MultiPolygon","properties":{"pref":"北海道","office":"根室振興局","county":"色丹郡","city":"色丹村","code5":"01695","code6":"016951"}},{"arcs":[[550,551]],"type":"Polygon","properties":{"pref":"北海道","office":"根室振興局","county":"国後郡","city":"泊村","code5":"01696","code6":"016969"}},{"arcs":[[-552,552]],"type":"Polygon","properties":{"pref":"北海道","office":"根室振興局","county":"国後郡","city":"留夜別村","code5":"01697","code6":"016977"}},{"arcs":[[553,554]],"type":"Polygon","properties":{"pref":"北海道","office":"根室振興局","county":"択捉郡","city":"留別村","code5":"01698","code6":"016985"}},{"arcs":[[-555,555,556,557]],"type":"Polygon","properties":{"pref":"北海道","office":"根室振興局","county":"紗那郡","city":"紗那村","code5":"01699","code6":"016993"}},{"arcs":[[-557,558]],"type":"Polygon","properties":{"pref":"北海道","office":"根室振興局","county":"蘂取郡","city":"蘂取村","code5":"01700","code6":"017001"}},{"arcs":[[559,560,561,562,563,564,565,566,567,568]],"type":"Polygon","properties":{"pref":"青森県","city":"青森市","code5":"02201","code6":"022012"}},{"arcs":[[569,570,571,572,573,574,575,576,577,578]],"type":"Polygon","properties":{"pref":"青森県","city":"弘前市","code5":"02202","code6":"022021"}},{"arcs":[[579,580,581,582,583,584]],"type":"Polygon","properties":{"pref":"青森県","city":"八戸市","code5":"02203","code6":"022039"}},{"arcs":[[-565,585,586,587]],"type":"Polygon","properties":{"pref":"青森県","city":"黒石市","code5":"02204","code6":"022047"}},{"arcs":[[[-568,588,589,590,591,592]],[[593,594,595,596,597,598,599]]],"type":"MultiPolygon","properties":{"pref":"青森県","city":"五所川原市","code5":"02205","code6":"022055"}},{"arcs":[[-563,600,601,602,603,604,605,606,607]],"type":"Polygon","properties":{"pref":"青森県","city":"十和田市","code5":"02206","code6":"022063"}},{"arcs":[[608,609,610,611,612]],"type":"Polygon","properties":{"pref":"青森県","city":"三沢市","code5":"02207","code6":"022071"}},{"arcs":[[613,614,615,616,617,618,619]],"type":"Polygon","properties":{"pref":"青森県","city":"むつ市","code5":"02208","code6":"022080"}},{"arcs":[[-579,620,621,-598,622,-591,623]],"type":"Polygon","properties":{"pref":"青森県","city":"つがる市","code5":"02209","code6":"022098"}},{"arcs":[[-564,-608,624,625,626,-574,627,-586]],"type":"Polygon","properties":{"pref":"青森県","city":"平川市","code5":"02210","code6":"022101"}},{"arcs":[[-561,628,629,630,631]],"type":"Polygon","properties":{"pref":"青森県","county":"東津軽郡","city":"平内町","code5":"02301","code6":"023019"}},{"arcs":[[-595,632,633,634]],"type":"Polygon","properties":{"pref":"青森県","county":"東津軽郡","city":"今別町","code5":"02303","code6":"023035"}},{"arcs":[[-569,-593,635,636,637]],"type":"Polygon","properties":{"pref":"青森県","county":"東津軽郡","city":"蓬田村","code5":"02304","code6":"023043"}},{"arcs":[[[-596,-635,638,-637,639]],[[-594,640,641,-633]]],"type":"MultiPolygon","properties":{"pref":"青森県","county":"東津軽郡","city":"外ヶ浜町","code5":"02307","code6":"023078"}},{"arcs":[[-578,642,643,644,645,646,-621]],"type":"Polygon","properties":{"pref":"青森県","county":"西津軽郡","city":"鰺ヶ沢町","code5":"02321","code6":"023213"}},{"arcs":[[-646,647,648]],"type":"Polygon","properties":{"pref":"青森県","county":"西津軽郡","city":"深浦町","code5":"02323","code6":"023230"}},{"arcs":[[-577,649,650,-643]],"type":"Polygon","properties":{"pref":"青森県","county":"中津軽郡","city":"西目屋村","code5":"02343","code6":"023434"}},{"arcs":[[-566,-588,651,-572,652]],"type":"Polygon","properties":{"pref":"青森県","county":"南津軽郡","city":"藤崎町","code5":"02361","code6":"023612"}},{"arcs":[[-575,-627,653]],"type":"Polygon","properties":{"pref":"青森県","county":"南津軽郡","city":"大鰐町","code5":"02362","code6":"023621"}},{"arcs":[[-573,-652,-587,-628]],"type":"Polygon","properties":{"pref":"青森県","county":"南津軽郡","city":"田舎館村","code5":"02367","code6":"023671"}},{"arcs":[[-567,-653,-571,654,-589]],"type":"Polygon","properties":{"pref":"青森県","county":"北津軽郡","city":"板柳町","code5":"02381","code6":"023817"}},{"arcs":[[-570,-624,-590,-655]],"type":"Polygon","properties":{"pref":"青森県","county":"北津軽郡","city":"鶴田町","code5":"02384","code6":"023841"}},{"arcs":[[[-592,-623,-597,-640,-636]],[[-600,655,-641]]],"type":"MultiPolygon","properties":{"pref":"青森県","county":"北津軽郡","city":"中泊町","code5":"02387","code6":"023876"}},{"arcs":[[-630,656,657,658,659]],"type":"Polygon","properties":{"pref":"青森県","county":"上北郡","city":"野辺地町","code5":"02401","code6":"024015"}},{"arcs":[[-562,-632,660,-601]],"type":"Polygon","properties":{"pref":"青森県","county":"上北郡","city":"七戸町","code5":"02402","code6":"024023"}},{"arcs":[[-603,661,-610,662,663]],"type":"Polygon","properties":{"pref":"青森県","county":"上北郡","city":"六戸町","code5":"02405","code6":"024058"}},{"arcs":[[-615,664,665,-658,666]],"type":"Polygon","properties":{"pref":"青森県","county":"上北郡","city":"横浜町","code5":"02406","code6":"024066"}},{"arcs":[[-602,-661,-631,-660,667,-611,-662]],"type":"Polygon","properties":{"pref":"青森県","county":"上北郡","city":"東北町","code5":"02408","code6":"024082"}},{"arcs":[[-612,-668,-659,-666,668,669]],"type":"Polygon","properties":{"pref":"青森県","county":"上北郡","city":"六ヶ所村","code5":"02411","code6":"024112"}},{"arcs":[[-584,670,-663,-609,671]],"type":"Polygon","properties":{"pref":"青森県","county":"上北郡","city":"おいらせ町","code5":"02412","code6":"024121"}},{"arcs":[[-618,672,673,674]],"type":"Polygon","properties":{"pref":"青森県","county":"下北郡","city":"大間町","code5":"02423","code6":"024236"}},{"arcs":[[-614,675,-669,-665]],"type":"Polygon","properties":{"pref":"青森県","county":"下北郡","city":"東通村","code5":"02424","code6":"024244"}},{"arcs":[[-619,-675,676]],"type":"Polygon","properties":{"pref":"青森県","county":"下北郡","city":"風間浦村","code5":"02425","code6":"024252"}},{"arcs":[[-617,677,-673]],"type":"Polygon","properties":{"pref":"青森県","county":"下北郡","city":"佐井村","code5":"02426","code6":"024261"}},{"arcs":[[678,679,680,681,682]],"type":"Polygon","properties":{"pref":"青森県","county":"三戸郡","city":"三戸町","code5":"02441","code6":"024414"}},{"arcs":[[-583,683,684,-604,-664,-671]],"type":"Polygon","properties":{"pref":"青森県","county":"三戸郡","city":"五戸町","code5":"02442","code6":"024422"}},{"arcs":[[-681,685,686,687]],"type":"Polygon","properties":{"pref":"青森県","county":"三戸郡","city":"田子町","code5":"02443","code6":"024431"}},{"arcs":[[-582,688,689,-679,690,-684]],"type":"Polygon","properties":{"pref":"青森県","county":"三戸郡","city":"南部町","code5":"02445","code6":"024457"}},{"arcs":[[-580,691,692,693]],"type":"Polygon","properties":{"pref":"青森県","county":"三戸郡","city":"階上町","code5":"02446","code6":"024465"}},{"arcs":[[-605,-685,-691,-683,694]],"type":"Polygon","properties":{"pref":"青森県","county":"三戸郡","city":"新郷村","code5":"02450","code6":"024503"}},{"arcs":[[695,696,697,698,699,700,701,702,703,704]],"type":"Polygon","properties":{"pref":"岩手県","city":"盛岡市","code5":"03201","code6":"032018"}},{"arcs":[[-698,705,706,707,708,709,710]],"type":"Polygon","properties":{"pref":"岩手県","city":"宮古市","code5":"03202","code6":"032026"}},{"arcs":[[711,712,713,714]],"type":"Polygon","properties":{"pref":"岩手県","city":"大船渡市","code5":"03203","code6":"032034"}},{"arcs":[[-699,-711,715,716,717,718,719,720]],"type":"Polygon","properties":{"pref":"岩手県","city":"花巻市","code5":"03205","code6":"032051"}},{"arcs":[[-718,721,722,723,724]],"type":"Polygon","properties":{"pref":"岩手県","city":"北上市","code5":"03206","code6":"032069"}},{"arcs":[[725,726,727,728,729,730,731]],"type":"Polygon","properties":{"pref":"岩手県","city":"久慈市","code5":"03207","code6":"032077"}},{"arcs":[[-710,732,733,734,735,-716]],"type":"Polygon","properties":{"pref":"岩手県","city":"遠野市","code5":"03208","code6":"032085"}},{"arcs":[[736,737,738,739,740,741,742,743,744]],"type":"Polygon","properties":{"pref":"岩手県","city":"一関市","code5":"03209","code6":"032093"}},{"arcs":[[-713,745,746,-737,747]],"type":"Polygon","properties":{"pref":"岩手県","city":"陸前高田市","code5":"03210","code6":"032107"}},{"arcs":[[-715,748,-734,749,750]],"type":"Polygon","properties":{"pref":"岩手県","city":"釜石市","code5":"03211","code6":"032115"}},{"arcs":[[-680,-690,751,752,753,754,-686]],"type":"Polygon","properties":{"pref":"岩手県","city":"二戸市","code5":"03213","code6":"032131"}},{"arcs":[[-687,-755,755,756,-704,757,758,759,760]],"type":"Polygon","properties":{"pref":"岩手県","city":"八幡平市","code5":"03214","code6":"032140"}},{"arcs":[[-717,-736,761,-744,762,-742,763,764,-724,765,-722]],"type":"Polygon","properties":{"pref":"岩手県","city":"奥州市","code5":"03215","code6":"032158"}},{"arcs":[[-703,766,-758]],"type":"Polygon","properties":{"pref":"岩手県","city":"滝沢市","code5":"03216","code6":"032166"}},{"arcs":[[-702,767,768,-720,769,770,-759,-767]],"type":"Polygon","properties":{"pref":"岩手県","county":"岩手郡","city":"雫石町","code5":"03301","code6":"033014"}},{"arcs":[[-696,771,772,773,-729,774]],"type":"Polygon","properties":{"pref":"岩手県","county":"岩手郡","city":"葛巻町","code5":"03302","code6":"033022"}},{"arcs":[[-705,-757,775,-772]],"type":"Polygon","properties":{"pref":"岩手県","county":"岩手郡","city":"岩手町","code5":"03303","code6":"033031"}},{"arcs":[[-700,-721,-769,776]],"type":"Polygon","properties":{"pref":"岩手県","county":"紫波郡","city":"紫波町","code5":"03321","code6":"033219"}},{"arcs":[[-701,-777,-768]],"type":"Polygon","properties":{"pref":"岩手県","county":"紫波郡","city":"矢巾町","code5":"03322","code6":"033227"}},{"arcs":[[-719,-725,-765,777,778,779,780,781,-770]],"type":"Polygon","properties":{"pref":"岩手県","county":"和賀郡","city":"西和賀町","code5":"03366","code6":"033669"}},{"arcs":[[-723,-766]],"type":"Polygon","properties":{"pref":"岩手県","county":"胆沢郡","city":"金ケ崎町","code5":"03381","code6":"033812"}},{"arcs":[[-743,-763]],"type":"Polygon","properties":{"pref":"岩手県","county":"西磐井郡","city":"平泉町","code5":"03402","code6":"034029"}},{"arcs":[[-714,-748,-745,-762,-735,-749]],"type":"Polygon","properties":{"pref":"岩手県","county":"気仙郡","city":"住田町","code5":"03441","code6":"034410"}},{"arcs":[[-709,782,783,-750,-733]],"type":"Polygon","properties":{"pref":"岩手県","county":"上閉伊郡","city":"大槌町","code5":"03461","code6":"034614"}},{"arcs":[[-708,784,-783]],"type":"Polygon","properties":{"pref":"岩手県","county":"下閉伊郡","city":"山田町","code5":"03482","code6":"034827"}},{"arcs":[[-697,-775,-728,785,786,787,788,-706]],"type":"Polygon","properties":{"pref":"岩手県","county":"下閉伊郡","city":"岩泉町","code5":"03483","code6":"034835"}},{"arcs":[[-788,789,790]],"type":"Polygon","properties":{"pref":"岩手県","county":"下閉伊郡","city":"田野畑村","code5":"03484","code6":"034843"}},{"arcs":[[-787,791,792,-790]],"type":"Polygon","properties":{"pref":"岩手県","county":"下閉伊郡","city":"普代村","code5":"03485","code6":"034851"}},{"arcs":[[-581,-694,793,-731,794,-752,-689]],"type":"Polygon","properties":{"pref":"岩手県","county":"九戸郡","city":"軽米町","code5":"03501","code6":"035017"}},{"arcs":[[-727,795,-792,-786]],"type":"Polygon","properties":{"pref":"岩手県","county":"九戸郡","city":"野田村","code5":"03503","code6":"035033"}},{"arcs":[[-730,-774,796,-753,-795]],"type":"Polygon","properties":{"pref":"岩手県","county":"九戸郡","city":"九戸村","code5":"03506","code6":"035068"}},{"arcs":[[-693,797,-732,-794]],"type":"Polygon","properties":{"pref":"岩手県","county":"九戸郡","city":"洋野町","code5":"03507","code6":"035076"}},{"arcs":[[-754,-797,-773,-776,-756]],"type":"Polygon","properties":{"pref":"岩手県","county":"二戸郡","city":"一戸町","code5":"03524","code6":"035246"}},{"arcs":[[[798,799,800,801,802,803,804,805]],[[806]],[[807]],[[808]]],"type":"MultiPolygon","properties":{"pref":"宮城県","city":"石巻市","code5":"04202","code6":"042021"}},{"arcs":[[[809,810,811,812]],[[813]]],"type":"MultiPolygon","properties":{"pref":"宮城県","city":"塩竈市","code5":"04203","code6":"042030"}},{"arcs":[[[-738,-747,814,815,816]],[[817]]],"type":"MultiPolygon","properties":{"pref":"宮城県","city":"気仙沼市","code5":"04205","code6":"042056"}},{"arcs":[[818,819,820,821,822,823,824,825,826]],"type":"Polygon","properties":{"pref":"宮城県","city":"白石市","code5":"04206","code6":"042064"}},{"arcs":[[827,828,829,830]],"type":"Polygon","properties":{"pref":"宮城県","city":"名取市","code5":"04207","code6":"042072"}},{"arcs":[[-820,831,832,833,834,835]],"type":"Polygon","properties":{"pref":"宮城県","city":"角田市","code5":"04208","code6":"042081"}},{"arcs":[[836,837,-812,838,839,840]],"type":"Polygon","properties":{"pref":"宮城県","city":"多賀城市","code5":"04209","code6":"042099"}},{"arcs":[[-829,841,842,843,844]],"type":"Polygon","properties":{"pref":"宮城県","city":"岩沼市","code5":"04211","code6":"042111"}},{"arcs":[[-739,-817,845,-805,846,847,848]],"type":"Polygon","properties":{"pref":"宮城県","city":"登米市","code5":"04212","code6":"042129"}},{"arcs":[[-740,-849,849,850,851]],"type":"Polygon","properties":{"pref":"宮城県","city":"栗原市","code5":"04213","code6":"042137"}},{"arcs":[[[-802,852,853,854]],[[855]]],"type":"MultiPolygon","properties":{"pref":"宮城県","city":"東松島市","code5":"04214","code6":"042145"}},{"arcs":[[-848,856,857,858,859,860,861,862,863,864,-850]],"type":"Polygon","properties":{"pref":"宮城県","city":"大崎市","code5":"04215","code6":"042153"}},{"arcs":[[865,866,867]],"type":"Polygon","properties":{"pref":"宮城県","city":"富谷市","code5":"04216","code6":"042161"}},{"arcs":[[-827,868,869,870,871,872]],"type":"Polygon","properties":{"pref":"宮城県","county":"刈田郡","city":"蔵王町","code5":"04301","code6":"043010"}},{"arcs":[[-826,873,874,875,-869]],"type":"Polygon","properties":{"pref":"宮城県","county":"刈田郡","city":"七ヶ宿町","code5":"04302","code6":"043028"}},{"arcs":[[-819,-873,876,877,-832]],"type":"Polygon","properties":{"pref":"宮城県","county":"柴田郡","city":"大河原町","code5":"04321","code6":"043214"}},{"arcs":[[878,-830,-845,879,-877,-872,880]],"type":"Polygon","properties":{"pref":"宮城県","county":"柴田郡","city":"村田町","code5":"04322","code6":"043222"}},{"arcs":[[-833,-878,-880,-844,881]],"type":"Polygon","properties":{"pref":"宮城県","county":"柴田郡","city":"柴田町","code5":"04323","code6":"043231"}},{"arcs":[[882,-881,-871,883]],"type":"Polygon","properties":{"pref":"宮城県","county":"柴田郡","city":"川崎町","code5":"04324","code6":"043249"}},{"arcs":[[-821,-836,884,885,886,887]],"type":"Polygon","properties":{"pref":"宮城県","county":"伊具郡","city":"丸森町","code5":"04341","code6":"043419"}},{"arcs":[[-834,-882,-843,888,889]],"type":"Polygon","properties":{"pref":"宮城県","county":"亘理郡","city":"亘理町","code5":"04361","code6":"043613"}},{"arcs":[[-835,-890,890,891,-885]],"type":"Polygon","properties":{"pref":"宮城県","county":"亘理郡","city":"山元町","code5":"04362","code6":"043621"}},{"arcs":[[-854,892,893,894,-859,895]],"type":"Polygon","properties":{"pref":"宮城県","county":"宮城郡","city":"松島町","code5":"04401","code6":"044016"}},{"arcs":[[896,-839,-811,897]],"type":"Polygon","properties":{"pref":"宮城県","county":"宮城郡","city":"七ヶ浜町","code5":"04404","code6":"044041"}},{"arcs":[[898,-868,899,900,-894,901,-813,-838]],"type":"Polygon","properties":{"pref":"宮城県","county":"宮城郡","city":"利府町","code5":"04406","code6":"044067"}},{"arcs":[[902,903,904,-900,-867,905]],"type":"Polygon","properties":{"pref":"宮城県","county":"黒川郡","city":"大和町","code5":"04421","code6":"044211"}},{"arcs":[[-860,-895,-901,-905,906]],"type":"Polygon","properties":{"pref":"宮城県","county":"黒川郡","city":"大郷町","code5":"04422","code6":"044229"}},{"arcs":[[-861,-907,-904,907]],"type":"Polygon","properties":{"pref":"宮城県","county":"黒川郡","city":"大衡村","code5":"04424","code6":"044245"}},{"arcs":[[908,909,910,-862,-908,-903]],"type":"Polygon","properties":{"pref":"宮城県","county":"加美郡","city":"色麻町","code5":"04444","code6":"044440"}},{"arcs":[[-863,-911,911,912]],"type":"Polygon","properties":{"pref":"宮城県","county":"加美郡","city":"加美町","code5":"04445","code6":"044458"}},{"arcs":[[-804,913,-857,-847]],"type":"Polygon","properties":{"pref":"宮城県","county":"遠田郡","city":"涌谷町","code5":"04501","code6":"045012"}},{"arcs":[[-803,-855,-896,-858,-914]],"type":"Polygon","properties":{"pref":"宮城県","county":"遠田郡","city":"美里町","code5":"04505","code6":"045055"}},{"arcs":[[[-800,914]],[[915]]],"type":"MultiPolygon","properties":{"pref":"宮城県","county":"牡鹿郡","city":"女川町","code5":"04581","code6":"045811"}},{"arcs":[[-806,-846,-816,916]],"type":"Polygon","properties":{"pref":"宮城県","county":"本吉郡","city":"南三陸町","code5":"04606","code6":"046060"}},{"arcs":[[917,918,919,920,921,922,923,924,925]],"type":"Polygon","properties":{"pref":"秋田県","city":"秋田市","code5":"05201","code6":"052019"}},{"arcs":[[926,927,928,929,930,931]],"type":"Polygon","properties":{"pref":"秋田県","city":"能代市","code5":"05202","code6":"052027"}},{"arcs":[[-779,932,933,934,935,936,937]],"type":"Polygon","properties":{"pref":"秋田県","city":"横手市","code5":"05203","code6":"052035"}},{"arcs":[[-576,-654,-626,938,939,940,941,-650]],"type":"Polygon","properties":{"pref":"秋田県","city":"大館市","code5":"05204","code6":"052043"}},{"arcs":[[942,943,944,945]],"type":"Polygon","properties":{"pref":"秋田県","city":"男鹿市","code5":"05206","code6":"052060"}},{"arcs":[[-851,-865,946,947,948,949,950,951,-934,952]],"type":"Polygon","properties":{"pref":"秋田県","city":"湯沢市","code5":"05207","code6":"052078"}},{"arcs":[[-606,-695,-682,-688,-761,953,954,-940,955]],"type":"Polygon","properties":{"pref":"秋田県","city":"鹿角市","code5":"05209","code6":"052094"}},{"arcs":[[-923,956,-936,957,-951,958,959,960,961,962]],"type":"Polygon","properties":{"pref":"秋田県","city":"由利本荘市","code5":"05210","code6":"052108"}},{"arcs":[[-925,963,-945,964,965]],"type":"Polygon","properties":{"pref":"秋田県","city":"潟上市","code5":"05211","code6":"052116"}},{"arcs":[[-781,966,-937,-957,-922,967]],"type":"Polygon","properties":{"pref":"秋田県","city":"大仙市","code5":"05212","code6":"052124"}},{"arcs":[[-920,968,-928,969,-941,-955,970]],"type":"Polygon","properties":{"pref":"秋田県","city":"北秋田市","code5":"05213","code6":"052132"}},{"arcs":[[-962,971,972]],"type":"Polygon","properties":{"pref":"秋田県","city":"にかほ市","code5":"05214","code6":"052141"}},{"arcs":[[-760,-771,-782,-968,-921,-971,-954]],"type":"Polygon","properties":{"pref":"秋田県","city":"仙北市","code5":"05215","code6":"052159"}},{"arcs":[[-607,-956,-939,-625]],"type":"Polygon","properties":{"pref":"秋田県","county":"鹿角郡","city":"小坂町","code5":"05303","code6":"053031"}},{"arcs":[[-919,973,974,-929,-969]],"type":"Polygon","properties":{"pref":"秋田県","county":"北秋田郡","city":"上小阿仁村","code5":"05327","code6":"053279"}},{"arcs":[[-644,-651,-942,-970,-927,975]],"type":"Polygon","properties":{"pref":"秋田県","county":"山本郡","city":"藤里町","code5":"05346","code6":"053465"}},{"arcs":[[-930,-975,976,977,978,-943,979]],"type":"Polygon","properties":{"pref":"秋田県","county":"山本郡","city":"三種町","code5":"05348","code6":"053481"}},{"arcs":[[-645,-976,-932,980,-648]],"type":"Polygon","properties":{"pref":"秋田県","county":"山本郡","city":"八峰町","code5":"05349","code6":"053490"}},{"arcs":[[[-918,981,982,-977,-974]],[[983,984,985]]],"type":"MultiPolygon","properties":{"pref":"秋田県","county":"南秋田郡","city":"五城目町","code5":"05361","code6":"053619"}},{"arcs":[[-978,-983,986,-986,987]],"type":"Polygon","properties":{"pref":"秋田県","county":"南秋田郡","city":"八郎潟町","code5":"05363","code6":"053635"}},{"arcs":[[-926,-966,-984,-987,-982]],"type":"Polygon","properties":{"pref":"秋田県","county":"南秋田郡","city":"井川町","code5":"05366","code6":"053660"}},{"arcs":[[-944,-979,-988,-985,-965]],"type":"Polygon","properties":{"pref":"秋田県","county":"南秋田郡","city":"大潟村","code5":"05368","code6":"053686"}},{"arcs":[[-780,-938,-967]],"type":"Polygon","properties":{"pref":"秋田県","county":"仙北郡","city":"美郷町","code5":"05434","code6":"054348"}},{"arcs":[[-935,-952,-958]],"type":"Polygon","properties":{"pref":"秋田県","county":"雄勝郡","city":"羽後町","code5":"05463","code6":"054631"}},{"arcs":[[-741,-852,-953,-933,-778,-764]],"type":"Polygon","properties":{"pref":"秋田県","county":"雄勝郡","city":"東成瀬村","code5":"05464","code6":"054640"}},{"arcs":[[988,-884,989,990,991,992,993,994]],"type":"Polygon","properties":{"pref":"山形県","city":"山形市","code5":"06201","code6":"062014"}},{"arcs":[[995,996,997,998,999,1000,1001]],"type":"Polygon","properties":{"pref":"山形県","city":"米沢市","code5":"06202","code6":"062022"}},{"arcs":[[1002,1003,1004,1005,1006,1007]],"type":"Polygon","properties":{"pref":"山形県","city":"鶴岡市","code5":"06203","code6":"062031"}},{"arcs":[[[-960,1008,1009,1010,1011,1012,-1006,1013,1014]],[[1015]]],"type":"MultiPolygon","properties":{"pref":"山形県","city":"酒田市","code5":"06204","code6":"062049"}},{"arcs":[[-948,1016,1017,1018,1019,1020,1021,1022]],"type":"Polygon","properties":{"pref":"山形県","city":"新庄市","code5":"06205","code6":"062057"}},{"arcs":[[1023,1024,1025,1026,1027,1028,1029]],"type":"Polygon","properties":{"pref":"山形県","city":"寒河江市","code5":"06206","code6":"062065"}},{"arcs":[[-870,-876,1030,1031,-990]],"type":"Polygon","properties":{"pref":"山形県","city":"上山市","code5":"06207","code6":"062073"}},{"arcs":[[-1024,1032,1033,1034,1035,1036,1037]],"type":"Polygon","properties":{"pref":"山形県","city":"村山市","code5":"06208","code6":"062081"}},{"arcs":[[1038,1039,1040,1041,1042,1043]],"type":"Polygon","properties":{"pref":"山形県","city":"長井市","code5":"06209","code6":"062090"}},{"arcs":[[-994,1044,-1026,1045,1046]],"type":"Polygon","properties":{"pref":"山形県","city":"天童市","code5":"06210","code6":"062103"}},{"arcs":[[1047,-995,-1047,1048,-1037,1049]],"type":"Polygon","properties":{"pref":"山形県","city":"東根市","code5":"06211","code6":"062111"}},{"arcs":[[1050,-1050,-1036,1051,1052,1053,-912,-910]],"type":"Polygon","properties":{"pref":"山形県","city":"尾花沢市","code5":"06212","code6":"062120"}},{"arcs":[[-991,-1032,1054,1055,-1041,1056,1057]],"type":"Polygon","properties":{"pref":"山形県","city":"南陽市","code5":"06213","code6":"062138"}},{"arcs":[[-992,-1058,1058,1059,1060,1061]],"type":"Polygon","properties":{"pref":"山形県","county":"東村山郡","city":"山辺町","code5":"06301","code6":"063011"}},{"arcs":[[-993,-1062,1062,-1027,-1045]],"type":"Polygon","properties":{"pref":"山形県","county":"東村山郡","city":"中山町","code5":"06302","code6":"063029"}},{"arcs":[[-1025,-1038,-1049,-1046]],"type":"Polygon","properties":{"pref":"山形県","county":"西村山郡","city":"河北町","code5":"06321","code6":"063215"}},{"arcs":[[-1003,1063,1064,-1029,1065,1066,1067,1068]],"type":"Polygon","properties":{"pref":"山形県","county":"西村山郡","city":"西川町","code5":"06322","code6":"063223"}},{"arcs":[[-1039,1069,-1067,1070,-1060,1071]],"type":"Polygon","properties":{"pref":"山形県","county":"西村山郡","city":"朝日町","code5":"06323","code6":"063231"}},{"arcs":[[-1028,-1063,-1061,-1071,-1066]],"type":"Polygon","properties":{"pref":"山形県","county":"西村山郡","city":"大江町","code5":"06324","code6":"063240"}},{"arcs":[[-1035,1072,-1052]],"type":"Polygon","properties":{"pref":"山形県","county":"北村山郡","city":"大石田町","code5":"06341","code6":"063410"}},{"arcs":[[-949,-1023,1073]],"type":"Polygon","properties":{"pref":"山形県","county":"最上郡","city":"金山町","code5":"06361","code6":"063614"}},{"arcs":[[-864,-913,-1054,1074,-1017,-947]],"type":"Polygon","properties":{"pref":"山形県","county":"最上郡","city":"最上町","code5":"06362","code6":"063622"}},{"arcs":[[-1018,-1075,-1053,-1073,-1034,1075]],"type":"Polygon","properties":{"pref":"山形県","county":"最上郡","city":"舟形町","code5":"06363","code6":"063631"}},{"arcs":[[-950,-1074,-1022,1076,-1009,-959]],"type":"Polygon","properties":{"pref":"山形県","county":"最上郡","city":"真室川町","code5":"06364","code6":"063649"}},{"arcs":[[-1019,-1076,-1033,-1030,-1065,1077,1078]],"type":"Polygon","properties":{"pref":"山形県","county":"最上郡","city":"大蔵村","code5":"06365","code6":"063657"}},{"arcs":[[-1010,-1077,-1021,1079]],"type":"Polygon","properties":{"pref":"山形県","county":"最上郡","city":"鮭川村","code5":"06366","code6":"063665"}},{"arcs":[[-1011,-1080,-1020,-1079,1080]],"type":"Polygon","properties":{"pref":"山形県","county":"最上郡","city":"戸沢村","code5":"06367","code6":"063673"}},{"arcs":[[-875,1081,-1002,1082,-1055,-1031]],"type":"Polygon","properties":{"pref":"山形県","county":"東置賜郡","city":"高畠町","code5":"06381","code6":"063819"}},{"arcs":[[-1001,1083,-1042,-1056,-1083]],"type":"Polygon","properties":{"pref":"山形県","county":"東置賜郡","city":"川西町","code5":"06382","code6":"063827"}},{"arcs":[[-1044,1084,1085,1086,1087,1088,1089,-1068,-1070]],"type":"Polygon","properties":{"pref":"山形県","county":"西置賜郡","city":"小国町","code5":"06401","code6":"064017"}},{"arcs":[[-1040,-1072,-1059,-1057]],"type":"Polygon","properties":{"pref":"山形県","county":"西置賜郡","city":"白鷹町","code5":"06402","code6":"064025"}},{"arcs":[[-1000,1090,-1085,-1043,-1084]],"type":"Polygon","properties":{"pref":"山形県","county":"西置賜郡","city":"飯豊町","code5":"06403","code6":"064033"}},{"arcs":[[-1007,-1013,1091]],"type":"Polygon","properties":{"pref":"山形県","county":"東田川郡","city":"三川町","code5":"06426","code6":"064262"}},{"arcs":[[-1008,-1092,-1012,-1081,-1078,-1064]],"type":"Polygon","properties":{"pref":"山形県","county":"東田川郡","city":"庄内町","code5":"06428","code6":"064289"}},{"arcs":[[-961,-1015,1092,-972]],"type":"Polygon","properties":{"pref":"山形県","county":"飽海郡","city":"遊佐町","code5":"06461","code6":"064611"}},{"arcs":[[-825,1093,1094,1095,1096,1097,-996,-1082,-874]],"type":"Polygon","properties":{"pref":"福島県","city":"福島市","code5":"07201","code6":"072010"}},{"arcs":[[1098,1099,1100,1101,1102,1103,1104,1105,1106]],"type":"Polygon","properties":{"pref":"福島県","city":"会津若松市","code5":"07202","code6":"072028"}},{"arcs":[[-1101,1107,1108,1109,1110,1111,1112,1113,1114,1115,1116]],"type":"Polygon","properties":{"pref":"福島県","city":"郡山市","code5":"07203","code6":"072036"}},{"arcs":[[1117,1118,1119,1120,1121,1122,1123,1124,1125,1126]],"type":"Polygon","properties":{"pref":"福島県","city":"いわき市","code5":"07204","code6":"072044"}},{"arcs":[[1127,1128,1129,1130,1131,1132,1133,1134,1135]],"type":"Polygon","properties":{"pref":"福島県","city":"白河市","code5":"07205","code6":"072052"}},{"arcs":[[-1116,1136,1137,1138,1139]],"type":"Polygon","properties":{"pref":"福島県","city":"須賀川市","code5":"07207","code6":"072079"}},{"arcs":[[-999,1140,1141,-1107,1142,1143,1144,1145,1146,-1086,-1091]],"type":"Polygon","properties":{"pref":"福島県","city":"喜多方市","code5":"07208","code6":"072087"}},{"arcs":[[-887,1147,1148,1149,1150,1151]],"type":"Polygon","properties":{"pref":"福島県","city":"相馬市","code5":"07209","code6":"072095"}},{"arcs":[[-1097,1152,1153,1154,1155,1156,1157,1158,-1109,1159]],"type":"Polygon","properties":{"pref":"福島県","city":"二本松市","code5":"07210","code6":"072109"}},{"arcs":[[-1113,1160,-1156,1161,1162,1163,1164,-1126,1165]],"type":"Polygon","properties":{"pref":"福島県","city":"田村市","code5":"07211","code6":"072117"}},{"arcs":[[-1150,1166,1167,1168]],"type":"Polygon","properties":{"pref":"福島県","city":"南相馬市","code5":"07212","code6":"072125"}},{"arcs":[[-822,-888,-1152,1169,1170,-1095,1171,1172]],"type":"Polygon","properties":{"pref":"福島県","city":"伊達市","code5":"07213","code6":"072133"}},{"arcs":[[-1111,1173,-1158,1174]],"type":"Polygon","properties":{"pref":"福島県","city":"本宮市","code5":"07214","code6":"072141"}},{"arcs":[[-824,1175,-1172,-1094]],"type":"Polygon","properties":{"pref":"福島県","county":"伊達郡","city":"桑折町","code5":"07301","code6":"073016"}},{"arcs":[[-823,-1173,-1176]],"type":"Polygon","properties":{"pref":"福島県","county":"伊達郡","city":"国見町","code5":"07303","code6":"073032"}},{"arcs":[[-1096,-1171,1176,1177,-1153]],"type":"Polygon","properties":{"pref":"福島県","county":"伊達郡","city":"川俣町","code5":"07308","code6":"073083"}},{"arcs":[[-1110,-1159,-1174]],"type":"Polygon","properties":{"pref":"福島県","county":"安達郡","city":"大玉村","code5":"07322","code6":"073229"}},{"arcs":[[-1139,1178,1179,1180]],"type":"Polygon","properties":{"pref":"福島県","county":"岩瀬郡","city":"鏡石町","code5":"07342","code6":"073423"}},{"arcs":[[-1102,-1117,-1140,-1181,1181,-1136,1182,1183]],"type":"Polygon","properties":{"pref":"福島県","county":"岩瀬郡","city":"天栄村","code5":"07344","code6":"073440"}},{"arcs":[[-1103,-1184,1184,1185,1186,1187,1188]],"type":"Polygon","properties":{"pref":"福島県","county":"南会津郡","city":"下郷町","code5":"07362","code6":"073628"}},{"arcs":[[1189,1190,1191,1192,1193]],"type":"Polygon","properties":{"pref":"福島県","county":"南会津郡","city":"檜枝岐村","code5":"07364","code6":"073644"}},{"arcs":[[-1194,1194,1195,1196,1197,1198,1199]],"type":"Polygon","properties":{"pref":"福島県","county":"南会津郡","city":"只見町","code5":"07367","code6":"073679"}},{"arcs":[[-1187,1200,1201,-1190,-1200,1202]],"type":"Polygon","properties":{"pref":"福島県","county":"南会津郡","city":"南会津町","code5":"07368","code6":"073687"}},{"arcs":[[-998,1203,1204,-1141]],"type":"Polygon","properties":{"pref":"福島県","county":"耶麻郡","city":"北塩原村","code5":"07402","code6":"074021"}},{"arcs":[[-1145,1205,1206,1207,1208]],"type":"Polygon","properties":{"pref":"福島県","county":"耶麻郡","city":"西会津町","code5":"07405","code6":"074055"}},{"arcs":[[-1142,-1205,1209,-1099]],"type":"Polygon","properties":{"pref":"福島県","county":"耶麻郡","city":"磐梯町","code5":"07407","code6":"074071"}},{"arcs":[[-997,-1098,-1160,-1108,-1100,-1210,-1204]],"type":"Polygon","properties":{"pref":"福島県","county":"耶麻郡","city":"猪苗代町","code5":"07408","code6":"074080"}},{"arcs":[[-1105,1210,1211,-1206,-1144,1212]],"type":"Polygon","properties":{"pref":"福島県","county":"河沼郡","city":"会津坂下町","code5":"07421","code6":"074217"}},{"arcs":[[-1106,-1213,-1143]],"type":"Polygon","properties":{"pref":"福島県","county":"河沼郡","city":"湯川村","code5":"07422","code6":"074225"}},{"arcs":[[-1207,-1212,1213,1214,1215,1216]],"type":"Polygon","properties":{"pref":"福島県","county":"河沼郡","city":"柳津町","code5":"07423","code6":"074233"}},{"arcs":[[-1216,1217,1218]],"type":"Polygon","properties":{"pref":"福島県","county":"大沼郡","city":"三島町","code5":"07444","code6":"074446"}},{"arcs":[[-1198,1219,-1208,-1217,-1219,1220]],"type":"Polygon","properties":{"pref":"福島県","county":"大沼郡","city":"金山町","code5":"07445","code6":"074454"}},{"arcs":[[-1188,-1203,-1199,-1221,-1218,-1215,1221]],"type":"Polygon","properties":{"pref":"福島県","county":"大沼郡","city":"昭和村","code5":"07446","code6":"074462"}},{"arcs":[[-1104,-1189,-1222,-1214,-1211]],"type":"Polygon","properties":{"pref":"福島県","county":"大沼郡","city":"会津美里町","code5":"07447","code6":"074471"}},{"arcs":[[-1135,1222,1223,-1185,-1183]],"type":"Polygon","properties":{"pref":"福島県","county":"西白河郡","city":"西郷村","code5":"07461","code6":"074616"}},{"arcs":[[-1129,1224,1225]],"type":"Polygon","properties":{"pref":"福島県","county":"西白河郡","city":"泉崎村","code5":"07464","code6":"074641"}},{"arcs":[[-1130,-1226,1226,1227]],"type":"Polygon","properties":{"pref":"福島県","county":"西白河郡","city":"中島村","code5":"07465","code6":"074659"}},{"arcs":[[-1128,-1182,-1180,1228,1229,-1227,-1225]],"type":"Polygon","properties":{"pref":"福島県","county":"西白河郡","city":"矢吹町","code5":"07466","code6":"074667"}},{"arcs":[[-1133,1230,1231,1232,1233,1234,1235,1236]],"type":"Polygon","properties":{"pref":"福島県","county":"東白川郡","city":"棚倉町","code5":"07481","code6":"074811"}},{"arcs":[[-1234,1237,1238,1239]],"type":"Polygon","properties":{"pref":"福島県","county":"東白川郡","city":"矢祭町","code5":"07482","code6":"074829"}},{"arcs":[[-1233,1240,1241,1242,1243,-1238]],"type":"Polygon","properties":{"pref":"福島県","county":"東白川郡","city":"塙町","code5":"07483","code6":"074837"}},{"arcs":[[-1122,1244,-1241,-1232,1245,1246,1247]],"type":"Polygon","properties":{"pref":"福島県","county":"東白川郡","city":"鮫川村","code5":"07484","code6":"074845"}},{"arcs":[[-1131,-1228,-1230,1248,1249,1250,-1247,1251]],"type":"Polygon","properties":{"pref":"福島県","county":"石川郡","city":"石川町","code5":"07501","code6":"075019"}},{"arcs":[[-1138,1252,-1249,-1229,-1179]],"type":"Polygon","properties":{"pref":"福島県","county":"石川郡","city":"玉川村","code5":"07502","code6":"075027"}},{"arcs":[[-1115,1253,-1124,1254,-1250,-1253,-1137]],"type":"Polygon","properties":{"pref":"福島県","county":"石川郡","city":"平田村","code5":"07503","code6":"075035"}},{"arcs":[[-1132,-1252,-1246,-1231]],"type":"Polygon","properties":{"pref":"福島県","county":"石川郡","city":"浅川町","code5":"07504","code6":"075043"}},{"arcs":[[-1123,-1248,-1251,-1255]],"type":"Polygon","properties":{"pref":"福島県","county":"石川郡","city":"古殿町","code5":"07505","code6":"075051"}},{"arcs":[[-1112,-1175,-1157,-1161]],"type":"Polygon","properties":{"pref":"福島県","county":"田村郡","city":"三春町","code5":"07521","code6":"075213"}},{"arcs":[[-1114,-1166,-1125,-1254]],"type":"Polygon","properties":{"pref":"福島県","county":"田村郡","city":"小野町","code5":"07522","code6":"075221"}},{"arcs":[[-1119,1255,1256]],"type":"Polygon","properties":{"pref":"福島県","county":"双葉郡","city":"広野町","code5":"07541","code6":"075418"}},{"arcs":[[-1118,1257,1258,1259,-1256]],"type":"Polygon","properties":{"pref":"福島県","county":"双葉郡","city":"楢葉町","code5":"07542","code6":"075426"}},{"arcs":[[-1259,1260,1261,1262]],"type":"Polygon","properties":{"pref":"福島県","county":"双葉郡","city":"富岡町","code5":"07543","code6":"075434"}},{"arcs":[[-1127,-1165,1263,-1261,-1258]],"type":"Polygon","properties":{"pref":"福島県","county":"双葉郡","city":"川内村","code5":"07544","code6":"075442"}},{"arcs":[[-1164,1264,1265,1266,-1262,-1264]],"type":"Polygon","properties":{"pref":"福島県","county":"双葉郡","city":"大熊町","code5":"07545","code6":"075451"}},{"arcs":[[-1266,1267,1268]],"type":"Polygon","properties":{"pref":"福島県","county":"双葉郡","city":"双葉町","code5":"07546","code6":"075469"}},{"arcs":[[-1154,-1178,1269,-1168,1270,-1268,-1265,-1163,1271]],"type":"Polygon","properties":{"pref":"福島県","county":"双葉郡","city":"浪江町","code5":"07547","code6":"075477"}},{"arcs":[[-1155,-1272,-1162]],"type":"Polygon","properties":{"pref":"福島県","county":"双葉郡","city":"葛尾村","code5":"07548","code6":"075485"}},{"arcs":[[-886,-892,1272,-1148]],"type":"Polygon","properties":{"pref":"福島県","county":"相馬郡","city":"新地町","code5":"07561","code6":"075612"}},{"arcs":[[-1151,-1169,-1270,-1177,-1170]],"type":"Polygon","properties":{"pref":"福島県","county":"相馬郡","city":"飯舘村","code5":"07564","code6":"075647"}},{"arcs":[[1273,1274,1275,1276,1277,1278]],"type":"Polygon","properties":{"pref":"茨城県","city":"水戸市","code5":"08201","code6":"082015"}},{"arcs":[[1279,1280,1281,1282,1283]],"type":"Polygon","properties":{"pref":"茨城県","city":"日立市","code5":"08202","code6":"082023"}},{"arcs":[[1284,1285,1286,1287,1288]],"type":"Polygon","properties":{"pref":"茨城県","city":"土浦市","code5":"08203","code6":"082031"}},{"arcs":[[1289,1290,1291,1292,1293,1294,1295,1296,1297,1298]],"type":"Polygon","properties":{"pref":"茨城県","city":"古河市","code5":"08204","code6":"082040"}},{"arcs":[[-1289,1299,1300,1301,1302,1303]],"type":"Polygon","properties":{"pref":"茨城県","city":"石岡市","code5":"08205","code6":"082058"}},{"arcs":[[-1299,1304,1305,1306]],"type":"Polygon","properties":{"pref":"茨城県","city":"結城市","code5":"08207","code6":"082074"}},{"arcs":[[1307,1308,1309,1310,1311,1312,1313]],"type":"Polygon","properties":{"pref":"茨城県","city":"龍ケ崎市","code5":"08208","code6":"082082"}},{"arcs":[[1314,1315,1316,1317]],"type":"Polygon","properties":{"pref":"茨城県","city":"下妻市","code5":"08210","code6":"082104"}},{"arcs":[[-1316,1318,1319,1320,1321,1322,1323]],"type":"Polygon","properties":{"pref":"茨城県","city":"常総市","code5":"08211","code6":"082112"}},{"arcs":[[-1239,-1244,1324,-1283,1325,1326,1327]],"type":"Polygon","properties":{"pref":"茨城県","city":"常陸太田市","code5":"08212","code6":"082121"}},{"arcs":[[-1243,1328,1329,-1284,-1325]],"type":"Polygon","properties":{"pref":"茨城県","city":"高萩市","code5":"08214","code6":"082147"}},{"arcs":[[-1121,1330,-1329,-1242,-1245]],"type":"Polygon","properties":{"pref":"茨城県","city":"北茨城市","code5":"08215","code6":"082155"}},{"arcs":[[-1278,1331,1332,-1302,1333,1334,1335]],"type":"Polygon","properties":{"pref":"茨城県","city":"笠間市","code5":"08216","code6":"082163"}},{"arcs":[[-1312,1336,1337,1338,1339,1340]],"type":"Polygon","properties":{"pref":"茨城県","city":"取手市","code5":"08217","code6":"082171"}},{"arcs":[[-1287,1341,1342,-1308,1343]],"type":"Polygon","properties":{"pref":"茨城県","city":"牛久市","code5":"08219","code6":"082198"}},{"arcs":[[-1288,-1344,-1314,1344,-1319,-1315,1345,1346,-1300]],"type":"Polygon","properties":{"pref":"茨城県","city":"つくば市","code5":"08220","code6":"082201"}},{"arcs":[[-1275,1347,1348,1349,1350]],"type":"Polygon","properties":{"pref":"茨城県","city":"ひたちなか市","code5":"08221","code6":"082210"}},{"arcs":[[1351,1352,1353,1354,1355,1356,1357]],"type":"Polygon","properties":{"pref":"茨城県","city":"鹿嶋市","code5":"08222","code6":"082228"}},{"arcs":[[-1355,1358,1359,1360,1361]],"type":"Polygon","properties":{"pref":"茨城県","city":"潮来市","code5":"08223","code6":"082236"}},{"arcs":[[-1321,1362,-1340,1363,1364]],"type":"Polygon","properties":{"pref":"茨城県","city":"守谷市","code5":"08224","code6":"082244"}},{"arcs":[[-1327,1365,1366,1367,1368,1369,1370]],"type":"Polygon","properties":{"pref":"茨城県","city":"常陸大宮市","code5":"08225","code6":"082252"}},{"arcs":[[-1274,1371,-1366,-1326,-1282,1372,-1348]],"type":"Polygon","properties":{"pref":"茨城県","city":"那珂市","code5":"08226","code6":"082261"}},{"arcs":[[-1306,1373,1374,1375,-1346,-1318,1376]],"type":"Polygon","properties":{"pref":"茨城県","city":"筑西市","code5":"08227","code6":"082279"}},{"arcs":[[-1291,1377,-1323,1378,1379]],"type":"Polygon","properties":{"pref":"茨城県","city":"坂東市","code5":"08228","code6":"082287"}},{"arcs":[[-1309,-1343,1380,1381,1382,-1361,1383,1384,1385]],"type":"Polygon","properties":{"pref":"茨城県","city":"稲敷市","code5":"08229","code6":"082295"}},{"arcs":[[-1285,-1304,1386,1387,1388,1389]],"type":"Polygon","properties":{"pref":"茨城県","city":"かすみがうら市","code5":"08230","code6":"082309"}},{"arcs":[[-1301,-1347,-1376,1390,1391,1392,-1334]],"type":"Polygon","properties":{"pref":"茨城県","city":"桜川市","code5":"08231","code6":"082317"}},{"arcs":[[[-1354,1393,1394,1395,1396,-1359]],[[-1352,1397]]],"type":"MultiPolygon","properties":{"pref":"茨城県","city":"神栖市","code5":"08232","code6":"082325"}},{"arcs":[[-1356,-1362,-1383,1398,-1388,1399,1400]],"type":"Polygon","properties":{"pref":"茨城県","city":"行方市","code5":"08233","code6":"082333"}},{"arcs":[[-1357,-1401,1401,1402,1403,1404]],"type":"Polygon","properties":{"pref":"茨城県","city":"鉾田市","code5":"08234","code6":"082341"}},{"arcs":[[-1313,-1341,-1363,-1320,-1345]],"type":"Polygon","properties":{"pref":"茨城県","city":"つくばみらい市","code5":"08235","code6":"082350"}},{"arcs":[[-1303,-1333,1405,-1402,-1400,-1387]],"type":"Polygon","properties":{"pref":"茨城県","city":"小美玉市","code5":"08236","code6":"082368"}},{"arcs":[[-1277,1406,-1403,-1406,-1332]],"type":"Polygon","properties":{"pref":"茨城県","county":"東茨城郡","city":"茨城町","code5":"08302","code6":"083020"}},{"arcs":[[-1276,-1351,1407,-1404,-1407]],"type":"Polygon","properties":{"pref":"茨城県","county":"東茨城郡","city":"大洗町","code5":"08309","code6":"083097"}},{"arcs":[[-1279,-1336,1408,-1367,-1372]],"type":"Polygon","properties":{"pref":"茨城県","county":"東茨城郡","city":"城里町","code5":"08310","code6":"083101"}},{"arcs":[[-1281,1409,-1349,-1373]],"type":"Polygon","properties":{"pref":"茨城県","county":"那珂郡","city":"東海村","code5":"08341","code6":"083411"}},{"arcs":[[-1235,-1240,-1328,-1371,1410,1411]],"type":"Polygon","properties":{"pref":"茨城県","county":"久慈郡","city":"大子町","code5":"08364","code6":"083640"}},{"arcs":[[-1382,1412,-1389,-1399]],"type":"Polygon","properties":{"pref":"茨城県","county":"稲敷郡","city":"美浦村","code5":"08442","code6":"084425"}},{"arcs":[[-1286,-1390,-1413,-1381,-1342]],"type":"Polygon","properties":{"pref":"茨城県","county":"稲敷郡","city":"阿見町","code5":"08443","code6":"084433"}},{"arcs":[[-1310,-1386,1413,1414,1415,1416]],"type":"Polygon","properties":{"pref":"茨城県","county":"稲敷郡","city":"河内町","code5":"08447","code6":"084476"}},{"arcs":[[-1290,-1307,-1377,-1317,-1324,-1378]],"type":"Polygon","properties":{"pref":"茨城県","county":"結城郡","city":"八千代町","code5":"08521","code6":"085219"}},{"arcs":[[-1293,1417,1418,1419,1420]],"type":"Polygon","properties":{"pref":"茨城県","county":"猿島郡","city":"五霞町","code5":"08542","code6":"085421"}},{"arcs":[[-1292,-1380,1421,-1418]],"type":"Polygon","properties":{"pref":"茨城県","county":"猿島郡","city":"境町","code5":"08546","code6":"085464"}},{"arcs":[[-1311,-1417,1422,1423,1424,-1337]],"type":"Polygon","properties":{"pref":"茨城県","county":"北相馬郡","city":"利根町","code5":"08564","code6":"085642"}},{"arcs":[[1425,1426,1427,1428,1429,1430,1431,1432,1433,1434]],"type":"Polygon","properties":{"pref":"栃木県","city":"宇都宮市","code5":"09201","code6":"092011"}},{"arcs":[[1435,1436,1437,1438,1439]],"type":"Polygon","properties":{"pref":"栃木県","city":"足利市","code5":"09202","code6":"092029"}},{"arcs":[[-1296,1440,1441,1442,1443,1444,1445,1446,1447,1448,1449]],"type":"Polygon","properties":{"pref":"栃木県","city":"栃木市","code5":"09203","code6":"092037"}},{"arcs":[[[-1440,1450,1451,1452,-1443,1453,1454]],[[-1445,1455]]],"type":"MultiPolygon","properties":{"pref":"栃木県","city":"佐野市","code5":"09204","code6":"092045"}},{"arcs":[[-1433,1456,-1446,-1456,-1444,-1453,1457,1458]],"type":"Polygon","properties":{"pref":"栃木県","city":"鹿沼市","code5":"09205","code6":"092053"}},{"arcs":[[-1191,-1202,1459,1460,-1434,-1459,1461,1462,1463]],"type":"Polygon","properties":{"pref":"栃木県","city":"日光市","code5":"09206","code6":"092061"}},{"arcs":[[-1298,1464,-1449,1465,1466,-1374,-1305]],"type":"Polygon","properties":{"pref":"栃木県","city":"小山市","code5":"09208","code6":"092088"}},{"arcs":[[-1375,-1467,1467,1468,-1429,1469,1470,1471,-1391]],"type":"Polygon","properties":{"pref":"栃木県","city":"真岡市","code5":"09209","code6":"092096"}},{"arcs":[[-1236,-1412,1472,1473,1474,1475,1476]],"type":"Polygon","properties":{"pref":"栃木県","city":"大田原市","code5":"09210","code6":"092100"}},{"arcs":[[-1475,1477,1478,1479]],"type":"Polygon","properties":{"pref":"栃木県","city":"矢板市","code5":"09211","code6":"092118"}},{"arcs":[[-1186,-1224,1480,-1476,-1480,1481,-1460,-1201]],"type":"Polygon","properties":{"pref":"栃木県","city":"那須塩原市","code5":"09213","code6":"092134"}},{"arcs":[[-1426,1482,-1478,-1474,1483,1484,1485]],"type":"Polygon","properties":{"pref":"栃木県","city":"さくら市","code5":"09214","code6":"092142"}},{"arcs":[[-1369,1486,1487,1488,-1485,1489]],"type":"Polygon","properties":{"pref":"栃木県","city":"那須烏山市","code5":"09215","code6":"092151"}},{"arcs":[[-1431,1490,-1468,-1466,-1448,1491]],"type":"Polygon","properties":{"pref":"栃木県","city":"下野市","code5":"09216","code6":"092169"}},{"arcs":[[-1430,-1469,-1491]],"type":"Polygon","properties":{"pref":"栃木県","county":"河内郡","city":"上三川町","code5":"09301","code6":"093017"}},{"arcs":[[-1392,-1472,1492,1493]],"type":"Polygon","properties":{"pref":"栃木県","county":"芳賀郡","city":"益子町","code5":"09342","code6":"093424"}},{"arcs":[[-1335,-1393,-1494,1494,-1487,-1368,-1409]],"type":"Polygon","properties":{"pref":"栃木県","county":"芳賀郡","city":"茂木町","code5":"09343","code6":"093432"}},{"arcs":[[-1471,1495,1496,-1488,-1495,-1493]],"type":"Polygon","properties":{"pref":"栃木県","county":"芳賀郡","city":"市貝町","code5":"09344","code6":"093441"}},{"arcs":[[-1428,1497,-1496,-1470]],"type":"Polygon","properties":{"pref":"栃木県","county":"芳賀郡","city":"芳賀町","code5":"09345","code6":"093459"}},{"arcs":[[-1432,-1492,-1447,-1457]],"type":"Polygon","properties":{"pref":"栃木県","county":"下都賀郡","city":"壬生町","code5":"09361","code6":"093611"}},{"arcs":[[-1297,-1450,-1465]],"type":"Polygon","properties":{"pref":"栃木県","county":"下都賀郡","city":"野木町","code5":"09364","code6":"093645"}},{"arcs":[[-1435,-1461,-1482,-1479,-1483]],"type":"Polygon","properties":{"pref":"栃木県","county":"塩谷郡","city":"塩谷町","code5":"09384","code6":"093840"}},{"arcs":[[-1427,-1486,-1489,-1497,-1498]],"type":"Polygon","properties":{"pref":"栃木県","county":"塩谷郡","city":"高根沢町","code5":"09386","code6":"093866"}},{"arcs":[[-1134,-1237,-1477,-1481,-1223]],"type":"Polygon","properties":{"pref":"栃木県","county":"那須郡","city":"那須町","code5":"09407","code6":"094072"}},{"arcs":[[-1370,-1490,-1484,-1473,-1411]],"type":"Polygon","properties":{"pref":"栃木県","county":"那須郡","city":"那珂川町","code5":"09411","code6":"094111"}},{"arcs":[[1498,1499,1500,1501,1502,1503,1504,1505]],"type":"Polygon","properties":{"pref":"群馬県","city":"前橋市","code5":"10201","code6":"102016"}},{"arcs":[[[-1502,1506,1507,1508,1509,1510,1511,1512,1513,1514,1515]],[[1516,1517,1518]]],"type":"MultiPolygon","properties":{"pref":"群馬県","city":"高崎市","code5":"10202","code6":"102024"}},{"arcs":[[[-1439,1519,1520,-1451]],[[-1499,1521,1522,1523]]],"type":"MultiPolygon","properties":{"pref":"群馬県","city":"桐生市","code5":"10203","code6":"102032"}},{"arcs":[[-1500,-1524,1524,1525,1526,1527,1528]],"type":"Polygon","properties":{"pref":"群馬県","city":"伊勢崎市","code5":"10204","code6":"102041"}},{"arcs":[[-1438,1529,1530,1531,1532,-1526,1533,-1520]],"type":"Polygon","properties":{"pref":"群馬県","city":"太田市","code5":"10205","code6":"102059"}},{"arcs":[[-1463,1534,-1522,-1506,1535,1536,1537,1538,1539,1540,1541]],"type":"Polygon","properties":{"pref":"群馬県","city":"沼田市","code5":"10206","code6":"102067"}},{"arcs":[[-1436,-1455,1542,1543,1544,1545]],"type":"Polygon","properties":{"pref":"群馬県","city":"館林市","code5":"10207","code6":"102075"}},{"arcs":[[-1505,1546,1547,-1515,1548,1549,1550,-1538,1551,-1536]],"type":"Polygon","properties":{"pref":"群馬県","city":"渋川市","code5":"10208","code6":"102083"}},{"arcs":[[-1508,1552,-1518,1553,1554,1555,1556,1557,1558]],"type":"Polygon","properties":{"pref":"群馬県","city":"藤岡市","code5":"10209","code6":"102091"}},{"arcs":[[-1510,1559,1560,1561]],"type":"Polygon","properties":{"pref":"群馬県","city":"富岡市","code5":"10210","code6":"102105"}},{"arcs":[[-1511,-1562,1562,1563]],"type":"Polygon","properties":{"pref":"群馬県","city":"安中市","code5":"10211","code6":"102113"}},{"arcs":[[-1452,-1521,-1534,-1525,-1523,-1535,-1462,-1458]],"type":"Polygon","properties":{"pref":"群馬県","city":"みどり市","code5":"10212","code6":"102121"}},{"arcs":[[-1503,-1516,-1548,1564]],"type":"Polygon","properties":{"pref":"群馬県","county":"北群馬郡","city":"榛東村","code5":"10344","code6":"103446"}},{"arcs":[[-1504,-1565,-1547]],"type":"Polygon","properties":{"pref":"群馬県","county":"北群馬郡","city":"吉岡町","code5":"10345","code6":"103454"}},{"arcs":[[1565,1566,1567,1568,1569,1570,1571,1572]],"type":"Polygon","properties":{"pref":"群馬県","county":"多野郡","city":"上野村","code5":"10366","code6":"103667"}},{"arcs":[[-1557,1573,1574,-1573,1575,1576]],"type":"Polygon","properties":{"pref":"群馬県","county":"多野郡","city":"神流町","code5":"10367","code6":"103675"}},{"arcs":[[-1558,-1577,1577,1578,1579,-1563,-1561,1580]],"type":"Polygon","properties":{"pref":"群馬県","county":"甘楽郡","city":"下仁田町","code5":"10382","code6":"103829"}},{"arcs":[[-1572,1581,1582,-1578,-1576]],"type":"Polygon","properties":{"pref":"群馬県","county":"甘楽郡","city":"南牧村","code5":"10383","code6":"103837"}},{"arcs":[[-1509,-1559,-1581,-1560]],"type":"Polygon","properties":{"pref":"群馬県","county":"甘楽郡","city":"甘楽町","code5":"10384","code6":"103845"}},{"arcs":[[-1550,1583,1584,1585,1586,1587,1588,1589,1590,1591]],"type":"Polygon","properties":{"pref":"群馬県","county":"吾妻郡","city":"中之条町","code5":"10421","code6":"104213"}},{"arcs":[[-1513,1592,1593,1594,-1585,1595]],"type":"Polygon","properties":{"pref":"群馬県","county":"吾妻郡","city":"長野原町","code5":"10424","code6":"104248"}},{"arcs":[[-1594,1596,1597,1598,1599,1600,1601,1602,1603]],"type":"Polygon","properties":{"pref":"群馬県","county":"吾妻郡","city":"嬬恋村","code5":"10425","code6":"104256"}},{"arcs":[[-1586,-1595,-1604]],"type":"Polygon","properties":{"pref":"群馬県","county":"吾妻郡","city":"草津町","code5":"10426","code6":"104264"}},{"arcs":[[-1539,-1551,-1592,1604]],"type":"Polygon","properties":{"pref":"群馬県","county":"吾妻郡","city":"高山村","code5":"10428","code6":"104281"}},{"arcs":[[-1514,-1596,-1584,-1549]],"type":"Polygon","properties":{"pref":"群馬県","county":"吾妻郡","city":"東吾妻町","code5":"10429","code6":"104299"}},{"arcs":[[-1192,-1464,-1542,1605,1606,1607]],"type":"Polygon","properties":{"pref":"群馬県","county":"利根郡","city":"片品村","code5":"10443","code6":"104434"}},{"arcs":[[-1541,1608,-1606]],"type":"Polygon","properties":{"pref":"群馬県","county":"利根郡","city":"川場村","code5":"10444","code6":"104442"}},{"arcs":[[-1537,-1552]],"type":"Polygon","properties":{"pref":"群馬県","county":"利根郡","city":"昭和村","code5":"10448","code6":"104485"}},{"arcs":[[-1540,-1605,-1591,1609,1610,1611,-1607,-1609]],"type":"Polygon","properties":{"pref":"群馬県","county":"利根郡","city":"みなかみ町","code5":"10449","code6":"104493"}},{"arcs":[[-1501,-1529,1612,1613,-1519,-1553,-1507]],"type":"Polygon","properties":{"pref":"群馬県","county":"佐波郡","city":"玉村町","code5":"10464","code6":"104647"}},{"arcs":[[-1442,1614,1615,1616,-1543,-1454]],"type":"Polygon","properties":{"pref":"群馬県","county":"邑楽郡","city":"板倉町","code5":"10521","code6":"105210"}},{"arcs":[[-1544,-1617,1617,1618,1619]],"type":"Polygon","properties":{"pref":"群馬県","county":"邑楽郡","city":"明和町","code5":"10522","code6":"105228"}},{"arcs":[[-1545,-1620,1620,1621,1622,1623]],"type":"Polygon","properties":{"pref":"群馬県","county":"邑楽郡","city":"千代田町","code5":"10523","code6":"105236"}},{"arcs":[[-1531,1624,-1623,1625]],"type":"Polygon","properties":{"pref":"群馬県","county":"邑楽郡","city":"大泉町","code5":"10524","code6":"105244"}},{"arcs":[[-1437,-1546,-1624,-1625,-1530]],"type":"Polygon","properties":{"pref":"群馬県","county":"邑楽郡","city":"邑楽町","code5":"10525","code6":"105252"}},{"arcs":[[1626,1627,1628,1629,1630,1631,1632,1633,1634,1635,1636]],"type":"Polygon","properties":{"pref":"埼玉県","city":"川越市","code5":"11201","code6":"112011"}},{"arcs":[[-1532,-1626,-1622,1637,1638,1639,1640,1641,1642,1643]],"type":"Polygon","properties":{"pref":"埼玉県","city":"熊谷市","code5":"11202","code6":"112020"}},{"arcs":[[1644,1645,1646,1647,1648,1649,1650]],"type":"Polygon","properties":{"pref":"埼玉県","city":"川口市","code5":"11203","code6":"112038"}},{"arcs":[[-1619,1651,1652,1653,-1638,-1621]],"type":"Polygon","properties":{"pref":"埼玉県","city":"行田市","code5":"11206","code6":"112062"}},{"arcs":[[-1556,1654,1655,1656,1657,1658,1659,1660,1661,1662,1663,1664,-1567,1665,-1574]],"type":"Polygon","properties":{"pref":"埼玉県","city":"秩父市","code5":"11207","code6":"112071"}},{"arcs":[[-1631,1666,1667,1668,1669,1670,1671,1672,1673,1674]],"type":"Polygon","properties":{"pref":"埼玉県","city":"所沢市","code5":"11208","code6":"112089"}},{"arcs":[[-1660,1675,1676,1677,1678,1679,1680,1681,1682,1683]],"type":"Polygon","properties":{"pref":"埼玉県","city":"飯能市","code5":"11209","code6":"112097"}},{"arcs":[[-1295,1684,1685,-1653,1686,-1615,-1441]],"type":"Polygon","properties":{"pref":"埼玉県","city":"加須市","code5":"11210","code6":"112101"}},{"arcs":[[-1528,1687,1688,1689,1690,1691,1692,-1613]],"type":"Polygon","properties":{"pref":"埼玉県","city":"本庄市","code5":"11211","code6":"112119"}},{"arcs":[[-1641,1693,1694,1695,1696,1697,1698]],"type":"Polygon","properties":{"pref":"埼玉県","city":"東松山市","code5":"11212","code6":"112127"}},{"arcs":[[1699,1700,1701,1702,1703,1704,1705]],"type":"Polygon","properties":{"pref":"埼玉県","city":"春日部市","code5":"11214","code6":"112143"}},{"arcs":[[-1632,-1675,1706,-1681,1707]],"type":"Polygon","properties":{"pref":"埼玉県","city":"狭山市","code5":"11215","code6":"112151"}},{"arcs":[[-1616,-1687,-1652,-1618]],"type":"Polygon","properties":{"pref":"埼玉県","city":"羽生市","code5":"11216","code6":"112160"}},{"arcs":[[-1639,-1654,-1686,1708,1709,1710,1711]],"type":"Polygon","properties":{"pref":"埼玉県","city":"鴻巣市","code5":"11217","code6":"112178"}},{"arcs":[[-1527,-1533,-1644,1712,1713,1714,-1688]],"type":"Polygon","properties":{"pref":"埼玉県","city":"深谷市","code5":"11218","code6":"112186"}},{"arcs":[[-1637,1715,1716,1717,1718,1719]],"type":"Polygon","properties":{"pref":"埼玉県","city":"上尾市","code5":"11219","code6":"112194"}},{"arcs":[[-1647,1720,1721,1722,1723,1724]],"type":"Polygon","properties":{"pref":"埼玉県","city":"草加市","code5":"11221","code6":"112216"}},{"arcs":[[1725,-1706,1726,1727,-1721,-1646]],"type":"Polygon","properties":{"pref":"埼玉県","city":"越谷市","code5":"11222","code6":"112224"}},{"arcs":[[1728,-1651,1729]],"type":"Polygon","properties":{"pref":"埼玉県","city":"蕨市","code5":"11223","code6":"112232"}},{"arcs":[[1730,-1730,-1650,1731,1732,1733,1734]],"type":"Polygon","properties":{"pref":"埼玉県","city":"戸田市","code5":"11224","code6":"112241"}},{"arcs":[[-1674,1735,1736,-1682,-1707]],"type":"Polygon","properties":{"pref":"埼玉県","city":"入間市","code5":"11225","code6":"112259"}},{"arcs":[[1737,-1735,1738,1739,1740,1741]],"type":"Polygon","properties":{"pref":"埼玉県","city":"朝霞市","code5":"11227","code6":"112275"}},{"arcs":[[1742,-1742,1743,1744,1745]],"type":"Polygon","properties":{"pref":"埼玉県","city":"志木市","code5":"11228","code6":"112283"}},{"arcs":[[-1734,1746,1747,-1739]],"type":"Polygon","properties":{"pref":"埼玉県","city":"和光市","code5":"11229","code6":"112291"}},{"arcs":[[-1668,1748,-1744,-1741,1749,1750,1751,1752]],"type":"Polygon","properties":{"pref":"埼玉県","city":"新座市","code5":"11230","code6":"112305"}},{"arcs":[[-1710,1753,1754,1755,-1717,1756,1757]],"type":"Polygon","properties":{"pref":"埼玉県","city":"桶川市","code5":"11231","code6":"112313"}},{"arcs":[[-1294,-1421,1758,1759,1760,1761,1762,-1754,-1709,-1685]],"type":"Polygon","properties":{"pref":"埼玉県","city":"久喜市","code5":"11232","code6":"112321"}},{"arcs":[[-1711,-1758,1763,1764]],"type":"Polygon","properties":{"pref":"埼玉県","city":"北本市","code5":"11233","code6":"112330"}},{"arcs":[[-1724,1765,1766,1767]],"type":"Polygon","properties":{"pref":"埼玉県","city":"八潮市","code5":"11234","code6":"112348"}},{"arcs":[[1768,-1746,1769,1770,-1628]],"type":"Polygon","properties":{"pref":"埼玉県","city":"富士見市","code5":"11235","code6":"112356"}},{"arcs":[[-1723,1771,1772,1773,1774,-1766]],"type":"Polygon","properties":{"pref":"埼玉県","city":"三郷市","code5":"11237","code6":"112372"}},{"arcs":[[-1719,1775,-1755,-1763,1776,1777]],"type":"Polygon","properties":{"pref":"埼玉県","city":"蓮田市","code5":"11238","code6":"112381"}},{"arcs":[[-1635,1778,1779,1780,1781,-1696,1782]],"type":"Polygon","properties":{"pref":"埼玉県","city":"坂戸市","code5":"11239","code6":"112399"}},{"arcs":[[-1420,1783,1784,-1759]],"type":"Polygon","properties":{"pref":"埼玉県","city":"幸手市","code5":"11240","code6":"112402"}},{"arcs":[[-1634,1785,-1779]],"type":"Polygon","properties":{"pref":"埼玉県","city":"鶴ヶ島市","code5":"11241","code6":"112411"}},{"arcs":[[-1633,-1708,-1680,1786,-1780,-1786]],"type":"Polygon","properties":{"pref":"埼玉県","city":"日高市","code5":"11242","code6":"112429"}},{"arcs":[[-1722,-1728,1787,1788,1789,-1772]],"type":"Polygon","properties":{"pref":"埼玉県","city":"吉川市","code5":"11243","code6":"112437"}},{"arcs":[[-1629,-1771,1790]],"type":"Polygon","properties":{"pref":"埼玉県","city":"ふじみ野市","code5":"11245","code6":"112453"}},{"arcs":[[1791,-1777,-1762,1792,-1701]],"type":"Polygon","properties":{"pref":"埼玉県","city":"白岡市","code5":"11246","code6":"112461"}},{"arcs":[[-1718,-1756,-1776]],"type":"Polygon","properties":{"pref":"埼玉県","county":"北足立郡","city":"伊奈町","code5":"11301","code6":"113018"}},{"arcs":[[-1630,-1791,-1770,-1745,-1749,-1667]],"type":"Polygon","properties":{"pref":"埼玉県","county":"入間郡","city":"三芳町","code5":"11324","code6":"113247"}},{"arcs":[[-1679,1793,1794,-1781,-1787]],"type":"Polygon","properties":{"pref":"埼玉県","county":"入間郡","city":"毛呂山町","code5":"11326","code6":"113263"}},{"arcs":[[-1678,1795,1796,-1794]],"type":"Polygon","properties":{"pref":"埼玉県","county":"入間郡","city":"越生町","code5":"11327","code6":"113271"}},{"arcs":[[-1642,-1699,1797]],"type":"Polygon","properties":{"pref":"埼玉県","county":"比企郡","city":"滑川町","code5":"11341","code6":"113417"}},{"arcs":[[-1643,-1798,-1698,1798,1799,1800,1801,-1713]],"type":"Polygon","properties":{"pref":"埼玉県","county":"比企郡","city":"嵐山町","code5":"11342","code6":"113425"}},{"arcs":[[-1801,1802,1803,1804]],"type":"Polygon","properties":{"pref":"埼玉県","county":"比企郡","city":"小川町","code5":"11343","code6":"113433"}},{"arcs":[[-1636,-1783,-1695,1805,-1764,-1757,-1716]],"type":"Polygon","properties":{"pref":"埼玉県","county":"比企郡","city":"川島町","code5":"11346","code6":"113468"}},{"arcs":[[-1640,-1712,-1765,-1806,-1694]],"type":"Polygon","properties":{"pref":"埼玉県","county":"比企郡","city":"吉見町","code5":"11347","code6":"113476"}},{"arcs":[[-1697,-1782,-1795,-1797,1806,-1799]],"type":"Polygon","properties":{"pref":"埼玉県","county":"比企郡","city":"鳩山町","code5":"11348","code6":"113484"}},{"arcs":[[-1658,1807,-1803,-1800,-1807,-1796,-1677,1808]],"type":"Polygon","properties":{"pref":"埼玉県","county":"比企郡","city":"ときがわ町","code5":"11349","code6":"113492"}},{"arcs":[[-1659,-1809,-1676]],"type":"Polygon","properties":{"pref":"埼玉県","county":"秩父郡","city":"横瀬町","code5":"11361","code6":"113611"}},{"arcs":[[-1656,1809,-1691,1810,1811,1812]],"type":"Polygon","properties":{"pref":"埼玉県","county":"秩父郡","city":"皆野町","code5":"11362","code6":"113620"}},{"arcs":[[-1690,1813,1814,-1811]],"type":"Polygon","properties":{"pref":"埼玉県","county":"秩父郡","city":"長瀞町","code5":"11363","code6":"113638"}},{"arcs":[[-1566,-1575,-1666]],"type":"Polygon","properties":{"pref":"埼玉県","county":"秩父郡","city":"小鹿野町","code5":"11365","code6":"113654"}},{"arcs":[[-1657,-1813,1815,-1804,-1808]],"type":"Polygon","properties":{"pref":"埼玉県","county":"秩父郡","city":"東秩父村","code5":"11369","code6":"113697"}},{"arcs":[[-1689,-1715,1816,-1814]],"type":"Polygon","properties":{"pref":"埼玉県","county":"児玉郡","city":"美里町","code5":"11381","code6":"113816"}},{"arcs":[[-1555,1817,-1692,-1810,-1655]],"type":"Polygon","properties":{"pref":"埼玉県","county":"児玉郡","city":"神川町","code5":"11383","code6":"113832"}},{"arcs":[[-1517,-1614,-1693,-1818,-1554]],"type":"Polygon","properties":{"pref":"埼玉県","county":"児玉郡","city":"上里町","code5":"11385","code6":"113859"}},{"arcs":[[-1714,-1802,-1805,-1816,-1812,-1815,-1817]],"type":"Polygon","properties":{"pref":"埼玉県","county":"大里郡","city":"寄居町","code5":"11408","code6":"114081"}},{"arcs":[[-1702,-1793,-1761,1818]],"type":"Polygon","properties":{"pref":"埼玉県","county":"南埼玉郡","city":"宮代町","code5":"11442","code6":"114421"}},{"arcs":[[-1703,-1819,-1760,-1785,1819]],"type":"Polygon","properties":{"pref":"埼玉県","county":"北葛飾郡","city":"杉戸町","code5":"11464","code6":"114642"}},{"arcs":[[-1705,1820,-1788,-1727]],"type":"Polygon","properties":{"pref":"埼玉県","county":"北葛飾郡","city":"松伏町","code5":"11465","code6":"114651"}},{"arcs":[[-1395,1821,1822,1823]],"type":"Polygon","properties":{"pref":"千葉県","city":"銚子市","code5":"12202","code6":"122025"}},{"arcs":[[[1824,1825,1826,1827,1828,1829]],[[1830,1831]]],"type":"MultiPolygon","properties":{"pref":"千葉県","city":"市川市","code5":"12203","code6":"122033"}},{"arcs":[[[-1826,1832,1833,1834,1835,1836]],[[-1832,1837]],[[1838]]],"type":"MultiPolygon","properties":{"pref":"千葉県","city":"船橋市","code5":"12204","code6":"122041"}},{"arcs":[[1839,1840]],"type":"Polygon","properties":{"pref":"千葉県","city":"館山市","code5":"12205","code6":"122050"}},{"arcs":[[1841,1842,1843,1844]],"type":"Polygon","properties":{"pref":"千葉県","city":"木更津市","code5":"12206","code6":"122068"}},{"arcs":[[-1774,1845,1846,1847,-1830,1848,1849]],"type":"Polygon","properties":{"pref":"千葉県","city":"松戸市","code5":"12207","code6":"122076"}},{"arcs":[[-1322,-1365,1850,1851,-1789,-1821,-1704,-1820,-1784,-1419,-1422,-1379]],"type":"Polygon","properties":{"pref":"千葉県","city":"野田市","code5":"12208","code6":"122084"}},{"arcs":[[1852,1853,1854,1855,1856,1857,1858,1859]],"type":"Polygon","properties":{"pref":"千葉県","city":"茂原市","code5":"12210","code6":"122106"}},{"arcs":[[-1415,1860,1861,1862,1863,1864,1865,1866,1867]],"type":"Polygon","properties":{"pref":"千葉県","city":"成田市","code5":"12211","code6":"122114"}},{"arcs":[[1868,1869,1870,1871,1872,1873,1874]],"type":"Polygon","properties":{"pref":"千葉県","city":"佐倉市","code5":"12212","code6":"122122"}},{"arcs":[[1875,1876,1877,1878,1879]],"type":"Polygon","properties":{"pref":"千葉県","city":"東金市","code5":"12213","code6":"122131"}},{"arcs":[[-1823,1880,1881,1882,1883]],"type":"Polygon","properties":{"pref":"千葉県","city":"旭市","code5":"12215","code6":"122157"}},{"arcs":[[1884,1885,-1836,1886]],"type":"Polygon","properties":{"pref":"千葉県","city":"習志野市","code5":"12216","code6":"122165"}},{"arcs":[[-1339,1887,1888,1889,1890,-1847,1891,-1851,-1364]],"type":"Polygon","properties":{"pref":"千葉県","city":"柏市","code5":"12217","code6":"122173"}},{"arcs":[[1892,1893,1894,1895,1896]],"type":"Polygon","properties":{"pref":"千葉県","city":"勝浦市","code5":"12218","code6":"122181"}},{"arcs":[[1897,-1860,1898,1899,1900,1901,-1843,1902,1903]],"type":"Polygon","properties":{"pref":"千葉県","city":"市原市","code5":"12219","code6":"122190"}},{"arcs":[[-1773,-1790,-1852,-1892,-1846]],"type":"Polygon","properties":{"pref":"千葉県","city":"流山市","code5":"12220","code6":"122203"}},{"arcs":[[1904,-1887,-1835,1905,1906,-1870]],"type":"Polygon","properties":{"pref":"千葉県","city":"八千代市","code5":"12221","code6":"122211"}},{"arcs":[[-1338,-1425,1907,-1888]],"type":"Polygon","properties":{"pref":"千葉県","city":"我孫子市","code5":"12222","code6":"122220"}},{"arcs":[[-1895,1908,1909,1910,1911,1912,1913]],"type":"Polygon","properties":{"pref":"千葉県","city":"鴨川市","code5":"12223","code6":"122238"}},{"arcs":[[-1825,-1848,-1891,1914,-1833],[-1839]],"type":"Polygon","properties":{"pref":"千葉県","city":"鎌ケ谷市","code5":"12224","code6":"122246"}},{"arcs":[[-1844,-1902,1915,-1913,1916,1917]],"type":"Polygon","properties":{"pref":"千葉県","city":"君津市","code5":"12225","code6":"122254"}},{"arcs":[[-1912,1918,1919,-1917]],"type":"Polygon","properties":{"pref":"千葉県","city":"富津市","code5":"12226","code6":"122262"}},{"arcs":[[-1828,1920,1921]],"type":"Polygon","properties":{"pref":"千葉県","city":"浦安市","code5":"12227","code6":"122271"}},{"arcs":[[-1875,1922]],"type":"Polygon","properties":{"pref":"千葉県","city":"四街道市","code5":"12228","code6":"122289"}},{"arcs":[[-1842,1923,-1903]],"type":"Polygon","properties":{"pref":"千葉県","city":"袖ケ浦市","code5":"12229","code6":"122297"}},{"arcs":[[1924,-1873,1925,1926,1927,-1876]],"type":"Polygon","properties":{"pref":"千葉県","city":"八街市","code5":"12230","code6":"122301"}},{"arcs":[[-1424,1928,-1867,1929,-1871,-1907,1930,-1889,-1908]],"type":"Polygon","properties":{"pref":"千葉県","city":"印西市","code5":"12231","code6":"122319"}},{"arcs":[[-1834,-1915,-1890,-1931,-1906]],"type":"Polygon","properties":{"pref":"千葉県","city":"白井市","code5":"12232","code6":"122327"}},{"arcs":[[-1865,1931,1932,-1927,1933]],"type":"Polygon","properties":{"pref":"千葉県","city":"富里市","code5":"12233","code6":"122335"}},{"arcs":[[-1841,1934,1935,-1910,1936]],"type":"Polygon","properties":{"pref":"千葉県","city":"南房総市","code5":"12234","code6":"122343"}},{"arcs":[[-1882,1937,1938,1939,1940]],"type":"Polygon","properties":{"pref":"千葉県","city":"匝瑳市","code5":"12235","code6":"122351"}},{"arcs":[[-1360,-1397,1941,-1883,-1941,1942,-1862,1943,-1384]],"type":"Polygon","properties":{"pref":"千葉県","city":"香取市","code5":"12236","code6":"122360"}},{"arcs":[[-1877,-1928,-1933,1944,1945,1946,1947]],"type":"Polygon","properties":{"pref":"千葉県","city":"山武市","code5":"12237","code6":"122378"}},{"arcs":[[-1897,1948,1949,1950,1951,1952]],"type":"Polygon","properties":{"pref":"千葉県","city":"いすみ市","code5":"12238","code6":"122386"}},{"arcs":[[1953,-1879,1954,1955,1956,-1854]],"type":"Polygon","properties":{"pref":"千葉県","city":"大網白里市","code5":"12239","code6":"122394"}},{"arcs":[[-1866,-1934,-1926,-1872,-1930]],"type":"Polygon","properties":{"pref":"千葉県","county":"印旛郡","city":"酒々井町","code5":"12322","code6":"123226"}},{"arcs":[[-1416,-1868,-1929,-1423]],"type":"Polygon","properties":{"pref":"千葉県","county":"印旛郡","city":"栄町","code5":"12329","code6":"123293"}},{"arcs":[[-1385,-1944,-1861,-1414]],"type":"Polygon","properties":{"pref":"千葉県","county":"香取郡","city":"神崎町","code5":"12342","code6":"123421"}},{"arcs":[[-1863,-1943,-1940,1957,1958]],"type":"Polygon","properties":{"pref":"千葉県","county":"香取郡","city":"多古町","code5":"12347","code6":"123471"}},{"arcs":[[-1396,-1824,-1884,-1942]],"type":"Polygon","properties":{"pref":"千葉県","county":"香取郡","city":"東庄町","code5":"12349","code6":"123498"}},{"arcs":[[-1878,-1948,1959,-1955]],"type":"Polygon","properties":{"pref":"千葉県","county":"山武郡","city":"九十九里町","code5":"12403","code6":"124036"}},{"arcs":[[-1864,-1959,1960,-1945,-1932]],"type":"Polygon","properties":{"pref":"千葉県","county":"山武郡","city":"芝山町","code5":"12409","code6":"124095"}},{"arcs":[[-1939,1961,-1946,-1961,-1958]],"type":"Polygon","properties":{"pref":"千葉県","county":"山武郡","city":"横芝光町","code5":"12410","code6":"124109"}},{"arcs":[[-1951,1962,1963,1964]],"type":"Polygon","properties":{"pref":"千葉県","county":"長生郡","city":"一宮町","code5":"12421","code6":"124214"}},{"arcs":[[-1857,1965,-1963,-1950,1966,1967]],"type":"Polygon","properties":{"pref":"千葉県","county":"長生郡","city":"睦沢町","code5":"12422","code6":"124222"}},{"arcs":[[1968,1969,-1964,-1966,-1856]],"type":"Polygon","properties":{"pref":"千葉県","county":"長生郡","city":"長生村","code5":"12423","code6":"124231"}},{"arcs":[[-1855,-1957,1970,-1969]],"type":"Polygon","properties":{"pref":"千葉県","county":"長生郡","city":"白子町","code5":"12424","code6":"124249"}},{"arcs":[[-1859,1971,-1899]],"type":"Polygon","properties":{"pref":"千葉県","county":"長生郡","city":"長柄町","code5":"12426","code6":"124265"}},{"arcs":[[-1858,-1968,1972,-1900,-1972]],"type":"Polygon","properties":{"pref":"千葉県","county":"長生郡","city":"長南町","code5":"12427","code6":"124273"}},{"arcs":[[-1896,-1914,-1916,-1901,-1973,-1967,-1949]],"type":"Polygon","properties":{"pref":"千葉県","county":"夷隅郡","city":"大多喜町","code5":"12441","code6":"124419"}},{"arcs":[[-1893,-1953,1973]],"type":"Polygon","properties":{"pref":"千葉県","county":"夷隅郡","city":"御宿町","code5":"12443","code6":"124435"}},{"arcs":[[-1911,-1936,1974,-1919]],"type":"Polygon","properties":{"pref":"千葉県","county":"安房郡","city":"鋸南町","code5":"12463","code6":"124630"}},{"arcs":[[1975,1976,1977,1978,1979]],"type":"Polygon","properties":{"pref":"東京都","city":"千代田区","code5":"13101","code6":"131016"}},{"arcs":[[-1976,1980,1981,1982,1983,1984]],"type":"Polygon","properties":{"pref":"東京都","city":"中央区","code5":"13102","code6":"131024"}},{"arcs":[[[-1977,-1985,1985,1986,1987,1988]],[[1989,1990,1991]]],"type":"MultiPolygon","properties":{"pref":"東京都","city":"港区","code5":"13103","code6":"131032"}},{"arcs":[[-1978,-1989,1992,1993,1994,1995]],"type":"Polygon","properties":{"pref":"東京都","city":"新宿区","code5":"13104","code6":"131041"}},{"arcs":[[-1979,-1996,1996,1997,1998,1999]],"type":"Polygon","properties":{"pref":"東京都","city":"文京区","code5":"13105","code6":"131059"}},{"arcs":[[-1980,-2000,2000,2001,-1981]],"type":"Polygon","properties":{"pref":"東京都","city":"台東区","code5":"13106","code6":"131067"}},{"arcs":[[-1982,-2002,2002,2003,2004,2005,2006]],"type":"Polygon","properties":{"pref":"東京都","city":"墨田区","code5":"13107","code6":"131075"}},{"arcs":[[[2007,-1983,-2007,2008]],[[-1990,2009,2010]],[[2011]],[[2012]],[[2013]]],"type":"MultiPolygon","properties":{"pref":"東京都","city":"江東区","code5":"13108","code6":"131083"}},{"arcs":[[[-1987,2014,2015,2016,2017]],[[2018,2019]],[[-1991,-2011,2020]]],"type":"MultiPolygon","properties":{"pref":"東京都","city":"品川区","code5":"13109","code6":"131091"}},{"arcs":[[-2017,2021,2022,2023]],"type":"Polygon","properties":{"pref":"東京都","city":"目黒区","code5":"13110","code6":"131105"}},{"arcs":[[[-2016,2024,2025,2026,-2022]],[[-2019,2027]],[[2028]],[[2029]]],"type":"MultiPolygon","properties":{"pref":"東京都","city":"大田区","code5":"13111","code6":"131113"}},{"arcs":[[-2023,-2027,2030,2031,2032,2033,2034,2035]],"type":"Polygon","properties":{"pref":"東京都","city":"世田谷区","code5":"13112","code6":"131121"}},{"arcs":[[-1988,-2018,-2024,-2036,2036,2037,-1993]],"type":"Polygon","properties":{"pref":"東京都","city":"渋谷区","code5":"13113","code6":"131130"}},{"arcs":[[-1994,-2038,2038,2039,2040]],"type":"Polygon","properties":{"pref":"東京都","city":"中野区","code5":"13114","code6":"131148"}},{"arcs":[[-2035,2041,2042,2043,-2039,-2037]],"type":"Polygon","properties":{"pref":"東京都","city":"杉並区","code5":"13115","code6":"131156"}},{"arcs":[[-1995,-2041,2044,2045,2046,-1997]],"type":"Polygon","properties":{"pref":"東京都","city":"豊島区","code5":"13116","code6":"131164"}},{"arcs":[[-1649,2047,2048,-1998,-2047,2049,-1732]],"type":"Polygon","properties":{"pref":"東京都","city":"北区","code5":"13117","code6":"131172"}},{"arcs":[[-1999,-2049,2050,-2003,-2001]],"type":"Polygon","properties":{"pref":"東京都","city":"荒川区","code5":"13118","code6":"131181"}},{"arcs":[[-1733,-2050,-2046,2051,-1747]],"type":"Polygon","properties":{"pref":"東京都","city":"板橋区","code5":"13119","code6":"131199"}},{"arcs":[[-1740,-1748,-2052,-2045,-2040,-2044,2052,2053,-1750]],"type":"Polygon","properties":{"pref":"東京都","city":"練馬区","code5":"13120","code6":"131202"}},{"arcs":[[-1648,-1725,-1768,2054,-2004,-2051,-2048]],"type":"Polygon","properties":{"pref":"東京都","city":"足立区","code5":"13121","code6":"131211"}},{"arcs":[[-1767,-1775,-1850,2055,-2005,-2055]],"type":"Polygon","properties":{"pref":"東京都","city":"葛飾区","code5":"13122","code6":"131229"}},{"arcs":[[-1829,-1922,2056,-2009,-2006,-2056,-1849]],"type":"Polygon","properties":{"pref":"東京都","city":"江戸川区","code5":"13123","code6":"131237"}},{"arcs":[[2057,2058,2059,2060,2061,2062,2063,2064]],"type":"Polygon","properties":{"pref":"東京都","city":"八王子市","code5":"13201","code6":"132012"}},{"arcs":[[2065,2066,2067,2068,2069,2070,2071,2072]],"type":"Polygon","properties":{"pref":"東京都","city":"立川市","code5":"13202","code6":"132021"}},{"arcs":[[-2043,2073,2074,2075,-2053]],"type":"Polygon","properties":{"pref":"東京都","city":"武蔵野市","code5":"13203","code6":"132039"}},{"arcs":[[-2034,2076,2077,-2074,-2042]],"type":"Polygon","properties":{"pref":"東京都","city":"三鷹市","code5":"13204","code6":"132047"}},{"arcs":[[-1683,-1737,2078,2079,2080,2081,2082,2083]],"type":"Polygon","properties":{"pref":"東京都","city":"青梅市","code5":"13205","code6":"132055"}},{"arcs":[[2084,2085,2086,2087,2088,2089,2090]],"type":"Polygon","properties":{"pref":"東京都","city":"府中市","code5":"13206","code6":"132063"}},{"arcs":[[-2059,2091,-2071,2092]],"type":"Polygon","properties":{"pref":"東京都","city":"昭島市","code5":"13207","code6":"132071"}},{"arcs":[[-2033,2093,2094,2095,-2086,2096,-2077]],"type":"Polygon","properties":{"pref":"東京都","city":"調布市","code5":"13208","code6":"132080"}},{"arcs":[[-2062,2097,2098,2099,2100,2101,2102,2103]],"type":"Polygon","properties":{"pref":"東京都","city":"町田市","code5":"13209","code6":"132098"}},{"arcs":[[-2075,-2078,-2097,-2085,2104,2105,2106]],"type":"Polygon","properties":{"pref":"東京都","city":"小金井市","code5":"13210","code6":"132101"}},{"arcs":[[-2067,2107,2108,2109,2110,-2106,2111]],"type":"Polygon","properties":{"pref":"東京都","city":"小平市","code5":"13211","code6":"132110"}},{"arcs":[[-2060,-2093,-2070,2112,-2089,2113]],"type":"Polygon","properties":{"pref":"東京都","city":"日野市","code5":"13212","code6":"132128"}},{"arcs":[[-1670,2114,2115,-2109,2116]],"type":"Polygon","properties":{"pref":"東京都","city":"東村山市","code5":"13213","code6":"132136"}},{"arcs":[[-2068,-2112,-2105,-2091,2117]],"type":"Polygon","properties":{"pref":"東京都","city":"国分寺市","code5":"13214","code6":"132144"}},{"arcs":[[-2069,-2118,-2090,-2113]],"type":"Polygon","properties":{"pref":"東京都","city":"国立市","code5":"13215","code6":"132152"}},{"arcs":[[-2058,2118,2119,2120,2121,-2072,-2092]],"type":"Polygon","properties":{"pref":"東京都","city":"福生市","code5":"13218","code6":"132187"}},{"arcs":[[-2032,2122,-2094]],"type":"Polygon","properties":{"pref":"東京都","city":"狛江市","code5":"13219","code6":"132195"}},{"arcs":[[-1671,-2117,-2108,-2066,2123]],"type":"Polygon","properties":{"pref":"東京都","city":"東大和市","code5":"13220","code6":"132209"}},{"arcs":[[-1669,-1753,2124,-2115]],"type":"Polygon","properties":{"pref":"東京都","city":"清瀬市","code5":"13221","code6":"132217"}},{"arcs":[[-1752,2125,-2110,-2116,-2125]],"type":"Polygon","properties":{"pref":"東京都","city":"東久留米市","code5":"13222","code6":"132225"}},{"arcs":[[-1672,-2124,-2073,-2122,2126]],"type":"Polygon","properties":{"pref":"東京都","city":"武蔵村山市","code5":"13223","code6":"132233"}},{"arcs":[[-2061,-2114,-2088,2127,2128,-2098]],"type":"Polygon","properties":{"pref":"東京都","city":"多摩市","code5":"13224","code6":"132241"}},{"arcs":[[-2087,-2096,2129,-2128]],"type":"Polygon","properties":{"pref":"東京都","city":"稲城市","code5":"13225","code6":"132250"}},{"arcs":[[-2080,2130,-2120,2131]],"type":"Polygon","properties":{"pref":"東京都","city":"羽村市","code5":"13227","code6":"132276"}},{"arcs":[[-2065,2132,2133,-2083,2134,-2081,-2132,-2119]],"type":"Polygon","properties":{"pref":"東京都","city":"あきる野市","code5":"13228","code6":"132284"}},{"arcs":[[-1751,-2054,-2076,-2107,-2111,-2126]],"type":"Polygon","properties":{"pref":"東京都","city":"西東京市","code5":"13229","code6":"132292"}},{"arcs":[[-1673,-2127,-2121,-2131,-2079,-1736]],"type":"Polygon","properties":{"pref":"東京都","county":"西多摩郡","city":"瑞穂町","code5":"13303","code6":"133035"}},{"arcs":[[-2082,-2135]],"type":"Polygon","properties":{"pref":"東京都","county":"西多摩郡","city":"日の出町","code5":"13305","code6":"133051"}},{"arcs":[[-2064,2135,2136,2137,-2133]],"type":"Polygon","properties":{"pref":"東京都","county":"西多摩郡","city":"檜原村","code5":"13307","code6":"133078"}},{"arcs":[[-1661,-1684,-2084,-2134,-2138,2138,2139,2140]],"type":"Polygon","properties":{"pref":"東京都","county":"西多摩郡","city":"奥多摩町","code5":"13308","code6":"133086"}},{"arcs":[[2141]],"type":"Polygon","properties":{"pref":"東京都","city":"大島町","code5":"13361","code6":"133612"}},{"arcs":[[2142]],"type":"Polygon","properties":{"pref":"東京都","city":"利島村","code5":"13362","code6":"133621"}},{"arcs":[[[2143]],[[2144]]],"type":"MultiPolygon","properties":{"pref":"東京都","city":"新島村","code5":"13363","code6":"133639"}},{"arcs":[[2145]],"type":"Polygon","properties":{"pref":"東京都","city":"神津島村","code5":"13364","code6":"133647"}},{"arcs":[[2146]],"type":"Polygon","properties":{"pref":"東京都","city":"三宅村","code5":"13381","code6":"133817"}},{"arcs":[[2147]],"type":"Polygon","properties":{"pref":"東京都","city":"御蔵島村","code5":"13382","code6":"133825"}},{"arcs":[[[2148]],[[2149]]],"type":"MultiPolygon","properties":{"pref":"東京都","city":"八丈町","code5":"13401","code6":"134015"}},{"arcs":[[2150]],"type":"Polygon","properties":{"pref":"東京都","city":"青ヶ島村","code5":"13402","code6":"134023"}},{"arcs":[[[2151]],[[2152]],[[2153]],[[2154]],[[2155]],[[2156]],[[2157]],[[2158]],[[2159]],[[2160]],[[2161]],[[2162]],[[2163]],[[2164]]],"type":"MultiPolygon","properties":{"pref":"東京都","city":"小笠原村","code5":"13421","code6":"134210"}},{"arcs":[[[2165,2166,2167,2168,2169,2170]],[[2171]]],"type":"MultiPolygon","properties":{"pref":"神奈川県","city":"横須賀市","code5":"14201","code6":"142018"}},{"arcs":[[2172,2173,2174,2175,2176,2177,2178,2179,2180]],"type":"Polygon","properties":{"pref":"神奈川県","city":"平塚市","code5":"14203","code6":"142034"}},{"arcs":[[2181,2182,2183,2184]],"type":"Polygon","properties":{"pref":"神奈川県","city":"鎌倉市","code5":"14204","code6":"142042"}},{"arcs":[[-2184,2185,2186,2187,2188,2189,2190,2191]],"type":"Polygon","properties":{"pref":"神奈川県","city":"藤沢市","code5":"14205","code6":"142051"}},{"arcs":[[2192,2193,2194,2195,2196,2197,2198,2199,2200]],"type":"Polygon","properties":{"pref":"神奈川県","city":"小田原市","code5":"14206","code6":"142069"}},{"arcs":[[-2174,2201,-2187,2202]],"type":"Polygon","properties":{"pref":"神奈川県","city":"茅ヶ崎市","code5":"14207","code6":"142077"}},{"arcs":[[2203,-2171,2204,2205,-2182]],"type":"Polygon","properties":{"pref":"神奈川県","city":"逗子市","code5":"14208","code6":"142085"}},{"arcs":[[-2168,2206]],"type":"Polygon","properties":{"pref":"神奈川県","city":"三浦市","code5":"14210","code6":"142107"}},{"arcs":[[-2179,2207,2208,2209,2210,2211,2212,2213]],"type":"Polygon","properties":{"pref":"神奈川県","city":"秦野市","code5":"14211","code6":"142115"}},{"arcs":[[2214,2215,2216,2217,-2181,2218,-2213,2219,2220]],"type":"Polygon","properties":{"pref":"神奈川県","city":"厚木市","code5":"14212","code6":"142123"}},{"arcs":[[-2103,2221,-2191,2222,2223,2224,2225]],"type":"Polygon","properties":{"pref":"神奈川県","city":"大和市","code5":"14213","code6":"142131"}},{"arcs":[[-2180,-2214,-2219]],"type":"Polygon","properties":{"pref":"神奈川県","city":"伊勢原市","code5":"14214","code6":"142140"}},{"arcs":[[-2189,2226,-2217,2227,-2224,2228]],"type":"Polygon","properties":{"pref":"神奈川県","city":"海老名市","code5":"14215","code6":"142158"}},{"arcs":[[2229,-2225,-2228,-2216]],"type":"Polygon","properties":{"pref":"神奈川県","city":"座間市","code5":"14216","code6":"142166"}},{"arcs":[[-2199,2230,2231,2232,2233]],"type":"Polygon","properties":{"pref":"神奈川県","city":"南足柄市","code5":"14217","code6":"142174"}},{"arcs":[[-2190,-2229,-2223]],"type":"Polygon","properties":{"pref":"神奈川県","city":"綾瀬市","code5":"14218","code6":"142182"}},{"arcs":[[-2170,2234,-2205]],"type":"Polygon","properties":{"pref":"神奈川県","county":"三浦郡","city":"葉山町","code5":"14301","code6":"143014"}},{"arcs":[[-2173,-2218,-2227,-2188,-2202]],"type":"Polygon","properties":{"pref":"神奈川県","county":"高座郡","city":"寒川町","code5":"14321","code6":"143219"}},{"arcs":[[-2176,2235,2236]],"type":"Polygon","properties":{"pref":"神奈川県","county":"中郡","city":"大磯町","code5":"14341","code6":"143413"}},{"arcs":[[-2177,-2237,2237,-2194,2238]],"type":"Polygon","properties":{"pref":"神奈川県","county":"中郡","city":"二宮町","code5":"14342","code6":"143421"}},{"arcs":[[-2178,-2239,-2193,2239,-2208]],"type":"Polygon","properties":{"pref":"神奈川県","county":"足柄上郡","city":"中井町","code5":"14361","code6":"143618"}},{"arcs":[[-2201,2240,2241,-2209,-2240]],"type":"Polygon","properties":{"pref":"神奈川県","county":"足柄上郡","city":"大井町","code5":"14362","code6":"143626"}},{"arcs":[[-2210,-2242,2242,2243]],"type":"Polygon","properties":{"pref":"神奈川県","county":"足柄上郡","city":"松田町","code5":"14363","code6":"143634"}},{"arcs":[[2244,2245,-2211,-2244,2246,-2233,2247,2248,2249]],"type":"Polygon","properties":{"pref":"神奈川県","county":"足柄上郡","city":"山北町","code5":"14364","code6":"143642"}},{"arcs":[[-2200,-2234,-2247,-2243,-2241]],"type":"Polygon","properties":{"pref":"神奈川県","county":"足柄上郡","city":"開成町","code5":"14366","code6":"143669"}},{"arcs":[[-2198,2250,2251,2252,2253,2254,2255,-2231]],"type":"Polygon","properties":{"pref":"神奈川県","county":"足柄下郡","city":"箱根町","code5":"14382","code6":"143821"}},{"arcs":[[-2196,2256,2257]],"type":"Polygon","properties":{"pref":"神奈川県","county":"足柄下郡","city":"真鶴町","code5":"14383","code6":"143839"}},{"arcs":[[-2197,-2258,2258,2259,2260,-2251]],"type":"Polygon","properties":{"pref":"神奈川県","county":"足柄下郡","city":"湯河原町","code5":"14384","code6":"143847"}},{"arcs":[[2261,-2221,2262]],"type":"Polygon","properties":{"pref":"神奈川県","county":"愛甲郡","city":"愛川町","code5":"14401","code6":"144011"}},{"arcs":[[2263,-2263,-2220,-2212,-2246]],"type":"Polygon","properties":{"pref":"神奈川県","county":"愛甲郡","city":"清川村","code5":"14402","code6":"144029"}},{"arcs":[[[2264,2265,2266,2267,2268,2269,2270,2271,2272,2273,2274,2275,2276,2277]],[[2278,2279,2280]]],"type":"MultiPolygon","properties":{"pref":"新潟県","city":"長岡市","code5":"15202","code6":"152021"}},{"arcs":[[-1196,2281,-2270,2282,-2268,2283,2284,2285,2286,2287]],"type":"Polygon","properties":{"pref":"新潟県","city":"三条市","code5":"15204","code6":"152048"}},{"arcs":[[-2274,2288,2289,2290,2291,-2276,2292],[2293]],"type":"Polygon","properties":{"pref":"新潟県","city":"柏崎市","code5":"15205","code6":"152056"}},{"arcs":[[-1087,-1147,2294,2295,2296,2297,2298,2299]],"type":"Polygon","properties":{"pref":"新潟県","city":"新発田市","code5":"15206","code6":"152064"}},{"arcs":[[-2272,2300,-2281,2301]],"type":"Polygon","properties":{"pref":"新潟県","city":"小千谷市","code5":"15208","code6":"152081"}},{"arcs":[[2302,2303,2304,-2286]],"type":"Polygon","properties":{"pref":"新潟県","city":"加茂市","code5":"15209","code6":"152099"}},{"arcs":[[-2273,-2302,-2280,2305,2306,2307,2308,2309,2310,-2289]],"type":"Polygon","properties":{"pref":"新潟県","city":"十日町市","code5":"15210","code6":"152102"}},{"arcs":[[-2269,-2283]],"type":"Polygon","properties":{"pref":"新潟県","city":"見附市","code5":"15211","code6":"152111"}},{"arcs":[[-1004,-1069,-1090,2311,2312,2313]],"type":"Polygon","properties":{"pref":"新潟県","city":"村上市","code5":"15212","code6":"152129"}},{"arcs":[[-2284,-2267,2314,2315]],"type":"Polygon","properties":{"pref":"新潟県","city":"燕市","code5":"15213","code6":"152137"}},{"arcs":[[2316,2317,2318,2319,2320,2321]],"type":"Polygon","properties":{"pref":"新潟県","city":"糸魚川市","code5":"15216","code6":"152161"}},{"arcs":[[-2317,2322,2323,2324,2325,2326]],"type":"Polygon","properties":{"pref":"新潟県","city":"妙高市","code5":"15217","code6":"152170"}},{"arcs":[[2327,2328,2329,-2287,-2305,2330]],"type":"Polygon","properties":{"pref":"新潟県","city":"五泉市","code5":"15218","code6":"152188"}},{"arcs":[[-2290,-2311,2331,2332,-2323,-2322,2333]],"type":"Polygon","properties":{"pref":"新潟県","city":"上越市","code5":"15222","code6":"152226"}},{"arcs":[[-2296,2334,-2329,2335]],"type":"Polygon","properties":{"pref":"新潟県","city":"阿賀野市","code5":"15223","code6":"152234"}},{"arcs":[[2336]],"type":"Polygon","properties":{"pref":"新潟県","city":"佐渡市","code5":"15224","code6":"152242"}},{"arcs":[[-1193,-1608,-1612,2337,-2306,-2279,-2301,-2271,-2282,-1195]],"type":"Polygon","properties":{"pref":"新潟県","city":"魚沼市","code5":"15225","code6":"152251"}},{"arcs":[[-1611,2338,-2307,-2338]],"type":"Polygon","properties":{"pref":"新潟県","city":"南魚沼市","code5":"15226","code6":"152269"}},{"arcs":[[-1088,-2300,2339,-2313,2340]],"type":"Polygon","properties":{"pref":"新潟県","city":"胎内市","code5":"15227","code6":"152277"}},{"arcs":[[2341,2342,-2298]],"type":"Polygon","properties":{"pref":"新潟県","county":"北蒲原郡","city":"聖籠町","code5":"15307","code6":"153079"}},{"arcs":[[2343,-2315,-2266]],"type":"Polygon","properties":{"pref":"新潟県","county":"西蒲原郡","city":"弥彦村","code5":"15342","code6":"153427"}},{"arcs":[[-2331,-2304,2344]],"type":"Polygon","properties":{"pref":"新潟県","county":"南蒲原郡","city":"田上町","code5":"15361","code6":"153613"}},{"arcs":[[-1146,-1209,-1220,-1197,-2288,-2330,-2335,-2295]],"type":"Polygon","properties":{"pref":"新潟県","county":"東蒲原郡","city":"阿賀町","code5":"15385","code6":"153851"}},{"arcs":[[-2277,-2292,2345]],"type":"Polygon","properties":{"pref":"新潟県","county":"三島郡","city":"出雲崎町","code5":"15405","code6":"154059"}},{"arcs":[[-1590,2346,2347,-2308,-2339,-1610]],"type":"Polygon","properties":{"pref":"新潟県","county":"南魚沼郡","city":"湯沢町","code5":"15461","code6":"154610"}},{"arcs":[[-2309,-2348,2348]],"type":"Polygon","properties":{"pref":"新潟県","county":"中魚沼郡","city":"津南町","code5":"15482","code6":"154822"}},{"arcs":[[[-2294]],[[-2275,-2293]]],"type":"MultiPolygon","properties":{"pref":"新潟県","county":"刈羽郡","city":"刈羽村","code5":"15504","code6":"155047"}},{"arcs":[[-1089,-2341,-2312]],"type":"Polygon","properties":{"pref":"新潟県","county":"岩船郡","city":"関川村","code5":"15581","code6":"155811"}},{"arcs":[[2349]],"type":"Polygon","properties":{"pref":"新潟県","county":"岩船郡","city":"粟島浦村","code5":"15586","code6":"155861"}},{"arcs":[[2350,2351,2352,2353,2354,2355,2356,2357,2358,2359,2360]],"type":"Polygon","properties":{"pref":"富山県","city":"富山市","code5":"16201","code6":"162019"}},{"arcs":[[2361,2362,2363,2364,2365,2366,2367,2368,2369]],"type":"Polygon","properties":{"pref":"富山県","city":"高岡市","code5":"16202","code6":"162027"}},{"arcs":[[2370,2371,2372,2373]],"type":"Polygon","properties":{"pref":"富山県","city":"魚津市","code5":"16204","code6":"162043"}},{"arcs":[[-2369,2374,2375,2376,2377,2378]],"type":"Polygon","properties":{"pref":"富山県","city":"氷見市","code5":"16205","code6":"162051"}},{"arcs":[[-2351,2379,-2372,2380]],"type":"Polygon","properties":{"pref":"富山県","city":"滑川市","code5":"16206","code6":"162060"}},{"arcs":[[-2374,2381,2382,2383,2384,2385,2386,2387]],"type":"Polygon","properties":{"pref":"富山県","city":"黒部市","code5":"16207","code6":"162078"}},{"arcs":[[-2359,2388,2389,-2365,2390]],"type":"Polygon","properties":{"pref":"富山県","city":"砺波市","code5":"16208","code6":"162086"}},{"arcs":[[-2366,-2390,2391,2392,2393]],"type":"Polygon","properties":{"pref":"富山県","city":"小矢部市","code5":"16209","code6":"162094"}},{"arcs":[[-2358,2394,2395,2396,2397,-2392,-2389]],"type":"Polygon","properties":{"pref":"富山県","city":"南砺市","code5":"16210","code6":"162108"}},{"arcs":[[[-2360,-2391,-2364,2398]],[[-2362,2399]]],"type":"MultiPolygon","properties":{"pref":"富山県","city":"射水市","code5":"16211","code6":"162116"}},{"arcs":[[-2353,2400,2401]],"type":"Polygon","properties":{"pref":"富山県","county":"中新川郡","city":"舟橋村","code5":"16321","code6":"163210"}},{"arcs":[[-2352,-2381,-2371,-2388,2402,-2401]],"type":"Polygon","properties":{"pref":"富山県","county":"中新川郡","city":"上市町","code5":"16322","code6":"163228"}},{"arcs":[[-2354,-2402,-2403,-2387,2403]],"type":"Polygon","properties":{"pref":"富山県","county":"中新川郡","city":"立山町","code5":"16323","code6":"163236"}},{"arcs":[[-2383,2404,2405]],"type":"Polygon","properties":{"pref":"富山県","county":"下新川郡","city":"入善町","code5":"16342","code6":"163422"}},{"arcs":[[-2320,2406,-2384,-2406,2407]],"type":"Polygon","properties":{"pref":"富山県","county":"下新川郡","city":"朝日町","code5":"16343","code6":"163431"}},{"arcs":[[-2393,-2398,2408,2409,2410,2411,2412,2413]],"type":"Polygon","properties":{"pref":"石川県","city":"金沢市","code5":"17201","code6":"172014"}},{"arcs":[[[-2378,2414,2415,2416,2417]],[[2418]]],"type":"MultiPolygon","properties":{"pref":"石川県","city":"七尾市","code5":"17202","code6":"172022"}},{"arcs":[[2419,2420,2421,2422,2423]],"type":"Polygon","properties":{"pref":"石川県","city":"小松市","code5":"17203","code6":"172031"}},{"arcs":[[2424,2425,2426,2427,2428]],"type":"Polygon","properties":{"pref":"石川県","city":"輪島市","code5":"17204","code6":"172049"}},{"arcs":[[-2429,2429,2430]],"type":"Polygon","properties":{"pref":"石川県","city":"珠洲市","code5":"17205","code6":"172057"}},{"arcs":[[-2422,2431,2432,2433,2434]],"type":"Polygon","properties":{"pref":"石川県","city":"加賀市","code5":"17206","code6":"172065"}},{"arcs":[[-2376,2435,2436,2437,2438]],"type":"Polygon","properties":{"pref":"石川県","city":"羽咋市","code5":"17207","code6":"172073"}},{"arcs":[[2439,2440,2441,2442]],"type":"Polygon","properties":{"pref":"石川県","city":"かほく市","code5":"17209","code6":"172090"}},{"arcs":[[-2397,2443,2444,2445,2446,-2420,2447,2448,2449,2450,-2411,2451,-2409]],"type":"Polygon","properties":{"pref":"石川県","city":"白山市","code5":"17210","code6":"172103"}},{"arcs":[[-2424,2452,-2450,2453,-2448]],"type":"Polygon","properties":{"pref":"石川県","city":"能美市","code5":"17211","code6":"172111"}},{"arcs":[[-2410,-2452]],"type":"Polygon","properties":{"pref":"石川県","city":"野々市市","code5":"17212","code6":"172120"}},{"arcs":[[-2449,-2454]],"type":"Polygon","properties":{"pref":"石川県","county":"能美郡","city":"川北町","code5":"17324","code6":"173240"}},{"arcs":[[-2367,-2394,-2414,2454,-2440,2455]],"type":"Polygon","properties":{"pref":"石川県","county":"河北郡","city":"津幡町","code5":"17361","code6":"173614"}},{"arcs":[[-2413,2456,-2441,-2455]],"type":"Polygon","properties":{"pref":"石川県","county":"河北郡","city":"内灘町","code5":"17365","code6":"173657"}},{"arcs":[[-2416,2457,-2438,2458,-2427,2459]],"type":"Polygon","properties":{"pref":"石川県","county":"羽咋郡","city":"志賀町","code5":"17384","code6":"173843"}},{"arcs":[[-2368,-2456,-2443,2460,-2436,-2375]],"type":"Polygon","properties":{"pref":"石川県","county":"羽咋郡","city":"宝達志水町","code5":"17386","code6":"173860"}},{"arcs":[[-2377,-2439,-2458,-2415]],"type":"Polygon","properties":{"pref":"石川県","county":"鹿島郡","city":"中能登町","code5":"17407","code6":"174076"}},{"arcs":[[-2417,-2460,-2426,2461,2462]],"type":"Polygon","properties":{"pref":"石川県","county":"鳳珠郡","city":"穴水町","code5":"17461","code6":"174611"}},{"arcs":[[-2425,-2431,2463,-2462]],"type":"Polygon","properties":{"pref":"石川県","county":"鳳珠郡","city":"能登町","code5":"17463","code6":"174637"}},{"arcs":[[2464,2465,2466,2467,2468,2469,2470,2471]],"type":"Polygon","properties":{"pref":"福井県","city":"福井市","code5":"18201","code6":"182010"}},{"arcs":[[2472,2473,2474,2475,2476]],"type":"Polygon","properties":{"pref":"福井県","city":"敦賀市","code5":"18202","code6":"182028"}},{"arcs":[[2477,2478,2479,2480]],"type":"Polygon","properties":{"pref":"福井県","city":"小浜市","code5":"18204","code6":"182044"}},{"arcs":[[-2446,2481,2482,2483,2484,2485,2486,-2467,2487]],"type":"Polygon","properties":{"pref":"福井県","city":"大野市","code5":"18205","code6":"182052"}},{"arcs":[[-2421,-2447,-2488,-2466,2488,2489,-2432]],"type":"Polygon","properties":{"pref":"福井県","city":"勝山市","code5":"18206","code6":"182061"}},{"arcs":[[-2469,2490,2491]],"type":"Polygon","properties":{"pref":"福井県","city":"鯖江市","code5":"18207","code6":"182079"}},{"arcs":[[-2434,2492,2493]],"type":"Polygon","properties":{"pref":"福井県","city":"あわら市","code5":"18208","code6":"182087"}},{"arcs":[[-2491,2494,2495,2496]],"type":"Polygon","properties":{"pref":"福井県","city":"越前市","code5":"18209","code6":"182095"}},{"arcs":[[-2433,-2490,2497,-2472,2498,-2493]],"type":"Polygon","properties":{"pref":"福井県","city":"坂井市","code5":"18210","code6":"182109"}},{"arcs":[[-2465,-2498,-2489]],"type":"Polygon","properties":{"pref":"福井県","county":"吉田郡","city":"永平寺町","code5":"18322","code6":"183229"}},{"arcs":[[-2468,-2487,2499,2500,-2495]],"type":"Polygon","properties":{"pref":"福井県","county":"今立郡","city":"池田町","code5":"18382","code6":"183822"}},{"arcs":[[-2477,2501,2502,-2496,-2501,2503,2504]],"type":"Polygon","properties":{"pref":"福井県","county":"南条郡","city":"南越前町","code5":"18404","code6":"184047"}},{"arcs":[[-2470,-2492,-2497,-2503,2505]],"type":"Polygon","properties":{"pref":"福井県","county":"丹生郡","city":"越前町","code5":"18423","code6":"184233"}},{"arcs":[[-2475,2506,2507,2508]],"type":"Polygon","properties":{"pref":"福井県","county":"三方郡","city":"美浜町","code5":"18442","code6":"184420"}},{"arcs":[[2509,2510,2511,2512,2513,2514]],"type":"Polygon","properties":{"pref":"福井県","county":"大飯郡","city":"高浜町","code5":"18481","code6":"184811"}},{"arcs":[[[-2480,2515,2516,2517,-2512,2518]],[[-2510,2519]]],"type":"MultiPolygon","properties":{"pref":"福井県","county":"大飯郡","city":"おおい町","code5":"18483","code6":"184837"}},{"arcs":[[-2478,2520,-2508,2521]],"type":"Polygon","properties":{"pref":"福井県","county":"三方上中郡","city":"若狭町","code5":"18501","code6":"185019"}},{"arcs":[[2522,2523,2524,2525,2526,2527,2528,2529,2530,2531]],"type":"Polygon","properties":{"pref":"山梨県","city":"甲府市","code5":"19201","code6":"192015"}},{"arcs":[[2532,2533,2534,2535,2536,2537,2538]],"type":"Polygon","properties":{"pref":"山梨県","city":"富士吉田市","code5":"19202","code6":"192023"}},{"arcs":[[-2533,2539,2540,2541,2542,2543,2544,2545]],"type":"Polygon","properties":{"pref":"山梨県","city":"都留市","code5":"19204","code6":"192040"}},{"arcs":[[-1664,2546,2547,-2523,2548]],"type":"Polygon","properties":{"pref":"山梨県","city":"山梨市","code5":"19205","code6":"192058"}},{"arcs":[[-2542,2549,2550,2551,2552,2553]],"type":"Polygon","properties":{"pref":"山梨県","city":"大月市","code5":"19206","code6":"192066"}},{"arcs":[[2554,2555,2556]],"type":"Polygon","properties":{"pref":"山梨県","city":"韮崎市","code5":"19207","code6":"192074"}},{"arcs":[[-2556,2557,2558,2559,2560,2561,2562,2563,2564,2565]],"type":"Polygon","properties":{"pref":"山梨県","city":"南アルプス市","code5":"19208","code6":"192082"}},{"arcs":[[-2531,2566,-2557,-2566,2567,2568,2569,2570,2571]],"type":"Polygon","properties":{"pref":"山梨県","city":"北杜市","code5":"19209","code6":"192091"}},{"arcs":[[-2530,2572,-2558,-2555,-2567]],"type":"Polygon","properties":{"pref":"山梨県","city":"甲斐市","code5":"19210","code6":"192104"}},{"arcs":[[-2524,-2548,2573,-2551,2574]],"type":"Polygon","properties":{"pref":"山梨県","city":"笛吹市","code5":"19211","code6":"192112"}},{"arcs":[[-2137,2575,2576,-2543,-2554,2577,-2139]],"type":"Polygon","properties":{"pref":"山梨県","city":"上野原市","code5":"19212","code6":"192121"}},{"arcs":[[-1663,2578,2579,-2552,-2574,-2547]],"type":"Polygon","properties":{"pref":"山梨県","city":"甲州市","code5":"19213","code6":"192139"}},{"arcs":[[-2528,2580,-2560,2581]],"type":"Polygon","properties":{"pref":"山梨県","city":"中央市","code5":"19214","code6":"192147"}},{"arcs":[[-2527,2582,2583,-2561,-2581]],"type":"Polygon","properties":{"pref":"山梨県","county":"西八代郡","city":"市川三郷町","code5":"19346","code6":"193461"}},{"arcs":[[-2563,2584,2585,2586]],"type":"Polygon","properties":{"pref":"山梨県","county":"南巨摩郡","city":"早川町","code5":"19364","code6":"193640"}},{"arcs":[[-2526,2587,2588,2589,2590,-2586,2591,-2583]],"type":"Polygon","properties":{"pref":"山梨県","county":"南巨摩郡","city":"身延町","code5":"19365","code6":"193658"}},{"arcs":[[-2590,2592,2593]],"type":"Polygon","properties":{"pref":"山梨県","county":"南巨摩郡","city":"南部町","code5":"19366","code6":"193666"}},{"arcs":[[-2562,-2584,-2592,-2585]],"type":"Polygon","properties":{"pref":"山梨県","county":"南巨摩郡","city":"富士川町","code5":"19368","code6":"193682"}},{"arcs":[[-2529,-2582,-2559,-2573]],"type":"Polygon","properties":{"pref":"山梨県","county":"中巨摩郡","city":"昭和町","code5":"19384","code6":"193844"}},{"arcs":[[2594,-2250,2595,-2544,-2577]],"type":"Polygon","properties":{"pref":"山梨県","county":"南都留郡","city":"道志村","code5":"19422","code6":"194221"}},{"arcs":[[-2539,2596,-2540]],"type":"Polygon","properties":{"pref":"山梨県","county":"南都留郡","city":"西桂町","code5":"19423","code6":"194239"}},{"arcs":[[-2534,-2546,2597]],"type":"Polygon","properties":{"pref":"山梨県","county":"南都留郡","city":"忍野村","code5":"19424","code6":"194247"}},{"arcs":[[-2249,2598,-2535,-2598,-2545,-2596]],"type":"Polygon","properties":{"pref":"山梨県","county":"南都留郡","city":"山中湖村","code5":"19425","code6":"194255"}},{"arcs":[[-2537,2599,2600]],"type":"Polygon","properties":{"pref":"山梨県","county":"南都留郡","city":"鳴沢村","code5":"19429","code6":"194298"}},{"arcs":[[-2525,-2575,-2550,-2541,-2597,-2538,-2601,2601,-2588]],"type":"Polygon","properties":{"pref":"山梨県","county":"南都留郡","city":"富士河口湖町","code5":"19430","code6":"194301"}},{"arcs":[[-2140,-2578,-2553,-2580,2602]],"type":"Polygon","properties":{"pref":"山梨県","county":"北都留郡","city":"小菅村","code5":"19442","code6":"194425"}},{"arcs":[[-1662,-2141,-2603,-2579]],"type":"Polygon","properties":{"pref":"山梨県","county":"北都留郡","city":"丹波山村","code5":"19443","code6":"194433"}},{"arcs":[[-2326,2603,2604,2605,2606,2607,2608,2609,2610,2611,2612,2613,2614,2615]],"type":"Polygon","properties":{"pref":"長野県","city":"長野市","code5":"20201","code6":"202011"}},{"arcs":[[2616,2617,2618,2619,2620,2621,2622,2623,2624,2625,2626,2627,2628,2629,2630]],"type":"Polygon","properties":{"pref":"長野県","city":"松本市","code5":"20202","code6":"202029"}},{"arcs":[[-1601,2631,2632,2633,-2618,2634,2635,2636,2637,2638,-2609,2639]],"type":"Polygon","properties":{"pref":"長野県","city":"上田市","code5":"20203","code6":"202037"}},{"arcs":[[-2621,2640,2641,2642,2643]],"type":"Polygon","properties":{"pref":"長野県","city":"岡谷市","code5":"20204","code6":"202045"}},{"arcs":[[2644,2645,2646,2647,2648,2649,2650,2651,2652,2653,2654,2655,2656,2657,2658]],"type":"Polygon","properties":{"pref":"長野県","city":"飯田市","code5":"20205","code6":"202053"}},{"arcs":[[-2642,2659,2660,2661,2662,2663,2664]],"type":"Polygon","properties":{"pref":"長野県","city":"諏訪市","code5":"20206","code6":"202061"}},{"arcs":[[-1602,-2640,-2608,2665,2666]],"type":"Polygon","properties":{"pref":"長野県","city":"須坂市","code5":"20207","code6":"202070"}},{"arcs":[[-1599,2667,2668,2669]],"type":"Polygon","properties":{"pref":"長野県","city":"小諸市","code5":"20208","code6":"202088"}},{"arcs":[[-2565,2670,2671,2672,2673,2674,2675,2676,2677,2678,2679,-2663,2680,2681,-2568]],"type":"Polygon","properties":{"pref":"長野県","city":"伊那市","code5":"20209","code6":"202096"}},{"arcs":[[-2673,2682,2683,2684,2685,2686,2687]],"type":"Polygon","properties":{"pref":"長野県","city":"駒ヶ根市","code5":"20210","code6":"202100"}},{"arcs":[[-2606,2688,2689,2690,2691,2692,2693]],"type":"Polygon","properties":{"pref":"長野県","city":"中野市","code5":"20211","code6":"202118"}},{"arcs":[[-2355,-2404,-2386,2694,2695,-2613,2696,2697,2698,2699,-2629,2700]],"type":"Polygon","properties":{"pref":"長野県","city":"大町市","code5":"20212","code6":"202126"}},{"arcs":[[-2324,-2333,2701,2702,2703,-2690,2704]],"type":"Polygon","properties":{"pref":"長野県","city":"飯山市","code5":"20213","code6":"202134"}},{"arcs":[[-2662,2705,2706,2707,2708,2709,2710,2711,2712,-2681]],"type":"Polygon","properties":{"pref":"長野県","city":"茅野市","code5":"20214","code6":"202142"}},{"arcs":[[-2622,-2644,2713,2714,-2676,2715,2716,2717]],"type":"Polygon","properties":{"pref":"長野県","city":"塩尻市","code5":"20215","code6":"202151"}},{"arcs":[[-1579,-1583,2718,-2708,2719,2720,-2669,2721,2722]],"type":"Polygon","properties":{"pref":"長野県","city":"佐久市","code5":"20217","code6":"202177"}},{"arcs":[[-2610,-2639,2723,-2637,2724,2725]],"type":"Polygon","properties":{"pref":"長野県","city":"千曲市","code5":"20218","code6":"202185"}},{"arcs":[[-1600,-2670,-2721,2726,-2632]],"type":"Polygon","properties":{"pref":"長野県","city":"東御市","code5":"20219","code6":"202193"}},{"arcs":[[-2630,-2700,2727,2728,2729,2730]],"type":"Polygon","properties":{"pref":"長野県","city":"安曇野市","code5":"20220","code6":"202207"}},{"arcs":[[-2710,2731,2732,2733,2734]],"type":"Polygon","properties":{"pref":"長野県","county":"南佐久郡","city":"小海町","code5":"20303","code6":"203033"}},{"arcs":[[-1568,-1665,-2549,-2532,-2572,2735,2736]],"type":"Polygon","properties":{"pref":"長野県","county":"南佐久郡","city":"川上村","code5":"20304","code6":"203041"}},{"arcs":[[-2571,-2711,-2735,2737,-2736]],"type":"Polygon","properties":{"pref":"長野県","county":"南佐久郡","city":"南牧村","code5":"20305","code6":"203050"}},{"arcs":[[-1569,-2737,-2738,-2734,2738]],"type":"Polygon","properties":{"pref":"長野県","county":"南佐久郡","city":"南相木村","code5":"20306","code6":"203068"}},{"arcs":[[-1570,-2739,-2733,2739]],"type":"Polygon","properties":{"pref":"長野県","county":"南佐久郡","city":"北相木村","code5":"20307","code6":"203076"}},{"arcs":[[-1571,-2740,-2732,-2709,-2719,-1582]],"type":"Polygon","properties":{"pref":"長野県","county":"南佐久郡","city":"佐久穂町","code5":"20309","code6":"203092"}},{"arcs":[[-1512,-1564,-1580,-2723,2740,-1597,-1593]],"type":"Polygon","properties":{"pref":"長野県","county":"北佐久郡","city":"軽井沢町","code5":"20321","code6":"203211"}},{"arcs":[[-1598,-2741,-2722,-2668]],"type":"Polygon","properties":{"pref":"長野県","county":"北佐久郡","city":"御代田町","code5":"20323","code6":"203238"}},{"arcs":[[-2633,-2727,-2720,-2707,2741]],"type":"Polygon","properties":{"pref":"長野県","county":"北佐久郡","city":"立科町","code5":"20324","code6":"203246"}},{"arcs":[[-2617,2742,-2635]],"type":"Polygon","properties":{"pref":"長野県","county":"小県郡","city":"青木村","code5":"20349","code6":"203491"}},{"arcs":[[-2619,-2634,-2742,-2706,-2661,2743]],"type":"Polygon","properties":{"pref":"長野県","county":"小県郡","city":"長和町","code5":"20350","code6":"203505"}},{"arcs":[[-2620,-2744,-2660,-2641]],"type":"Polygon","properties":{"pref":"長野県","county":"諏訪郡","city":"下諏訪町","code5":"20361","code6":"203611"}},{"arcs":[[-2569,-2682,-2713,2744]],"type":"Polygon","properties":{"pref":"長野県","county":"諏訪郡","city":"富士見町","code5":"20362","code6":"203629"}},{"arcs":[[-2570,-2745,-2712]],"type":"Polygon","properties":{"pref":"長野県","county":"諏訪郡","city":"原村","code5":"20363","code6":"203637"}},{"arcs":[[-2643,-2665,2745,2746,-2714]],"type":"Polygon","properties":{"pref":"長野県","county":"上伊那郡","city":"辰野町","code5":"20382","code6":"203823"}},{"arcs":[[-2664,-2680,2747,-2678,2748,-2746]],"type":"Polygon","properties":{"pref":"長野県","county":"上伊那郡","city":"箕輪町","code5":"20383","code6":"203831"}},{"arcs":[[-2658,2749,-2685,2750,2751]],"type":"Polygon","properties":{"pref":"長野県","county":"上伊那郡","city":"飯島町","code5":"20384","code6":"203840"}},{"arcs":[[[-2677,-2715,-2747,-2749]],[[-2679,-2748]]],"type":"MultiPolygon","properties":{"pref":"長野県","county":"上伊那郡","city":"南箕輪村","code5":"20385","code6":"203858"}},{"arcs":[[-2684,2752,2753,-2751]],"type":"Polygon","properties":{"pref":"長野県","county":"上伊那郡","city":"中川村","code5":"20386","code6":"203866"}},{"arcs":[[-2674,-2688,2754,2755]],"type":"Polygon","properties":{"pref":"長野県","county":"上伊那郡","city":"宮田村","code5":"20388","code6":"203882"}},{"arcs":[[-2659,-2752,-2754,2756,2757,2758]],"type":"Polygon","properties":{"pref":"長野県","county":"下伊那郡","city":"松川町","code5":"20402","code6":"204021"}},{"arcs":[[-2645,-2759,2759,2760]],"type":"Polygon","properties":{"pref":"長野県","county":"下伊那郡","city":"高森町","code5":"20403","code6":"204030"}},{"arcs":[[2761,2762,2763,2764,2765,2766,2767]],"type":"Polygon","properties":{"pref":"長野県","county":"下伊那郡","city":"阿南町","code5":"20404","code6":"204048"}},{"arcs":[[-2655,2768,-2766,2769,2770,2771]],"type":"Polygon","properties":{"pref":"長野県","county":"下伊那郡","city":"阿智村","code5":"20407","code6":"204072"}},{"arcs":[[-2765,2772,2773,2774,2775,-2770]],"type":"Polygon","properties":{"pref":"長野県","county":"下伊那郡","city":"平谷村","code5":"20409","code6":"204099"}},{"arcs":[[-2774,2776,2777,2778,2779,2780]],"type":"Polygon","properties":{"pref":"長野県","county":"下伊那郡","city":"根羽村","code5":"20410","code6":"204102"}},{"arcs":[[-2654,2781,-2767,-2769]],"type":"Polygon","properties":{"pref":"長野県","county":"下伊那郡","city":"下條村","code5":"20411","code6":"204111"}},{"arcs":[[-2764,2782,-2777,-2773]],"type":"Polygon","properties":{"pref":"長野県","county":"下伊那郡","city":"売木村","code5":"20412","code6":"204129"}},{"arcs":[[-2652,2783,2784,-2762,2785]],"type":"Polygon","properties":{"pref":"長野県","county":"下伊那郡","city":"天龍村","code5":"20413","code6":"204137"}},{"arcs":[[-2653,-2786,-2768,-2782]],"type":"Polygon","properties":{"pref":"長野県","county":"下伊那郡","city":"泰阜村","code5":"20414","code6":"204145"}},{"arcs":[[-2646,-2761,2786]],"type":"Polygon","properties":{"pref":"長野県","county":"下伊那郡","city":"喬木村","code5":"20415","code6":"204153"}},{"arcs":[[-2647,-2787,-2760,-2758,2787]],"type":"Polygon","properties":{"pref":"長野県","county":"下伊那郡","city":"豊丘村","code5":"20416","code6":"204161"}},{"arcs":[[-2648,-2788,-2757,-2753,-2683,-2672,2788]],"type":"Polygon","properties":{"pref":"長野県","county":"下伊那郡","city":"大鹿村","code5":"20417","code6":"204170"}},{"arcs":[[-2687,2789,2790,2791,-2755]],"type":"Polygon","properties":{"pref":"長野県","county":"木曽郡","city":"上松町","code5":"20422","code6":"204226"}},{"arcs":[[-2656,-2772,2792,2793]],"type":"Polygon","properties":{"pref":"長野県","county":"木曽郡","city":"南木曽町","code5":"20423","code6":"204234"}},{"arcs":[[-2626,2794,-2717,2795]],"type":"Polygon","properties":{"pref":"長野県","county":"木曽郡","city":"木祖村","code5":"20425","code6":"204251"}},{"arcs":[[-2791,2796,2797,2798,2799]],"type":"Polygon","properties":{"pref":"長野県","county":"木曽郡","city":"王滝村","code5":"20429","code6":"204293"}},{"arcs":[[-2657,-2794,2800,-2797,-2790,-2686,-2750]],"type":"Polygon","properties":{"pref":"長野県","county":"木曽郡","city":"大桑村","code5":"20430","code6":"204307"}},{"arcs":[[-2627,-2796,-2716,-2675,-2756,-2792,-2800,2801,2802]],"type":"Polygon","properties":{"pref":"長野県","county":"木曽郡","city":"木曽町","code5":"20432","code6":"204323"}},{"arcs":[[-2611,-2726,2803]],"type":"Polygon","properties":{"pref":"長野県","county":"東筑摩郡","city":"麻績村","code5":"20446","code6":"204463"}},{"arcs":[[-2612,2804,-2730,2805,-2697]],"type":"Polygon","properties":{"pref":"長野県","county":"東筑摩郡","city":"生坂村","code5":"20448","code6":"204480"}},{"arcs":[[-2624,2806]],"type":"Polygon","properties":{"pref":"長野県","county":"東筑摩郡","city":"山形村","code5":"20450","code6":"204501"}},{"arcs":[[-2623,-2718,-2795,-2625,-2807]],"type":"Polygon","properties":{"pref":"長野県","county":"東筑摩郡","city":"朝日村","code5":"20451","code6":"204510"}},{"arcs":[[-2631,-2731,-2805,-2804,-2725,-2636,-2743]],"type":"Polygon","properties":{"pref":"長野県","county":"東筑摩郡","city":"筑北村","code5":"20452","code6":"204528"}},{"arcs":[[-2698,-2806,-2729,2807]],"type":"Polygon","properties":{"pref":"長野県","county":"北安曇郡","city":"池田町","code5":"20481","code6":"204811"}},{"arcs":[[-2699,-2808,-2728]],"type":"Polygon","properties":{"pref":"長野県","county":"北安曇郡","city":"松川村","code5":"20482","code6":"204820"}},{"arcs":[[-2319,2808,-2615,2809,-2695,-2385,-2407]],"type":"Polygon","properties":{"pref":"長野県","county":"北安曇郡","city":"白馬村","code5":"20485","code6":"204854"}},{"arcs":[[-2318,-2327,-2616,-2809]],"type":"Polygon","properties":{"pref":"長野県","county":"北安曇郡","city":"小谷村","code5":"20486","code6":"204862"}},{"arcs":[[-2638,-2724]],"type":"Polygon","properties":{"pref":"長野県","county":"埴科郡","city":"坂城町","code5":"20521","code6":"205214"}},{"arcs":[[-2607,-2694,2810,-2666]],"type":"Polygon","properties":{"pref":"長野県","county":"上高井郡","city":"小布施町","code5":"20541","code6":"205419"}},{"arcs":[[-1587,-1603,-2667,-2811,-2693,2811]],"type":"Polygon","properties":{"pref":"長野県","county":"上高井郡","city":"高山村","code5":"20543","code6":"205435"}},{"arcs":[[-1588,-2812,-2692,2812,2813]],"type":"Polygon","properties":{"pref":"長野県","county":"下高井郡","city":"山ノ内町","code5":"20561","code6":"205613"}},{"arcs":[[-2691,-2704,2814,2815,-2813]],"type":"Polygon","properties":{"pref":"長野県","county":"下高井郡","city":"木島平村","code5":"20562","code6":"205621"}},{"arcs":[[-2703,2816,-2815]],"type":"Polygon","properties":{"pref":"長野県","county":"下高井郡","city":"野沢温泉村","code5":"20563","code6":"205630"}},{"arcs":[[-2325,-2705,2817,-2604]],"type":"Polygon","properties":{"pref":"長野県","county":"上水内郡","city":"信濃町","code5":"20583","code6":"205834"}},{"arcs":[[-2614,-2696,-2810]],"type":"Polygon","properties":{"pref":"長野県","county":"上水内郡","city":"小川村","code5":"20588","code6":"205885"}},{"arcs":[[-2605,-2818,-2689]],"type":"Polygon","properties":{"pref":"長野県","county":"上水内郡","city":"飯綱町","code5":"20590","code6":"205907"}},{"arcs":[[-1589,-2814,-2816,-2817,-2702,-2332,-2310,-2349,-2347]],"type":"Polygon","properties":{"pref":"長野県","county":"下水内郡","city":"栄村","code5":"20602","code6":"206024"}},{"arcs":[[2818,2819,2820,2821,2822,2823,2824,2825,2826,2827]],"type":"Polygon","properties":{"pref":"岐阜県","city":"岐阜市","code5":"21201","code6":"212016"}},{"arcs":[[[2828,2829,2830,2831,2832,2833]],[[2834,2835,2836,2837,2838,2839,2840]],[[-2824,2841,2842,2843]]],"type":"MultiPolygon","properties":{"pref":"岐阜県","city":"大垣市","code5":"21202","code6":"212024"}},{"arcs":[[-2356,-2701,-2628,-2803,2844,2845,-2482,-2445,2846,2847]],"type":"Polygon","properties":{"pref":"岐阜県","city":"高山市","code5":"21203","code6":"212032"}},{"arcs":[[2848,2849,2850,2851,2852]],"type":"Polygon","properties":{"pref":"岐阜県","city":"多治見市","code5":"21204","code6":"212041"}},{"arcs":[[-2484,2853,2854,2855,2856,2857,2858,2859,2860,2861,2862,-2819,2863,2864]],"type":"Polygon","properties":{"pref":"岐阜県","city":"関市","code5":"21205","code6":"212059"}},{"arcs":[[-2771,-2776,2865,2866,2867,2868,2869,-2798,-2801,-2793]],"type":"Polygon","properties":{"pref":"岐阜県","city":"中津川市","code5":"21206","code6":"212067"}},{"arcs":[[-2855,2870]],"type":"Polygon","properties":{"pref":"岐阜県","city":"美濃市","code5":"21207","code6":"212075"}},{"arcs":[[2871,2872,2873,2874,2875]],"type":"Polygon","properties":{"pref":"岐阜県","city":"瑞浪市","code5":"21208","code6":"212083"}},{"arcs":[[-2823,2876,2877,2878,2879,2880,2881,-2842]],"type":"Polygon","properties":{"pref":"岐阜県","city":"羽島市","code5":"21209","code6":"212091"}},{"arcs":[[-2775,-2781,2882,-2872,2883,2884,-2866]],"type":"Polygon","properties":{"pref":"岐阜県","city":"恵那市","code5":"21210","code6":"212105"}},{"arcs":[[-2859,2885,2886,2887,2888,2889,2890,2891,-2861,2892]],"type":"Polygon","properties":{"pref":"岐阜県","city":"美濃加茂市","code5":"21211","code6":"212113"}},{"arcs":[[-2849,2893,2894,-2874,2895,2896]],"type":"Polygon","properties":{"pref":"岐阜県","city":"土岐市","code5":"21212","code6":"212121"}},{"arcs":[[-2820,-2863,2897,2898,2899,2900,2901,2902,2903]],"type":"Polygon","properties":{"pref":"岐阜県","city":"各務原市","code5":"21213","code6":"212130"}},{"arcs":[[[-2853,2904,2905,-2891,2906,-2894]],[[-2889,2907,2908]]],"type":"MultiPolygon","properties":{"pref":"岐阜県","city":"可児市","code5":"21214","code6":"212148"}},{"arcs":[[-2828,2909,-2864]],"type":"Polygon","properties":{"pref":"岐阜県","city":"山県市","code5":"21215","code6":"212156"}},{"arcs":[[-2825,-2844,2910,-2836,2911,2912,2913,2914]],"type":"Polygon","properties":{"pref":"岐阜県","city":"瑞穂市","code5":"21216","code6":"212164"}},{"arcs":[[-2357,-2848,2915,-2395]],"type":"Polygon","properties":{"pref":"岐阜県","city":"飛騨市","code5":"21217","code6":"212172"}},{"arcs":[[-2485,-2865,-2910,-2827,2916,-2914,2917,2918]],"type":"Polygon","properties":{"pref":"岐阜県","city":"本巣市","code5":"21218","code6":"212181"}},{"arcs":[[-2483,-2846,2919,-2856,-2871,-2854]],"type":"Polygon","properties":{"pref":"岐阜県","city":"郡上市","code5":"21219","code6":"212199"}},{"arcs":[[-2799,-2870,2920,2921,-2857,-2920,-2845,-2802]],"type":"Polygon","properties":{"pref":"岐阜県","city":"下呂市","code5":"21220","code6":"212202"}},{"arcs":[[-2880,2922,2923,2924,2925,2926,2927]],"type":"Polygon","properties":{"pref":"岐阜県","city":"海津市","code5":"21221","code6":"212211"}},{"arcs":[[-2821,-2904,2928]],"type":"Polygon","properties":{"pref":"岐阜県","county":"羽島郡","city":"岐南町","code5":"21302","code6":"213021"}},{"arcs":[[-2822,-2929,-2903,2929,-2877]],"type":"Polygon","properties":{"pref":"岐阜県","county":"羽島郡","city":"笠松町","code5":"21303","code6":"213039"}},{"arcs":[[-2830,2930,-2839,2931,-2927,2932]],"type":"Polygon","properties":{"pref":"岐阜県","county":"養老郡","city":"養老町","code5":"21341","code6":"213411"}},{"arcs":[[-2829,2933,2934,2935,-2840,-2931]],"type":"Polygon","properties":{"pref":"岐阜県","county":"不破郡","city":"垂井町","code5":"21361","code6":"213616"}},{"arcs":[[-2834,2936,2937,-2934]],"type":"Polygon","properties":{"pref":"岐阜県","county":"不破郡","city":"関ケ原町","code5":"21362","code6":"213624"}},{"arcs":[[-2835,2938,2939,-2912]],"type":"Polygon","properties":{"pref":"岐阜県","county":"安八郡","city":"神戸町","code5":"21381","code6":"213811"}},{"arcs":[[-2838,2940,-2881,-2928,-2932]],"type":"Polygon","properties":{"pref":"岐阜県","county":"安八郡","city":"輪之内町","code5":"21382","code6":"213829"}},{"arcs":[[-2837,-2911,-2843,-2882,-2941]],"type":"Polygon","properties":{"pref":"岐阜県","county":"安八郡","city":"安八町","code5":"21383","code6":"213837"}},{"arcs":[[-2486,-2919,2941,2942,-2935,-2938,2943,2944,-2504,-2500]],"type":"Polygon","properties":{"pref":"岐阜県","county":"揖斐郡","city":"揖斐川町","code5":"21401","code6":"214019"}},{"arcs":[[-2913,-2940,2945,-2942,-2918]],"type":"Polygon","properties":{"pref":"岐阜県","county":"揖斐郡","city":"大野町","code5":"21403","code6":"214035"}},{"arcs":[[-2841,-2936,-2943,-2946,-2939]],"type":"Polygon","properties":{"pref":"岐阜県","county":"揖斐郡","city":"池田町","code5":"21404","code6":"214043"}},{"arcs":[[-2826,-2915,-2917]],"type":"Polygon","properties":{"pref":"岐阜県","county":"本巣郡","city":"北方町","code5":"21421","code6":"214213"}},{"arcs":[[-2862,-2892,-2906,2946,-2898]],"type":"Polygon","properties":{"pref":"岐阜県","county":"加茂郡","city":"坂祝町","code5":"21501","code6":"215015"}},{"arcs":[[-2860,-2893]],"type":"Polygon","properties":{"pref":"岐阜県","county":"加茂郡","city":"富加町","code5":"21502","code6":"215023"}},{"arcs":[[-2887,2947,2948]],"type":"Polygon","properties":{"pref":"岐阜県","county":"加茂郡","city":"川辺町","code5":"21503","code6":"215031"}},{"arcs":[[-2858,-2922,2949,2950,-2948,-2886]],"type":"Polygon","properties":{"pref":"岐阜県","county":"加茂郡","city":"七宗町","code5":"21504","code6":"215040"}},{"arcs":[[-2876,2951,-2908,-2888,-2949,-2951,2952,-2884]],"type":"Polygon","properties":{"pref":"岐阜県","county":"加茂郡","city":"八百津町","code5":"21505","code6":"215058"}},{"arcs":[[-2867,-2885,-2953,-2950,-2921,-2869,2953]],"type":"Polygon","properties":{"pref":"岐阜県","county":"加茂郡","city":"白川町","code5":"21506","code6":"215066"}},{"arcs":[[-2868,-2954]],"type":"Polygon","properties":{"pref":"岐阜県","county":"加茂郡","city":"東白川村","code5":"21507","code6":"215074"}},{"arcs":[[-2875,-2895,-2907,-2890,-2909,-2952]],"type":"Polygon","properties":{"pref":"岐阜県","county":"可児郡","city":"御嵩町","code5":"21521","code6":"215210"}},{"arcs":[[-2396,-2916,-2847,-2444]],"type":"Polygon","properties":{"pref":"岐阜県","county":"大野郡","city":"白川村","code5":"21604","code6":"216046"}},{"arcs":[[2954,2955,2956,2957,2958,2959,2960,2961]],"type":"Polygon","properties":{"pref":"静岡県","city":"沼津市","code5":"22203","code6":"222038"}},{"arcs":[[-2260,2962,2963,2964,2965]],"type":"Polygon","properties":{"pref":"静岡県","city":"熱海市","code5":"22205","code6":"222054"}},{"arcs":[[-2253,2966,-2956,2967,2968,2969]],"type":"Polygon","properties":{"pref":"静岡県","city":"三島市","code5":"22206","code6":"222062"}},{"arcs":[[-2589,-2602,-2600,2970,2971,2972,2973,-2593]],"type":"Polygon","properties":{"pref":"静岡県","city":"富士宮市","code5":"22207","code6":"222071"}},{"arcs":[[-2964,2974,2975,2976,2977]],"type":"Polygon","properties":{"pref":"静岡県","city":"伊東市","code5":"22208","code6":"222089"}},{"arcs":[[2978,2979,2980,2981,2982,2983,2984,2985,2986,2987]],"type":"Polygon","properties":{"pref":"静岡県","city":"島田市","code5":"22209","code6":"222097"}},{"arcs":[[2988,-2973,2989,2990,2991,-2961,2992]],"type":"Polygon","properties":{"pref":"静岡県","city":"富士市","code5":"22210","code6":"222101"}},{"arcs":[[2993,2994,2995,2996]],"type":"Polygon","properties":{"pref":"静岡県","city":"磐田市","code5":"22211","code6":"222119"}},{"arcs":[[2997,2998,2999,-2981,3000]],"type":"Polygon","properties":{"pref":"静岡県","city":"焼津市","code5":"22212","code6":"222127"}},{"arcs":[[-2985,3001,3002,3003,3004,3005]],"type":"Polygon","properties":{"pref":"静岡県","city":"掛川市","code5":"22213","code6":"222135"}},{"arcs":[[3006,-3001,-2980]],"type":"Polygon","properties":{"pref":"静岡県","city":"藤枝市","code5":"22214","code6":"222143"}},{"arcs":[[-2255,3007,-2990,-2972,3008]],"type":"Polygon","properties":{"pref":"静岡県","city":"御殿場市","code5":"22215","code6":"222151"}},{"arcs":[[-2996,3009,-3005,3010]],"type":"Polygon","properties":{"pref":"静岡県","city":"袋井市","code5":"22216","code6":"222160"}},{"arcs":[[3011,3012,3013,3014]],"type":"Polygon","properties":{"pref":"静岡県","city":"下田市","code5":"22219","code6":"222194"}},{"arcs":[[-2254,-2970,3015,-2991,-3008]],"type":"Polygon","properties":{"pref":"静岡県","city":"裾野市","code5":"22220","code6":"222208"}},{"arcs":[[3016,3017,3018]],"type":"Polygon","properties":{"pref":"静岡県","city":"湖西市","code5":"22221","code6":"222216"}},{"arcs":[[-2959,3019,-2977,3020,3021,3022,3023]],"type":"Polygon","properties":{"pref":"静岡県","city":"伊豆市","code5":"22222","code6":"222224"}},{"arcs":[[-3003,3024,3025,3026]],"type":"Polygon","properties":{"pref":"静岡県","city":"御前崎市","code5":"22223","code6":"222232"}},{"arcs":[[-2984,3027,-3025,-3002]],"type":"Polygon","properties":{"pref":"静岡県","city":"菊川市","code5":"22224","code6":"222241"}},{"arcs":[[-2958,3028,-2965,-2978,-3020]],"type":"Polygon","properties":{"pref":"静岡県","city":"伊豆の国市","code5":"22225","code6":"222259"}},{"arcs":[[-2983,3029,3030,-3026,-3028]],"type":"Polygon","properties":{"pref":"静岡県","city":"牧之原市","code5":"22226","code6":"222267"}},{"arcs":[[-2976,3031,3032,-3021]],"type":"Polygon","properties":{"pref":"静岡県","county":"賀茂郡","city":"東伊豆町","code5":"22301","code6":"223018"}},{"arcs":[[-3015,3033,3034,-3022,-3033,3035]],"type":"Polygon","properties":{"pref":"静岡県","county":"賀茂郡","city":"河津町","code5":"22302","code6":"223026"}},{"arcs":[[-3013,3036,3037]],"type":"Polygon","properties":{"pref":"静岡県","county":"賀茂郡","city":"南伊豆町","code5":"22304","code6":"223042"}},{"arcs":[[-3014,-3038,3038,3039,-3034]],"type":"Polygon","properties":{"pref":"静岡県","county":"賀茂郡","city":"松崎町","code5":"22305","code6":"223051"}},{"arcs":[[-3023,-3035,-3040,3040]],"type":"Polygon","properties":{"pref":"静岡県","county":"賀茂郡","city":"西伊豆町","code5":"22306","code6":"223069"}},{"arcs":[[-2252,-2261,-2966,-3029,-2957,-2967]],"type":"Polygon","properties":{"pref":"静岡県","county":"田方郡","city":"函南町","code5":"22325","code6":"223255"}},{"arcs":[[-2955,3041,-2968]],"type":"Polygon","properties":{"pref":"静岡県","county":"駿東郡","city":"清水町","code5":"22341","code6":"223417"}},{"arcs":[[-2962,-2992,-3016,-2969,-3042]],"type":"Polygon","properties":{"pref":"静岡県","county":"駿東郡","city":"長泉町","code5":"22342","code6":"223425"}},{"arcs":[[-2232,-2256,-3009,-2971,-2536,-2599,-2248]],"type":"Polygon","properties":{"pref":"静岡県","county":"駿東郡","city":"小山町","code5":"22344","code6":"223441"}},{"arcs":[[-2982,-3000,3042,-3030]],"type":"Polygon","properties":{"pref":"静岡県","county":"榛原郡","city":"吉田町","code5":"22424","code6":"224243"}},{"arcs":[[-2650,3043,-2988,3044]],"type":"Polygon","properties":{"pref":"静岡県","county":"榛原郡","city":"川根本町","code5":"22429","code6":"224294"}},{"arcs":[[3045,-2986,-3006,-3010,-2995]],"type":"Polygon","properties":{"pref":"静岡県","county":"周智郡","city":"森町","code5":"22461","code6":"224618"}},{"arcs":[[[3046,-3018,3047,3048,3049,3050,3051]],[[3052]]],"type":"MultiPolygon","properties":{"pref":"愛知県","city":"豊橋市","code5":"23201","code6":"232017"}},{"arcs":[[3053,3054,3055,3056,3057,3058,3059]],"type":"Polygon","properties":{"pref":"愛知県","city":"岡崎市","code5":"23202","code6":"232025"}},{"arcs":[[-2878,-2930,-2902,3060,3061,3062,3063,3064]],"type":"Polygon","properties":{"pref":"愛知県","city":"一宮市","code5":"23203","code6":"232033"}},{"arcs":[[-2850,-2897,3065,3066,3067,3068,3069]],"type":"Polygon","properties":{"pref":"愛知県","city":"瀬戸市","code5":"23204","code6":"232041"}},{"arcs":[[3070,3071,3072,3073,3074]],"type":"Polygon","properties":{"pref":"愛知県","city":"半田市","code5":"23205","code6":"232050"}},{"arcs":[[-2851,-3070,3075,3076,3077]],"type":"Polygon","properties":{"pref":"愛知県","city":"春日井市","code5":"23206","code6":"232068"}},{"arcs":[[-3051,3078,3079,-3055,3080]],"type":"Polygon","properties":{"pref":"愛知県","city":"豊川市","code5":"23207","code6":"232076"}},{"arcs":[[3081,3082,3083]],"type":"Polygon","properties":{"pref":"愛知県","city":"津島市","code5":"23208","code6":"232084"}},{"arcs":[[3084,3085,3086,3087]],"type":"Polygon","properties":{"pref":"愛知県","city":"碧南市","code5":"23209","code6":"232092"}},{"arcs":[[3088,3089,3090,3091,3092,3093,3094,3095,3096]],"type":"Polygon","properties":{"pref":"愛知県","city":"刈谷市","code5":"23210","code6":"232106"}},{"arcs":[[-2780,3097,3098,-3060,3099,3100,-3089,3101,3102,3103,-3066,-2896,-2873,-2883]],"type":"Polygon","properties":{"pref":"愛知県","city":"豊田市","code5":"23211","code6":"232114"}},{"arcs":[[-3059,3104,-3088,3105,-3091,3106,-3100]],"type":"Polygon","properties":{"pref":"愛知県","city":"安城市","code5":"23212","code6":"232122"}},{"arcs":[[[-3058,3107,3108,3109,-3085,-3105]],[[3110]]],"type":"MultiPolygon","properties":{"pref":"愛知県","city":"西尾市","code5":"23213","code6":"232131"}},{"arcs":[[-3056,-3080,3111,-3109,3112]],"type":"Polygon","properties":{"pref":"愛知県","city":"蒲郡市","code5":"23214","code6":"232149"}},{"arcs":[[-2852,3113,3114,3115,-2899,-2947,-2905]],"type":"Polygon","properties":{"pref":"愛知県","city":"犬山市","code5":"23215","code6":"232157"}},{"arcs":[[[-3073,3116,3117,3118,3119,3120]],[[3121]]],"type":"MultiPolygon","properties":{"pref":"愛知県","city":"常滑市","code5":"23216","code6":"232165"}},{"arcs":[[-2901,3122,3123,3124,3125,-3061]],"type":"Polygon","properties":{"pref":"愛知県","city":"江南市","code5":"23217","code6":"232173"}},{"arcs":[[-3078,3126,3127,3128,-3125,3129,-3114]],"type":"Polygon","properties":{"pref":"愛知県","city":"小牧市","code5":"23219","code6":"232190"}},{"arcs":[[-2879,-3065,3130,3131,3132,-2923]],"type":"Polygon","properties":{"pref":"愛知県","city":"稲沢市","code5":"23220","code6":"232203"}},{"arcs":[[-3052,-3081,-3054,-3099,3133,3134,3135]],"type":"Polygon","properties":{"pref":"愛知県","city":"新城市","code5":"23221","code6":"232211"}},{"arcs":[[3136,3137,3138,3139,3140]],"type":"Polygon","properties":{"pref":"愛知県","city":"東海市","code5":"23222","code6":"232220"}},{"arcs":[[3141,3142,-3094,3143,-3138]],"type":"Polygon","properties":{"pref":"愛知県","city":"大府市","code5":"23223","code6":"232238"}},{"arcs":[[[-3120,3144,-3140,3145,3146]],[[3147]]],"type":"MultiPolygon","properties":{"pref":"愛知県","city":"知多市","code5":"23224","code6":"232246"}},{"arcs":[[-3090,-3101,-3107]],"type":"Polygon","properties":{"pref":"愛知県","city":"知立市","code5":"23225","code6":"232254"}},{"arcs":[[3148,-3068,3149]],"type":"Polygon","properties":{"pref":"愛知県","city":"尾張旭市","code5":"23226","code6":"232262"}},{"arcs":[[-3087,3150,3151,-3092,-3106]],"type":"Polygon","properties":{"pref":"愛知県","city":"高浜市","code5":"23227","code6":"232271"}},{"arcs":[[-3062,-3126,-3129,3152]],"type":"Polygon","properties":{"pref":"愛知県","city":"岩倉市","code5":"23228","code6":"232289"}},{"arcs":[[3153,3154,-3095,-3143]],"type":"Polygon","properties":{"pref":"愛知県","city":"豊明市","code5":"23229","code6":"232297"}},{"arcs":[[3155,3156,-3103,3157,3158]],"type":"Polygon","properties":{"pref":"愛知県","city":"日進市","code5":"23230","code6":"232301"}},{"arcs":[[-3049,3159]],"type":"Polygon","properties":{"pref":"愛知県","city":"田原市","code5":"23231","code6":"232319"}},{"arcs":[[-2924,-3133,3160,-3083,3161,3162,3163]],"type":"Polygon","properties":{"pref":"愛知県","city":"愛西市","code5":"23232","code6":"232327"}},{"arcs":[[3164,3165,-3131,-3064,3166]],"type":"Polygon","properties":{"pref":"愛知県","city":"清須市","code5":"23233","code6":"232335"}},{"arcs":[[3167,-3167,-3063,-3153,-3128,3168]],"type":"Polygon","properties":{"pref":"愛知県","city":"北名古屋市","code5":"23234","code6":"232343"}},{"arcs":[[-3163,3169,3170,3171,3172,3173]],"type":"Polygon","properties":{"pref":"愛知県","city":"弥富市","code5":"23235","code6":"232351"}},{"arcs":[[-3097,3174,-3158,-3102]],"type":"Polygon","properties":{"pref":"愛知県","city":"みよし市","code5":"23236","code6":"232360"}},{"arcs":[[3175,3176,3177,3178,-3084,-3161,-3132,-3166]],"type":"Polygon","properties":{"pref":"愛知県","city":"あま市","code5":"23237","code6":"232378"}},{"arcs":[[-3150,-3067,-3104,-3157,3179]],"type":"Polygon","properties":{"pref":"愛知県","city":"長久手市","code5":"23238","code6":"232386"}},{"arcs":[[3180,-3159,-3175,-3096,-3155]],"type":"Polygon","properties":{"pref":"愛知県","county":"愛知郡","city":"東郷町","code5":"23302","code6":"233021"}},{"arcs":[[3181,-3169,-3127,-3077]],"type":"Polygon","properties":{"pref":"愛知県","county":"西春日井郡","city":"豊山町","code5":"23342","code6":"233421"}},{"arcs":[[-3115,-3130,-3124,3182]],"type":"Polygon","properties":{"pref":"愛知県","county":"丹羽郡","city":"大口町","code5":"23361","code6":"233617"}},{"arcs":[[-2900,-3116,-3183,-3123]],"type":"Polygon","properties":{"pref":"愛知県","county":"丹羽郡","city":"扶桑町","code5":"23362","code6":"233625"}},{"arcs":[[3183,-3177]],"type":"Polygon","properties":{"pref":"愛知県","county":"海部郡","city":"大治町","code5":"23424","code6":"234249"}},{"arcs":[[3184,3185,-3170,-3162,-3082,-3179]],"type":"Polygon","properties":{"pref":"愛知県","county":"海部郡","city":"蟹江町","code5":"23425","code6":"234257"}},{"arcs":[[[3186,3187,-3171,-3186]],[[3188]]],"type":"MultiPolygon","properties":{"pref":"愛知県","county":"海部郡","city":"飛島村","code5":"23427","code6":"234273"}},{"arcs":[[-3074,-3121,-3147,3189]],"type":"Polygon","properties":{"pref":"愛知県","county":"知多郡","city":"阿久比町","code5":"23441","code6":"234419"}},{"arcs":[[-3075,-3190,-3146,-3139,-3144,-3093,-3152,3190]],"type":"Polygon","properties":{"pref":"愛知県","county":"知多郡","city":"東浦町","code5":"23442","code6":"234427"}},{"arcs":[[[3191,3192]],[[3193]]],"type":"MultiPolygon","properties":{"pref":"愛知県","county":"知多郡","city":"南知多町","code5":"23445","code6":"234451"}},{"arcs":[[-3118,3194,3195,-3193,3196]],"type":"Polygon","properties":{"pref":"愛知県","county":"知多郡","city":"美浜町","code5":"23446","code6":"234460"}},{"arcs":[[-3072,3197,-3195,-3117]],"type":"Polygon","properties":{"pref":"愛知県","county":"知多郡","city":"武豊町","code5":"23447","code6":"234478"}},{"arcs":[[-3057,-3113,-3108]],"type":"Polygon","properties":{"pref":"愛知県","county":"額田郡","city":"幸田町","code5":"23501","code6":"235016"}},{"arcs":[[-2779,3198,3199,-3134,-3098]],"type":"Polygon","properties":{"pref":"愛知県","county":"北設楽郡","city":"設楽町","code5":"23561","code6":"235610"}},{"arcs":[[3200,-3135,-3200,3201]],"type":"Polygon","properties":{"pref":"愛知県","county":"北設楽郡","city":"東栄町","code5":"23562","code6":"235628"}},{"arcs":[[-2763,-2785,3202,-3202,-3199,-2778,-2783]],"type":"Polygon","properties":{"pref":"愛知県","county":"北設楽郡","city":"豊根村","code5":"23563","code6":"235636"}},{"arcs":[[3203,3204,3205,3206,3207,3208,3209,3210]],"type":"Polygon","properties":{"pref":"三重県","city":"津市","code5":"24201","code6":"242012"}},{"arcs":[[[3211,3212,3213,3214,3215,3216,3217,3218,3219]],[[3220]]],"type":"MultiPolygon","properties":{"pref":"三重県","city":"四日市市","code5":"24202","code6":"242021"}},{"arcs":[[3221,3222,3223,3224,3225,3226,3227]],"type":"Polygon","properties":{"pref":"三重県","city":"伊勢市","code5":"24203","code6":"242039"}},{"arcs":[[-3206,3228,3229,3230,3231,3232,3233,3234]],"type":"Polygon","properties":{"pref":"三重県","city":"松阪市","code5":"24204","code6":"242047"}},{"arcs":[[-2925,-3164,-3174,3235,3236,3237,3238,-3213,3239,3240]],"type":"Polygon","properties":{"pref":"三重県","city":"桑名市","code5":"24205","code6":"242055"}},{"arcs":[[-3204,3241,3242,-3217,3243]],"type":"Polygon","properties":{"pref":"三重県","city":"鈴鹿市","code5":"24207","code6":"242071"}},{"arcs":[[-3209,3244,3245,3246,3247]],"type":"Polygon","properties":{"pref":"三重県","city":"名張市","code5":"24208","code6":"242080"}},{"arcs":[[[3248,3249,3250,3251]],[[3252,3253]]],"type":"MultiPolygon","properties":{"pref":"三重県","city":"尾鷲市","code5":"24209","code6":"242098"}},{"arcs":[[-3211,3254,3255,-3242]],"type":"Polygon","properties":{"pref":"三重県","city":"亀山市","code5":"24210","code6":"242101"}},{"arcs":[[[-3222,3256,3257]],[[3258]],[[3259]]],"type":"MultiPolygon","properties":{"pref":"三重県","city":"鳥羽市","code5":"24211","code6":"242110"}},{"arcs":[[-3250,3260,3261,3262,3263,3264,3265,3266,3267,3268,3269]],"type":"Polygon","properties":{"pref":"三重県","city":"熊野市","code5":"24212","code6":"242128"}},{"arcs":[[-2831,-2933,-2926,-3241,3270,-3220,3271,3272,3273]],"type":"Polygon","properties":{"pref":"三重県","city":"いなべ市","code5":"24214","code6":"242144"}},{"arcs":[[-3223,-3258,3274,3275]],"type":"Polygon","properties":{"pref":"三重県","city":"志摩市","code5":"24215","code6":"242152"}},{"arcs":[[-3210,-3248,3276,3277,3278,3279,-3255]],"type":"Polygon","properties":{"pref":"三重県","city":"伊賀市","code5":"24216","code6":"242161"}},{"arcs":[[-3173,3280,-3236]],"type":"Polygon","properties":{"pref":"三重県","county":"桑名郡","city":"木曽岬町","code5":"24303","code6":"243035"}},{"arcs":[[-3212,-3271,-3240]],"type":"Polygon","properties":{"pref":"三重県","county":"員弁郡","city":"東員町","code5":"24324","code6":"243248"}},{"arcs":[[-3219,3281,3282,-3272]],"type":"Polygon","properties":{"pref":"三重県","county":"三重郡","city":"菰野町","code5":"24341","code6":"243418"}},{"arcs":[[-3214,-3239,3283]],"type":"Polygon","properties":{"pref":"三重県","county":"三重郡","city":"朝日町","code5":"24343","code6":"243434"}},{"arcs":[[-3215,-3284,-3238,3284]],"type":"Polygon","properties":{"pref":"三重県","county":"三重郡","city":"川越町","code5":"24344","code6":"243442"}},{"arcs":[[-3231,3285,3286,3287,3288]],"type":"Polygon","properties":{"pref":"三重県","county":"多気郡","city":"多気町","code5":"24441","code6":"244414"}},{"arcs":[[3289,-3286,-3230,3290,-3227]],"type":"Polygon","properties":{"pref":"三重県","county":"多気郡","city":"明和町","code5":"24442","code6":"244422"}},{"arcs":[[-3232,-3289,3291,3292,3293,3294,3295]],"type":"Polygon","properties":{"pref":"三重県","county":"多気郡","city":"大台町","code5":"24443","code6":"244431"}},{"arcs":[[-3226,3296,-3287,-3290]],"type":"Polygon","properties":{"pref":"三重県","county":"度会郡","city":"玉城町","code5":"24461","code6":"244619"}},{"arcs":[[-3225,3297,3298,-3292,-3288,-3297]],"type":"Polygon","properties":{"pref":"三重県","county":"度会郡","city":"度会町","code5":"24470","code6":"244708"}},{"arcs":[[-3293,-3299,3299,3300,3301]],"type":"Polygon","properties":{"pref":"三重県","county":"度会郡","city":"大紀町","code5":"24471","code6":"244716"}},{"arcs":[[-3224,-3276,3303,-3300,-3298]],"type":"Polygon","properties":{"pref":"三重県","county":"度会郡","city":"南伊勢町","code5":"24472","code6":"244724"}},{"arcs":[[-3252,3304,-3294,-3302,3305,-3254,3306]],"type":"Polygon","properties":{"pref":"三重県","county":"北牟婁郡","city":"紀北町","code5":"24543","code6":"245437"}},{"arcs":[[-3262,3307,3308]],"type":"Polygon","properties":{"pref":"三重県","county":"南牟婁郡","city":"御浜町","code5":"24561","code6":"245615"}},{"arcs":[[-3263,-3309,3309,3310]],"type":"Polygon","properties":{"pref":"三重県","county":"南牟婁郡","city":"紀宝町","code5":"24562","code6":"245623"}},{"arcs":[[3311,3312,3313,3314,3315,3316,3317,3318,3319,3320]],"type":"Polygon","properties":{"pref":"滋賀県","city":"大津市","code5":"25201","code6":"252018"}},{"arcs":[[3321,3322,3323,3324,3325,3326,3327,3328,3329]],"type":"Polygon","properties":{"pref":"滋賀県","city":"彦根市","code5":"25202","code6":"252026"}},{"arcs":[[-2473,-2505,-2945,3330,-3329,3331]],"type":"Polygon","properties":{"pref":"滋賀県","city":"長浜市","code5":"25203","code6":"252034"}},{"arcs":[[-3312,3332,-3327,3333,3334,3335]],"type":"Polygon","properties":{"pref":"滋賀県","city":"近江八幡市","code5":"25204","code6":"252042"}},{"arcs":[[-3315,3336,3337]],"type":"Polygon","properties":{"pref":"滋賀県","city":"草津市","code5":"25206","code6":"252069"}},{"arcs":[[-3314,3338,3339,-3337]],"type":"Polygon","properties":{"pref":"滋賀県","city":"守山市","code5":"25207","code6":"252077"}},{"arcs":[[-3316,-3338,-3340,3340,3341,3342]],"type":"Polygon","properties":{"pref":"滋賀県","city":"栗東市","code5":"25208","code6":"252085"}},{"arcs":[[-3218,-3243,-3256,-3280,3343,3344,3345,-3317,-3343,3346,3347,3348,3349,3350,-3282]],"type":"Polygon","properties":{"pref":"滋賀県","city":"甲賀市","code5":"25209","code6":"252093"}},{"arcs":[[-3313,-3336,3351,3352,-3341,-3339]],"type":"Polygon","properties":{"pref":"滋賀県","city":"野洲市","code5":"25210","code6":"252107"}},{"arcs":[[-3342,-3353,3353,-3347]],"type":"Polygon","properties":{"pref":"滋賀県","city":"湖南市","code5":"25211","code6":"252115"}},{"arcs":[[-2474,-3332,-3328,-3333,-3321,3354,3355,-2516,-2479,-2522,-2507]],"type":"Polygon","properties":{"pref":"滋賀県","city":"高島市","code5":"25212","code6":"252123"}},{"arcs":[[-3273,-3283,-3351,3356,-3349,3357,-3334,-3326,3358,3359]],"type":"Polygon","properties":{"pref":"滋賀県","city":"東近江市","code5":"25213","code6":"252131"}},{"arcs":[[-2833,3360,-3330,-3331,-2944,-2937]],"type":"Polygon","properties":{"pref":"滋賀県","city":"米原市","code5":"25214","code6":"252140"}},{"arcs":[[-3350,-3357]],"type":"Polygon","properties":{"pref":"滋賀県","county":"蒲生郡","city":"日野町","code5":"25383","code6":"253839"}},{"arcs":[[-3335,-3358,-3348,-3354,-3352]],"type":"Polygon","properties":{"pref":"滋賀県","county":"蒲生郡","city":"竜王町","code5":"25384","code6":"253847"}},{"arcs":[[-3325,3361,3362,3363,-3359]],"type":"Polygon","properties":{"pref":"滋賀県","county":"愛知郡","city":"愛荘町","code5":"25425","code6":"254258"}},{"arcs":[[-3324,3364,-3362]],"type":"Polygon","properties":{"pref":"滋賀県","county":"犬上郡","city":"豊郷町","code5":"25441","code6":"254410"}},{"arcs":[[-3323,3365,-3363,-3365]],"type":"Polygon","properties":{"pref":"滋賀県","county":"犬上郡","city":"甲良町","code5":"25442","code6":"254428"}},{"arcs":[[-2832,-3274,-3360,-3364,-3366,-3322,-3361]],"type":"Polygon","properties":{"pref":"滋賀県","county":"犬上郡","city":"多賀町","code5":"25443","code6":"254436"}},{"arcs":[[3366,3367,3368,3369,3370,3371,3372,3373,3374]],"type":"Polygon","properties":{"pref":"京都府","city":"福知山市","code5":"26201","code6":"262013"}},{"arcs":[[-2514,3375,-3367,3376,3377]],"type":"Polygon","properties":{"pref":"京都府","city":"舞鶴市","code5":"26202","code6":"262021"}},{"arcs":[[-2513,-2518,3378,3379,-3368,-3376]],"type":"Polygon","properties":{"pref":"京都府","city":"綾部市","code5":"26203","code6":"262030"}},{"arcs":[[-3319,3380,3381,3382,3383,3384]],"type":"Polygon","properties":{"pref":"京都府","city":"宇治市","code5":"26204","code6":"262048"}},{"arcs":[[-3375,3385,3386,3387,3388,-3377]],"type":"Polygon","properties":{"pref":"京都府","city":"宮津市","code5":"26205","code6":"262056"}},{"arcs":[[3389,3390,3391,3392,3393,3394]],"type":"Polygon","properties":{"pref":"京都府","city":"亀岡市","code5":"26206","code6":"262064"}},{"arcs":[[-3383,3395,3396,3397,3398,3399,3400]],"type":"Polygon","properties":{"pref":"京都府","city":"城陽市","code5":"26207","code6":"262072"}},{"arcs":[[3401,3402]],"type":"Polygon","properties":{"pref":"京都府","city":"向日市","code5":"26208","code6":"262081"}},{"arcs":[[3403,3404,3405,3406,-3402]],"type":"Polygon","properties":{"pref":"京都府","city":"長岡京市","code5":"26209","code6":"262099"}},{"arcs":[[3407,3408,-3400,3409,3410,3411,3412]],"type":"Polygon","properties":{"pref":"京都府","city":"八幡市","code5":"26210","code6":"262102"}},{"arcs":[[-3399,3413,3414,3415,3416,-3410]],"type":"Polygon","properties":{"pref":"京都府","city":"京田辺市","code5":"26211","code6":"262111"}},{"arcs":[[-3387,3417,3418,3419,3420]],"type":"Polygon","properties":{"pref":"京都府","city":"京丹後市","code5":"26212","code6":"262129"}},{"arcs":[[-2517,-3356,3421,-3395,3422,3423,3424,-3379]],"type":"Polygon","properties":{"pref":"京都府","city":"南丹市","code5":"26213","code6":"262137"}},{"arcs":[[3425,3426,3427,3428,3429]],"type":"Polygon","properties":{"pref":"京都府","city":"木津川市","code5":"26214","code6":"262145"}},{"arcs":[[3430,-3413,3431,-3405]],"type":"Polygon","properties":{"pref":"京都府","county":"乙訓郡","city":"大山崎町","code5":"26303","code6":"263036"}},{"arcs":[[[-3384,-3401,-3409,3432]],[[-3382,3433,-3396]]],"type":"MultiPolygon","properties":{"pref":"京都府","county":"久世郡","city":"久御山町","code5":"26322","code6":"263222"}},{"arcs":[[-3398,3434,3435,-3430,-3414]],"type":"Polygon","properties":{"pref":"京都府","county":"綴喜郡","city":"井手町","code5":"26343","code6":"263435"}},{"arcs":[[-3318,-3346,3436,-3435,-3397,-3434,-3381]],"type":"Polygon","properties":{"pref":"京都府","county":"綴喜郡","city":"宇治田原町","code5":"26344","code6":"263443"}},{"arcs":[[-3427,3437,3438,3439]],"type":"Polygon","properties":{"pref":"京都府","county":"相楽郡","city":"笠置町","code5":"26364","code6":"263648"}},{"arcs":[[-3345,3440,-3438,-3426,-3436,-3437]],"type":"Polygon","properties":{"pref":"京都府","county":"相楽郡","city":"和束町","code5":"26365","code6":"263656"}},{"arcs":[[-3415,-3429,3441,3442]],"type":"Polygon","properties":{"pref":"京都府","county":"相楽郡","city":"精華町","code5":"26366","code6":"263664"}},{"arcs":[[-3279,3443,-3439,-3441,-3344]],"type":"Polygon","properties":{"pref":"京都府","county":"相楽郡","city":"南山城村","code5":"26367","code6":"263672"}},{"arcs":[[-3369,-3380,-3425,3444]],"type":"Polygon","properties":{"pref":"京都府","county":"船井郡","city":"京丹波町","code5":"26407","code6":"264075"}},{"arcs":[[-3388,-3421,3445]],"type":"Polygon","properties":{"pref":"京都府","county":"与謝郡","city":"伊根町","code5":"26463","code6":"264636"}},{"arcs":[[-3374,3446,-3418,-3386]],"type":"Polygon","properties":{"pref":"京都府","county":"与謝郡","city":"与謝野町","code5":"26465","code6":"264652"}},{"arcs":[[[3447,3448,3449,3450,3451,3452]],[[3453]]],"type":"MultiPolygon","properties":{"pref":"大阪府","city":"岸和田市","code5":"27202","code6":"272027"}},{"arcs":[[3454,3455,3456,3457,3458,3459]],"type":"Polygon","properties":{"pref":"大阪府","city":"豊中市","code5":"27203","code6":"272035"}},{"arcs":[[-3458,3460,3461,3462]],"type":"Polygon","properties":{"pref":"大阪府","city":"池田市","code5":"27204","code6":"272043"}},{"arcs":[[3463,-3460,3464,3465,3466]],"type":"Polygon","properties":{"pref":"大阪府","city":"吹田市","code5":"27205","code6":"272051"}},{"arcs":[[[3467,3468,3469,3470]],[[3471]]],"type":"MultiPolygon","properties":{"pref":"大阪府","city":"泉大津市","code5":"27206","code6":"272060"}},{"arcs":[[3472,3473,3474,3475,3476,3477,-3391]],"type":"Polygon","properties":{"pref":"大阪府","city":"高槻市","code5":"27207","code6":"272078"}},{"arcs":[[[-3451,3478,3479,3480,3481,3482]],[[3483]]],"type":"MultiPolygon","properties":{"pref":"大阪府","city":"貝塚市","code5":"27208","code6":"272086"}},{"arcs":[[3484,3485,3486,3487]],"type":"Polygon","properties":{"pref":"大阪府","city":"守口市","code5":"27209","code6":"272094"}},{"arcs":[[-3411,-3417,3488,3489,3490,-3475,3491]],"type":"Polygon","properties":{"pref":"大阪府","city":"枚方市","code5":"27210","code6":"272108"}},{"arcs":[[-3392,-3478,3492,-3466,3493,3494]],"type":"Polygon","properties":{"pref":"大阪府","city":"茨木市","code5":"27211","code6":"272116"}},{"arcs":[[3495,3496,3497,3498,3499,3500,3501]],"type":"Polygon","properties":{"pref":"大阪府","city":"八尾市","code5":"27212","code6":"272124"}},{"arcs":[[[-3480,3502,3503,3504,3505,-3482,3506]],[[3507,3508]],[[3509,3510]]],"type":"MultiPolygon","properties":{"pref":"大阪府","city":"泉佐野市","code5":"27213","code6":"272132"}},{"arcs":[[3511,3512,3513,3514,3515,3516,3517]],"type":"Polygon","properties":{"pref":"大阪府","city":"富田林市","code5":"27214","code6":"272141"}},{"arcs":[[-3476,-3491,3518,3519,3520,3521,-3486,3522]],"type":"Polygon","properties":{"pref":"大阪府","city":"寝屋川市","code5":"27215","code6":"272159"}},{"arcs":[[3523,3524,-3517,3525,3526,3527,3528,3529]],"type":"Polygon","properties":{"pref":"大阪府","city":"河内長野市","code5":"27216","code6":"272167"}},{"arcs":[[3530,-3502,3531,3532,3533]],"type":"Polygon","properties":{"pref":"大阪府","city":"松原市","code5":"27217","code6":"272175"}},{"arcs":[[3534,3535,-3521,3536,3537,3538]],"type":"Polygon","properties":{"pref":"大阪府","city":"大東市","code5":"27218","code6":"272183"}},{"arcs":[[3539,-3530,3540,-3448,3541,-3469,3542]],"type":"Polygon","properties":{"pref":"大阪府","city":"和泉市","code5":"27219","code6":"272191"}},{"arcs":[[-3459,-3463,3543,3544,-3494,-3465]],"type":"Polygon","properties":{"pref":"大阪府","city":"箕面市","code5":"27220","code6":"272205"}},{"arcs":[[-3500,3545,3546,3547,3548,3549]],"type":"Polygon","properties":{"pref":"大阪府","city":"柏原市","code5":"27221","code6":"272213"}},{"arcs":[[3550,-3533,3551,-3549,3552,3553,-3513]],"type":"Polygon","properties":{"pref":"大阪府","city":"羽曳野市","code5":"27222","code6":"272221"}},{"arcs":[[3554,-3487,-3522,-3536]],"type":"Polygon","properties":{"pref":"大阪府","city":"門真市","code5":"27223","code6":"272230"}},{"arcs":[[3555,-3467,-3493,-3477,-3523,-3485]],"type":"Polygon","properties":{"pref":"大阪府","city":"摂津市","code5":"27224","code6":"272248"}},{"arcs":[[[3556,-3543,-3468,3557]],[[3558,3559]]],"type":"MultiPolygon","properties":{"pref":"大阪府","city":"高石市","code5":"27225","code6":"272256"}},{"arcs":[[-3501,-3550,-3552,-3532]],"type":"Polygon","properties":{"pref":"大阪府","city":"藤井寺市","code5":"27226","code6":"272264"}},{"arcs":[[-3539,3560,3561,-3497,3562]],"type":"Polygon","properties":{"pref":"大阪府","city":"東大阪市","code5":"27227","code6":"272272"}},{"arcs":[[[-3504,3563,3564,3565,3566,3567]],[[3568,3569]],[[3570,3571]]],"type":"MultiPolygon","properties":{"pref":"大阪府","city":"泉南市","code5":"27228","code6":"272281"}},{"arcs":[[-3520,3572,3573,-3537]],"type":"Polygon","properties":{"pref":"大阪府","city":"四條畷市","code5":"27229","code6":"272299"}},{"arcs":[[-3490,3574,-3573,-3519]],"type":"Polygon","properties":{"pref":"大阪府","city":"交野市","code5":"27230","code6":"272302"}},{"arcs":[[-3518,-3525,3575]],"type":"Polygon","properties":{"pref":"大阪府","city":"大阪狭山市","code5":"27231","code6":"272311"}},{"arcs":[[-3566,3576,3577,3578,3579]],"type":"Polygon","properties":{"pref":"大阪府","city":"阪南市","code5":"27232","code6":"272329"}},{"arcs":[[3580,-3406,-3432,-3412,-3492,-3474]],"type":"Polygon","properties":{"pref":"大阪府","county":"三島郡","city":"島本町","code5":"27301","code6":"273015"}},{"arcs":[[-3393,-3495,-3545,3581,3582]],"type":"Polygon","properties":{"pref":"大阪府","county":"豊能郡","city":"豊能町","code5":"27321","code6":"273210"}},{"arcs":[[-3394,-3583,3583,3584,3585,-3423]],"type":"Polygon","properties":{"pref":"大阪府","county":"豊能郡","city":"能勢町","code5":"27322","code6":"273228"}},{"arcs":[[-3453,3586,-3470,-3542]],"type":"Polygon","properties":{"pref":"大阪府","county":"泉北郡","city":"忠岡町","code5":"27341","code6":"273414"}},{"arcs":[[-3481,-3507]],"type":"Polygon","properties":{"pref":"大阪府","county":"泉南郡","city":"熊取町","code5":"27361","code6":"273619"}},{"arcs":[[[-3508,3587,-3510,3588,-3570,3589,-3572,3590]],[[-3505,-3568,3591]]],"type":"MultiPolygon","properties":{"pref":"大阪府","county":"泉南郡","city":"田尻町","code5":"27362","code6":"273627"}},{"arcs":[[-3579,3592,3593]],"type":"Polygon","properties":{"pref":"大阪府","county":"泉南郡","city":"岬町","code5":"27366","code6":"273660"}},{"arcs":[[-3514,-3554,3594,3595,3596]],"type":"Polygon","properties":{"pref":"大阪府","county":"南河内郡","city":"太子町","code5":"27381","code6":"273813"}},{"arcs":[[-3515,-3597,3597,3598]],"type":"Polygon","properties":{"pref":"大阪府","county":"南河内郡","city":"河南町","code5":"27382","code6":"273821"}},{"arcs":[[-3516,-3599,3599,3600,3601,-3526]],"type":"Polygon","properties":{"pref":"大阪府","county":"南河内郡","city":"千早赤阪村","code5":"27383","code6":"273830"}},{"arcs":[[[3602,3603,3604,3605,3606,3607,3608,3609,3610,3611,3612]],[[3613]],[[3614]],[[3615]],[[3616]]],"type":"MultiPolygon","properties":{"pref":"兵庫県","city":"姫路市","code5":"28201","code6":"282014"}},{"arcs":[[3617,3618,3619,-3456,3620]],"type":"Polygon","properties":{"pref":"兵庫県","city":"尼崎市","code5":"28202","code6":"282022"}},{"arcs":[[[3621,3622,3623,3624,3625]],[[3626]]],"type":"MultiPolygon","properties":{"pref":"兵庫県","city":"明石市","code5":"28203","code6":"282031"}},{"arcs":[[[3627,3628,3629,-3619,3630,3631]],[[3632]],[[3633]]],"type":"MultiPolygon","properties":{"pref":"兵庫県","city":"西宮市","code5":"28204","code6":"282049"}},{"arcs":[[3634,3635,3636,3637]],"type":"Polygon","properties":{"pref":"兵庫県","city":"洲本市","code5":"28205","code6":"282057"}},{"arcs":[[[3638,-3632,3639]],[[3640]]],"type":"MultiPolygon","properties":{"pref":"兵庫県","city":"芦屋市","code5":"28206","code6":"282065"}},{"arcs":[[-3457,-3620,-3630,3641,3642,-3461]],"type":"Polygon","properties":{"pref":"兵庫県","city":"伊丹市","code5":"28207","code6":"282073"}},{"arcs":[[3643,3644,3645,3646]],"type":"Polygon","properties":{"pref":"兵庫県","city":"相生市","code5":"28208","code6":"282081"}},{"arcs":[[-3373,3647,3648,3649,3650,-3419,-3447]],"type":"Polygon","properties":{"pref":"兵庫県","city":"豊岡市","code5":"28209","code6":"282090"}},{"arcs":[[-3606,3651,3652,3653,3654,-3624,3655,3656,3657]],"type":"Polygon","properties":{"pref":"兵庫県","city":"加古川市","code5":"28210","code6":"282103"}},{"arcs":[[-3645,3658,3659,3660]],"type":"Polygon","properties":{"pref":"兵庫県","city":"赤穂市","code5":"28212","code6":"282120"}},{"arcs":[[3661,3662,3663,3664,3665]],"type":"Polygon","properties":{"pref":"兵庫県","city":"西脇市","code5":"28213","code6":"282138"}},{"arcs":[[3666,3667,3668,3669,-3642,-3629]],"type":"Polygon","properties":{"pref":"兵庫県","city":"宝塚市","code5":"28214","code6":"282146"}},{"arcs":[[3670,3671,-3654,3672,3673,3674]],"type":"Polygon","properties":{"pref":"兵庫県","city":"三木市","code5":"28215","code6":"282154"}},{"arcs":[[-3607,-3658,3675]],"type":"Polygon","properties":{"pref":"兵庫県","city":"高砂市","code5":"28216","code6":"282162"}},{"arcs":[[-3462,-3643,-3670,3676,-3584,-3582,-3544]],"type":"Polygon","properties":{"pref":"兵庫県","city":"川西市","code5":"28217","code6":"282171"}},{"arcs":[[-3653,3677,3678,-3673]],"type":"Polygon","properties":{"pref":"兵庫県","city":"小野市","code5":"28218","code6":"282189"}},{"arcs":[[3679,-3675,3680,3681,3682,-3668]],"type":"Polygon","properties":{"pref":"兵庫県","city":"三田市","code5":"28219","code6":"282197"}},{"arcs":[[-3605,3683,3684,3685,-3664,3686,-3678,-3652]],"type":"Polygon","properties":{"pref":"兵庫県","city":"加西市","code5":"28220","code6":"282201"}},{"arcs":[[-3370,-3445,-3424,-3586,3687,-3682,3688,-3662,3689]],"type":"Polygon","properties":{"pref":"兵庫県","city":"丹波篠山市","code5":"28221","code6":"282219"}},{"arcs":[[-3649,3690,3691,3692,3693]],"type":"Polygon","properties":{"pref":"兵庫県","city":"養父市","code5":"28222","code6":"282227"}},{"arcs":[[-3371,-3690,-3666,3694,3695]],"type":"Polygon","properties":{"pref":"兵庫県","city":"丹波市","code5":"28223","code6":"282235"}},{"arcs":[[[-3636,3696]],[[3697]]],"type":"MultiPolygon","properties":{"pref":"兵庫県","city":"南あわじ市","code5":"28224","code6":"282243"}},{"arcs":[[-3372,-3696,3698,3699,3700,-3691,-3648]],"type":"Polygon","properties":{"pref":"兵庫県","city":"朝来市","code5":"28225","code6":"282251"}},{"arcs":[[-3638,3701]],"type":"Polygon","properties":{"pref":"兵庫県","city":"淡路市","code5":"28226","code6":"282260"}},{"arcs":[[-3612,3702,3703,3704,3705,3706,-3692,-3701,3707]],"type":"Polygon","properties":{"pref":"兵庫県","city":"宍粟市","code5":"28227","code6":"282278"}},{"arcs":[[-3663,-3689,-3681,-3674,-3679,-3687]],"type":"Polygon","properties":{"pref":"兵庫県","city":"加東市","code5":"28228","code6":"282286"}},{"arcs":[[-3609,3708,-3647,3709,3710,-3703,-3611,3711]],"type":"Polygon","properties":{"pref":"兵庫県","city":"たつの市","code5":"28229","code6":"282294"}},{"arcs":[[-3585,-3677,-3669,-3683,-3688]],"type":"Polygon","properties":{"pref":"兵庫県","county":"川辺郡","city":"猪名川町","code5":"28301","code6":"283011"}},{"arcs":[[-3665,-3686,3712,3713,-3699,-3695]],"type":"Polygon","properties":{"pref":"兵庫県","county":"多可郡","city":"多可町","code5":"28365","code6":"283657"}},{"arcs":[[3714,-3625,-3655,-3672]],"type":"Polygon","properties":{"pref":"兵庫県","county":"加古郡","city":"稲美町","code5":"28381","code6":"283819"}},{"arcs":[[[-3623,3715,-3656]],[[3716]]],"type":"MultiPolygon","properties":{"pref":"兵庫県","county":"加古郡","city":"播磨町","code5":"28382","code6":"283827"}},{"arcs":[[-3603,3717,-3713,-3685,3718]],"type":"Polygon","properties":{"pref":"兵庫県","county":"神崎郡","city":"市川町","code5":"28442","code6":"284424"}},{"arcs":[[-3604,-3719,-3684]],"type":"Polygon","properties":{"pref":"兵庫県","county":"神崎郡","city":"福崎町","code5":"28443","code6":"284432"}},{"arcs":[[-3613,-3708,-3700,-3714,-3718]],"type":"Polygon","properties":{"pref":"兵庫県","county":"神崎郡","city":"神河町","code5":"28446","code6":"284467"}},{"arcs":[[-3610,-3712]],"type":"Polygon","properties":{"pref":"兵庫県","county":"揖保郡","city":"太子町","code5":"28464","code6":"284645"}},{"arcs":[[-3646,-3661,3719,3720,-3710]],"type":"Polygon","properties":{"pref":"兵庫県","county":"赤穂郡","city":"上郡町","code5":"28481","code6":"284815"}},{"arcs":[[-3704,-3711,-3721,3721,3722]],"type":"Polygon","properties":{"pref":"兵庫県","county":"佐用郡","city":"佐用町","code5":"28501","code6":"285013"}},{"arcs":[[-3650,-3694,3723,3724,3725]],"type":"Polygon","properties":{"pref":"兵庫県","county":"美方郡","city":"香美町","code5":"28585","code6":"285854"}},{"arcs":[[-3725,3726,3727,3728,3729]],"type":"Polygon","properties":{"pref":"兵庫県","county":"美方郡","city":"新温泉町","code5":"28586","code6":"285862"}},{"arcs":[[-3278,3730,3731,3732,3733,3734,3735,-3442,-3428,-3440,-3444]],"type":"Polygon","properties":{"pref":"奈良県","city":"奈良市","code5":"29201","code6":"292010"}},{"arcs":[[3736,3737,3738,3739,3740]],"type":"Polygon","properties":{"pref":"奈良県","city":"大和高田市","code5":"29202","code6":"292028"}},{"arcs":[[-3735,3741,3742,3743,3744,3745]],"type":"Polygon","properties":{"pref":"奈良県","city":"大和郡山市","code5":"29203","code6":"292036"}},{"arcs":[[-3734,3746,3747,3748,3749,-3742]],"type":"Polygon","properties":{"pref":"奈良県","city":"天理市","code5":"29204","code6":"292044"}},{"arcs":[[-3737,3750,3751,3752,3753,3754,3755]],"type":"Polygon","properties":{"pref":"奈良県","city":"橿原市","code5":"29205","code6":"292052"}},{"arcs":[[-3733,3756,3757,3758,-3753,3759,-3747]],"type":"Polygon","properties":{"pref":"奈良県","city":"桜井市","code5":"29206","code6":"292061"}},{"arcs":[[-3527,-3602,3760,3761,3762,3763,3764,3765,3766,3767,3768,3769]],"type":"Polygon","properties":{"pref":"奈良県","city":"五條市","code5":"29207","code6":"292079"}},{"arcs":[[-3601,3770,-3738,-3756,3771,3772,-3761]],"type":"Polygon","properties":{"pref":"奈良県","city":"御所市","code5":"29208","code6":"292087"}},{"arcs":[[-3416,-3443,-3736,-3746,3773,3774,-3561,-3538,-3574,-3575,-3489]],"type":"Polygon","properties":{"pref":"奈良県","city":"生駒市","code5":"29209","code6":"292095"}},{"arcs":[[-3548,3775,3776,3777,-3740,3778,-3595,-3553]],"type":"Polygon","properties":{"pref":"奈良県","city":"香芝市","code5":"29210","code6":"292109"}},{"arcs":[[-3596,-3779,-3739,-3771,-3600,-3598]],"type":"Polygon","properties":{"pref":"奈良県","city":"葛城市","code5":"29211","code6":"292117"}},{"arcs":[[-3246,3779,3780,3781,-3757,-3732,3782]],"type":"Polygon","properties":{"pref":"奈良県","city":"宇陀市","code5":"29212","code6":"292125"}},{"arcs":[[-3247,-3783,-3731,-3277]],"type":"Polygon","properties":{"pref":"奈良県","county":"山辺郡","city":"山添村","code5":"29322","code6":"293229"}},{"arcs":[[-3498,-3562,-3775,3783,3784]],"type":"Polygon","properties":{"pref":"奈良県","county":"生駒郡","city":"平群町","code5":"29342","code6":"293423"}},{"arcs":[[-3499,-3785,3785,3786,-3546]],"type":"Polygon","properties":{"pref":"奈良県","county":"生駒郡","city":"三郷町","code5":"29343","code6":"293431"}},{"arcs":[[-3745,3787,3788,3789,-3786,-3784,-3774]],"type":"Polygon","properties":{"pref":"奈良県","county":"生駒郡","city":"斑鳩町","code5":"29344","code6":"293440"}},{"arcs":[[-3744,3790,3791,-3788]],"type":"Polygon","properties":{"pref":"奈良県","county":"生駒郡","city":"安堵町","code5":"29345","code6":"293458"}},{"arcs":[[-3743,-3750,3792,3793,-3791]],"type":"Polygon","properties":{"pref":"奈良県","county":"磯城郡","city":"川西町","code5":"29361","code6":"293610"}},{"arcs":[[-3749,3794,3795,3796,-3793]],"type":"Polygon","properties":{"pref":"奈良県","county":"磯城郡","city":"三宅町","code5":"29362","code6":"293628"}},{"arcs":[[-3748,-3760,-3752,3797,-3795]],"type":"Polygon","properties":{"pref":"奈良県","county":"磯城郡","city":"田原本町","code5":"29363","code6":"293636"}},{"arcs":[[-3208,3798,3799,-3780,-3245]],"type":"Polygon","properties":{"pref":"奈良県","county":"宇陀郡","city":"曽爾村","code5":"29385","code6":"293857"}},{"arcs":[[-3207,-3235,3800,-3799]],"type":"Polygon","properties":{"pref":"奈良県","county":"宇陀郡","city":"御杖村","code5":"29386","code6":"293865"}},{"arcs":[[-3755,3801,3802,-3772]],"type":"Polygon","properties":{"pref":"奈良県","county":"高市郡","city":"高取町","code5":"29401","code6":"294012"}},{"arcs":[[-3754,-3759,3803,-3802]],"type":"Polygon","properties":{"pref":"奈良県","county":"高市郡","city":"明日香村","code5":"29402","code6":"294021"}},{"arcs":[[-3777,3804,3805,3806]],"type":"Polygon","properties":{"pref":"奈良県","county":"北葛城郡","city":"上牧町","code5":"29424","code6":"294241"}},{"arcs":[[-3547,-3787,-3790,3807,-3805,-3776]],"type":"Polygon","properties":{"pref":"奈良県","county":"北葛城郡","city":"王寺町","code5":"29425","code6":"294250"}},{"arcs":[[-3741,-3778,-3807,3808,-3796,-3798,-3751]],"type":"Polygon","properties":{"pref":"奈良県","county":"北葛城郡","city":"広陵町","code5":"29426","code6":"294268"}},{"arcs":[[-3789,-3792,-3794,-3797,-3809,-3806,-3808]],"type":"Polygon","properties":{"pref":"奈良県","county":"北葛城郡","city":"河合町","code5":"29427","code6":"294276"}},{"arcs":[[-3758,-3782,3809,3810,3811,3812,3813,-3804]],"type":"Polygon","properties":{"pref":"奈良県","county":"吉野郡","city":"吉野町","code5":"29441","code6":"294411"}},{"arcs":[[-3762,-3773,-3803,-3814,3814]],"type":"Polygon","properties":{"pref":"奈良県","county":"吉野郡","city":"大淀町","code5":"29442","code6":"294420"}},{"arcs":[[-3763,-3815,-3813,3815]],"type":"Polygon","properties":{"pref":"奈良県","county":"吉野郡","city":"下市町","code5":"29443","code6":"294438"}},{"arcs":[[-3764,-3816,-3812,3816,3817]],"type":"Polygon","properties":{"pref":"奈良県","county":"吉野郡","city":"黒滝村","code5":"29444","code6":"294446"}},{"arcs":[[-3765,-3818,3818,3819]],"type":"Polygon","properties":{"pref":"奈良県","county":"吉野郡","city":"天川村","code5":"29446","code6":"294462"}},{"arcs":[[-3768,3820,3821,3822,3823,3824]],"type":"Polygon","properties":{"pref":"奈良県","county":"吉野郡","city":"野迫川村","code5":"29447","code6":"294471"}},{"arcs":[[-3265,3825,3826,-3821,-3767,3827,3828,3829,-3267,3830]],"type":"Polygon","properties":{"pref":"奈良県","county":"吉野郡","city":"十津川村","code5":"29449","code6":"294497"}},{"arcs":[[-3269,3831,-3829,3832]],"type":"Polygon","properties":{"pref":"奈良県","county":"吉野郡","city":"下北山村","code5":"29450","code6":"294501"}},{"arcs":[[-3251,-3270,-3833,-3828,-3766,-3820,3833,-3295,-3305]],"type":"Polygon","properties":{"pref":"奈良県","county":"吉野郡","city":"上北山村","code5":"29451","code6":"294519"}},{"arcs":[[-3233,-3296,-3834,-3819,-3817,-3811,3834]],"type":"Polygon","properties":{"pref":"奈良県","county":"吉野郡","city":"川上村","code5":"29452","code6":"294527"}},{"arcs":[[-3234,-3835,-3810,-3781,-3800,-3801]],"type":"Polygon","properties":{"pref":"奈良県","county":"吉野郡","city":"東吉野村","code5":"29453","code6":"294535"}},{"arcs":[[[-3578,3835,3836,3837,3838,-3593]],[[3839]]],"type":"MultiPolygon","properties":{"pref":"和歌山県","city":"和歌山市","code5":"30201","code6":"302015"}},{"arcs":[[-3838,3840,3841,3842,3843,3844]],"type":"Polygon","properties":{"pref":"和歌山県","city":"海南市","code5":"30202","code6":"302023"}},{"arcs":[[-3528,-3770,3845,3846,3847]],"type":"Polygon","properties":{"pref":"和歌山県","city":"橋本市","code5":"30203","code6":"302031"}},{"arcs":[[-3844,3848,3849,3850]],"type":"Polygon","properties":{"pref":"和歌山県","city":"有田市","code5":"30204","code6":"302040"}},{"arcs":[[3851,3852,3853,3854,3855]],"type":"Polygon","properties":{"pref":"和歌山県","city":"御坊市","code5":"30205","code6":"302058"}},{"arcs":[[-3822,-3827,3856,3857,3858,3859,3860,3861,3862,3863,3864,3865]],"type":"Polygon","properties":{"pref":"和歌山県","city":"田辺市","code5":"30206","code6":"302066"}},{"arcs":[[[-3264,-3311,3866,3867,3868,-3857,-3826]],[[-3266,-3831]]],"type":"MultiPolygon","properties":{"pref":"和歌山県","city":"新宮市","code5":"30207","code6":"302074"}},{"arcs":[[-3450,3869,3870,-3841,-3837,3871,-3564,-3503,-3479]],"type":"Polygon","properties":{"pref":"和歌山県","city":"紀の川市","code5":"30208","code6":"302082"}},{"arcs":[[-3565,-3872,-3836,-3577]],"type":"Polygon","properties":{"pref":"和歌山県","city":"岩出市","code5":"30209","code6":"302091"}},{"arcs":[[-3842,-3871,3872,3873]],"type":"Polygon","properties":{"pref":"和歌山県","county":"海草郡","city":"紀美野町","code5":"30304","code6":"303046"}},{"arcs":[[-3449,-3541,-3529,-3848,3874,3875,-3824,3876,-3873,-3870]],"type":"Polygon","properties":{"pref":"和歌山県","county":"伊都郡","city":"かつらぎ町","code5":"30341","code6":"303411"}},{"arcs":[[-3847,3877,-3875]],"type":"Polygon","properties":{"pref":"和歌山県","county":"伊都郡","city":"九度山町","code5":"30343","code6":"303437"}},{"arcs":[[-3769,-3825,-3876,-3878,-3846]],"type":"Polygon","properties":{"pref":"和歌山県","county":"伊都郡","city":"高野町","code5":"30344","code6":"303445"}},{"arcs":[[-3850,3878,3879,3880]],"type":"Polygon","properties":{"pref":"和歌山県","county":"有田郡","city":"湯浅町","code5":"30361","code6":"303615"}},{"arcs":[[-3880,3881,3882,3883,3884,3885]],"type":"Polygon","properties":{"pref":"和歌山県","county":"有田郡","city":"広川町","code5":"30362","code6":"303623"}},{"arcs":[[-3823,-3866,3886,-3882,-3879,-3849,-3843,-3874,-3877]],"type":"Polygon","properties":{"pref":"和歌山県","county":"有田郡","city":"有田川町","code5":"30366","code6":"303666"}},{"arcs":[[-3854,3887,3888]],"type":"Polygon","properties":{"pref":"和歌山県","county":"日高郡","city":"美浜町","code5":"30381","code6":"303810"}},{"arcs":[[-3855,-3889,3889,3890,-3884,3891]],"type":"Polygon","properties":{"pref":"和歌山県","county":"日高郡","city":"日高町","code5":"30382","code6":"303828"}},{"arcs":[[-3885,-3891,3892]],"type":"Polygon","properties":{"pref":"和歌山県","county":"日高郡","city":"由良町","code5":"30383","code6":"303836"}},{"arcs":[[-3852,3893,-3864,3894,3895]],"type":"Polygon","properties":{"pref":"和歌山県","county":"日高郡","city":"印南町","code5":"30390","code6":"303909"}},{"arcs":[[-3863,3896,-3895]],"type":"Polygon","properties":{"pref":"和歌山県","county":"日高郡","city":"みなべ町","code5":"30391","code6":"303917"}},{"arcs":[[-3856,-3892,-3883,-3887,-3865,-3894]],"type":"Polygon","properties":{"pref":"和歌山県","county":"日高郡","city":"日高川町","code5":"30392","code6":"303925"}},{"arcs":[[-3859,3897,3898,3899,-3861,3900]],"type":"Polygon","properties":{"pref":"和歌山県","county":"西牟婁郡","city":"白浜町","code5":"30401","code6":"304018"}},{"arcs":[[-3860,-3901]],"type":"Polygon","properties":{"pref":"和歌山県","county":"西牟婁郡","city":"上富田町","code5":"30404","code6":"304042"}},{"arcs":[[-3899,3901,3902,3903]],"type":"Polygon","properties":{"pref":"和歌山県","county":"西牟婁郡","city":"すさみ町","code5":"30406","code6":"304069"}},{"arcs":[[-3868,3904,3905,3906,3907,3908,3909,3910]],"type":"Polygon","properties":{"pref":"和歌山県","county":"東牟婁郡","city":"那智勝浦町","code5":"30421","code6":"304212"}},{"arcs":[[[-3908,3911]],[[-3906,3912]]],"type":"MultiPolygon","properties":{"pref":"和歌山県","county":"東牟婁郡","city":"太地町","code5":"30422","code6":"304221"}},{"arcs":[[-3858,-3869,-3911,3913,-3902,-3898]],"type":"Polygon","properties":{"pref":"和歌山県","county":"東牟婁郡","city":"古座川町","code5":"30424","code6":"304247"}},{"arcs":[[-3268,-3830,-3832]],"type":"Polygon","properties":{"pref":"和歌山県","county":"東牟婁郡","city":"北山村","code5":"30427","code6":"304271"}},{"arcs":[[[-3903,-3914,-3910,3914]],[[3915]]],"type":"MultiPolygon","properties":{"pref":"和歌山県","county":"東牟婁郡","city":"串本町","code5":"30428","code6":"304280"}},{"arcs":[[-3728,3916,3917,3918,3919,3920,3921,3922,3923,3924]],"type":"Polygon","properties":{"pref":"鳥取県","city":"鳥取市","code5":"31201","code6":"312011"}},{"arcs":[[3925,3926,3927,3928,3929,3930,3931,3932]],"type":"Polygon","properties":{"pref":"鳥取県","city":"米子市","code5":"31202","code6":"312029"}},{"arcs":[[3933,3934,3935,3936,3937,3938]],"type":"Polygon","properties":{"pref":"鳥取県","city":"倉吉市","code5":"31203","code6":"312037"}},{"arcs":[[-3932,3939,3940,3941]],"type":"Polygon","properties":{"pref":"鳥取県","city":"境港市","code5":"31204","code6":"312045"}},{"arcs":[[-3729,-3925,3942]],"type":"Polygon","properties":{"pref":"鳥取県","county":"岩美郡","city":"岩美町","code5":"31302","code6":"313025"}},{"arcs":[[-3693,-3707,3943,3944,3945,-3917,-3727,-3724]],"type":"Polygon","properties":{"pref":"鳥取県","county":"八頭郡","city":"若桜町","code5":"31325","code6":"313254"}},{"arcs":[[-3919,3946,-3945,3947,3948,3949,3950]],"type":"Polygon","properties":{"pref":"鳥取県","county":"八頭郡","city":"智頭町","code5":"31328","code6":"313289"}},{"arcs":[[-3918,-3946,-3947]],"type":"Polygon","properties":{"pref":"鳥取県","county":"八頭郡","city":"八頭町","code5":"31329","code6":"313297"}},{"arcs":[[-3922,3951,3952,-3935,3953]],"type":"Polygon","properties":{"pref":"鳥取県","county":"東伯郡","city":"三朝町","code5":"31364","code6":"313645"}},{"arcs":[[-3923,-3954,-3934,3954,3955]],"type":"Polygon","properties":{"pref":"鳥取県","county":"東伯郡","city":"湯梨浜町","code5":"31370","code6":"313700"}},{"arcs":[[-3938,3956,3957,3958,3959]],"type":"Polygon","properties":{"pref":"鳥取県","county":"東伯郡","city":"琴浦町","code5":"31371","code6":"313718"}},{"arcs":[[-3939,-3960,3960,-3955]],"type":"Polygon","properties":{"pref":"鳥取県","county":"東伯郡","city":"北栄町","code5":"31372","code6":"313726"}},{"arcs":[[-3926,3961]],"type":"Polygon","properties":{"pref":"鳥取県","county":"西伯郡","city":"日吉津村","code5":"31384","code6":"313840"}},{"arcs":[[-3928,3962,-3958,3963,3964]],"type":"Polygon","properties":{"pref":"鳥取県","county":"西伯郡","city":"大山町","code5":"31386","code6":"313866"}},{"arcs":[[-3930,3965,3966,3967,3968]],"type":"Polygon","properties":{"pref":"鳥取県","county":"西伯郡","city":"南部町","code5":"31389","code6":"313891"}},{"arcs":[[-3929,-3965,3969,3970,-3966]],"type":"Polygon","properties":{"pref":"鳥取県","county":"西伯郡","city":"伯耆町","code5":"31390","code6":"313904"}},{"arcs":[[-3968,3971,3972,3973,3974,3975]],"type":"Polygon","properties":{"pref":"鳥取県","county":"日野郡","city":"日南町","code5":"31401","code6":"314013"}},{"arcs":[[-3967,-3971,3976,3977,3978,-3972]],"type":"Polygon","properties":{"pref":"鳥取県","county":"日野郡","city":"日野町","code5":"31402","code6":"314021"}},{"arcs":[[-3937,3979,3980,-3977,-3970,-3964,-3957]],"type":"Polygon","properties":{"pref":"鳥取県","county":"日野郡","city":"江府町","code5":"31403","code6":"314030"}},{"arcs":[[-3941,3981,3982,3983,3984]],"type":"Polygon","properties":{"pref":"島根県","city":"松江市","code5":"32201","code6":"322016"}},{"arcs":[[3985,3986,3987,3988,3989]],"type":"Polygon","properties":{"pref":"島根県","city":"浜田市","code5":"32202","code6":"322024"}},{"arcs":[[-3984,3990,3991,3992,3993]],"type":"Polygon","properties":{"pref":"島根県","city":"出雲市","code5":"32203","code6":"322032"}},{"arcs":[[-3988,3994,3995,3996,3997,3998,3999,4000,4001]],"type":"Polygon","properties":{"pref":"島根県","city":"益田市","code5":"32204","code6":"322041"}},{"arcs":[[-3993,4002,4003,4004,4005,4006]],"type":"Polygon","properties":{"pref":"島根県","city":"大田市","code5":"32205","code6":"322059"}},{"arcs":[[-3931,-3969,-3976,4007,4008,-3982,-3940]],"type":"Polygon","properties":{"pref":"島根県","city":"安来市","code5":"32206","code6":"322067"}},{"arcs":[[-3990,4009,-4006,4010,4011]],"type":"Polygon","properties":{"pref":"島根県","city":"江津市","code5":"32207","code6":"322075"}},{"arcs":[[-3983,-4009,4013,4014,4015,-3991]],"type":"Polygon","properties":{"pref":"島根県","city":"雲南市","code5":"32209","code6":"322091"}},{"arcs":[[-3975,4016,-4014,-4008]],"type":"Polygon","properties":{"pref":"島根県","county":"仁多郡","city":"奥出雲町","code5":"32343","code6":"323438"}},{"arcs":[[-3992,-4016,4017,4018,4019,-4003]],"type":"Polygon","properties":{"pref":"島根県","county":"飯石郡","city":"飯南町","code5":"32386","code6":"323861"}},{"arcs":[[-4005,4020,4021,-4011]],"type":"Polygon","properties":{"pref":"島根県","county":"邑智郡","city":"川本町","code5":"32441","code6":"324418"}},{"arcs":[[-4004,-4020,4022,4023,-4021]],"type":"Polygon","properties":{"pref":"島根県","county":"邑智郡","city":"美郷町","code5":"32448","code6":"324485"}},{"arcs":[[-3986,-4012,-4022,-4024,4024,4025,4026]],"type":"Polygon","properties":{"pref":"島根県","county":"邑智郡","city":"邑南町","code5":"32449","code6":"324493"}},{"arcs":[[-4000,4027,4028,4029]],"type":"Polygon","properties":{"pref":"島根県","county":"鹿足郡","city":"津和野町","code5":"32501","code6":"325015"}},{"arcs":[[-3999,4030,4031,4032,-4028]],"type":"Polygon","properties":{"pref":"島根県","county":"鹿足郡","city":"吉賀町","code5":"32505","code6":"325058"}},{"arcs":[[4033]],"type":"Polygon","properties":{"pref":"島根県","county":"隠岐郡","city":"海士町","code5":"32525","code6":"325252"}},{"arcs":[[4034]],"type":"Polygon","properties":{"pref":"島根県","county":"隠岐郡","city":"西ノ島町","code5":"32526","code6":"325261"}},{"arcs":[[4035]],"type":"Polygon","properties":{"pref":"島根県","county":"隠岐郡","city":"知夫村","code5":"32527","code6":"325279"}},{"arcs":[[4036]],"type":"Polygon","properties":{"pref":"島根県","county":"隠岐郡","city":"隠岐の島町","code5":"32528","code6":"325287"}},{"arcs":[[[4037,4038,4039,4040,4041,4042,4043,4044]],[[4045]],[[4046]]],"type":"MultiPolygon","properties":{"pref":"岡山県","city":"倉敷市","code5":"33202","code6":"332020"}},{"arcs":[[-3920,-3951,4047,4048,4049,4050,4051]],"type":"Polygon","properties":{"pref":"岡山県","city":"津山市","code5":"33203","code6":"332038"}},{"arcs":[[[4052,4053,-4041]],[[4054,4055]]],"type":"MultiPolygon","properties":{"pref":"岡山県","city":"玉野市","code5":"33204","code6":"332046"}},{"arcs":[[[4056,4057,4058,4059,4060,4061,4062]],[[4063]],[[4064]],[[4065]],[[4066]]],"type":"MultiPolygon","properties":{"pref":"岡山県","city":"笠岡市","code5":"33205","code6":"332054"}},{"arcs":[[-4062,4067,4068,4069,4070,4071]],"type":"Polygon","properties":{"pref":"岡山県","city":"井原市","code5":"33207","code6":"332071"}},{"arcs":[[4072,-4045,4073,-4071,4074,4075]],"type":"Polygon","properties":{"pref":"岡山県","city":"総社市","code5":"33208","code6":"332089"}},{"arcs":[[-4070,4076,4077,4078,4079,4080,-4075]],"type":"Polygon","properties":{"pref":"岡山県","city":"高梁市","code5":"33209","code6":"332097"}},{"arcs":[[-3973,-3979,4081,4082,-4079,4083]],"type":"Polygon","properties":{"pref":"岡山県","city":"新見市","code5":"33210","code6":"332101"}},{"arcs":[[[-3660,4084,4085,4086,4087,4088,4089,-3722,-3720]],[[4090]],[[4091]]],"type":"MultiPolygon","properties":{"pref":"岡山県","city":"備前市","code5":"33211","code6":"332119"}},{"arcs":[[[4092,-4086,4093]],[[4094]],[[4095]]],"type":"MultiPolygon","properties":{"pref":"岡山県","city":"瀬戸内市","code5":"33212","code6":"332127"}},{"arcs":[[4096,4097,4098,-4088,4099]],"type":"Polygon","properties":{"pref":"岡山県","city":"赤磐市","code5":"33213","code6":"332135"}},{"arcs":[[-3936,-3953,4100,-4051,4101,4102,-4080,-4083,4103,-3980]],"type":"Polygon","properties":{"pref":"岡山県","city":"真庭市","code5":"33214","code6":"332143"}},{"arcs":[[-3705,-3723,-4090,4104,4105,4106,4107,-3949,4108]],"type":"Polygon","properties":{"pref":"岡山県","city":"美作市","code5":"33215","code6":"332151"}},{"arcs":[[-4043,4109,-4059,4110,-4057,4111]],"type":"Polygon","properties":{"pref":"岡山県","city":"浅口市","code5":"33216","code6":"332160"}},{"arcs":[[-4089,-4099,4112,-4105]],"type":"Polygon","properties":{"pref":"岡山県","county":"和気郡","city":"和気町","code5":"33346","code6":"333468"}},{"arcs":[[4113,-4039]],"type":"Polygon","properties":{"pref":"岡山県","county":"都窪郡","city":"早島町","code5":"33423","code6":"334235"}},{"arcs":[[-4058,-4111]],"type":"Polygon","properties":{"pref":"岡山県","county":"浅口郡","city":"里庄町","code5":"33445","code6":"334456"}},{"arcs":[[-4044,-4112,-4063,-4072,-4074]],"type":"Polygon","properties":{"pref":"岡山県","county":"小田郡","city":"矢掛町","code5":"33461","code6":"334618"}},{"arcs":[[-3978,-3981,-4104,-4082]],"type":"Polygon","properties":{"pref":"岡山県","county":"真庭郡","city":"新庄村","code5":"33586","code6":"335860"}},{"arcs":[[-3921,-4052,-4101,-3952]],"type":"Polygon","properties":{"pref":"岡山県","county":"苫田郡","city":"鏡野町","code5":"33606","code6":"336068"}},{"arcs":[[-4049,4114,-4107,4115]],"type":"Polygon","properties":{"pref":"岡山県","county":"勝田郡","city":"勝央町","code5":"33622","code6":"336220"}},{"arcs":[[-3950,-4108,-4115,-4048]],"type":"Polygon","properties":{"pref":"岡山県","county":"勝田郡","city":"奈義町","code5":"33623","code6":"336238"}},{"arcs":[[-3706,-4109,-3948,-3944]],"type":"Polygon","properties":{"pref":"岡山県","county":"英田郡","city":"西粟倉村","code5":"33643","code6":"336432"}},{"arcs":[[4116,4117,-4097]],"type":"Polygon","properties":{"pref":"岡山県","county":"久米郡","city":"久米南町","code5":"33663","code6":"336637"}},{"arcs":[[4118,4119,-4102,-4050,-4116,-4106,-4113,-4098,-4118]],"type":"Polygon","properties":{"pref":"岡山県","county":"久米郡","city":"美咲町","code5":"33666","code6":"336661"}},{"arcs":[[4120,-4076,-4081,-4103,-4120]],"type":"Polygon","properties":{"pref":"岡山県","county":"加賀郡","city":"吉備中央町","code5":"33681","code6":"336815"}},{"arcs":[[[4121,4122,4123,4124,4125]],[[4126]],[[4127]],[[4128]],[[4129]],[[4130]],[[4131]],[[4132]],[[4133]]],"type":"MultiPolygon","properties":{"pref":"広島県","city":"呉市","code5":"34202","code6":"342025"}},{"arcs":[[4134,4135,4136]],"type":"Polygon","properties":{"pref":"広島県","city":"竹原市","code5":"34203","code6":"342033"}},{"arcs":[[[-4137,4137,4138,4139,4140]],[[4141]]],"type":"MultiPolygon","properties":{"pref":"広島県","city":"三原市","code5":"34204","code6":"342041"}},{"arcs":[[[-4140,4142,4143,4144,4145]],[[4146]],[[4147]],[[4148]],[[4149,4150]],[[4151]],[[4152]],[[4153]]],"type":"MultiPolygon","properties":{"pref":"広島県","city":"尾道市","code5":"34205","code6":"342050"}},{"arcs":[[[-4061,4154,-4151,4155,-4145,4156,4157,-4068]],[[4158]],[[4159]],[[4160]],[[4161]]],"type":"MultiPolygon","properties":{"pref":"広島県","city":"福山市","code5":"34207","code6":"342076"}},{"arcs":[[-4144,4162,4163,4164,4165,-4157]],"type":"Polygon","properties":{"pref":"広島県","city":"府中市","code5":"34208","code6":"342084"}},{"arcs":[[-4019,4166,-4164,4167,4168,4169,-4025,-4023]],"type":"Polygon","properties":{"pref":"広島県","city":"三次市","code5":"34209","code6":"342092"}},{"arcs":[[-3974,-4084,-4078,4170,-4165,-4167,-4018,-4015,-4017]],"type":"Polygon","properties":{"pref":"広島県","city":"庄原市","code5":"34210","code6":"342106"}},{"arcs":[[[4171,4172,4173,4174]],[[4175]]],"type":"MultiPolygon","properties":{"pref":"広島県","city":"大竹市","code5":"34211","code6":"342114"}},{"arcs":[[[4176,-4169,4177,-4138,-4136,4178,-4124,4179,4180]],[[4181]]],"type":"MultiPolygon","properties":{"pref":"広島県","city":"東広島市","code5":"34212","code6":"342122"}},{"arcs":[[[-3997,4182,4183,4184,-4175,4185]],[[4186]]],"type":"MultiPolygon","properties":{"pref":"広島県","city":"廿日市市","code5":"34213","code6":"342131"}},{"arcs":[[-4026,-4170,-4177,4187,4188]],"type":"Polygon","properties":{"pref":"広島県","city":"安芸高田市","code5":"34214","code6":"342149"}},{"arcs":[[[4189]],[[4190]],[[4191]]],"type":"MultiPolygon","properties":{"pref":"広島県","city":"江田島市","code5":"34215","code6":"342157"}},{"arcs":[[4192]],"type":"Polygon","properties":{"pref":"広島県","county":"安芸郡","city":"府中町","code5":"34302","code6":"343021"}},{"arcs":[[4193,4194,4195,4196,4197]],"type":"Polygon","properties":{"pref":"広島県","county":"安芸郡","city":"海田町","code5":"34304","code6":"343048"}},{"arcs":[[4198,-4180,-4123,4199,-4194]],"type":"Polygon","properties":{"pref":"広島県","county":"安芸郡","city":"熊野町","code5":"34307","code6":"343072"}},{"arcs":[[4200,-4126,4201,4202]],"type":"Polygon","properties":{"pref":"広島県","county":"安芸郡","city":"坂町","code5":"34309","code6":"343099"}},{"arcs":[[-3996,4203,4204,-4183]],"type":"Polygon","properties":{"pref":"広島県","county":"山県郡","city":"安芸太田町","code5":"34368","code6":"343684"}},{"arcs":[[-3987,-4027,-4189,4205,-4204,-3995]],"type":"Polygon","properties":{"pref":"広島県","county":"山県郡","city":"北広島町","code5":"34369","code6":"343692"}},{"arcs":[[[4206]],[[4207]]],"type":"MultiPolygon","properties":{"pref":"広島県","county":"豊田郡","city":"大崎上島町","code5":"34431","code6":"344311"}},{"arcs":[[-4139,-4178,-4168,-4163,-4143]],"type":"Polygon","properties":{"pref":"広島県","county":"世羅郡","city":"世羅町","code5":"34462","code6":"344621"}},{"arcs":[[-4069,-4158,-4166,-4171,-4077]],"type":"Polygon","properties":{"pref":"広島県","county":"神石郡","city":"神石高原町","code5":"34545","code6":"345458"}},{"arcs":[[[4208,4209,4210,4211]],[[4212]],[[4213]]],"type":"MultiPolygon","properties":{"pref":"山口県","city":"下関市","code5":"35201","code6":"352012"}},{"arcs":[[4214,4215,4216,4217]],"type":"Polygon","properties":{"pref":"山口県","city":"宇部市","code5":"35202","code6":"352021"}},{"arcs":[[-4029,-4033,4218,4219,4220,-4215,4221,4222]],"type":"Polygon","properties":{"pref":"山口県","city":"山口市","code5":"35203","code6":"352039"}},{"arcs":[[[-4001,-4030,-4223,4223,4224,4225,4226,4227]],[[4228]],[[4229]],[[4230]]],"type":"MultiPolygon","properties":{"pref":"山口県","city":"萩市","code5":"35204","code6":"352047"}},{"arcs":[[[-4220,4231,4232]],[[4233]]],"type":"MultiPolygon","properties":{"pref":"山口県","city":"防府市","code5":"35206","code6":"352063"}},{"arcs":[[[4234,4235,4236]],[[4237]]],"type":"MultiPolygon","properties":{"pref":"山口県","city":"下松市","code5":"35207","code6":"352071"}},{"arcs":[[[-3998,-4186,-4174,4238,4239,4240,4241,4242,4243,-4031]],[[4244]]],"type":"MultiPolygon","properties":{"pref":"山口県","city":"岩国市","code5":"35208","code6":"352080"}},{"arcs":[[[-4235,4245,-4243,4246,4247,4248,4249]],[[4250]]],"type":"MultiPolygon","properties":{"pref":"山口県","city":"光市","code5":"35210","code6":"352101"}},{"arcs":[[[-4209,4251,-4225,4252]],[[4253]]],"type":"MultiPolygon","properties":{"pref":"山口県","city":"長門市","code5":"35211","code6":"352110"}},{"arcs":[[[-4241,4254,4255,4256,4257,-4248,4258]],[[4259]]],"type":"MultiPolygon","properties":{"pref":"山口県","city":"柳井市","code5":"35212","code6":"352128"}},{"arcs":[[-4210,-4253,-4224,-4222,-4218,4260]],"type":"Polygon","properties":{"pref":"山口県","city":"美祢市","code5":"35213","code6":"352136"}},{"arcs":[[[-4032,-4244,-4246,-4237,4261,-4232,-4219]],[[4262]],[[4263]]],"type":"MultiPolygon","properties":{"pref":"山口県","city":"周南市","code5":"35215","code6":"352152"}},{"arcs":[[-4211,-4261,-4217,4264]],"type":"Polygon","properties":{"pref":"山口県","city":"山陽小野田市","code5":"35216","code6":"352161"}},{"arcs":[[[4265]],[[4266]],[[4267]]],"type":"MultiPolygon","properties":{"pref":"山口県","county":"大島郡","city":"周防大島町","code5":"35305","code6":"353051"}},{"arcs":[[-4173,4268,-4239]],"type":"Polygon","properties":{"pref":"山口県","county":"玖珂郡","city":"和木町","code5":"35321","code6":"353213"}},{"arcs":[[[4269]],[[-4256,4270,4271]],[[4272]],[[4273]]],"type":"MultiPolygon","properties":{"pref":"山口県","county":"熊毛郡","city":"上関町","code5":"35341","code6":"353418"}},{"arcs":[[[-4249,-4258,4274,4275]],[[-4242,-4259,-4247]]],"type":"MultiPolygon","properties":{"pref":"山口県","county":"熊毛郡","city":"田布施町","code5":"35343","code6":"353434"}},{"arcs":[[[-4257,-4272,4276,-4275]],[[4277]]],"type":"MultiPolygon","properties":{"pref":"山口県","county":"熊毛郡","city":"平生町","code5":"35344","code6":"353442"}},{"arcs":[[-4227,4278]],"type":"Polygon","properties":{"pref":"山口県","county":"阿武郡","city":"阿武町","code5":"35502","code6":"355020"}},{"arcs":[[[4279,4280,4281,4282,4283,4284,4285,4286,4287]],[[4288]]],"type":"MultiPolygon","properties":{"pref":"徳島県","city":"徳島市","code5":"36201","code6":"362018"}},{"arcs":[[[4289,4290,4291,4292,4293,4294]],[[4295]],[[4296]]],"type":"MultiPolygon","properties":{"pref":"徳島県","city":"鳴門市","code5":"36202","code6":"362026"}},{"arcs":[[-4281,4297,4298,4299]],"type":"Polygon","properties":{"pref":"徳島県","city":"小松島市","code5":"36203","code6":"362034"}},{"arcs":[[[-4299,4300,4301,4302,4303]],[[4304]]],"type":"MultiPolygon","properties":{"pref":"徳島県","city":"阿南市","code5":"36204","code6":"362042"}},{"arcs":[[4305,4306,4307,4308,4309]],"type":"Polygon","properties":{"pref":"徳島県","city":"吉野川市","code5":"36205","code6":"362051"}},{"arcs":[[-4309,4310,4311,4312]],"type":"Polygon","properties":{"pref":"徳島県","city":"阿波市","code5":"36206","code6":"362069"}},{"arcs":[[-4308,4313,4314,4315,4316,4317,4318,4319,4320,4321,-4311]],"type":"Polygon","properties":{"pref":"徳島県","city":"美馬市","code5":"36207","code6":"362077"}},{"arcs":[[[-4316,4322,4323,4324,4325,4326,4327,4328,4329]],[[-4318,4330,4331,4332]]],"type":"MultiPolygon","properties":{"pref":"徳島県","city":"三好市","code5":"36208","code6":"362085"}},{"arcs":[[-4282,-4300,-4304,4333,4334,4335]],"type":"Polygon","properties":{"pref":"徳島県","county":"勝浦郡","city":"勝浦町","code5":"36301","code6":"363014"}},{"arcs":[[-4335,4336,4337,4338]],"type":"Polygon","properties":{"pref":"徳島県","county":"勝浦郡","city":"上勝町","code5":"36302","code6":"363022"}},{"arcs":[[-4283,-4336,-4339,4339]],"type":"Polygon","properties":{"pref":"徳島県","county":"名東郡","city":"佐那河内村","code5":"36321","code6":"363219"}},{"arcs":[[-4285,4340,-4306,4341,4342]],"type":"Polygon","properties":{"pref":"徳島県","county":"名西郡","city":"石井町","code5":"36341","code6":"363413"}},{"arcs":[[-4284,-4340,-4338,4343,-4314,-4307,-4341]],"type":"Polygon","properties":{"pref":"徳島県","county":"名西郡","city":"神山町","code5":"36342","code6":"363421"}},{"arcs":[[-4303,4344,4345,4346,4347,4348,-4323,-4315,-4344,-4337,-4334]],"type":"Polygon","properties":{"pref":"徳島県","county":"那賀郡","city":"那賀町","code5":"36368","code6":"363685"}},{"arcs":[[[4349,4350,4351]],[[4352]]],"type":"MultiPolygon","properties":{"pref":"徳島県","county":"海部郡","city":"牟岐町","code5":"36383","code6":"363839"}},{"arcs":[[-4302,4353,-4352,4354,-4345]],"type":"Polygon","properties":{"pref":"徳島県","county":"海部郡","city":"美波町","code5":"36387","code6":"363871"}},{"arcs":[[-4346,-4355,-4351,4355,4356,4357,4358]],"type":"Polygon","properties":{"pref":"徳島県","county":"海部郡","city":"海陽町","code5":"36388","code6":"363880"}},{"arcs":[[-4288,4359,-4290,4360]],"type":"Polygon","properties":{"pref":"徳島県","county":"板野郡","city":"松茂町","code5":"36401","code6":"364011"}},{"arcs":[[-4287,4361,-4291,-4360]],"type":"Polygon","properties":{"pref":"徳島県","county":"板野郡","city":"北島町","code5":"36402","code6":"364029"}},{"arcs":[[-4286,-4343,4362,4363,-4292,-4362]],"type":"Polygon","properties":{"pref":"徳島県","county":"板野郡","city":"藍住町","code5":"36403","code6":"364037"}},{"arcs":[[-4293,-4364,4364,4365]],"type":"Polygon","properties":{"pref":"徳島県","county":"板野郡","city":"板野町","code5":"36404","code6":"364045"}},{"arcs":[[-4310,-4313,4366,-4365,-4363,-4342]],"type":"Polygon","properties":{"pref":"徳島県","county":"板野郡","city":"上板町","code5":"36405","code6":"364053"}},{"arcs":[[-4317,-4330,4367,-4331]],"type":"Polygon","properties":{"pref":"徳島県","county":"美馬郡","city":"つるぎ町","code5":"36468","code6":"364681"}},{"arcs":[[-4329,4368,4369,-4332,-4368]],"type":"Polygon","properties":{"pref":"徳島県","county":"三好郡","city":"東みよし町","code5":"36489","code6":"364894"}},{"arcs":[[[-4320,4370,4371,4372,4373,4374,4375]],[[4376]],[[4377]]],"type":"MultiPolygon","properties":{"pref":"香川県","city":"高松市","code5":"37201","code6":"372013"}},{"arcs":[[[4378,4379,4380,4381,4382,4383,4384]],[[4385]],[[4386]],[[4387]]],"type":"MultiPolygon","properties":{"pref":"香川県","city":"丸亀市","code5":"37202","code6":"372021"}},{"arcs":[[[-4373,4388,-4380,4389,4390,4391,4392]],[[4393]]],"type":"MultiPolygon","properties":{"pref":"香川県","city":"坂出市","code5":"37203","code6":"372030"}},{"arcs":[[-4383,4394,4395,4396,4397]],"type":"Polygon","properties":{"pref":"香川県","city":"善通寺市","code5":"37204","code6":"372048"}},{"arcs":[[[-4327,4398,4399,4400]],[[4401]]],"type":"MultiPolygon","properties":{"pref":"香川県","city":"観音寺市","code5":"37205","code6":"372056"}},{"arcs":[[-4322,4402,-4375,4403,4404]],"type":"Polygon","properties":{"pref":"香川県","city":"さぬき市","code5":"37206","code6":"372064"}},{"arcs":[[-4294,-4366,-4367,-4312,-4405,4405]],"type":"Polygon","properties":{"pref":"香川県","city":"東かがわ市","code5":"37207","code6":"372072"}},{"arcs":[[[-4328,-4401,4406,4407,-4397,4408,4409,-4369]],[[4410]]],"type":"MultiPolygon","properties":{"pref":"香川県","city":"三豊市","code5":"37208","code6":"372081"}},{"arcs":[[[4411,4412]],[[4413]],[[4414]],[[4415]]],"type":"MultiPolygon","properties":{"pref":"香川県","county":"小豆郡","city":"土庄町","code5":"37322","code6":"373222"}},{"arcs":[[-4412,4416]],"type":"Polygon","properties":{"pref":"香川県","county":"小豆郡","city":"小豆島町","code5":"37324","code6":"373249"}},{"arcs":[[-4321,-4376,-4403]],"type":"Polygon","properties":{"pref":"香川県","county":"木田郡","city":"三木町","code5":"37341","code6":"373419"}},{"arcs":[[[4417]],[[-4055,4418]]],"type":"MultiPolygon","properties":{"pref":"香川県","county":"香川郡","city":"直島町","code5":"37364","code6":"373648"}},{"arcs":[[[-4379,4419,-4390]],[[-4392,4420]]],"type":"MultiPolygon","properties":{"pref":"香川県","county":"綾歌郡","city":"宇多津町","code5":"37386","code6":"373869"}},{"arcs":[[-4372,4421,-4381,-4389]],"type":"Polygon","properties":{"pref":"香川県","county":"綾歌郡","city":"綾川町","code5":"37387","code6":"373877"}},{"arcs":[[-4396,4422,-4409]],"type":"Polygon","properties":{"pref":"香川県","county":"仲多度郡","city":"琴平町","code5":"37403","code6":"374032"}},{"arcs":[[[-4384,-4398,-4408,4423]],[[4424]],[[4425]]],"type":"MultiPolygon","properties":{"pref":"香川県","county":"仲多度郡","city":"多度津町","code5":"37404","code6":"374041"}},{"arcs":[[-4319,-4333,-4370,-4410,-4423,-4395,-4382,-4422,-4371]],"type":"Polygon","properties":{"pref":"香川県","county":"仲多度郡","city":"まんのう町","code5":"37406","code6":"374067"}},{"arcs":[[[4426,4427,4428,4429,4430,4431]],[[4432]],[[4433]],[[4434]],[[4435]],[[4436]],[[4437]],[[4438]]],"type":"MultiPolygon","properties":{"pref":"愛媛県","city":"松山市","code5":"38201","code6":"382019"}},{"arcs":[[[-4432,4439,4440,4441]],[[4442]],[[4443]],[[4444]],[[4445]],[[4446]]],"type":"MultiPolygon","properties":{"pref":"愛媛県","city":"今治市","code5":"38202","code6":"382027"}},{"arcs":[[[4447,4448,4449,4450,4451,4452,4453]],[[4454]],[[4455]],[[4456]]],"type":"MultiPolygon","properties":{"pref":"愛媛県","city":"宇和島市","code5":"38203","code6":"382035"}},{"arcs":[[4457,4458,4459,4460,4461]],"type":"Polygon","properties":{"pref":"愛媛県","city":"八幡浜市","code5":"38204","code6":"382043"}},{"arcs":[[[4462,4463,4464,4465,4466]],[[4467]]],"type":"MultiPolygon","properties":{"pref":"愛媛県","city":"新居浜市","code5":"38205","code6":"382051"}},{"arcs":[[-4441,4468,-4466,4469,4470,4471]],"type":"Polygon","properties":{"pref":"愛媛県","city":"西条市","code5":"38206","code6":"382060"}},{"arcs":[[-4458,4472,4473,4474,4475]],"type":"Polygon","properties":{"pref":"愛媛県","city":"大洲市","code5":"38207","code6":"382078"}},{"arcs":[[-4474,4476,4477,4478,4479]],"type":"Polygon","properties":{"pref":"愛媛県","city":"伊予市","code5":"38210","code6":"382108"}},{"arcs":[[-4326,4480,4481,4482,4483,-4463,4484,-4399]],"type":"Polygon","properties":{"pref":"愛媛県","city":"四国中央市","code5":"38213","code6":"382132"}},{"arcs":[[-4454,4485,-4459,-4476,4486,4487,4488,4489]],"type":"Polygon","properties":{"pref":"愛媛県","city":"西予市","code5":"38214","code6":"382141"}},{"arcs":[[-4427,-4442,-4472,4490]],"type":"Polygon","properties":{"pref":"愛媛県","city":"東温市","code5":"38215","code6":"382159"}},{"arcs":[[[4491]],[[4492]],[[4493]],[[4494]],[[4495]],[[4496]],[[4497]]],"type":"MultiPolygon","properties":{"pref":"愛媛県","county":"越智郡","city":"上島町","code5":"38356","code6":"383562"}},{"arcs":[[-4428,-4491,-4471,4498,4499,4500,4501,-4488,4502,4503]],"type":"Polygon","properties":{"pref":"愛媛県","county":"上浮穴郡","city":"久万高原町","code5":"38386","code6":"383864"}},{"arcs":[[-4430,4504,-4478,4505]],"type":"Polygon","properties":{"pref":"愛媛県","county":"伊予郡","city":"松前町","code5":"38401","code6":"384011"}},{"arcs":[[-4429,-4504,4506,-4479,-4505]],"type":"Polygon","properties":{"pref":"愛媛県","county":"伊予郡","city":"砥部町","code5":"38402","code6":"384020"}},{"arcs":[[-4475,-4480,-4507,-4503,-4487]],"type":"Polygon","properties":{"pref":"愛媛県","county":"喜多郡","city":"内子町","code5":"38422","code6":"384224"}},{"arcs":[[-4461,4507]],"type":"Polygon","properties":{"pref":"愛媛県","county":"西宇和郡","city":"伊方町","code5":"38442","code6":"384429"}},{"arcs":[[-4449,4508,4509,4510]],"type":"Polygon","properties":{"pref":"愛媛県","county":"北宇和郡","city":"松野町","code5":"38484","code6":"384844"}},{"arcs":[[-4448,-4490,4511,4512,-4509]],"type":"Polygon","properties":{"pref":"愛媛県","county":"北宇和郡","city":"鬼北町","code5":"38488","code6":"384887"}},{"arcs":[[-4452,4513,4514]],"type":"Polygon","properties":{"pref":"愛媛県","county":"南宇和郡","city":"愛南町","code5":"38506","code6":"385069"}},{"arcs":[[4515,4516,4517,4518,4519]],"type":"Polygon","properties":{"pref":"高知県","city":"高知市","code5":"39201","code6":"392014"}},{"arcs":[[4520,4521,4522,4523]],"type":"Polygon","properties":{"pref":"高知県","city":"室戸市","code5":"39202","code6":"392022"}},{"arcs":[[-4348,4524,4525,4526,4527,4528,4529]],"type":"Polygon","properties":{"pref":"高知県","city":"安芸市","code5":"39203","code6":"392031"}},{"arcs":[[-4516,4530,4531,4532,4533,4534]],"type":"Polygon","properties":{"pref":"高知県","city":"南国市","code5":"39204","code6":"392049"}},{"arcs":[[[-4518,4535,4536,4537,4538,4539]],[[4540,4541]]],"type":"MultiPolygon","properties":{"pref":"高知県","city":"土佐市","code5":"39205","code6":"392057"}},{"arcs":[[-4537,4542,-4541,4543,4544,4545,4546]],"type":"Polygon","properties":{"pref":"高知県","city":"須崎市","code5":"39206","code6":"392065"}},{"arcs":[[[-4451,4547,4548,4549,4550,4551,-4514]],[[4552]],[[4553]]],"type":"MultiPolygon","properties":{"pref":"高知県","city":"宿毛市","code5":"39208","code6":"392081"}},{"arcs":[[-4550,4554,4555,4556,4557]],"type":"Polygon","properties":{"pref":"高知県","city":"土佐清水市","code5":"39209","code6":"392090"}},{"arcs":[[-4450,-4511,4558,4559,4560,-4556,4561,-4548]],"type":"Polygon","properties":{"pref":"高知県","city":"四万十市","code5":"39210","code6":"392103"}},{"arcs":[[-4529,4562,4563,-4534,4564]],"type":"Polygon","properties":{"pref":"高知県","city":"香南市","code5":"39211","code6":"392111"}},{"arcs":[[-4324,-4349,-4530,-4565,-4533,4565,4566]],"type":"Polygon","properties":{"pref":"高知県","city":"香美市","code5":"39212","code6":"392120"}},{"arcs":[[-4357,4567,-4524,4568]],"type":"Polygon","properties":{"pref":"高知県","county":"安芸郡","city":"東洋町","code5":"39301","code6":"393011"}},{"arcs":[[-4522,4569,4570,4571]],"type":"Polygon","properties":{"pref":"高知県","county":"安芸郡","city":"奈半利町","code5":"39302","code6":"393029"}},{"arcs":[[-4571,4572,4573,4574]],"type":"Polygon","properties":{"pref":"高知県","county":"安芸郡","city":"田野町","code5":"39303","code6":"393037"}},{"arcs":[[-4526,4575,4576,-4574,4577]],"type":"Polygon","properties":{"pref":"高知県","county":"安芸郡","city":"安田町","code5":"39304","code6":"393045"}},{"arcs":[[-4358,-4569,-4523,-4572,-4575,-4577,4578]],"type":"Polygon","properties":{"pref":"高知県","county":"安芸郡","city":"北川村","code5":"39305","code6":"393053"}},{"arcs":[[-4347,-4359,-4579,-4576,-4525]],"type":"Polygon","properties":{"pref":"高知県","county":"安芸郡","city":"馬路村","code5":"39306","code6":"393061"}},{"arcs":[[-4528,4579,-4563]],"type":"Polygon","properties":{"pref":"高知県","county":"安芸郡","city":"芸西村","code5":"39307","code6":"393070"}},{"arcs":[[-4482,4580,-4566,-4532,4581]],"type":"Polygon","properties":{"pref":"高知県","county":"長岡郡","city":"本山町","code5":"39341","code6":"393410"}},{"arcs":[[-4325,-4567,-4581,-4481]],"type":"Polygon","properties":{"pref":"高知県","county":"長岡郡","city":"大豊町","code5":"39344","code6":"393444"}},{"arcs":[[-4483,-4582,-4531,-4520,4582,4583]],"type":"Polygon","properties":{"pref":"高知県","county":"土佐郡","city":"土佐町","code5":"39363","code6":"393631"}},{"arcs":[[-4464,-4484,-4584,4584]],"type":"Polygon","properties":{"pref":"高知県","county":"土佐郡","city":"大川村","code5":"39364","code6":"393649"}},{"arcs":[[-4465,-4585,-4583,-4519,-4540,4585,4586,4587,-4499,-4470]],"type":"Polygon","properties":{"pref":"高知県","county":"吾川郡","city":"いの町","code5":"39386","code6":"393860"}},{"arcs":[[-4500,-4588,4588,4589]],"type":"Polygon","properties":{"pref":"高知県","county":"吾川郡","city":"仁淀川町","code5":"39387","code6":"393878"}},{"arcs":[[-4545,4590,4591,4592]],"type":"Polygon","properties":{"pref":"高知県","county":"高岡郡","city":"中土佐町","code5":"39401","code6":"394017"}},{"arcs":[[-4538,-4547,4593,4594,4595]],"type":"Polygon","properties":{"pref":"高知県","county":"高岡郡","city":"佐川町","code5":"39402","code6":"394025"}},{"arcs":[[-4587,4596,-4595,4597,-4589]],"type":"Polygon","properties":{"pref":"高知県","county":"高岡郡","city":"越知町","code5":"39403","code6":"394033"}},{"arcs":[[-4489,-4502,4598,4599,-4512]],"type":"Polygon","properties":{"pref":"高知県","county":"高岡郡","city":"檮原町","code5":"39405","code6":"394050"}},{"arcs":[[-4539,-4596,-4597,-4586]],"type":"Polygon","properties":{"pref":"高知県","county":"高岡郡","city":"日高村","code5":"39410","code6":"394106"}},{"arcs":[[-4501,-4590,-4598,-4594,-4546,-4593,4600,-4599]],"type":"Polygon","properties":{"pref":"高知県","county":"高岡郡","city":"津野町","code5":"39411","code6":"394114"}},{"arcs":[[-4510,-4513,-4600,-4601,-4592,4601,4602,-4559]],"type":"Polygon","properties":{"pref":"高知県","county":"高岡郡","city":"四万十町","code5":"39412","code6":"394122"}},{"arcs":[[-4551,-4558,4603]],"type":"Polygon","properties":{"pref":"高知県","county":"幡多郡","city":"大月町","code5":"39424","code6":"394246"}},{"arcs":[[-4549,-4562,-4555]],"type":"Polygon","properties":{"pref":"高知県","county":"幡多郡","city":"三原村","code5":"39427","code6":"394271"}},{"arcs":[[-4560,-4603,4604]],"type":"Polygon","properties":{"pref":"高知県","county":"幡多郡","city":"黒潮町","code5":"39428","code6":"394289"}},{"arcs":[[4605,4606,4607,4608]],"type":"Polygon","properties":{"pref":"福岡県","city":"大牟田市","code5":"40202","code6":"402028"}},{"arcs":[[4609,4610,4611,4612,4613,4614,4615,4616,4617,4618,4619,4620]],"type":"Polygon","properties":{"pref":"福岡県","city":"久留米市","code5":"40203","code6":"402036"}},{"arcs":[[4621,4622,4623,4624,4625,4626]],"type":"Polygon","properties":{"pref":"福岡県","city":"直方市","code5":"40204","code6":"402044"}},{"arcs":[[-4623,4627,4628,4629,4630,4631,4632,4633,4634,4635,4636,4637,4638,4639]],"type":"Polygon","properties":{"pref":"福岡県","city":"飯塚市","code5":"40205","code6":"402052"}},{"arcs":[[-4630,4640,4641,4642,4643,4644,4645]],"type":"Polygon","properties":{"pref":"福岡県","city":"田川市","code5":"40206","code6":"402061"}},{"arcs":[[4646,4647,4648,4649,4650,4651]],"type":"Polygon","properties":{"pref":"福岡県","city":"柳川市","code5":"40207","code6":"402079"}},{"arcs":[[-4612,4652,4653,4654,4655,4656,4657,4658]],"type":"Polygon","properties":{"pref":"福岡県","city":"八女市","code5":"40210","code6":"402109"}},{"arcs":[[-4614,4659,-4658,4660,-4647,4661]],"type":"Polygon","properties":{"pref":"福岡県","city":"筑後市","code5":"40211","code6":"402117"}},{"arcs":[[-4616,4662,-4651,4663,4664]],"type":"Polygon","properties":{"pref":"福岡県","city":"大川市","code5":"40212","code6":"402125"}},{"arcs":[[4665,4666,4667,4668,4669]],"type":"Polygon","properties":{"pref":"福岡県","city":"行橋市","code5":"40213","code6":"402133"}},{"arcs":[[4670,4671,4672,4673,4674]],"type":"Polygon","properties":{"pref":"福岡県","city":"豊前市","code5":"40214","code6":"402141"}},{"arcs":[[4675,4676,4677,4678]],"type":"Polygon","properties":{"pref":"福岡県","city":"中間市","code5":"40215","code6":"402150"}},{"arcs":[[-4620,4679,4680,4681,4682,4683]],"type":"Polygon","properties":{"pref":"福岡県","city":"小郡市","code5":"40216","code6":"402168"}},{"arcs":[[-4635,4684,-4682,4685,4686,4687,4688,4689,4690]],"type":"Polygon","properties":{"pref":"福岡県","city":"筑紫野市","code5":"40217","code6":"402176"}},{"arcs":[[4691,4692,4693]],"type":"Polygon","properties":{"pref":"福岡県","city":"春日市","code5":"40218","code6":"402184"}},{"arcs":[[4694,4695,4696,-4689,4697,-4692]],"type":"Polygon","properties":{"pref":"福岡県","city":"大野城市","code5":"40219","code6":"402192"}},{"arcs":[[[4698,4699,4700,4701,4702]],[[4703]],[[4704]]],"type":"MultiPolygon","properties":{"pref":"福岡県","city":"宗像市","code5":"40220","code6":"402206"}},{"arcs":[[-4690,-4697,4705]],"type":"Polygon","properties":{"pref":"福岡県","city":"太宰府市","code5":"40221","code6":"402214"}},{"arcs":[[4706,4707,4708,4709,4710]],"type":"Polygon","properties":{"pref":"福岡県","city":"古賀市","code5":"40223","code6":"402231"}},{"arcs":[[-4702,4711,-4711,4712]],"type":"Polygon","properties":{"pref":"福岡県","city":"福津市","code5":"40224","code6":"402249"}},{"arcs":[[-4611,4713,4714,-4653]],"type":"Polygon","properties":{"pref":"福岡県","city":"うきは市","code5":"40225","code6":"402257"}},{"arcs":[[-4625,4715,-4639,4716,4717,-4707,-4712,-4701,4718]],"type":"Polygon","properties":{"pref":"福岡県","city":"宮若市","code5":"40226","code6":"402265"}},{"arcs":[[-4631,-4646,4719,4720,4721,4722,4723,-4633,4724]],"type":"Polygon","properties":{"pref":"福岡県","city":"嘉麻市","code5":"40227","code6":"402273"}},{"arcs":[[-4610,4725,4726,-4723,4727,4728,-4714]],"type":"Polygon","properties":{"pref":"福岡県","city":"朝倉市","code5":"40228","code6":"402281"}},{"arcs":[[-4609,4729,-4648,-4661,-4657,4730,4731]],"type":"Polygon","properties":{"pref":"福岡県","city":"みやま市","code5":"40229","code6":"402290"}},{"arcs":[[4732,4733,4734,4735]],"type":"Polygon","properties":{"pref":"福岡県","city":"糸島市","code5":"40230","code6":"402303"}},{"arcs":[[-4693,-4698,-4688,4736,4737,4738,4739,4740]],"type":"Polygon","properties":{"pref":"福岡県","city":"那珂川市","code5":"40231","code6":"402311"}},{"arcs":[[4741,4742,4743,-4636,-4691,-4706,-4696]],"type":"Polygon","properties":{"pref":"福岡県","county":"糟屋郡","city":"宇美町","code5":"40341","code6":"403415"}},{"arcs":[[-4638,4744,4745,4746,-4717]],"type":"Polygon","properties":{"pref":"福岡県","county":"糟屋郡","city":"篠栗町","code5":"40342","code6":"403423"}},{"arcs":[[4747,4748,-4743,4749]],"type":"Polygon","properties":{"pref":"福岡県","county":"糟屋郡","city":"志免町","code5":"40343","code6":"403431"}},{"arcs":[[-4637,-4744,-4749,4750,-4745]],"type":"Polygon","properties":{"pref":"福岡県","county":"糟屋郡","city":"須恵町","code5":"40344","code6":"403440"}},{"arcs":[[[4751,4752,-4709,4753]],[[4754]]],"type":"MultiPolygon","properties":{"pref":"福岡県","county":"糟屋郡","city":"新宮町","code5":"40345","code6":"403458"}},{"arcs":[[4755,-4754,-4708,-4718,-4747,4756]],"type":"Polygon","properties":{"pref":"福岡県","county":"糟屋郡","city":"久山町","code5":"40348","code6":"403482"}},{"arcs":[[4757,-4757,-4746,-4751,-4748]],"type":"Polygon","properties":{"pref":"福岡県","county":"糟屋郡","city":"粕屋町","code5":"40349","code6":"403491"}},{"arcs":[[4758,4759,4760,4761,4762]],"type":"Polygon","properties":{"pref":"福岡県","county":"遠賀郡","city":"芦屋町","code5":"40381","code6":"403814"}},{"arcs":[[4763,-4679,4764,-4760]],"type":"Polygon","properties":{"pref":"福岡県","county":"遠賀郡","city":"水巻町","code5":"40382","code6":"403822"}},{"arcs":[[-4699,4765,-4762,4766]],"type":"Polygon","properties":{"pref":"福岡県","county":"遠賀郡","city":"岡垣町","code5":"40383","code6":"403831"}},{"arcs":[[-4678,4767,-4767,-4761,-4765]],"type":"Polygon","properties":{"pref":"福岡県","county":"遠賀郡","city":"遠賀町","code5":"40384","code6":"403849"}},{"arcs":[[-4624,-4640,-4716]],"type":"Polygon","properties":{"pref":"福岡県","county":"鞍手郡","city":"小竹町","code5":"40401","code6":"404012"}},{"arcs":[[4768,-4626,-4719,-4700,-4768,-4677]],"type":"Polygon","properties":{"pref":"福岡県","county":"鞍手郡","city":"鞍手町","code5":"40402","code6":"404021"}},{"arcs":[[-4632,-4725]],"type":"Polygon","properties":{"pref":"福岡県","county":"嘉穂郡","city":"桂川町","code5":"40421","code6":"404217"}},{"arcs":[[-4634,-4724,-4727,4769,-4683,-4685]],"type":"Polygon","properties":{"pref":"福岡県","county":"朝倉郡","city":"筑前町","code5":"40447","code6":"404471"}},{"arcs":[[-4722,4770,4771,-4728]],"type":"Polygon","properties":{"pref":"福岡県","county":"朝倉郡","city":"東峰村","code5":"40448","code6":"404489"}},{"arcs":[[-4621,-4684,-4770,-4726]],"type":"Polygon","properties":{"pref":"福岡県","county":"三井郡","city":"大刀洗町","code5":"40503","code6":"405035"}},{"arcs":[[-4615,-4662,-4652,-4663]],"type":"Polygon","properties":{"pref":"福岡県","county":"三潴郡","city":"大木町","code5":"40522","code6":"405221"}},{"arcs":[[-4613,-4659,-4660]],"type":"Polygon","properties":{"pref":"福岡県","county":"八女郡","city":"広川町","code5":"40544","code6":"405442"}},{"arcs":[[4772,4773,4774,4775,-4643,4776]],"type":"Polygon","properties":{"pref":"福岡県","county":"田川郡","city":"香春町","code5":"40601","code6":"406015"}},{"arcs":[[-4721,4777,4778,4779,4780,4781,4782,-4771]],"type":"Polygon","properties":{"pref":"福岡県","county":"田川郡","city":"添田町","code5":"40602","code6":"406023"}},{"arcs":[[-4629,4783,-4641]],"type":"Polygon","properties":{"pref":"福岡県","county":"田川郡","city":"糸田町","code5":"40604","code6":"406040"}},{"arcs":[[-4645,4784,-4778,-4720]],"type":"Polygon","properties":{"pref":"福岡県","county":"田川郡","city":"川崎町","code5":"40605","code6":"406058"}},{"arcs":[[-4644,-4776,4785,-4779,-4785]],"type":"Polygon","properties":{"pref":"福岡県","county":"田川郡","city":"大任町","code5":"40608","code6":"406082"}},{"arcs":[[-4775,4786,-4780,-4786]],"type":"Polygon","properties":{"pref":"福岡県","county":"田川郡","city":"赤村","code5":"40609","code6":"406091"}},{"arcs":[[4787,-4777,-4642,-4784,-4628,-4622]],"type":"Polygon","properties":{"pref":"福岡県","county":"田川郡","city":"福智町","code5":"40610","code6":"406104"}},{"arcs":[[[4788,4789,-4667]],[[4790,4791]]],"type":"MultiPolygon","properties":{"pref":"福岡県","county":"京都郡","city":"苅田町","code5":"40621","code6":"406210"}},{"arcs":[[4792,-4670,4793,4794,-4781,-4787,-4774]],"type":"Polygon","properties":{"pref":"福岡県","county":"京都郡","city":"みやこ町","code5":"40625","code6":"406252"}},{"arcs":[[-4671,4795,4796,4797]],"type":"Polygon","properties":{"pref":"福岡県","county":"築上郡","city":"吉富町","code5":"40642","code6":"406422"}},{"arcs":[[-4672,-4798,4798]],"type":"Polygon","properties":{"pref":"福岡県","county":"築上郡","city":"上毛町","code5":"40646","code6":"406465"}},{"arcs":[[-4669,4799,-4674,4800,-4794]],"type":"Polygon","properties":{"pref":"福岡県","county":"築上郡","city":"築上町","code5":"40647","code6":"406473"}},{"arcs":[[4801,4802,-4664,-4650,4803,4804,4805,4806,-4734]],"type":"Polygon","properties":{"pref":"佐賀県","city":"佐賀市","code5":"41201","code6":"412015"}},{"arcs":[[[-4735,-4807,4807,4808,4809,4810,4811,4812]],[[4813]],[[4814]],[[4815]],[[4816]]],"type":"MultiPolygon","properties":{"pref":"佐賀県","city":"唐津市","code5":"41202","code6":"412023"}},{"arcs":[[-4619,4817,-4737,-4687,4818,-4680]],"type":"Polygon","properties":{"pref":"佐賀県","city":"鳥栖市","code5":"41203","code6":"412031"}},{"arcs":[[-4808,4819,4820,4821,4822]],"type":"Polygon","properties":{"pref":"佐賀県","city":"多久市","code5":"41204","code6":"412040"}},{"arcs":[[-4810,4823,4824,4825,4826,4827]],"type":"Polygon","properties":{"pref":"佐賀県","city":"伊万里市","code5":"41205","code6":"412058"}},{"arcs":[[-4809,-4823,4828,4829,4830,4831,4832,-4824]],"type":"Polygon","properties":{"pref":"佐賀県","city":"武雄市","code5":"41206","code6":"412066"}},{"arcs":[[4833,4834,4835,4836,4837]],"type":"Polygon","properties":{"pref":"佐賀県","city":"鹿島市","code5":"41207","code6":"412074"}},{"arcs":[[-4806,4838,4839,-4820]],"type":"Polygon","properties":{"pref":"佐賀県","city":"小城市","code5":"41208","code6":"412082"}},{"arcs":[[-4831,4840,-4837,4841,4842,4843,4844]],"type":"Polygon","properties":{"pref":"佐賀県","city":"嬉野市","code5":"41209","code6":"412091"}},{"arcs":[[4845,4846,4847,-4617,-4665,-4803]],"type":"Polygon","properties":{"pref":"佐賀県","city":"神埼市","code5":"41210","code6":"412104"}},{"arcs":[[4848,-4740,4849,4850,-4847]],"type":"Polygon","properties":{"pref":"佐賀県","county":"神埼郡","city":"吉野ヶ里町","code5":"41327","code6":"413275"}},{"arcs":[[-4681,-4819,-4686]],"type":"Polygon","properties":{"pref":"佐賀県","county":"三養基郡","city":"基山町","code5":"41341","code6":"413411"}},{"arcs":[[-4739,4851,-4850]],"type":"Polygon","properties":{"pref":"佐賀県","county":"三養基郡","city":"上峰町","code5":"41345","code6":"413453"}},{"arcs":[[-4618,-4848,-4851,-4852,-4738,-4818]],"type":"Polygon","properties":{"pref":"佐賀県","county":"三養基郡","city":"みやき町","code5":"41346","code6":"413461"}},{"arcs":[[-4812,4852]],"type":"Polygon","properties":{"pref":"佐賀県","county":"東松浦郡","city":"玄海町","code5":"41387","code6":"413879"}},{"arcs":[[-4825,-4833,4853,4854]],"type":"Polygon","properties":{"pref":"佐賀県","county":"西松浦郡","city":"有田町","code5":"41401","code6":"414018"}},{"arcs":[[-4822,4855,4856,-4829]],"type":"Polygon","properties":{"pref":"佐賀県","county":"杵島郡","city":"大町町","code5":"41423","code6":"414239"}},{"arcs":[[-4821,-4840,4857,-4856]],"type":"Polygon","properties":{"pref":"佐賀県","county":"杵島郡","city":"江北町","code5":"41424","code6":"414247"}},{"arcs":[[-4805,4858,-4838,-4841,-4830,-4857,-4858,-4839]],"type":"Polygon","properties":{"pref":"佐賀県","county":"杵島郡","city":"白石町","code5":"41425","code6":"414255"}},{"arcs":[[-4835,4859,4860,4861]],"type":"Polygon","properties":{"pref":"佐賀県","county":"藤津郡","city":"太良町","code5":"41441","code6":"414417"}},{"arcs":[[[4862,4863,4864,4865,4866,4867]],[[4868]],[[4869]],[[4870]],[[4871]],[[4872]]],"type":"MultiPolygon","properties":{"pref":"長崎県","city":"長崎市","code5":"42201","code6":"422011"}},{"arcs":[[[-4826,-4855,4873,4874,4875,4876,4877,4878,4879]],[[4880]],[[4881]],[[4882]],[[4883]],[[4884]]],"type":"MultiPolygon","properties":{"pref":"長崎県","city":"佐世保市","code5":"42202","code6":"422029"}},{"arcs":[[4885,4886,4887]],"type":"Polygon","properties":{"pref":"長崎県","city":"島原市","code5":"42203","code6":"422037"}},{"arcs":[[-4861,4888,4889,4890,-4866,4891,4892,4893]],"type":"Polygon","properties":{"pref":"長崎県","city":"諫早市","code5":"42204","code6":"422045"}},{"arcs":[[[-4836,-4862,-4894,4894,4895,-4842]],[[4896]]],"type":"MultiPolygon","properties":{"pref":"長崎県","city":"大村市","code5":"42205","code6":"422053"}},{"arcs":[[[4897]],[[-4879,4898,4899]],[[4900]],[[4901]],[[4902]]],"type":"MultiPolygon","properties":{"pref":"長崎県","city":"平戸市","code5":"42207","code6":"422070"}},{"arcs":[[[-4827,-4880,-4900,4903]],[[4904]],[[4905]]],"type":"MultiPolygon","properties":{"pref":"長崎県","city":"松浦市","code5":"42208","code6":"422088"}},{"arcs":[[[4906]],[[4907]],[[4908]],[[4909]],[[4910]]],"type":"MultiPolygon","properties":{"pref":"長崎県","city":"対馬市","code5":"42209","code6":"422096"}},{"arcs":[[[4911]],[[4912]]],"type":"MultiPolygon","properties":{"pref":"長崎県","city":"壱岐市","code5":"42210","code6":"422100"}},{"arcs":[[[4913]],[[4914]],[[4915]],[[4916]],[[4917]],[[4918]],[[4919]],[[4920]],[[4921]],[[4922]],[[4923]],[[4924]],[[4925]]],"type":"MultiPolygon","properties":{"pref":"長崎県","city":"五島市","code5":"42211","code6":"422118"}},{"arcs":[[[-4868,4926]],[[4927]],[[4928]],[[4929]],[[4930]],[[4931]],[[4932]],[[4933]]],"type":"MultiPolygon","properties":{"pref":"長崎県","city":"西海市","code5":"42212","code6":"422126"}},{"arcs":[[-4887,4934,4935,-4890,4936]],"type":"Polygon","properties":{"pref":"長崎県","city":"雲仙市","code5":"42213","code6":"422134"}},{"arcs":[[-4886,4937,-4935]],"type":"Polygon","properties":{"pref":"長崎県","city":"南島原市","code5":"42214","code6":"422142"}},{"arcs":[[-4865,4938,4939,-4892]],"type":"Polygon","properties":{"pref":"長崎県","county":"西彼杵郡","city":"長与町","code5":"42307","code6":"423076"}},{"arcs":[[-4864,4940,-4939]],"type":"Polygon","properties":{"pref":"長崎県","county":"西彼杵郡","city":"時津町","code5":"42308","code6":"423084"}},{"arcs":[[-4843,-4896,4941,4942]],"type":"Polygon","properties":{"pref":"長崎県","county":"東彼杵郡","city":"東彼杵町","code5":"42321","code6":"423211"}},{"arcs":[[-4844,-4943,4943,-4875,4944]],"type":"Polygon","properties":{"pref":"長崎県","county":"東彼杵郡","city":"川棚町","code5":"42322","code6":"423220"}},{"arcs":[[-4832,-4845,-4945,-4874,-4854]],"type":"Polygon","properties":{"pref":"長崎県","county":"東彼杵郡","city":"波佐見町","code5":"42323","code6":"423238"}},{"arcs":[[[4945]],[[4946]],[[4947]]],"type":"MultiPolygon","properties":{"pref":"長崎県","county":"北松浦郡","city":"小値賀町","code5":"42383","code6":"423831"}},{"arcs":[[-4877,4948]],"type":"Polygon","properties":{"pref":"長崎県","county":"北松浦郡","city":"佐々町","code5":"42391","code6":"423912"}},{"arcs":[[[4949]],[[4950]],[[4951]],[[4952]],[[4953]]],"type":"MultiPolygon","properties":{"pref":"長崎県","county":"南松浦郡","city":"新上五島町","code5":"42411","code6":"424111"}},{"arcs":[[4954,4955,4956,4957,4958,4959,4960,4961,4962,4963,4964]],"type":"Polygon","properties":{"pref":"熊本県","city":"八代市","code5":"43202","code6":"432024"}},{"arcs":[[4965,4966,4967,4968,4969,4970]],"type":"Polygon","properties":{"pref":"熊本県","city":"人吉市","code5":"43203","code6":"432032"}},{"arcs":[[-4607,4971,4972,4973,4974]],"type":"Polygon","properties":{"pref":"熊本県","city":"荒尾市","code5":"43204","code6":"432041"}},{"arcs":[[4975,4976,4977,4978,4979,4980]],"type":"Polygon","properties":{"pref":"熊本県","city":"水俣市","code5":"43205","code6":"432059"}},{"arcs":[[4981,4982,4983,-4973,4984,4985,4986]],"type":"Polygon","properties":{"pref":"熊本県","city":"玉名市","code5":"43206","code6":"432067"}},{"arcs":[[-4655,4987,4988,4989,4990,4991]],"type":"Polygon","properties":{"pref":"熊本県","city":"山鹿市","code5":"43208","code6":"432083"}},{"arcs":[[4992,-4989,4993,4994,4995,4996]],"type":"Polygon","properties":{"pref":"熊本県","city":"菊池市","code5":"43210","code6":"432105"}},{"arcs":[[4997,4998,4999]],"type":"Polygon","properties":{"pref":"熊本県","city":"宇土市","code5":"43211","code6":"432113"}},{"arcs":[[[5000,5001]],[[5002]],[[5003]],[[5004]],[[5005]]],"type":"MultiPolygon","properties":{"pref":"熊本県","city":"上天草市","code5":"43212","code6":"432121"}},{"arcs":[[[5006,5007,5008,-4955,5009,5010,-4999]],[[5011]]],"type":"MultiPolygon","properties":{"pref":"熊本県","city":"宇城市","code5":"43213","code6":"432130"}},{"arcs":[[-4995,5012,5013,5014,5015,5016,5017,5018]],"type":"Polygon","properties":{"pref":"熊本県","city":"阿蘇市","code5":"43214","code6":"432148"}},{"arcs":[[[5019,5020]],[[-5001,5021]],[[5022]],[[5023]],[[5024]],[[5025]],[[5026]],[[5027]]],"type":"MultiPolygon","properties":{"pref":"熊本県","city":"天草市","code5":"43215","code6":"432156"}},{"arcs":[[5028,-4997,5029,5030]],"type":"Polygon","properties":{"pref":"熊本県","city":"合志市","code5":"43216","code6":"432164"}},{"arcs":[[-4956,-5009,5031,5032,5033]],"type":"Polygon","properties":{"pref":"熊本県","county":"下益城郡","city":"美里町","code5":"43348","code6":"433489"}},{"arcs":[[-4987,5034,-4991,5035]],"type":"Polygon","properties":{"pref":"熊本県","county":"玉名郡","city":"玉東町","code5":"43364","code6":"433641"}},{"arcs":[[-4606,-4732,5036,-4985,-4972]],"type":"Polygon","properties":{"pref":"熊本県","county":"玉名郡","city":"南関町","code5":"43367","code6":"433675"}},{"arcs":[[-4974,-4984,5037]],"type":"Polygon","properties":{"pref":"熊本県","county":"玉名郡","city":"長洲町","code5":"43368","code6":"433683"}},{"arcs":[[-4656,-4992,-5035,-4986,-5037,-4731]],"type":"Polygon","properties":{"pref":"熊本県","county":"玉名郡","city":"和水町","code5":"43369","code6":"433691"}},{"arcs":[[-4996,-5019,5038,5039,5040,5041,-5030]],"type":"Polygon","properties":{"pref":"熊本県","county":"菊池郡","city":"大津町","code5":"43403","code6":"434035"}},{"arcs":[[5042,-5031,-5042,5043]],"type":"Polygon","properties":{"pref":"熊本県","county":"菊池郡","city":"菊陽町","code5":"43404","code6":"434043"}},{"arcs":[[-5014,5044,5045,5046,5047,5048]],"type":"Polygon","properties":{"pref":"熊本県","county":"阿蘇郡","city":"南小国町","code5":"43423","code6":"434230"}},{"arcs":[[-5046,5049,5050,5051]],"type":"Polygon","properties":{"pref":"熊本県","county":"阿蘇郡","city":"小国町","code5":"43424","code6":"434248"}},{"arcs":[[-5015,-5049,5052]],"type":"Polygon","properties":{"pref":"熊本県","county":"阿蘇郡","city":"産山村","code5":"43425","code6":"434256"}},{"arcs":[[-5017,5053,5054,5055,5056]],"type":"Polygon","properties":{"pref":"熊本県","county":"阿蘇郡","city":"高森町","code5":"43428","code6":"434281"}},{"arcs":[[-5040,5057,5058,5059,5060]],"type":"Polygon","properties":{"pref":"熊本県","county":"阿蘇郡","city":"西原村","code5":"43432","code6":"434329"}},{"arcs":[[-5018,-5057,5061,-5058,-5039]],"type":"Polygon","properties":{"pref":"熊本県","county":"阿蘇郡","city":"南阿蘇村","code5":"43433","code6":"434337"}},{"arcs":[[5062,5063,5064,-5060,5065,-5033,5066]],"type":"Polygon","properties":{"pref":"熊本県","county":"上益城郡","city":"御船町","code5":"43441","code6":"434418"}},{"arcs":[[5067,-5064,5068]],"type":"Polygon","properties":{"pref":"熊本県","county":"上益城郡","city":"嘉島町","code5":"43442","code6":"434426"}},{"arcs":[[5069,-5044,-5041,-5061,-5065,-5068]],"type":"Polygon","properties":{"pref":"熊本県","county":"上益城郡","city":"益城町","code5":"43443","code6":"434434"}},{"arcs":[[5070,-5067,-5032,-5008]],"type":"Polygon","properties":{"pref":"熊本県","county":"上益城郡","city":"甲佐町","code5":"43444","code6":"434442"}},{"arcs":[[-4957,-5034,-5066,-5059,-5062,-5056,5071,5072,5073]],"type":"Polygon","properties":{"pref":"熊本県","county":"上益城郡","city":"山都町","code5":"43447","code6":"434477"}},{"arcs":[[-4965,5074,-5010]],"type":"Polygon","properties":{"pref":"熊本県","county":"八代郡","city":"氷川町","code5":"43468","code6":"434680"}},{"arcs":[[-4963,5075,-4977,5076,5077]],"type":"Polygon","properties":{"pref":"熊本県","county":"葦北郡","city":"芦北町","code5":"43482","code6":"434825"}},{"arcs":[[-4976,5078,-5077]],"type":"Polygon","properties":{"pref":"熊本県","county":"葦北郡","city":"津奈木町","code5":"43484","code6":"434841"}},{"arcs":[[-4967,5079,5080,5081]],"type":"Polygon","properties":{"pref":"熊本県","county":"球磨郡","city":"錦町","code5":"43501","code6":"435015"}},{"arcs":[[5082,5083,5084,5085,5086,5087,5088]],"type":"Polygon","properties":{"pref":"熊本県","county":"球磨郡","city":"多良木町","code5":"43505","code6":"435058"}},{"arcs":[[-5084,5089,5090]],"type":"Polygon","properties":{"pref":"熊本県","county":"球磨郡","city":"湯前町","code5":"43506","code6":"435066"}},{"arcs":[[-4959,5091,5092,-5090,-5083,5093]],"type":"Polygon","properties":{"pref":"熊本県","county":"球磨郡","city":"水上村","code5":"43507","code6":"435074"}},{"arcs":[[-4966,5094,5095,-5088,5096,-5080]],"type":"Polygon","properties":{"pref":"熊本県","county":"球磨郡","city":"相良村","code5":"43510","code6":"435104"}},{"arcs":[[-4960,-5094,-5089,-5096,5097]],"type":"Polygon","properties":{"pref":"熊本県","county":"球磨郡","city":"五木村","code5":"43511","code6":"435112"}},{"arcs":[[-4961,-5098,-5095,-4971,5098]],"type":"Polygon","properties":{"pref":"熊本県","county":"球磨郡","city":"山江村","code5":"43512","code6":"435121"}},{"arcs":[[-4962,-5099,-4970,5099,-4978,-5076]],"type":"Polygon","properties":{"pref":"熊本県","county":"球磨郡","city":"球磨村","code5":"43513","code6":"435139"}},{"arcs":[[-5081,-5097,-5087,5100,5101]],"type":"Polygon","properties":{"pref":"熊本県","county":"球磨郡","city":"あさぎり町","code5":"43514","code6":"435147"}},{"arcs":[[-5020,5102]],"type":"Polygon","properties":{"pref":"熊本県","county":"天草郡","city":"苓北町","code5":"43531","code6":"435317"}},{"arcs":[[[5103,5104,5105,5106,5107,5108]],[[5109]]],"type":"MultiPolygon","properties":{"pref":"大分県","city":"大分市","code5":"44201","code6":"442011"}},{"arcs":[[-5108,5110,5111,5112,5113]],"type":"Polygon","properties":{"pref":"大分県","city":"別府市","code5":"44202","code6":"442020"}},{"arcs":[[-4673,-4799,-4797,5114,5115,5116,5117,-4782,-4795,-4801]],"type":"Polygon","properties":{"pref":"大分県","city":"中津市","code5":"44203","code6":"442038"}},{"arcs":[[-4654,-4715,-4729,-4772,-4783,-5118,5118,-5050,-5045,-5013,-4994,-4988]],"type":"Polygon","properties":{"pref":"大分県","city":"日田市","code5":"44204","code6":"442046"}},{"arcs":[[[5119,5120,5121,5122,5123,5124]],[[5125]],[[5126]],[[5127]]],"type":"MultiPolygon","properties":{"pref":"大分県","city":"佐伯市","code5":"44205","code6":"442054"}},{"arcs":[[-5104,5128,5129,-5123,5130]],"type":"Polygon","properties":{"pref":"大分県","city":"臼杵市","code5":"44206","code6":"442062"}},{"arcs":[[[-5124,-5130,5131]],[[5132]]],"type":"MultiPolygon","properties":{"pref":"大分県","city":"津久見市","code5":"44207","code6":"442071"}},{"arcs":[[-5016,-5053,-5048,5133,5134,-5106,5135,5136,-5054]],"type":"Polygon","properties":{"pref":"大分県","city":"竹田市","code5":"44208","code6":"442089"}},{"arcs":[[5137,5138,5139,5140]],"type":"Polygon","properties":{"pref":"大分県","city":"豊後高田市","code5":"44209","code6":"442097"}},{"arcs":[[-5139,5141,5142,5143,5144]],"type":"Polygon","properties":{"pref":"大分県","city":"杵築市","code5":"44210","code6":"442101"}},{"arcs":[[-5112,5145,5146,-5116,5147,-5140,-5145,5148]],"type":"Polygon","properties":{"pref":"大分県","city":"宇佐市","code5":"44211","code6":"442119"}},{"arcs":[[-5105,-5131,-5122,5149,5150,-5136]],"type":"Polygon","properties":{"pref":"大分県","city":"豊後大野市","code5":"44212","code6":"442127"}},{"arcs":[[-5107,-5135,5151,5152,-5146,-5111]],"type":"Polygon","properties":{"pref":"大分県","city":"由布市","code5":"44213","code6":"442135"}},{"arcs":[[-5138,5153,-5142]],"type":"Polygon","properties":{"pref":"大分県","city":"国東市","code5":"44214","code6":"442143"}},{"arcs":[[5154]],"type":"Polygon","properties":{"pref":"大分県","county":"東国東郡","city":"姫島村","code5":"44322","code6":"443221"}},{"arcs":[[-5113,-5149,-5144,5155]],"type":"Polygon","properties":{"pref":"大分県","county":"速見郡","city":"日出町","code5":"44341","code6":"443417"}},{"arcs":[[-5047,-5052,5156,-5152,-5134]],"type":"Polygon","properties":{"pref":"大分県","county":"玖珠郡","city":"九重町","code5":"44461","code6":"444618"}},{"arcs":[[-5051,-5119,-5117,-5147,-5153,-5157]],"type":"Polygon","properties":{"pref":"大分県","county":"玖珠郡","city":"玖珠町","code5":"44462","code6":"444626"}},{"arcs":[[5157,5158,5159,5160,5161,5162,5163,5164,5165]],"type":"Polygon","properties":{"pref":"宮崎県","city":"宮崎市","code5":"45201","code6":"452017"}},{"arcs":[[-5162,5166,5167,5168,5169,5170,5171,5172,5173]],"type":"Polygon","properties":{"pref":"宮崎県","city":"都城市","code5":"45202","code6":"452025"}},{"arcs":[[[-5120,5174,5175,5176,5177]],[[5178]]],"type":"MultiPolygon","properties":{"pref":"宮崎県","city":"延岡市","code5":"45203","code6":"452033"}},{"arcs":[[[-5160,5179,5180,-5168,5181]],[[5182]]],"type":"MultiPolygon","properties":{"pref":"宮崎県","city":"日南市","code5":"45204","code6":"452041"}},{"arcs":[[-5086,5183,5184,-5163,-5174,5185,5186,5187,-5101]],"type":"Polygon","properties":{"pref":"宮崎県","city":"小林市","code5":"45205","code6":"452050"}},{"arcs":[[5188,5189,5190,5191,5192]],"type":"Polygon","properties":{"pref":"宮崎県","city":"日向市","code5":"45206","code6":"452068"}},{"arcs":[[-5169,-5181,5193,5194]],"type":"Polygon","properties":{"pref":"宮崎県","city":"串間市","code5":"45207","code6":"452076"}},{"arcs":[[-5166,5195,5196,5197,5198,5199,5200,5201]],"type":"Polygon","properties":{"pref":"宮崎県","city":"西都市","code5":"45208","code6":"452084"}},{"arcs":[[-4968,-5082,-5102,-5188,5202,5203,5204]],"type":"Polygon","properties":{"pref":"宮崎県","city":"えびの市","code5":"45209","code6":"452092"}},{"arcs":[[-5161,-5182,-5167]],"type":"Polygon","properties":{"pref":"宮崎県","county":"北諸県郡","city":"三股町","code5":"45341","code6":"453412"}},{"arcs":[[-5173,5205,-5186]],"type":"Polygon","properties":{"pref":"宮崎県","county":"西諸県郡","city":"高原町","code5":"45361","code6":"453617"}},{"arcs":[[-5165,5206,5207,-5196]],"type":"Polygon","properties":{"pref":"宮崎県","county":"東諸県郡","city":"国富町","code5":"45382","code6":"453820"}},{"arcs":[[-5164,-5185,5208,-5207]],"type":"Polygon","properties":{"pref":"宮崎県","county":"東諸県郡","city":"綾町","code5":"45383","code6":"453838"}},{"arcs":[[-5201,5209,5210,5211,5212]],"type":"Polygon","properties":{"pref":"宮崎県","county":"児湯郡","city":"高鍋町","code5":"45401","code6":"454010"}},{"arcs":[[-5158,-5202,-5213,5213]],"type":"Polygon","properties":{"pref":"宮崎県","county":"児湯郡","city":"新富町","code5":"45402","code6":"454028"}},{"arcs":[[-5085,-5091,-5093,5214,-5197,-5208,-5209,-5184]],"type":"Polygon","properties":{"pref":"宮崎県","county":"児湯郡","city":"西米良村","code5":"45403","code6":"454036"}},{"arcs":[[-5191,5215,5216,-5210,-5200,5217]],"type":"Polygon","properties":{"pref":"宮崎県","county":"児湯郡","city":"木城町","code5":"45404","code6":"454044"}},{"arcs":[[-5211,-5217,5218,5219]],"type":"Polygon","properties":{"pref":"宮崎県","county":"児湯郡","city":"川南町","code5":"45405","code6":"454052"}},{"arcs":[[-5190,5220,-5219,-5216]],"type":"Polygon","properties":{"pref":"宮崎県","county":"児湯郡","city":"都農町","code5":"45406","code6":"454061"}},{"arcs":[[-5176,5221,-5193,5222]],"type":"Polygon","properties":{"pref":"宮崎県","county":"東臼杵郡","city":"門川町","code5":"45421","code6":"454214"}},{"arcs":[[5223,5224,5225,5226,5227]],"type":"Polygon","properties":{"pref":"宮崎県","county":"東臼杵郡","city":"諸塚村","code5":"45429","code6":"454290"}},{"arcs":[[-4958,-5074,5228,-5227,5229,-5198,-5215,-5092]],"type":"Polygon","properties":{"pref":"宮崎県","county":"東臼杵郡","city":"椎葉村","code5":"45430","code6":"454303"}},{"arcs":[[-5177,-5223,-5192,-5218,-5199,-5230,-5226,5230]],"type":"Polygon","properties":{"pref":"宮崎県","county":"東臼杵郡","city":"美郷町","code5":"45431","code6":"454311"}},{"arcs":[[-5055,-5137,-5151,5231,-5224,5232,-5072]],"type":"Polygon","properties":{"pref":"宮崎県","county":"西臼杵郡","city":"高千穂町","code5":"45441","code6":"454419"}},{"arcs":[[-5121,-5178,-5231,-5225,-5232,-5150]],"type":"Polygon","properties":{"pref":"宮崎県","county":"西臼杵郡","city":"日之影町","code5":"45442","code6":"454427"}},{"arcs":[[-5073,-5233,-5228,-5229]],"type":"Polygon","properties":{"pref":"宮崎県","county":"西臼杵郡","city":"五ヶ瀬町","code5":"45443","code6":"454435"}},{"arcs":[[[5233,5234,5235,5236,5237,5238,5239]],[[5240,5241]]],"type":"MultiPolygon","properties":{"pref":"鹿児島県","city":"鹿児島市","code5":"46201","code6":"462012"}},{"arcs":[[5242,5243,5244,5245,5246,5247,5248,5249]],"type":"Polygon","properties":{"pref":"鹿児島県","city":"鹿屋市","code5":"46203","code6":"462039"}},{"arcs":[[5250,5251,5252]],"type":"Polygon","properties":{"pref":"鹿児島県","city":"枕崎市","code5":"46204","code6":"462047"}},{"arcs":[[5253,5254,5255]],"type":"Polygon","properties":{"pref":"鹿児島県","city":"阿久根市","code5":"46206","code6":"462063"}},{"arcs":[[-4980,5256,5257,5258,-5254,5259]],"type":"Polygon","properties":{"pref":"鹿児島県","city":"出水市","code5":"46208","code6":"462080"}},{"arcs":[[-5235,5260,5261]],"type":"Polygon","properties":{"pref":"鹿児島県","city":"指宿市","code5":"46210","code6":"462101"}},{"arcs":[[[5262,5263]],[[5264]]],"type":"MultiPolygon","properties":{"pref":"鹿児島県","city":"西之表市","code5":"46213","code6":"462136"}},{"arcs":[[-5241,5265,5266,-5248,5267]],"type":"Polygon","properties":{"pref":"鹿児島県","city":"垂水市","code5":"46214","code6":"462144"}},{"arcs":[[[-5239,5268,5269,5270,-5255,-5259,5271,5272]],[[5273]],[[5274]],[[5275]]],"type":"MultiPolygon","properties":{"pref":"鹿児島県","city":"薩摩川内市","code5":"46215","code6":"462152"}},{"arcs":[[-5238,5276,5277,5278,-5269]],"type":"Polygon","properties":{"pref":"鹿児島県","city":"日置市","code5":"46216","code6":"462161"}},{"arcs":[[-5171,5279,5280,-5250,5281]],"type":"Polygon","properties":{"pref":"鹿児島県","city":"曽於市","code5":"46217","code6":"462179"}},{"arcs":[[-5172,-5282,-5249,-5267,5282,5283,5284,5285,-5203,-5187,-5206]],"type":"Polygon","properties":{"pref":"鹿児島県","city":"霧島市","code5":"46218","code6":"462187"}},{"arcs":[[-5270,-5279,5286]],"type":"Polygon","properties":{"pref":"鹿児島県","city":"いちき串木野市","code5":"46219","code6":"462195"}},{"arcs":[[[-5237,5287,-5253,5288,-5277]],[[5289]]],"type":"MultiPolygon","properties":{"pref":"鹿児島県","city":"南さつま市","code5":"46220","code6":"462209"}},{"arcs":[[-5170,-5195,5290,5291,-5280]],"type":"Polygon","properties":{"pref":"鹿児島県","city":"志布志市","code5":"46221","code6":"462217"}},{"arcs":[[[5292,5293,5294,5295,5296,5297]],[[5298,5299]]],"type":"MultiPolygon","properties":{"pref":"鹿児島県","city":"奄美市","code5":"46222","code6":"462225"}},{"arcs":[[-5236,-5262,5300,-5251,-5288]],"type":"Polygon","properties":{"pref":"鹿児島県","city":"南九州市","code5":"46223","code6":"462233"}},{"arcs":[[-4969,-5205,5301,5302,-5257,-4979,-5100]],"type":"Polygon","properties":{"pref":"鹿児島県","city":"伊佐市","code5":"46224","code6":"462241"}},{"arcs":[[-5240,-5273,-5284,5303]],"type":"Polygon","properties":{"pref":"鹿児島県","city":"姶良市","code5":"46225","code6":"462250"}},{"arcs":[[[5304]],[[5305]],[[5306]]],"type":"MultiPolygon","properties":{"pref":"鹿児島県","county":"鹿児島郡","city":"三島村","code5":"46303","code6":"463035"}},{"arcs":[[[5307]],[[5308]],[[5309]],[[5310]],[[5311]],[[5312]],[[5313]],[[5314]],[[5315]]],"type":"MultiPolygon","properties":{"pref":"鹿児島県","county":"鹿児島郡","city":"十島村","code5":"46304","code6":"463043"}},{"arcs":[[-5258,-5303,5316,-5285,-5272]],"type":"Polygon","properties":{"pref":"鹿児島県","county":"薩摩郡","city":"さつま町","code5":"46392","code6":"463922"}},{"arcs":[[[5317]],[[5318]],[[5319]],[[5320]]],"type":"MultiPolygon","properties":{"pref":"鹿児島県","county":"出水郡","city":"長島町","code5":"46404","code6":"464040"}},{"arcs":[[-5204,-5286,-5317,-5302]],"type":"Polygon","properties":{"pref":"鹿児島県","county":"姶良郡","city":"湧水町","code5":"46452","code6":"464520"}},{"arcs":[[-5243,-5281,-5292,5321,5322]],"type":"Polygon","properties":{"pref":"鹿児島県","county":"曽於郡","city":"大崎町","code5":"46468","code6":"464686"}},{"arcs":[[[-5244,-5323,5323,5324]],[[5325]]],"type":"MultiPolygon","properties":{"pref":"鹿児島県","county":"肝属郡","city":"東串良町","code5":"46482","code6":"464821"}},{"arcs":[[-5246,5326,5327,5328]],"type":"Polygon","properties":{"pref":"鹿児島県","county":"肝属郡","city":"錦江町","code5":"46490","code6":"464902"}},{"arcs":[[-5328,5329,5330]],"type":"Polygon","properties":{"pref":"鹿児島県","county":"肝属郡","city":"南大隅町","code5":"46491","code6":"464911"}},{"arcs":[[-5245,-5325,5331,-5330,-5327]],"type":"Polygon","properties":{"pref":"鹿児島県","county":"肝属郡","city":"肝付町","code5":"46492","code6":"464929"}},{"arcs":[[-5263,5332,5333,5334]],"type":"Polygon","properties":{"pref":"鹿児島県","county":"熊毛郡","city":"中種子町","code5":"46501","code6":"465011"}},{"arcs":[[-5334,5335]],"type":"Polygon","properties":{"pref":"鹿児島県","county":"熊毛郡","city":"南種子町","code5":"46502","code6":"465020"}},{"arcs":[[[5336]],[[5337]]],"type":"MultiPolygon","properties":{"pref":"鹿児島県","county":"熊毛郡","city":"屋久島町","code5":"46505","code6":"465054"}},{"arcs":[[-5296,5338,5339]],"type":"Polygon","properties":{"pref":"鹿児島県","county":"大島郡","city":"大和村","code5":"46523","code6":"465232"}},{"arcs":[[[-5295,5340,5341,-5339]],[[5342]]],"type":"MultiPolygon","properties":{"pref":"鹿児島県","county":"大島郡","city":"宇検村","code5":"46524","code6":"465241"}},{"arcs":[[[-5294,5343,-5341]],[[5344]],[[5345]],[[5346]]],"type":"MultiPolygon","properties":{"pref":"鹿児島県","county":"大島郡","city":"瀬戸内町","code5":"46525","code6":"465259"}},{"arcs":[[-5298,5347,-5299,5348]],"type":"Polygon","properties":{"pref":"鹿児島県","county":"大島郡","city":"龍郷町","code5":"46527","code6":"465275"}},{"arcs":[[5349]],"type":"Polygon","properties":{"pref":"鹿児島県","county":"大島郡","city":"喜界町","code5":"46529","code6":"465291"}},{"arcs":[[5350,5351,5352]],"type":"Polygon","properties":{"pref":"鹿児島県","county":"大島郡","city":"徳之島町","code5":"46530","code6":"465305"}},{"arcs":[[-5352,5353,5354]],"type":"Polygon","properties":{"pref":"鹿児島県","county":"大島郡","city":"天城町","code5":"46531","code6":"465313"}},{"arcs":[[-5351,5355,-5354]],"type":"Polygon","properties":{"pref":"鹿児島県","county":"大島郡","city":"伊仙町","code5":"46532","code6":"465321"}},{"arcs":[[5356,5357]],"type":"Polygon","properties":{"pref":"鹿児島県","county":"大島郡","city":"和泊町","code5":"46533","code6":"465330"}},{"arcs":[[-5357,5358]],"type":"Polygon","properties":{"pref":"鹿児島県","county":"大島郡","city":"知名町","code5":"46534","code6":"465348"}},{"arcs":[[5359]],"type":"Polygon","properties":{"pref":"鹿児島県","county":"大島郡","city":"与論町","code5":"46535","code6":"465356"}},{"arcs":[[5360,5361,5362,5363,5364]],"type":"Polygon","properties":{"pref":"沖縄県","city":"那覇市","code5":"47201","code6":"472018"}},{"arcs":[[5365,5366,5367,5368,5369,5370]],"type":"Polygon","properties":{"pref":"沖縄県","city":"宜野湾市","code5":"47205","code6":"472051"}},{"arcs":[[[5371]],[[5372]],[[5373]]],"type":"MultiPolygon","properties":{"pref":"沖縄県","city":"石垣市","code5":"47207","code6":"472077"}},{"arcs":[[-5361,5374,-5369,5375]],"type":"Polygon","properties":{"pref":"沖縄県","city":"浦添市","code5":"47208","code6":"472085"}},{"arcs":[[[5376,5377,5378,5379,5380,5381,5382,5383,5384]],[[5385]]],"type":"MultiPolygon","properties":{"pref":"沖縄県","city":"名護市","code5":"47209","code6":"472093"}},{"arcs":[[5386,5387,5388]],"type":"Polygon","properties":{"pref":"沖縄県","city":"糸満市","code5":"47210","code6":"472107"}},{"arcs":[[[5389,5390,5391,5392,5393,5394,5395]],[[5396,5397]]],"type":"MultiPolygon","properties":{"pref":"沖縄県","city":"沖縄市","code5":"47211","code6":"472115"}},{"arcs":[[[-5364,5398,5399,-5389,5400]],[[5401]]],"type":"MultiPolygon","properties":{"pref":"沖縄県","city":"豊見城市","code5":"47212","code6":"472123"}},{"arcs":[[[5402,-5396,5403,5404]],[[5405]],[[5406]],[[-5397,5407]],[[5408]],[[5409]],[[5410]]],"type":"MultiPolygon","properties":{"pref":"沖縄県","city":"うるま市","code5":"47213","code6":"472131"}},{"arcs":[[[5411]],[[5412]],[[5413]],[[5414]],[[5415]]],"type":"MultiPolygon","properties":{"pref":"沖縄県","city":"宮古島市","code5":"47214","code6":"472140"}},{"arcs":[[[5416,5417,5418,5419]],[[5420]]],"type":"MultiPolygon","properties":{"pref":"沖縄県","city":"南城市","code5":"47215","code6":"472158"}},{"arcs":[[5421,5422,5423]],"type":"Polygon","properties":{"pref":"沖縄県","county":"国頭郡","city":"国頭村","code5":"47301","code6":"473014"}},{"arcs":[[-5377,5424,-5423,5425]],"type":"Polygon","properties":{"pref":"沖縄県","county":"国頭郡","city":"大宜味村","code5":"47302","code6":"473022"}},{"arcs":[[-5378,-5426,-5422,5426]],"type":"Polygon","properties":{"pref":"沖縄県","county":"国頭郡","city":"東村","code5":"47303","code6":"473031"}},{"arcs":[[[-5384,5427,5428]],[[5429]]],"type":"MultiPolygon","properties":{"pref":"沖縄県","county":"国頭郡","city":"今帰仁村","code5":"47306","code6":"473065"}},{"arcs":[[[-5383,5430,-5428]],[[5431]]],"type":"MultiPolygon","properties":{"pref":"沖縄県","county":"国頭郡","city":"本部町","code5":"47308","code6":"473081"}},{"arcs":[[-5381,5432,5433,-5404,-5395,5434,5435]],"type":"Polygon","properties":{"pref":"沖縄県","county":"国頭郡","city":"恩納村","code5":"47311","code6":"473111"}},{"arcs":[[-5380,5436,5437,-5433]],"type":"Polygon","properties":{"pref":"沖縄県","county":"国頭郡","city":"宜野座村","code5":"47313","code6":"473138"}},{"arcs":[[-5405,-5434,-5438,5438]],"type":"Polygon","properties":{"pref":"沖縄県","county":"国頭郡","city":"金武町","code5":"47314","code6":"473146"}},{"arcs":[[5439]],"type":"Polygon","properties":{"pref":"沖縄県","county":"国頭郡","city":"伊江村","code5":"47315","code6":"473154"}},{"arcs":[[-5394,5440,5441,-5435]],"type":"Polygon","properties":{"pref":"沖縄県","county":"中頭郡","city":"読谷村","code5":"47324","code6":"473243"}},{"arcs":[[-5393,5442,5443,-5441]],"type":"Polygon","properties":{"pref":"沖縄県","county":"中頭郡","city":"嘉手納町","code5":"47325","code6":"473251"}},{"arcs":[[-5371,5444,-5443,-5392,5445]],"type":"Polygon","properties":{"pref":"沖縄県","county":"中頭郡","city":"北谷町","code5":"47326","code6":"473260"}},{"arcs":[[-5366,-5446,-5391,5446,5447]],"type":"Polygon","properties":{"pref":"沖縄県","county":"中頭郡","city":"北中城村","code5":"47327","code6":"473278"}},{"arcs":[[-5367,-5448,5448,5449]],"type":"Polygon","properties":{"pref":"沖縄県","county":"中頭郡","city":"中城村","code5":"47328","code6":"473286"}},{"arcs":[[-5362,-5376,-5368,-5450,5450,5451,5452]],"type":"Polygon","properties":{"pref":"沖縄県","county":"中頭郡","city":"西原町","code5":"47329","code6":"473294"}},{"arcs":[[-5420,5453,-5452,5454]],"type":"Polygon","properties":{"pref":"沖縄県","county":"島尻郡","city":"与那原町","code5":"47348","code6":"473481"}},{"arcs":[[-5363,-5453,-5454,-5419,5455,-5399]],"type":"Polygon","properties":{"pref":"沖縄県","county":"島尻郡","city":"南風原町","code5":"47350","code6":"473502"}},{"arcs":[[[5456]],[[5457]]],"type":"MultiPolygon","properties":{"pref":"沖縄県","county":"島尻郡","city":"渡嘉敷村","code5":"47353","code6":"473537"}},{"arcs":[[[5458]],[[5459]],[[5460]],[[5461]]],"type":"MultiPolygon","properties":{"pref":"沖縄県","county":"島尻郡","city":"座間味村","code5":"47354","code6":"473545"}},{"arcs":[[5462]],"type":"Polygon","properties":{"pref":"沖縄県","county":"島尻郡","city":"粟国村","code5":"47355","code6":"473553"}},{"arcs":[[5463]],"type":"Polygon","properties":{"pref":"沖縄県","county":"島尻郡","city":"渡名喜村","code5":"47356","code6":"473561"}},{"arcs":[[5464]],"type":"Polygon","properties":{"pref":"沖縄県","county":"島尻郡","city":"南大東村","code5":"47357","code6":"473570"}},{"arcs":[[[5465]],[[5466]]],"type":"MultiPolygon","properties":{"pref":"沖縄県","county":"島尻郡","city":"北大東村","code5":"47358","code6":"473588"}},{"arcs":[[[5467]],[[5468]]],"type":"MultiPolygon","properties":{"pref":"沖縄県","county":"島尻郡","city":"伊平屋村","code5":"47359","code6":"473596"}},{"arcs":[[5469]],"type":"Polygon","properties":{"pref":"沖縄県","county":"島尻郡","city":"伊是名村","code5":"47360","code6":"473600"}},{"arcs":[[[5470]],[[5471]]],"type":"MultiPolygon","properties":{"pref":"沖縄県","county":"島尻郡","city":"久米島町","code5":"47361","code6":"473618"}},{"arcs":[[-5387,-5400,-5456,-5418,5472]],"type":"Polygon","properties":{"pref":"沖縄県","county":"島尻郡","city":"八重瀬町","code5":"47362","code6":"473626"}},{"arcs":[[[5473]],[[5474]]],"type":"MultiPolygon","properties":{"pref":"沖縄県","county":"宮古郡","city":"多良間村","code5":"47375","code6":"473758"}},{"arcs":[[[5475]],[[5476]],[[5477]],[[5478]],[[5479]],[[5480]],[[5481]],[[5482]],[[5483]]],"type":"MultiPolygon","properties":{"pref":"沖縄県","county":"八重山郡","city":"竹富町","code5":"47381","code6":"473812"}},{"arcs":[[5484]],"type":"Polygon","properties":{"pref":"沖縄県","county":"八重山郡","city":"与那国町","code5":"47382","code6":"473821"}},{"arcs":[[-199,-107,-184,-170,-141,-173,-270,-272,-299,-9,-185]],"type":"Polygon","properties":{"pref":"北海道","office":"石狩振興局","city":"札幌市","code5":"01100","code6":"011002"}},{"arcs":[[[-1051,-909,-906,-866,-899,-837,5485,-831,-879,-883,-989,-1048]],[[5486,-840,-897]]],"type":"MultiPolygon","properties":{"pref":"宮城県","city":"仙台市","code5":"04100","code6":"041009"}},{"arcs":[[-1627,-1720,-1778,-1792,-1700,-1726,-1645,-1729,-1731,-1738,-1743,-1769]],"type":"Polygon","properties":{"pref":"埼玉県","city":"さいたま市","code5":"11100","code6":"111007"}},{"arcs":[[[5487,-1885,-1905,-1869,-1923,-1874,-1925,-1880,-1954,-1853,-1898]],[[5488]]],"type":"MultiPolygon","properties":{"pref":"千葉県","city":"千葉市","code5":"12100","code6":"121002"}},{"arcs":[[[5489,-2166,-2204,-2185,-2192,-2222,-2102,5490,-2100,5491]],[[5492]],[[5493,5494]],[[5495]]],"type":"MultiPolygon","properties":{"pref":"神奈川県","city":"横浜市","code5":"14100","code6":"141003"}},{"arcs":[[[-5492,-2099,-2129,-2130,-2095,-2123,-2031,-2026,5496]],[[5497]],[[-5495,5498]],[[5499]],[[-5491,-2101]]],"type":"MultiPolygon","properties":{"pref":"神奈川県","city":"川崎市","code5":"14130","code6":"141305"}},{"arcs":[[-2264,-2245,-2595,-2576,-2136,-2063,-2104,-2226,-2230,-2215,-2262]],"type":"Polygon","properties":{"pref":"神奈川県","city":"相模原市","code5":"14150","code6":"141500"}},{"arcs":[[-2342,-2297,-2336,-2328,-2345,-2303,-2285,-2316,-2344,-2265,5500]],"type":"Polygon","properties":{"pref":"新潟県","city":"新潟市","code5":"15100","code6":"151009"}},{"arcs":[[-2979,-3044,-2649,-2789,-2671,-2564,-2587,-2591,-2594,-2974,-2989,5501,-2998,-3007]],"type":"Polygon","properties":{"pref":"静岡県","city":"静岡市","code5":"22100","code6":"221007"}},{"arcs":[[5502,-3019,-3047,-3136,-3201,-3203,-2784,-2651,-3045,-2987,-3046,-2994]],"type":"Polygon","properties":{"pref":"静岡県","city":"浜松市","code5":"22130","code6":"221309"}},{"arcs":[[[-3182,-3076,-3069,-3149,-3180,-3156,-3181,-3154,-3142,-3137,5503,-3187,-3185,-3178,-3184,-3176,-3165,-3168]],[[5504]],[[5505]]],"type":"MultiPolygon","properties":{"pref":"愛知県","city":"名古屋市","code5":"23100","code6":"231002"}},{"arcs":[[-3355,-3320,-3385,-3433,-3408,-3431,-3404,-3403,-3407,-3581,-3473,-3390,-3422]],"type":"Polygon","properties":{"pref":"京都府","city":"京都市","code5":"26100","code6":"261009"}},{"arcs":[[[-3621,-3455,-3464,-3556,-3488,-3555,-3535,-3563,-3496,-3531,5506,5507]],[[5508]],[[5509]],[[5510]],[[5511]],[[5512]]],"type":"MultiPolygon","properties":{"pref":"大阪府","city":"大阪市","code5":"27100","code6":"271004"}},{"arcs":[[[-3534,-3551,-3512,-3576,-3524,-3540,-3557,5513,-5507]],[[-3559,5514]]],"type":"MultiPolygon","properties":{"pref":"大阪府","city":"堺市","code5":"27140","code6":"271403"}},{"arcs":[[[5515,-3626,-3715,-3671,-3680,-3667,-3628,-3639]],[[5516]],[[5517]],[[5518]],[[5519]],[[5520]]],"type":"MultiPolygon","properties":{"pref":"兵庫県","city":"神戸市","code5":"28100","code6":"281000"}},{"arcs":[[-4038,-4073,-4121,-4119,-4117,-4100,-4087,-4093,5521,-4053,-4040,-4114]],"type":"Polygon","properties":{"pref":"岡山県","city":"岡山市","code5":"33100","code6":"331007"}},{"arcs":[[[-4184,-4205,-4206,-4188,-4181,-4199,-4198,5522],[-4193]],[[5523]],[[5524]],[[-4195,-4200,-4122,-4201]],[[-4203,5525,-4196]]],"type":"MultiPolygon","properties":{"pref":"広島県","city":"広島市","code5":"34100","code6":"341002"}},{"arcs":[[[-4789,-4666,-4793,-4773,-4788,-4627,-4769,-4676,-4764,-4759,5526]],[[5527]],[[-4791,5528]]],"type":"MultiPolygon","properties":{"pref":"福岡県","city":"北九州市","code5":"40100","code6":"401005"}},{"arcs":[[[-4752,-4756,-4758,-4750,-4742,-4695,-4694,-4741,-4849,-4846,-4802,-4733,5529]],[[5530]],[[5531]],[[5532]],[[5533]]],"type":"MultiPolygon","properties":{"pref":"福岡県","city":"福岡市","code5":"40130","code6":"401307"}},{"arcs":[[[-5070,-5069,-5063,-5071,-5007,-4998,5534,-4982,-5036,-4990,-4993,-5029,-5043]],[[5535]]],"type":"MultiPolygon","properties":{"pref":"熊本県","city":"熊本市","code5":"43100","code6":"431001"}}]}}}