{"type":"Topology","arcs":[[[166316,212434],[3,-1],[71,-12],[262,-80],[54,14],[33,-39],[75,7],[208,-171],[58,20],[25,-50],[95,-51],[37,11],[137,-31],[13,-88],[-28,-35],[-14,-88],[43,-47],[71,-25],[43,-39],[58,-14],[134,-3],[199,19],[102,22],[13,32],[45,-18],[71,50],[-14,45],[46,29],[-53,71],[87,8],[15,-35],[0,0],[0,0],[16,-73],[84,-23],[172,65],[65,-12],[111,8],[73,61],[-21,41],[-4,24],[78,47],[100,-8],[106,24],[38,2],[142,89],[98,35],[198,2],[0,0],[135,-6],[10,-1],[12,-4],[3,-2],[2,0],[-37,-66],[32,-79],[-15,-137],[-120,-68],[91,-77],[36,-71],[89,-59],[-19,-34],[69,-30],[41,13],[51,-48],[64,12],[100,-7],[124,-43],[71,-40],[97,-7],[143,-67],[83,-29],[123,-84],[135,-29],[165,-86],[40,-7],[123,40],[293,115],[190,90],[163,87],[170,108],[42,51],[-22,24],[143,111],[63,-48],[28,-123],[24,-1],[22,10],[-40,149],[38,90],[99,26],[2,117],[100,1],[139,119],[178,196],[89,116],[85,88],[66,104],[121,118],[86,97],[92,151],[71,68],[86,132],[-19,152],[8,63],[35,49],[24,99],[-29,34],[-6,69],[28,133],[37,76],[-19,136],[-9,171],[-12,50],[-45,65],[-89,164],[-61,131],[-76,93],[-22,88],[-39,23],[1,49],[-166,162],[-28,45],[-7,79],[-20,48],[-57,44],[-28,82],[-2,112],[25,27],[-17,62],[71,112],[32,82],[41,33],[33,75],[56,204],[6,98],[-27,147],[-101,99],[-61,43],[-14,84],[-46,102],[-65,77],[-21,142],[-4,149],[-89,182],[-10,101],[-74,160],[-17,119],[8,78],[74,100],[-3,32],[69,83],[56,110],[107,88],[25,79],[45,78],[-13,82],[33,82],[88,110],[110,56],[58,56],[98,22],[164,88],[60,45],[123,32],[101,77],[84,-30],[117,11],[28,19],[110,5],[35,29],[71,129],[46,52],[89,41],[94,-18],[-1,-41],[76,-19],[63,31],[24,64],[76,-21],[70,13],[27,77],[95,15],[66,51],[55,103],[88,26],[98,208],[123,168],[55,29],[45,147],[33,152],[53,-7],[15,92],[-10,61],[39,110],[-69,-12],[-21,50],[97,15],[-4,58],[45,91],[4,49],[-2,41],[59,50],[26,70],[22,166],[-16,56],[18,112],[4,219],[-7,221],[-21,245],[-45,305],[-18,158],[7,133],[41,81],[-7,168],[4,122],[-17,232],[-16,122],[33,244],[-37,198],[3,47],[-63,308],[12,58],[-18,163],[15,23],[123,16],[97,91],[63,98],[46,160],[80,210],[62,35],[77,95],[24,149],[21,31],[127,114],[102,119],[102,193],[75,204],[52,234],[35,423],[-11,223],[23,74],[17,201],[53,98],[47,10],[41,69],[46,166],[24,203],[23,419],[-4,206],[-40,368],[-40,236],[-27,59],[21,74],[-71,414],[-111,465],[-81,312],[-71,234],[-60,119],[-39,114],[6,82],[-50,158],[-131,330],[-190,446],[-244,522],[-77,155],[-135,267],[-211,396],[-129,229],[-120,234],[-85,150],[-63,147],[-57,178],[-51,120],[-36,124],[-5,76],[31,199],[-11,71],[32,102],[157,183],[43,33],[128,155],[55,99],[48,155],[-42,170],[68,34],[121,129],[78,96],[75,121],[48,158],[-1,118],[-109,128],[-68,108],[-35,158],[-1,166],[56,200],[70,115],[90,-92],[73,-50],[46,-57],[54,-111],[58,-14],[-44,-101],[161,-61],[79,1],[35,-41],[1,-53],[89,-4],[166,30],[62,21],[46,47],[5,89],[81,-39],[44,-45],[110,-19],[117,7],[116,21],[229,85],[172,88],[150,109],[86,83],[81,119],[58,118],[-45,97],[11,82],[47,58],[-6,135],[62,25],[62,59],[11,75],[89,61],[90,34],[147,3],[78,57],[56,-49],[111,-24],[66,-65],[54,-142],[4,-99],[21,-68],[216,-220],[101,-27],[41,-43],[102,-31],[43,-68],[8,-117],[102,-80],[-15,-106],[80,-122],[76,-73],[123,-96],[158,-94],[48,-19],[291,-188],[308,-172],[111,-78],[49,-19],[128,-134],[40,-69],[78,-97],[187,-211],[139,-148],[340,-410],[199,-218],[188,-187],[73,-64],[306,-312],[84,-81],[145,-163],[148,-148],[44,-26],[159,-180],[112,-107],[207,-165],[215,-217],[174,-166],[46,-21],[158,2],[-51,-80],[87,-138],[102,-40],[-4,-39],[131,-64],[-5,-163],[45,-70],[50,-28],[-49,-50],[28,-78],[50,-61],[51,-16],[99,-82],[46,-92],[114,-84],[64,-7],[-57,-59],[4,-80],[102,-97],[-32,-65],[13,-75],[-15,-60],[81,-111],[182,-197],[91,-50],[78,-20],[34,-52],[0,-72],[94,-114],[48,-128],[53,-67],[12,-71],[38,-37],[120,-31],[50,-64],[33,-102],[175,-163],[-13,-81],[29,-35],[144,-103],[100,-198],[83,-90],[154,-104],[74,-90],[88,-52],[47,-95],[61,-24],[83,-110],[108,-89],[98,-27],[7,-35],[128,-120],[119,-59],[96,-103],[99,-30],[-1,-32],[79,-112],[206,-112],[32,-65],[203,-193],[88,2],[50,-78],[-18,-30],[22,-59],[92,-63],[16,-76],[99,-32],[21,-58],[174,-235],[170,-155],[395,-259],[51,-10],[59,-52],[98,-5],[54,-107],[172,-123],[168,-107],[216,-127],[268,-171],[583,-335],[75,3],[47,-34],[26,-57],[-3,-76],[38,-42],[304,-185],[94,-49],[311,-170],[131,-61],[161,-87],[80,-18],[73,-118],[32,-157],[41,-84],[66,17],[47,-63],[-23,-29],[79,-67],[272,-172],[509,-251],[472,-211],[404,-168],[176,-72],[462,-171],[23,-27],[204,-74],[376,-146],[441,-151],[300,-96],[58,-13],[61,-4],[6,-52],[52,6],[69,-28],[140,-35],[261,-78],[688,-187],[191,-42],[281,-72],[347,-71],[388,-66],[248,-38],[137,-1],[29,24],[132,-3],[102,-75],[113,-40],[532,-123],[120,0],[112,-31],[165,7],[147,49],[58,70],[65,-43],[39,-111],[0,-59],[26,-85],[-42,-157],[28,-33],[-32,-88],[87,-45],[-6,-80],[-39,-29],[-16,-87],[58,-80],[96,-82],[69,-21],[96,-53],[-19,-155],[102,-124],[-15,-46],[38,-79],[226,-133],[192,-86],[173,-65],[331,-107],[257,-64],[513,-112],[187,-31],[505,-67],[154,-17],[311,-24],[269,-8],[274,-1],[15,29],[118,-18],[193,4],[216,21],[244,31],[216,38],[258,62],[91,117],[230,76],[48,35],[-5,86],[58,51],[73,97],[110,29],[187,101],[49,65],[65,24],[209,161],[19,54],[71,71],[87,238],[116,-11],[112,91],[27,77],[77,20],[69,61],[13,34],[113,25],[-6,53],[89,28],[76,64],[31,59],[-9,92],[75,51],[21,35],[86,42],[127,24],[4,28],[120,99],[146,84],[204,159],[63,78],[99,18],[85,60],[74,108],[52,-3],[33,58],[82,24],[71,48],[25,38],[103,35],[94,62],[147,63],[78,92],[85,134],[67,131],[19,59],[44,38],[46,138],[53,66],[176,140],[67,37],[-3,48],[92,94],[36,0],[80,76],[20,62],[58,53],[-26,25],[53,78],[30,-21],[103,48],[37,77],[32,153],[80,62],[64,70],[81,-42],[62,-21],[-34,-89],[11,-71],[79,-44],[13,-65],[-51,-46],[36,-137],[-12,-44],[72,-125],[0,-34],[49,-88],[43,-24],[1,-62],[-43,-148],[-89,-49],[-46,-59],[21,-93],[-30,-36],[17,-73],[-40,-25],[-61,-79],[-44,-92],[1,-89],[-39,-65],[-88,-38],[-21,-70],[-81,-81],[-49,-93],[-58,-16],[-44,-93],[-90,-82],[-178,-115],[-77,-136],[-7,-64],[-36,-64],[-8,-57],[-46,-67],[-49,-154],[16,-129],[31,-102],[-62,-65],[4,-45],[-67,-92],[-86,-142],[-105,-45],[-61,-42],[-51,-89],[-61,-37],[-32,-51],[-74,-56],[-34,-94],[-139,-134],[-76,-56],[-12,-65],[-41,-57],[-68,-34],[-58,-133],[-58,-70],[-35,-85],[4,-40],[-53,-71],[-19,-98],[-64,-60],[-51,-145],[-100,-110],[-19,-56],[27,-107],[-33,-85],[49,-129],[-58,-237],[-41,-108],[-63,-120],[-109,-60],[-80,-83],[23,-154],[-42,-68],[44,-157],[9,-145],[40,-114],[65,-92],[85,-92],[87,-66],[21,-84],[112,-191],[117,-164],[41,-112],[63,-68],[47,-123],[-7,-57],[75,-77],[124,-59],[486,-176],[145,-36],[196,-75],[228,-46],[303,-75],[240,-92],[93,-70],[74,-105],[40,-149],[-47,-95],[-97,-63],[-108,-24],[-190,17],[-61,30],[41,39],[58,4],[-13,77],[96,9],[14,-30],[145,-4],[11,39],[67,56],[0,86],[-59,61],[4,56],[-67,42],[-88,12],[-26,35],[-80,30],[-133,-61],[-97,-34],[-5,90],[-109,-77],[-51,43],[67,22],[-52,58],[2,67],[-200,37],[-143,6],[-83,74],[-112,24],[-120,-4],[-25,-19],[65,-56],[6,-73],[-26,-17],[-35,-31],[2,-62],[148,-113],[71,-18],[-42,-113],[89,-114],[-16,-101],[150,-196],[72,-210],[-6,-85],[18,-148],[40,-179],[73,-219],[19,-91],[13,-194],[78,-240],[65,-156],[60,-111],[56,-64],[1,-51],[74,-129],[100,-139],[160,-179],[199,-181],[101,-79],[154,-95],[60,-46],[54,-88],[44,-33],[51,-38],[137,-13],[120,-37],[93,-12],[132,-57],[178,-55],[61,-44],[73,24],[67,-79],[44,3],[53,94],[55,39],[8,74],[36,29],[46,91],[51,7],[51,63],[-24,50],[95,59],[47,-15],[149,83],[-21,68],[135,15],[21,38],[63,31],[76,139],[154,114],[108,20],[57,53],[64,15],[51,73],[95,53],[-3,45],[79,77],[35,66],[110,14],[87,-64],[50,18],[196,-54],[220,-7],[71,33],[28,38],[93,21],[39,-20],[50,81],[45,21],[46,-73],[179,-33],[52,-33],[212,19],[71,-24],[-88,-99],[6,-76],[37,-25],[-97,-62],[-38,12],[-75,-32],[-36,-62],[-280,-176],[-113,7],[-58,-15],[-19,-79],[-89,47],[-87,18],[-98,-32],[-43,-65],[-114,-4],[-77,-45],[-38,-44],[25,-41],[-26,-49],[-69,72],[-90,34],[-197,-1],[-194,-66],[-77,-51],[-23,-64],[37,-49],[-52,-33],[-86,-147],[-106,-56],[-43,73],[-67,-12],[-71,-38],[19,-32],[-44,-111],[-49,-75],[-45,-290],[-44,-62],[18,-73],[58,-43],[-107,-71],[-114,-11],[-50,-87],[9,-44],[54,-15],[4,-80],[-56,-54],[-89,0],[-54,47],[-58,-78],[8,-59],[60,3],[64,-75],[19,-47],[-125,-59],[-135,-33],[10,41],[-29,45],[92,27],[-36,106],[-74,65],[-147,45],[-242,6],[-117,-20],[-156,6],[-204,-35],[-128,-8],[-58,-16],[-4,0],[-77,1],[-96,-24],[-37,-25],[-57,14],[-93,-13],[-39,-55],[-98,1],[-94,-66],[-98,46],[-59,-15],[-47,28],[-152,-57],[-247,-82],[-73,-34],[-56,-48],[-2,-7],[0,-2],[0,-2],[-18,-15],[-24,-13],[-41,-22],[5,-14],[-13,-5],[-4,0],[-4,-2],[-2,-2],[-22,-18],[2,-6],[1,-8],[-39,-12],[-2,1],[-4,1],[-26,-19],[1,-2],[-6,-2],[-2,-1],[-9,-5],[-8,1],[-19,-2],[-14,-4],[-5,0],[-5,-1],[-2,0],[-4,-3],[-2,1],[-104,-15],[-7,0],[-10,2],[-15,1],[-7,0],[-5,1],[-19,6],[-2,1],[-7,3],[-3,1],[-4,1],[-5,2],[-5,1],[-15,3],[-8,4],[-3,1],[-8,5],[-2,1],[-50,47],[-33,54],[-87,12],[-115,-37],[-21,-6],[-12,-3],[-94,-35],[-105,-94],[-4,2],[-72,-23],[-88,-130],[-27,-113],[-1,-127],[45,-152],[68,-31],[114,8],[40,-24],[88,17],[5,0],[3,1],[2,1],[2,1],[2,1],[9,4],[6,3],[10,2],[12,2],[8,0],[2,0],[19,2],[11,2],[7,3],[2,0],[14,0],[2,0],[16,-3],[9,-4],[2,-8],[0,-2],[7,-19],[-27,-32],[-76,-20],[-32,-72],[-104,-19],[-51,10],[-47,72],[-75,33],[-136,11],[-74,-34],[-75,-75],[-20,-46],[25,-84],[-47,-47],[30,-66],[-20,-30],[-201,-45],[-11,1],[-12,-5],[-109,-106],[-176,-14],[-73,-111],[16,-70],[43,-32],[-40,-74],[0,-2],[0,-8],[-2,-1],[-3,0],[-1,-1],[-3,-5],[-1,-2],[-1,-2],[-3,-13],[0,-2],[1,-3],[-6,-10],[-83,-26],[-37,-32],[-99,-31],[-46,28],[-130,-64],[-24,-47],[-52,-24],[-110,-7],[-62,50],[-54,-31],[-56,17],[-50,44],[-111,19],[-9,-57],[-42,-11],[-1,5],[0,2],[-2,2],[-8,10],[-2,3],[-1,2],[-2,1],[-20,4],[-1,1],[-2,-1],[-7,-1],[-3,-1],[-13,3],[-11,0],[-76,34],[-171,-29],[-56,-24],[-61,42],[-27,78],[-161,72],[44,36],[-28,57],[-70,46],[-141,10],[45,94],[-29,70],[8,39],[171,164],[-94,29],[-24,27],[-120,42],[-105,17],[-142,-2],[-164,-38],[-76,-49],[-157,-176],[-142,-132],[-50,-68],[-10,-45],[-85,-126],[-55,-124],[-18,-132],[23,-52],[118,-57],[106,-147],[79,-11],[148,-119],[2,-1],[6,-4],[2,-2],[109,-61],[1,-2],[2,-8],[-42,-24],[-44,-3],[-4,-1],[-10,-5],[-11,-3],[-2,4],[-20,5],[-10,-2],[-33,1],[-277,-5],[-403,55],[-92,-6],[-103,24],[-95,61],[-75,13],[-133,-7],[-100,58],[-110,0],[-76,0],[-150,-26],[-218,19],[-94,-9],[-94,-35],[-70,20],[-9,6],[-2,3],[-103,19],[-158,-26],[-143,-73],[-132,-31],[-77,28],[-157,33],[-98,-13],[-85,61],[-18,32],[-154,4],[-81,46],[-91,12],[-59,28],[-84,98],[-57,4],[-82,-22],[-82,46],[64,46],[-25,55],[16,53],[-96,91],[-14,-50],[-31,53],[-64,43],[-87,-45],[-56,19],[-190,23],[-1,51],[-91,-9],[-170,29],[-114,-3],[-429,-73],[-216,-44],[-226,-61],[-227,-77],[-306,-130],[-156,-105],[-60,-35],[-119,-43],[-81,9],[-108,-58],[-60,-16],[-222,-101],[-320,-186],[-403,-246],[-310,-202],[-315,-223],[-241,-196],[-191,-152],[-243,-225],[-38,-58],[-60,-33],[-91,-87],[-66,-38],[-194,-164],[-103,-117],[-37,-7],[-221,-178],[-205,-183],[-144,-111],[-83,-76],[-175,-161],[-53,-65],[-45,-15],[-104,-84],[-83,-87],[-94,-64],[-111,-116],[-185,-173],[-212,-217],[-501,-561],[-374,-471],[-203,-232],[-245,-319],[-64,-126],[-63,-88],[-115,-186],[-159,-238],[-45,-93],[-53,-79],[-83,-154],[-100,-162],[-75,-143],[-39,-139],[-114,-182],[-90,-197],[-35,-117],[1,-42],[58,-26],[-53,-81],[-57,25],[-13,-78],[22,-50],[-110,-276],[-18,-194],[61,-83],[9,-97],[48,-42],[-17,-120],[48,-65],[111,-54],[-27,-109],[26,-26],[-25,-88],[0,-78],[-84,-161],[-5,-104],[-44,-164],[-20,-144],[42,-105],[-44,-94],[-9,-102],[-23,-25],[-47,-145],[-3,-111],[31,-78],[-15,-40],[25,-56],[-36,-41],[15,-35],[-149,-50],[-16,-61],[-43,-47],[23,-36],[-57,-55],[-77,-25],[-48,-49],[-107,-160],[-97,-256],[-45,-159],[-9,-119],[-26,-80],[1,-71],[43,-77],[12,-80],[-45,-9],[-116,130],[-60,33],[-27,66],[-45,42],[-112,36],[-76,43],[-19,60],[-96,33],[-37,71],[-146,104],[-25,97],[0,58],[-62,99],[-46,43],[-30,83],[-112,118],[-148,79],[-60,64],[-80,29],[-76,73],[-160,71],[-65,16],[-34,35],[-57,47],[-497,197],[-83,47],[-16,74],[-87,62],[-100,24],[-101,132],[-14,45],[-98,41],[-96,12],[-108,35],[-135,3],[-98,68],[-57,-9],[-154,22],[-100,-12],[-113,42],[-214,50],[-133,-7],[-117,20],[-116,94],[-132,66],[-158,65],[0,0],[-96,136],[-118,29],[-101,-6],[-47,14],[-80,70],[-131,25],[-102,-6],[-62,58],[-105,18],[-101,-13],[-86,71],[-59,80],[-57,42],[-101,61],[-93,90],[-122,29],[-74,67],[-161,88],[-49,43],[-77,22],[-80,-2],[-231,66],[-196,100],[-104,66],[-42,12],[-112,-16],[-102,45],[-80,51],[-223,228],[-11,52],[-117,74],[-195,37],[-106,-12],[-109,82],[-66,17],[-94,55],[-69,20],[-78,105],[-41,28],[-219,96],[-133,108],[-137,73],[-49,12],[-73,68],[-139,81],[-24,56],[-87,106],[-228,199],[-158,99],[-25,56],[-49,55],[-93,45],[0,71],[-145,124],[-139,62],[-70,47],[-265,76],[-280,36],[-208,10],[-95,-4],[-75,84],[-256,61],[-154,24],[-78,90],[-34,66],[-138,107],[-176,79],[-141,138],[5,30],[-107,85],[-136,67],[-53,80],[-111,77],[-51,10],[-139,192],[-97,46],[-157,55],[-279,91],[-193,75],[-87,45],[32,68],[-96,0],[-87,-112],[-21,6],[-166,52],[24,69],[-228,85],[-93,23],[-121,7],[-83,27],[-140,20],[-206,10],[-161,-9],[-16,27],[-118,1],[-266,-25],[162,107],[360,145],[36,-12],[74,29],[-29,54],[-497,-197],[-118,-32],[-44,84],[-39,-33],[34,-65],[-3,-56],[-70,-24],[7,-82],[-56,-4],[-7,75],[-294,-45],[-472,-114],[-292,-97],[-340,-127],[-408,-195],[-369,-200],[-369,-218],[-132,-93],[-86,-91],[-40,10],[-45,-38],[-254,-172],[-615,-473],[-83,-69],[-96,-19],[-62,10],[-131,-74],[-91,-70],[-51,26],[-42,-18],[-153,-119],[-209,-177],[-139,-125],[-44,-24],[-197,-201],[-86,-111],[-135,-154],[14,-63],[-89,-18],[-106,-102],[-11,-30],[-84,-65],[-101,-121],[-31,-82],[-6,-89],[-64,-58],[-91,12],[-39,33],[-122,41],[-63,-15],[-45,77],[-52,32],[-74,4],[-95,59],[9,27],[-67,66],[-19,76],[99,36],[-6,56],[83,-16],[70,-61],[98,-37],[7,-92],[63,-48],[31,49],[46,-14],[25,60],[-41,11],[-13,116],[250,43],[-57,36],[-200,-31],[18,90],[-314,55],[-38,33],[-79,-9],[-139,66],[-42,-2],[-82,117],[-29,237],[-34,155],[-54,131],[-143,251],[-100,132],[-70,42],[-206,53],[-119,89],[-80,90],[-116,60],[7,31],[-86,58],[-143,11],[-33,132],[0,55],[-62,28],[-18,22],[59,73],[-72,133],[-106,113],[-72,51],[-54,15],[-182,162],[-39,33],[-105,3],[15,51],[-32,32],[-123,44],[-85,8],[-160,-13],[-68,15],[-129,-30],[-93,5],[-246,-90],[-50,-30],[-56,16],[-98,-35],[-16,-42],[-66,-20],[-120,39],[-42,49],[-115,32],[-142,105],[-44,16],[-153,5],[-48,-56],[-166,-5],[-164,59],[-85,-44],[-238,-195],[-253,-238],[-149,-160],[-243,-308],[-144,-211],[-160,-270],[-109,-197],[-183,-388],[-140,-357],[-90,-283],[-70,-318],[-1,-127],[-18,-157],[10,-171],[77,-256],[105,-136],[107,-72],[129,-29],[116,-63],[141,-48],[99,1],[112,-21],[64,18],[96,-26],[107,-74],[35,-66],[72,-94],[74,-26],[58,-58],[88,-28],[84,-120],[132,-37],[57,-118],[120,-91],[73,-22],[134,-93],[85,-125],[70,-75],[140,-82],[56,-6],[125,-87],[79,-9],[210,-50],[94,15],[242,59],[188,78],[209,76],[68,-2],[95,-24],[128,-6],[56,32],[96,95],[98,-8],[99,-95],[169,-88],[141,-34],[30,-33],[49,-185],[24,-71],[55,-76],[70,-31],[44,-46],[71,-18],[65,17],[18,-96],[-9,-116],[79,-76],[27,-97],[65,-88],[203,-131],[94,-97],[108,-47],[30,-26],[72,0],[61,-74],[39,-2],[94,-88],[94,-66],[23,-34],[9,-89],[44,-66],[79,-80],[52,-33],[41,-76],[8,-99],[67,-92],[82,-20],[44,-120],[67,-76],[212,-118],[115,-54],[120,-44],[20,-24],[84,-20],[94,19],[29,22],[125,-22],[96,-40],[199,-42],[45,-42],[190,-77],[38,-2],[155,-114],[35,-42],[64,-31],[92,-11],[61,-49],[-63,-55],[4,-109],[22,-63],[57,-47],[53,-15],[57,-53],[65,-22],[64,12],[61,-59],[-12,-33],[41,-40],[-14,-72],[-108,-71],[-91,-36],[-82,-90],[-132,6],[-57,-12],[-24,42],[-61,13],[-115,-17],[-61,-39],[-118,-136],[-10,-41],[-55,-70],[-81,-48],[-48,-158],[-85,-58],[-125,-37],[-11,-68],[-35,-35],[-41,26],[-67,3],[-55,-60],[-1,-45],[-73,11],[-50,37],[-37,-15],[-60,-64],[-85,-10],[-53,29],[-150,-44],[-71,-34],[-52,5],[-112,54],[-9,71],[-81,96],[-132,87],[-191,81],[-70,17],[-120,46],[-134,21],[-82,55],[-97,18],[-58,-13],[-39,22],[-78,-14],[-107,48],[-145,42],[-72,38],[-133,30],[-104,10],[-109,-9],[-133,-27],[-102,-32],[-108,-79],[-80,-112],[39,-63],[-103,-23],[-68,-38],[-44,33],[-13,70],[-42,51],[-8,116],[118,176],[8,-70],[39,-19],[43,-62],[88,78],[26,122],[-3,67],[-69,90],[-45,-14],[-29,45],[21,52],[-37,22],[-73,76],[-93,44],[-89,20],[-163,12],[-94,-13],[-187,-72],[-57,-37],[-60,-67],[-44,-110],[25,-85],[-67,-109],[-14,-101],[-72,-66],[6,-70],[-29,-66],[-1,-83],[-130,-51],[-64,-11],[-31,-63],[-148,-37],[-60,-58],[-61,-22],[-156,-144],[-52,-80],[-75,12],[-141,-26],[-61,13],[-34,-22],[-92,-6],[-57,29],[-56,-36],[-93,1],[-65,-32],[-82,-95],[0,-1],[-39,-46],[-51,-130],[-21,-122],[-13,-93],[-40,-485],[2,-352],[17,-127],[53,-50],[4,-118],[-37,-71],[-63,-72],[-56,-34],[-42,-81],[-60,-41],[-9,-48],[-41,26],[-181,-45],[-99,16],[-64,-24],[-37,13],[-100,-37],[-28,-61],[-46,-18],[-80,22],[-121,-78],[-215,-94],[-119,-9],[-156,-53],[-125,-62],[-7,-125],[-22,-41],[-80,-29],[5,-41],[-33,-67],[-47,-32],[-14,-94],[-44,-37],[-108,-141],[-5,-59],[0,-1],[-1,1],[-34,-37],[-4,-72],[-106,-60],[-47,-70],[-90,22],[-87,41],[-24,34],[-178,165],[-152,72],[-76,-14],[-68,39],[-72,-5],[-61,-38],[-195,-25],[-27,-43],[-70,32],[-72,9],[-21,46],[-120,105],[-46,20],[-70,68],[-66,14],[-56,97],[-66,72],[21,58],[-42,138],[-74,74],[-22,61],[18,74],[-33,33],[-4,67],[-33,13],[-21,108],[-50,59],[1,74],[-39,96],[-60,38],[-64,193],[19,38],[-43,400],[21,42],[-9,58],[44,73],[52,156],[1,47],[47,80],[-17,60],[53,53],[16,100],[2,158],[39,82],[-1,93],[143,167],[59,124],[93,78],[94,165],[51,39],[45,73],[97,198],[21,91],[10,165],[-6,91],[-30,63],[56,40],[74,15],[133,-14],[29,-34],[72,-2],[60,60],[42,73],[32,92],[23,152],[-3,113],[11,67],[-59,125],[105,62],[24,163],[47,78],[-27,129],[47,96],[-12,160],[-67,262],[-55,100],[8,50],[45,45],[4,53],[-51,52],[-52,224],[-24,44],[-53,26],[-96,16],[24,60],[-54,85],[5,39],[-42,94],[-93,73],[-21,71],[-113,94],[-14,63],[-27,34],[-7,75],[-68,65],[-22,75],[-149,179],[-167,174],[-119,68],[-54,-8],[-62,24],[-66,62],[-170,4],[-87,27],[-44,-21],[-107,7],[-134,42],[-84,-2],[-31,28],[-74,136],[-13,66],[-70,133],[-81,102],[-12,98],[-67,23],[-51,56],[-22,81],[19,68],[-13,37],[-65,62],[-93,62],[-97,-28],[-51,38],[-102,4],[-108,43],[-109,-15],[-17,69],[-116,-2],[-60,51],[-44,117],[-49,64],[-40,12],[-41,122],[35,55],[59,35],[8,54],[-60,140],[-45,67],[-26,79],[-44,18],[25,108],[-4,66],[35,28],[17,60],[-24,36],[32,70],[5,59],[44,130],[142,38],[52,54],[7,54],[115,92],[16,75],[57,78],[61,57],[66,134],[95,297],[7,68],[-22,58],[30,137],[49,106],[-10,60],[-51,92],[23,153],[-47,42],[16,53],[-28,108],[38,154],[-62,158],[-36,145],[-1,113],[-28,119],[-41,39],[-15,116],[-36,77],[18,53],[-29,114],[10,33],[29,62],[62,48],[91,41],[-4,56],[117,103],[14,100],[53,40],[63,131],[42,-4],[62,51],[177,110],[184,46],[68,46],[80,-4],[65,22],[149,-19],[145,33],[97,-32],[63,44],[46,-11],[74,-50],[68,2],[74,27],[118,-15],[101,38],[212,146],[21,26],[-7,68],[43,58],[-2,57],[42,48],[45,-16],[77,69],[6,3],[81,35],[95,2],[72,48],[51,64],[106,2],[133,89],[40,62],[17,76],[-32,46],[62,130],[29,32],[39,98],[34,11],[46,97],[37,22],[79,119],[50,105],[51,-43],[24,-54],[91,-93],[81,-32],[79,-9],[52,-31],[13,-55],[89,-63],[-12,-82],[28,-101],[57,-84],[191,-8],[104,14],[112,31],[142,66],[37,91],[16,104],[-31,68],[-29,127],[12,139],[36,62],[83,77],[53,23],[30,55],[67,29],[121,111],[114,177],[-1,44],[45,21],[134,199],[-16,39],[46,53],[95,125],[-8,63],[53,-11],[57,32],[23,41],[74,58],[35,87],[125,68],[125,43],[91,66],[58,22],[137,92],[149,77],[32,34],[93,32],[43,54],[60,-21],[54,53],[38,114],[56,79],[13,163],[-12,84],[-61,34],[-93,-4],[-61,94],[-57,172],[-50,45],[3,59],[-35,32],[-53,94],[-34,3],[-62,62],[-44,-2],[-60,36],[6,43],[-56,179],[-81,37],[-49,114],[-34,97],[-73,33],[-54,74],[13,58],[-70,35],[-203,150],[-101,40],[-127,83],[-69,73],[-92,40],[-100,142],[-17,70],[-77,132],[-49,28],[-78,77],[21,135],[33,42],[34,101],[-16,148],[80,76],[27,106],[-69,64],[62,0],[40,41],[30,107],[44,72],[16,140],[22,4],[-30,114],[-41,57],[77,16],[74,-17],[57,10],[73,-18],[65,30],[114,-17],[51,54],[27,-29],[141,-43],[57,9],[151,66],[124,95],[11,40],[15,65],[55,127],[-71,41],[8,25],[90,23],[63,-1],[48,27],[93,-44],[101,-17],[36,-39],[40,-103],[59,-6],[73,22],[10,-61],[65,-84],[63,-25],[18,-55],[58,-31],[130,-124],[74,-19],[82,-135],[103,-25],[34,-58],[87,-39],[38,-41],[93,12],[125,-22],[0,0],[2,-5],[0,0],[40,-94],[78,9],[16,-66],[-76,-64],[31,-88],[60,-45],[119,-37],[0,0],[53,-5]],[[217709,215605],[81,-74],[105,-49],[163,-28],[202,22],[32,-27],[-61,-44],[-156,-188],[-22,-99],[59,-65],[92,-8],[-37,-40],[-27,-89],[-71,-44],[-130,-33],[-26,-25],[-152,-26],[-73,-45],[-140,-65],[-77,48],[10,68],[-89,74],[-9,101],[-34,70],[-52,47],[-78,18],[-37,89],[-67,98],[-50,41],[-111,37],[210,102],[105,7],[135,68],[97,1],[144,92],[64,-34]],[[215326,214680],[51,-83],[-10,-31],[55,-36],[178,-22],[104,25],[66,93],[74,-3],[66,-30],[-14,-33],[-92,-16],[-44,-92],[21,-48],[72,-28],[17,-54],[77,-48],[-41,-24],[-156,-4],[-125,42],[-178,-37],[-38,48],[33,99],[-38,114],[-77,17],[-52,43],[-114,-13],[-69,31],[7,30],[143,-9],[75,27],[9,42]],[[219450,216677],[-6,-20],[101,-23],[86,-3],[42,-22],[-11,-76],[0,-2],[0,-16],[6,-13],[16,-20],[39,-30],[0,-3],[5,-51],[-152,19],[-80,-9],[-60,43],[-62,9],[-101,-27],[-127,43],[-183,-1],[39,35],[134,14],[155,116],[-18,107],[80,9],[40,-62],[57,-17]],[[217305,214524],[18,-72],[54,-47],[3,-63],[-67,10],[-56,-19],[-33,-52],[18,-37],[-63,-34],[11,-48],[-100,35],[-125,-18],[-78,-48],[-75,-106],[-39,-13],[-62,55],[-104,52],[32,42],[113,50],[-3,51],[121,57],[34,-74],[65,11],[-18,96],[76,-2],[0,-66],[36,-36],[48,41],[49,-30],[33,39],[9,76],[-50,27],[49,60],[36,-1],[68,64]],[[216536,213753],[-56,-149],[-54,-50],[-65,39],[-33,48],[-78,8],[35,47],[139,-24],[112,81]],[[212604,212020],[51,-79],[56,-36],[-120,-72],[-82,30],[22,51],[-23,31],[96,75]],[[217948,214247],[-33,-114],[-71,33],[104,81]],[[212695,212119],[53,-59],[-70,-6],[17,65]],[[153896,193262],[115,-22],[159,10],[55,-17],[71,-114],[-3,-50],[-103,-69],[-119,-9],[-89,-30],[-26,-30],[-63,-1],[-22,74],[6,58],[-39,83],[15,81],[43,36]],[[158239,191499],[88,-31],[24,-40],[-76,-61],[-81,52],[45,80]],[[154581,200558],[110,138],[-2,81],[56,49],[42,75],[59,16],[196,-18],[56,16],[36,52],[77,5],[139,42],[66,6],[118,33],[68,4],[134,32],[40,33],[82,30],[92,115],[18,-77],[-6,-145],[-91,-113],[-20,-65],[18,-27],[-51,-76],[-112,-69],[-115,-129],[-41,-104],[-5,-187],[57,-59],[-30,-47],[-16,-75],[17,-55],[-42,-83],[-30,-134],[-55,-118],[-10,-110],[-78,-107],[-5,-56],[-62,-41],[-39,-57],[-76,-38],[-52,10],[-132,-36],[-68,-83],[-147,65],[-78,51],[-49,-2],[-1,54],[30,37],[11,86],[-21,84],[20,64],[-22,84],[-49,71],[6,62],[43,99],[1,78],[-67,120],[-30,101],[-59,46],[-11,43],[56,63],[-44,91],[68,75]],[[172530,225517],[8,-50],[75,-61],[-27,-46],[-123,-139],[-236,-32],[-14,76],[32,40],[103,46],[66,79],[116,87]],[[173459,225564],[31,-145],[-28,-59],[-96,-5],[-82,23],[-124,13],[-90,-6],[-33,37],[53,47],[90,34],[54,-6],[67,39],[158,28]],[[169158,236815],[33,-58],[82,-70],[52,-98],[56,-56],[69,-41],[139,-22],[102,22],[80,39],[34,52],[-30,197],[154,-114],[50,-84],[4,-43],[110,-185],[-49,-15],[-49,-139],[18,-140],[-18,-110],[22,-85],[10,-167],[-10,-128],[-40,-94],[-50,-27],[69,-236],[-52,-145],[-58,-122],[22,-76],[-8,-112],[-41,-48],[-52,16],[-104,-14],[-65,62],[-17,43],[42,65],[35,7],[17,68],[-36,139],[-24,45],[-131,127],[-41,73],[20,44],[-40,97],[-3,86],[-47,127],[-48,57],[-60,128],[-3,38],[75,34],[-15,70],[-37,41],[13,73],[47,46],[-44,60],[10,40],[57,48],[-25,99],[-87,70],[-147,33],[81,54],[17,46],[-33,51],[-54,9],[-2,123]],[[171774,232796],[-81,-41],[-100,33],[6,55],[-86,34],[-80,54],[-49,11],[-105,118],[-126,38],[-134,104],[-40,102],[-86,52],[-30,85],[-76,35],[-50,166],[40,45],[-100,34],[107,54],[17,51],[-65,65],[36,54],[-33,20],[-33,78],[94,115],[63,7],[66,117],[72,37],[63,0],[52,51],[29,77],[60,29],[35,46],[93,22],[16,-28],[103,-52],[60,-15],[88,-66],[-4,-78],[65,-36],[185,14],[84,-53],[34,21],[24,39],[73,-48],[37,-30],[15,-60],[130,-37],[70,-59],[69,-103],[25,-69],[103,-171],[2,-82],[23,-46],[19,-132],[2,-122],[-63,-33],[-113,-92],[-33,-43],[14,-42],[-73,-55],[-56,-2],[-19,-63],[-63,-52],[7,-48],[-64,-36],[-44,40],[-254,-81],[-21,-28]],[[205819,209140],[52,-36],[-65,-92],[-75,-32],[2,61],[86,99]],[[208024,210159],[46,-40],[-97,-25],[-65,11],[9,41],[107,13]],[[224186,219376],[77,21],[45,-45],[66,-24],[-23,-64],[133,-23],[23,-57],[75,-5],[3,-56],[111,-108],[23,-44],[61,-40],[131,-47],[98,-70],[-52,-57],[-81,0],[-41,-44],[42,-88],[-4,-67],[-37,-6],[-28,-73],[-55,58],[-126,39],[-125,-51],[-37,-40],[-103,11],[-75,25],[-104,-48],[-52,-46],[4,-50],[74,-60],[53,4],[74,-38],[-122,-68],[-25,33],[-58,6],[-36,54],[-54,-14],[-57,33],[-33,-37],[24,-55],[-69,-43],[-38,75],[-87,-83],[7,-89],[36,-26],[-58,-110],[-51,-21],[-56,79],[-24,-55],[-66,-70],[-57,-34],[-35,57],[-68,1],[25,-60],[-47,-23],[-37,26],[-87,-20],[-4,-119],[-110,-39],[-31,40],[-65,13],[6,36],[-95,56],[-98,-37],[5,-61],[-81,-50],[-3,-75],[37,-87],[-99,-47],[-1,-78],[-136,1],[-79,-52],[-87,-17],[-40,60],[84,43],[-101,92],[-71,19],[-105,175],[28,92],[-29,56],[57,50],[-39,33],[-83,-3],[-48,-54],[0,-47],[65,-39],[-33,-59],[-172,-4],[51,54],[-77,58],[-1,56],[28,52],[67,51],[59,9],[19,43],[-15,118],[-108,62],[-89,204],[32,64],[79,8],[122,123],[165,-19],[120,22],[15,31],[74,-3],[118,58],[104,-4],[78,-25],[38,26],[123,27],[35,-8],[44,-73],[41,17],[-24,56],[111,27],[81,-37],[53,-4],[69,-36],[53,35],[-104,60],[-59,-6],[-79,46],[-16,82],[273,147],[41,50],[123,72],[59,75],[124,-40],[89,-153],[64,22],[-32,46],[-53,3],[-7,46],[-51,98],[48,21],[87,-60],[29,-44],[86,70],[16,-34],[-25,-67],[83,-11],[44,73],[-73,30],[-8,112],[70,27],[57,-18]],[[223904,217969],[43,-63],[-53,-60],[-87,48],[29,82],[68,-7]],[[222868,217676],[50,-57],[68,20],[-54,-93],[-43,16],[-21,114]],[[215354,221670],[-14,-64],[-80,-31],[9,-68],[-24,-47],[-76,-60],[-61,-157],[-10,-94],[27,-276],[-32,-28],[-93,16],[19,90],[-81,27],[-131,-14],[-86,-51],[-59,-58],[-59,-87],[-74,-176],[-50,-63],[-60,-132],[-29,-117],[19,-166],[-8,-56],[-74,-78],[-24,-109],[-127,3],[-143,-77],[-93,-30],[-239,-125],[-46,2],[-3,-2],[-61,-23],[-114,5],[-14,9],[-148,-52],[-77,53],[-56,6],[-111,-34],[-86,-59],[-80,-102],[-52,-109],[-77,11],[-66,-81],[-45,-99],[-64,38],[-60,-25],[-56,-79],[-90,-231],[-4,-163],[-38,-165],[-14,-193],[24,-177],[-25,-206],[-37,-132],[-11,-99],[-35,-159],[-9,-250],[-46,-179],[-2,-166],[-57,-158],[-39,-36],[-55,11],[-30,187],[25,219],[53,130],[38,221],[25,18],[5,77],[-223,45],[-140,1],[-192,-22],[-123,-45],[-78,-2],[-210,-38],[-134,-49],[-55,71],[-57,118],[-31,153],[69,171],[6,143],[-38,74],[-57,224],[-72,149],[-50,26],[-41,55],[7,51],[71,110],[147,33],[171,55],[65,69],[-3,68],[35,33],[4,63],[39,40],[71,156],[92,103],[117,69],[136,30],[44,38],[65,19],[208,98],[-6,81],[68,17],[112,59],[41,59],[243,68],[71,53],[-1,64],[38,110],[62,59],[108,37],[56,65],[111,58],[100,16],[119,120],[15,45],[200,86],[40,53],[-44,64],[18,36],[90,18],[99,63],[40,-3],[69,38],[69,16],[178,104],[61,58],[-11,45],[59,51],[-4,33],[11,84],[-32,57],[7,92],[-29,79],[14,134],[92,57],[35,84],[69,48],[45,92],[67,40],[94,117],[8,55],[117,96],[65,23],[100,69],[127,143],[58,41],[68,113],[98,101],[55,195],[54,71],[40,22],[118,166],[20,54],[124,101],[84,46],[28,35],[117,68],[115,93],[102,5],[71,139],[95,42],[49,79],[87,75],[86,103],[71,137],[45,56],[7,125],[36,61],[4,64],[44,141],[-38,96],[75,45],[25,38],[64,29],[44,86],[123,106],[45,72],[47,36],[196,364],[92,261],[109,103],[62,46],[80,29],[79,91],[43,19],[74,86],[120,36],[73,-1],[29,32],[58,-26],[60,55],[42,-8],[-6,-78],[67,-40],[67,-2],[60,-39],[-3,-43],[84,-70],[103,-27],[54,-44],[100,-31],[42,-106],[34,-31],[-3,-56],[53,-102],[43,-29],[110,-11],[21,-65],[64,-34],[52,18],[80,-15],[5,-53],[36,-42],[96,-29],[87,-10],[33,-34],[61,8],[39,-33],[62,1],[77,-39],[56,-53],[133,-5],[273,28],[155,27],[45,-11],[332,-23],[188,5],[178,20],[300,58],[240,71],[106,47],[51,48],[10,49],[177,60],[-149,-207],[-34,-59],[-16,-79],[-48,-139],[-57,-54],[-37,-90],[-22,-118],[13,-38],[-130,-56],[-32,-73],[-140,-33],[-42,-35],[-59,-94],[-96,51],[-78,84],[-67,29],[-17,42],[-91,50],[-143,0],[-109,-27],[-197,-96],[-72,-22],[-89,-51],[-145,-145],[-65,-89],[13,-87],[-49,-36],[70,-54],[-46,-47],[-34,23],[-109,3],[-53,-39],[-9,-86],[-69,-7],[-77,-78],[13,-44],[-123,-25],[-26,-48],[-48,-6],[-54,-52],[-56,-109],[-90,10],[-78,-27],[-51,18],[-86,-30],[-121,-10],[-56,8],[-74,-25],[-113,24],[-226,-18],[-47,-24],[-169,0],[-82,27],[-100,-46],[-54,4],[-85,-35],[-163,21],[-112,-27],[-90,-50],[-201,-153],[-137,-128],[-110,-162],[-49,-162],[-32,-52],[11,-37],[-52,-73],[30,-59],[-51,-12],[-72,28],[-54,-23],[-35,-77],[-225,-63],[-46,22],[-85,-19],[-61,-33],[-81,-89],[-15,-62],[-35,-25],[-81,38],[-114,-37],[-80,-64],[-71,-88],[-67,-33],[-80,-103],[-70,-66],[-63,-140],[-1,-54],[55,-39],[-14,-51],[-65,16],[-56,-24]],[[234353,231370],[-51,-11],[11,-60],[-66,-48],[-82,11],[2,54],[-52,21],[-113,-73],[-70,37],[-82,5],[-47,-19],[-58,13],[-119,-36],[-104,-56],[-138,-57],[-78,-10],[-79,-31],[-101,-6],[-88,31],[-114,76],[-68,23],[-117,74],[-125,118],[-25,47],[18,156],[-30,85],[-75,24],[-113,15],[-192,-13],[-100,-29],[-194,-92],[-150,-116],[-121,-135],[-81,-119],[-46,-132],[-9,-101],[66,-66],[168,-84],[90,4],[50,-23],[-8,-77],[-90,-35],[-89,-106],[-77,-116],[-69,-62],[-30,-96],[-67,-62],[-64,-103],[-13,-129],[-96,-80],[-21,-41],[-85,-56],[-97,-88],[-29,-59],[-93,-49],[-15,-39],[-92,-20],[-60,24],[-83,-10],[-88,-31],[-130,-84],[-55,-59],[6,-83],[-20,-58],[-80,-65],[-115,7],[-11,-24],[-97,3],[-212,-82],[-60,-77],[-85,0],[-120,-62],[-134,-118],[-117,-39],[-90,-86],[-11,-57],[-61,-69],[-75,-50],[-109,-19],[-18,-41],[-93,-19],[-35,-62],[-46,-31],[-8,-60],[-58,-32],[-61,-102],[16,-34],[-77,-35],[-63,-160],[-67,-19],[-100,-84],[-48,-83],[-52,-53],[-66,-109],[-8,-64],[-34,-59],[-16,-144],[-47,-37],[-29,-103],[-82,1],[-2,-42],[-83,-35],[-90,-96],[-106,-77],[-39,-49],[-94,-28],[-63,18],[-188,-71],[-64,-8],[-95,-53],[-76,-8],[-132,15],[-218,90],[-70,-15],[-106,-43],[-147,-88],[-151,-134],[-3,-51],[-75,-17],[-79,-67],[-131,-143],[-86,-114],[-79,-147],[-48,-54],[-7,-78],[-70,-97],[2,-34],[-88,-141],[27,-65],[-70,-85],[-161,-98],[-60,-69],[-55,-28],[-83,-15],[-139,40],[-209,-8],[-162,52],[-51,40],[-126,27],[-65,42],[-46,90],[-8,55],[38,56],[-13,40],[45,72],[-12,53],[40,46],[65,213],[129,127],[2,32],[62,68],[83,19],[72,-3],[72,26],[144,109],[143,165],[21,79],[-75,99],[-67,119],[-64,49],[-10,103],[44,65],[-5,116],[102,245],[66,-20],[-17,-96],[50,-77],[28,-177],[96,-82],[73,-100],[132,-32],[122,65],[205,195],[49,115],[19,110],[-27,87],[35,93],[-13,37],[-163,70],[-77,65],[-34,51],[45,57],[109,-11],[75,29],[100,-50],[77,19],[47,-37],[85,-24],[-1,-79],[87,-13],[32,-93],[58,-4],[87,34],[35,-21],[139,40],[47,40],[93,32],[65,46],[79,81],[66,88],[47,25],[55,71],[78,72],[136,59],[66,100],[79,193],[42,187],[13,117],[-11,114],[-41,98],[-43,43],[-190,-17],[-63,23],[-23,41],[-160,7],[-36,-22],[-154,59],[19,33],[-111,33],[-8,41],[-55,67],[-56,136],[13,66],[-21,85],[68,78],[238,85],[56,-14],[63,-54],[87,10],[42,-68],[99,4],[79,-88],[90,-73],[50,-78],[136,5],[194,55],[160,81],[27,71],[45,187],[57,122],[43,49],[-2,171],[91,94],[138,56],[73,4],[23,64],[74,-29],[54,44],[62,1],[69,53],[79,-11],[462,247],[30,47],[90,39],[59,61],[59,91],[99,58],[73,103],[113,119],[97,74],[39,74],[153,101],[23,28],[156,74],[167,-9],[100,89],[-33,109],[43,38],[-44,36],[18,70],[-34,49],[45,104],[62,19],[10,43],[-37,39],[34,49],[-4,138],[27,98],[62,5],[-27,54],[17,121],[-49,151],[-96,29],[-99,63],[-100,30],[105,56],[195,-56],[88,-46],[63,6],[74,35],[77,-41],[52,12],[55,-29],[23,-50],[-39,-34],[85,-102],[116,-46],[128,-4],[110,-18],[60,5],[38,-57],[110,-13],[119,37],[118,55],[6,26],[123,42],[116,54],[77,104],[0,103],[-21,53],[32,57],[-66,107],[9,97],[79,42],[51,117],[3,106],[134,84],[69,36],[33,58],[-14,76],[40,55],[214,41],[76,-28],[71,100],[56,55],[162,-10],[71,22],[45,47],[60,25],[107,10],[80,-56],[24,-49],[153,38],[68,97],[77,43],[25,57],[-42,43],[35,65],[45,31],[49,100],[-19,98],[-97,27],[-27,27],[38,123],[-32,63],[49,158],[-20,63],[-41,34],[-40,127],[-43,53],[18,94],[-51,100],[-11,82],[30,94],[-59,102],[1,39],[87,113],[44,107],[85,115],[-10,34],[58,72],[102,72],[71,108],[80,78],[86,45],[113,41],[17,-26],[137,-60],[40,-56],[100,-49],[67,-4],[-21,-86],[32,-189],[91,-99],[-54,-33],[53,-120],[31,-130],[56,-111],[85,-91],[57,-7],[47,-86],[-73,-13],[3,-104],[55,-52],[39,-116],[-26,-81],[45,-119],[86,-12],[29,-62],[-15,-63],[73,15],[21,-93],[87,-51],[163,-49],[130,-27],[316,-31],[317,2],[109,14],[163,6],[380,45],[219,30],[390,73],[191,45],[374,113],[101,54],[-2,57],[86,67],[1,47],[82,31],[207,112],[98,10],[92,78],[77,12],[42,-23],[42,31],[-32,80],[42,27],[41,77],[40,-11],[141,91],[30,67],[103,3],[-36,69],[49,120],[58,-23],[83,51],[43,78],[-44,53],[-46,99],[52,81],[49,31],[48,115],[79,9],[164,120],[80,167],[83,27],[67,-5],[29,38],[57,-13],[105,72],[23,33],[-10,59],[67,35],[119,220],[84,20],[110,-8],[75,9],[59,38],[10,35],[88,9],[62,37],[22,41],[62,33],[22,91],[-22,62],[40,38],[78,125],[77,20],[95,-28],[149,27],[227,27],[322,92],[98,41],[98,12],[154,-15],[26,26],[131,-37],[115,5],[175,-48],[83,25],[29,-75],[143,-38],[149,-96],[46,-63],[115,-91],[30,-90],[-21,-143],[0,-109],[-79,-55],[-72,-81],[-182,-56],[-161,-69],[-57,-42],[-44,-118],[-9,-86],[22,-140],[114,-50],[27,-47],[82,-2],[30,-24],[44,-93],[96,-73],[40,-55],[8,-105],[-62,-37],[-2,-59],[-70,-66],[-2,-64],[-42,2],[-46,-112],[-79,-29],[-12,-51],[59,-49],[-54,-99],[-233,15],[-169,-35],[-157,-87],[-58,-49],[-51,47],[-83,27],[-65,48],[-146,43],[-134,-35],[-131,20],[-180,-27],[-128,12],[-179,-17],[-45,34],[-50,-58],[-62,40],[-199,-43],[-142,-104],[-92,-6],[-15,-29],[-203,-20],[-96,-50],[-58,-72],[-50,-16],[-83,-84],[-110,-40],[-43,-66],[-64,-29],[-22,-45],[-115,-14],[-62,-117],[22,-81],[-86,-47],[-65,49],[-68,0],[-78,-33],[-10,-28],[-108,-59],[0,0],[-136,35],[-77,-15],[-56,-47],[-88,-37],[-97,-72],[-62,-65],[-101,17],[-64,-46],[-90,-22],[-82,-3],[-71,-23],[-108,3],[-93,-32],[-121,-4],[-126,-41],[-145,-74],[-159,-113],[22,-45],[-62,-25],[-96,-74],[-120,-9],[-101,-42],[-117,-72],[-122,-91],[-10,-70],[-134,-53],[-63,-99],[-96,9],[-140,-33],[-220,-127],[-113,-99],[-92,-24],[-212,-129],[-146,-149],[-83,-62],[2,-52],[-80,-28],[-61,-101],[13,-41],[-64,-71],[-130,-20],[-145,-160],[-10,-42],[-52,-14],[-66,-91],[-35,-22],[-13,-68],[-80,-55],[-34,-85],[-61,-47],[-70,-113],[-132,-15],[-140,-51],[-56,-69],[-105,-20],[-80,-70],[-20,-60],[-50,-74],[-30,22]],[[175869,181378],[-61,-19],[-57,-125],[-84,-40],[-10,-27],[-72,-39],[-49,7],[-73,-60],[-75,-29],[-112,6],[-64,-59],[-164,-37],[-94,-121],[-36,-30],[-1,-71],[32,-28],[-17,-48],[38,-49],[-51,-76],[-81,-47],[-8,-41],[-74,-48],[-75,-4],[-21,-28],[-81,-84],[-57,-34],[-69,38],[-50,-16],[-105,39],[-75,104],[-73,-11],[-28,61],[-149,96],[-135,14],[-111,-49],[-119,34],[-71,-41],[-62,-81],[-77,-16],[-115,-71],[-54,105],[-35,8],[-41,-74],[-38,-16],[7,-68],[-72,-87],[-3,-30],[-82,7],[-31,-52],[-176,-81],[-25,84],[-95,42],[-40,34],[31,104],[-9,58],[-55,16],[-57,57],[0,34],[-68,31],[-63,-65],[-108,-11],[-65,-88],[3,-68],[-33,-28],[-128,-50],[-72,49],[-47,4],[-22,-84],[-110,-9],[-30,-39],[-68,-38],[-58,-66],[-51,-2],[-73,-109],[1,-30],[-88,-15],[-109,-70],[-113,0],[-128,23],[-33,-34],[-87,-21],[-47,-37],[-84,-19],[-64,9],[-38,-64],[-135,-52],[-41,-41],[-113,-64],[-35,-4],[96,-211],[-56,-59],[-90,-10],[-40,-30],[-130,6],[-68,-43],[-86,-116],[-126,-13],[-185,-117],[-8,-54],[-34,-15],[-153,-26],[-40,29],[-50,-16],[-47,40],[-107,-34],[-38,67],[-62,28],[-38,127],[-58,19],[-38,68]],[[169043,179137],[-88,116],[15,70],[51,75],[14,94],[31,26],[-48,59],[-74,8],[-5,90],[21,32],[67,21],[39,60],[-2,95],[15,72],[34,17],[0,56],[56,103],[-52,102],[23,39],[80,-68],[68,-8],[112,98],[20,33],[-39,134],[36,31],[-13,75],[-29,14],[-57,113],[27,73],[-14,90],[-41,27],[10,71],[-26,63],[55,44],[-4,59],[-121,42],[-97,-43],[-100,-7],[-87,43],[-85,-99],[-58,-2],[-71,69],[-77,-44],[-40,21],[-93,0],[-42,-21],[-291,191],[158,639],[18,131],[-261,-55],[-68,23],[-79,-36],[-96,-90],[-59,-7],[-51,-76],[-38,-15],[9,-94],[-28,-97],[-8,-133],[-40,-102],[-93,9],[-24,56],[-39,31],[-135,-67],[-29,30],[-62,-29],[-55,-63],[-39,-71],[-107,-14],[-68,20],[3,-57],[-26,-45],[40,-29],[-22,-133],[-99,9],[-52,49],[-13,72],[-126,-5],[-32,25],[-110,-26],[-2,-95],[-81,-33],[-26,-29],[-88,-14],[-21,-52],[-99,-36],[-80,-6],[-39,23],[-80,-14],[36,62],[-32,91],[-87,75],[-109,-9],[-58,25],[-21,44],[-86,57],[-44,11],[-10,-65],[-123,-14],[-14,-31],[-154,-5],[-42,-63],[58,-96],[62,-53],[10,-87],[-74,-18],[-111,76],[-62,-13],[-45,75],[-35,20],[-79,-12],[6,97],[50,14],[10,71],[-28,51],[-85,-6],[-97,-25],[-55,33],[-43,55],[-120,49],[-8,59],[-63,76],[-110,10],[-61,27],[-146,-64],[-59,51],[-5,113],[-34,25],[4,55],[32,61],[-95,48],[-90,-29],[-107,-59],[-88,40],[-10,42],[-82,56],[-30,-22],[-54,-95],[-51,-4],[-106,25],[-126,-120],[-42,-65],[4,-105],[-43,-122],[-37,-20],[-134,-8],[-107,-23],[-18,59],[-53,11],[-29,37],[-101,-15],[-83,13],[-117,-59],[-144,13],[-84,-51],[-210,-68],[-80,53],[-14,28],[-124,-42],[-89,54],[-66,18],[-169,-20],[-103,-48],[-39,35],[-99,16],[-32,-18],[-116,-18],[-125,-5],[-24,54],[-55,35],[-17,58],[20,42],[-56,65],[-142,89],[-40,-26],[-54,47],[-86,-18],[-111,-72],[-85,1],[-66,-34],[-61,-51],[-43,-72],[48,-77],[-35,-112],[-97,-39],[-46,15],[-50,62],[-69,-4],[-80,-51],[-109,-15],[-89,41],[-40,50],[-84,-43],[-136,-30]],[[159484,181134],[35,77],[-11,120],[30,34],[-1,96],[28,72],[19,222],[-7,41],[34,63],[-12,172],[-15,25],[5,138],[-24,152],[-45,164],[-21,33],[-74,38],[32,68],[-59,127],[-82,100],[-104,7],[-76,-44],[-142,21],[-70,-29],[-76,30],[-61,117],[18,34],[-30,103],[22,19],[-20,76],[75,42],[154,104],[62,58],[91,122],[27,12],[65,-48],[104,24],[65,92],[63,20],[26,152],[111,24],[144,181],[29,103],[-14,31],[106,43],[81,145],[-12,30],[73,152],[59,81],[2,58],[59,-4],[132,64],[43,-2],[79,113],[49,38],[103,24],[25,35],[116,-26],[102,-80],[121,-36],[13,-46],[51,-57],[149,-58],[103,9],[137,59],[66,44],[101,85],[26,6],[102,104],[132,58],[81,87],[112,31],[40,-49],[57,-22],[130,27],[111,87],[37,60],[61,63],[75,114],[105,208],[147,379],[69,229],[94,359],[60,285],[44,245],[54,385],[34,351],[14,267],[-8,264],[-35,145],[-74,51],[-54,103],[-89,89],[-39,4],[-36,49],[-77,20],[-120,-8],[-99,6],[-63,29],[3,81],[33,74],[29,32],[72,-56],[77,20],[44,21],[48,-32],[58,1],[64,-59],[72,2],[85,74],[-3,85],[53,-8],[36,31],[60,135],[8,86],[46,135],[-13,44],[29,42],[1,60],[-39,43],[-2,52],[31,35],[-23,114],[-29,43],[29,187],[75,33],[20,110],[-27,64],[10,50],[44,40],[39,-48],[28,-37],[69,-22],[20,-36],[126,-28],[82,-73],[120,-70],[37,-58],[15,-69],[42,-45],[61,-27],[124,-98],[58,-130],[153,-79],[98,-11],[26,-54],[56,-12],[133,16],[82,32],[156,107],[111,105],[11,80],[59,96],[72,4],[38,-41],[104,107],[50,-35],[66,1],[159,-23],[83,-57],[58,-9],[79,-16],[40,-30],[55,-108],[50,-61],[135,-60],[89,-138],[19,-74],[-50,-215],[10,-54],[-53,-164],[3,-92],[-20,-90],[9,-61],[-13,-109],[23,-148],[5,-106],[26,-62],[13,-120],[63,-144],[-3,-87],[15,-130],[49,-327],[34,-141],[30,-338],[18,-88],[16,-85],[53,-148],[60,-238],[13,-114],[10,-67],[75,-202],[65,-119],[96,-101],[56,-10],[116,-78],[67,-72],[99,-76],[147,19],[54,33],[196,-31],[81,21],[119,62],[102,93],[74,70],[17,75],[118,62],[0,62],[93,7],[46,57],[2,60],[98,64],[-13,164],[58,0],[44,125],[-44,57],[34,57],[-24,71],[9,106],[-51,64],[-46,-37],[-163,92],[70,24],[113,17],[46,41],[-41,28],[4,104],[88,64],[33,43],[-29,28],[59,93],[44,134],[-6,41],[90,29],[127,-32],[113,-111],[24,-39],[54,-17],[97,3],[49,23],[90,-31],[14,-73],[103,-136],[89,-57],[55,-54],[52,-22],[2,-68],[-37,-61],[15,-62],[-69,-40],[-17,-49],[73,-32],[119,14],[59,28],[87,-53],[130,-26],[25,-57],[105,-79],[83,-30],[107,25],[89,-41],[59,-107],[78,-81],[50,-112],[65,-67],[115,-85],[123,-15],[87,23],[60,-7],[53,37],[104,37],[114,99],[149,165],[119,163],[124,213],[80,160],[91,219],[75,222],[48,186],[31,150],[33,219],[17,221],[-6,239],[48,67],[-7,169],[18,61],[56,60],[5,56],[49,62],[30,-4],[84,98],[41,142],[-3,34],[26,85],[-49,183],[-133,340],[-113,205],[-130,190],[-135,154],[-198,185],[-98,55],[-64,-7],[-93,36],[-104,-16],[-41,-98],[-106,-152],[-31,-23],[-25,-73],[-49,-34],[12,-42],[95,12],[18,41],[85,70],[-4,-68],[-104,-119],[-71,-41],[-117,-117],[-100,-73],[-111,2],[-72,-32],[-75,-57],[-53,-20],[-76,-55],[-84,-90],[-47,-79],[-91,-2],[-61,24],[-68,-5],[-184,118],[-52,21],[-119,-26],[-135,42],[-127,-53],[-47,-35],[-73,-95],[-103,-95],[-71,22],[-74,-28],[-62,26],[-103,-6],[-59,-38],[-21,-40],[-130,-50],[-120,37],[-104,-26],[-59,-34],[-103,-31],[-26,-41],[-123,-58],[-70,-48],[-33,-73],[-96,-123],[-56,24],[-65,-10],[-43,41],[-102,-15],[-92,105],[-36,-1],[-50,80],[38,119],[5,68],[-17,209],[-26,128],[44,67],[94,68],[-6,29],[12,11],[-3,55],[54,155],[-3,104],[-27,32],[-18,121],[52,34],[3,57],[54,110],[-19,32],[59,49],[21,85],[8,164],[69,141],[-69,74],[78,70],[-11,63],[52,16],[46,45],[37,86],[71,356],[-8,90],[61,210],[48,82],[-33,32],[128,68],[39,94],[110,45],[18,22],[-5,110],[45,49],[75,27],[-13,36],[70,117],[-26,12],[71,32],[81,61],[59,168],[40,30],[-17,53],[23,47],[-32,114],[-69,111],[87,67],[-1,83],[26,82],[58,0],[68,-114],[121,-63],[84,-65],[61,-12],[45,-68],[59,-31],[9,-52],[38,-29],[33,-63],[82,-53],[125,-48],[80,-59],[74,0],[168,-27],[280,1],[80,-10],[33,-38],[222,-121],[174,-54],[-10,-37],[39,-44],[110,-150],[85,-87],[44,1],[49,-40],[45,-88],[82,-81],[44,-13],[113,-116],[29,-63],[126,-126],[159,-114],[170,-83],[11,-15],[161,-70],[160,-56],[103,-27],[209,-35],[129,9],[111,34],[111,21],[217,84],[183,90],[117,49],[138,85],[105,109],[72,47],[24,40],[82,56],[44,67],[165,133],[46,69],[23,-83],[44,-50],[-66,-33],[-14,-50],[31,-93],[-77,-21],[-18,-77],[70,-56],[-14,-113],[-86,-65],[-50,-116],[-22,-60],[-79,-293],[-106,-429],[-71,-234],[-22,-110],[-43,-121],[-30,-126],[-13,-175],[-62,-257],[-19,-50],[-38,-183],[-23,-271],[31,-227],[39,-11],[4,-67],[-24,-132],[10,-149],[34,-6],[-16,-102],[-37,-111],[-13,-84],[-45,-455],[-16,-253],[2,-349],[21,-91],[-14,-194],[26,-141],[-47,-45],[31,-123],[55,-19],[-16,-133],[17,-264],[44,-428],[16,-37],[30,-352],[18,-79],[26,-201],[37,-151],[16,-138],[38,-218],[105,-512],[75,-188],[32,-35],[-7,-50],[6,-44],[80,-306],[62,-172],[74,-172],[6,-47],[39,-69],[27,-87],[54,-43],[13,-76],[48,-108],[62,26],[29,-72],[-65,-42],[22,-45],[56,15],[63,-16],[16,-112],[54,28],[22,-36],[-66,-33],[22,-31],[85,33],[7,-46],[79,-75],[8,-28],[96,-27],[86,5],[91,33],[90,112],[29,25],[88,-1],[52,-61],[-2,-1],[-3,-2],[4,-35],[12,-16],[0,-2],[-1,-1],[0,-2],[4,-6],[49,-103],[65,-23],[20,-2],[9,5],[33,-35],[83,-49],[10,-72],[77,-19],[22,-65],[31,-18],[61,-36],[19,-106],[75,-53],[47,-52],[25,-50],[114,-52],[44,-75],[155,-93]],[[174446,182415],[-38,-109],[-31,27],[69,82]],[[175392,165019],[-68,8],[-49,29],[-168,135],[-163,27],[-89,-16],[-71,96],[-63,-24],[-113,28],[-147,-20],[-88,-35],[-61,76],[12,38],[-88,12],[-16,-32],[-136,-10],[-48,-60],[-35,-170],[51,-109],[13,-124],[34,-19],[-35,-59],[2,-76],[-46,-82],[0,-38],[62,-118],[-26,-46],[26,-29],[-29,-86],[-59,-52],[-155,-96],[-2,-91],[-116,-72],[-28,-42],[47,-164],[76,-21],[1,-60],[-87,-63],[-45,-109],[3,-52],[41,-125],[-4,-51],[47,-17],[-45,-48],[-74,-5],[-85,26],[-74,-24],[19,-45],[44,-9],[5,-48],[-39,-109],[51,-94],[-61,3],[-95,-42],[16,-85],[-121,-45],[-3,53],[54,78],[-7,73],[-41,-6],[-58,35],[-58,7],[-7,64],[-34,51],[-67,0],[-81,-31],[-62,114],[-51,23],[-59,-4],[-62,36],[-50,-27],[-123,-33],[-20,47],[-113,81],[-34,53],[-74,-13],[-22,-35],[6,-113],[-40,-43],[15,-126],[-66,-1],[-116,47],[-51,-54],[-100,8],[1,-53],[-45,-5],[-10,-87],[-48,-44],[-21,-64],[13,-91],[-91,-21],[3,-23],[-120,-25],[18,-77],[-43,-16],[-156,9],[-81,92],[9,50],[-20,90],[-78,49],[-20,32],[-90,34],[-48,51],[-126,-67],[-37,39],[-59,7],[-161,67],[9,224],[-11,59],[-94,-16],[-59,41],[23,59],[-53,47],[-40,-41],[-70,31],[-55,60],[19,74],[80,8],[67,-33],[91,55],[22,55],[51,28],[83,96],[-11,104],[-58,131],[-147,33],[-65,0],[-84,-31],[-51,34],[-2,42],[-99,32],[-159,-88],[-125,49],[-130,-31],[-38,-50],[-103,15],[-28,61],[-74,-8],[-50,18],[-110,-63],[-20,25],[-70,-9],[-49,-64],[-52,21],[-41,83],[-51,39],[-34,85],[-45,41],[-43,78],[-63,40],[-71,8],[-35,55],[-53,-1],[-123,66],[-41,-52],[-49,47],[-45,77],[-72,21],[-89,-21],[-164,40],[-26,43],[-80,72],[-83,20],[-140,81],[-33,80],[-123,70],[-119,5],[-104,-29],[-58,23],[-112,-64],[-80,-2]],[[167340,164879],[-13,60],[24,61],[-43,80],[-10,58],[-43,46],[-6,41],[38,59],[-33,63],[135,88],[11,67],[46,59],[55,48],[41,73],[9,59],[-24,63],[55,31],[13,54],[41,29],[1,64],[-54,55],[46,86],[-41,66],[-137,28],[-62,33],[-64,-37],[-82,21],[-44,53],[-53,7],[28,119],[69,133],[-69,37],[0,65],[100,24],[32,43],[-114,97],[-63,4],[-13,79],[60,36],[88,96],[49,78],[30,91],[44,10],[71,-19],[20,63],[74,45],[25,-16],[84,36],[-17,55],[-81,73],[-83,-15],[-72,37],[-20,31],[-74,-14],[-56,47],[25,75],[-9,44],[-33,52],[70,113],[37,-3],[124,40],[-11,86],[20,43],[-108,35],[-77,120],[-113,29],[-52,85],[-51,-14],[-120,54],[-95,64],[-48,5],[-5,264],[-83,5],[-58,35],[-82,-6],[-6,38],[40,80],[-41,35],[11,70],[33,22],[10,74],[100,16],[-56,152],[-139,43],[-4,41],[46,76],[-42,14],[-120,99],[23,53],[8,111],[-33,29],[-93,-16],[-88,53],[-27,19],[53,108],[45,35],[-46,61],[-5,54],[118,39],[96,8],[38,69],[4,139],[-73,88],[-8,35],[118,182],[81,33],[172,119],[74,22],[-51,49],[-53,100],[4,57],[57,62],[28,-8],[18,159],[70,44],[41,-11],[25,133],[20,30],[-17,118],[-97,68],[-18,66],[29,76],[93,-6],[62,39],[70,21],[22,60],[52,71],[19,58],[104,35],[67,145],[121,-12],[91,108],[-23,67],[54,60],[-13,78],[45,59],[34,105],[65,46],[-20,27],[26,140],[-10,85],[-33,77],[40,86],[-65,34],[-55,83],[1,106],[-44,31],[-101,-14],[-24,66],[-79,110],[-15,64],[-67,36],[57,38],[70,3],[86,33],[81,71],[-7,100],[98,65],[35,103],[57,27],[85,73],[50,84],[78,52],[-10,56],[-52,73],[-160,57],[-20,52],[-88,34],[-91,-28],[-85,66],[-71,23],[-36,87],[30,44],[23,190],[-44,45],[-16,126],[55,70],[30,1],[77,82],[67,-25],[69,-3],[136,63],[137,-148],[92,-63],[42,43],[56,19],[64,-4],[72,36],[17,100],[-45,120],[-68,61],[4,133],[-31,56],[-94,72],[22,86],[-45,59],[9,58],[35,28],[3,98],[-87,70],[-10,186],[11,129],[25,65],[-17,159],[61,64],[-21,50],[22,42],[-36,39],[-12,66],[39,50],[7,116],[-39,74],[-2,89],[-35,41],[-26,104],[64,36],[3,38],[56,54],[54,-13],[82,68],[49,77],[20,84],[-7,103],[-67,9],[23,73],[-64,91],[69,138],[81,115],[-7,60],[-65,20],[-60,-14],[-71,71],[-21,62],[86,70],[38,4],[186,155],[-26,92],[82,93],[-23,52],[79,49],[11,44],[116,15],[60,27],[93,2],[76,29],[-20,128],[63,74],[78,7]],[[175869,181378],[58,-69],[49,-100],[70,-37],[30,-97],[82,-32],[68,-127],[-1,-96],[71,-78],[20,-57],[63,-33],[39,-60],[53,-29],[78,-96],[-18,-90],[12,-47],[93,-51],[1,-45],[66,-16],[-11,-97],[45,-179],[44,-22]],[[176781,179920],[3,-12],[0,0],[0,0],[0,-1],[29,-17],[0,1],[1,0],[0,0],[3,-2],[4,-2],[2,-1],[0,1],[1,0],[7,-10],[3,-21],[0,-3],[-1,0],[-1,-2],[-2,-5],[6,-9],[3,-1],[1,-3],[3,0],[0,0],[0,0],[1,-2],[1,-2],[0,-1],[1,1],[0,0],[0,0],[5,-4],[1,1],[3,0],[0,1],[0,0],[1,0],[0,-1],[0,0],[0,0],[0,-1],[-3,-4],[4,-7],[3,2],[1,0],[1,-20],[0,0],[0,0],[6,-10],[1,0],[0,1],[0,0],[0,-1],[2,-17],[0,0],[1,-3],[1,-2],[-2,-2],[1,0],[0,0],[1,0],[1,-1],[0,-1],[1,-3],[1,0],[5,0],[4,-13],[0,-1],[0,0],[1,-9],[8,-3],[-1,-1],[-3,0],[9,-11],[1,0],[0,-1],[1,-1],[0,-3],[0,0],[1,1],[0,0],[26,-25],[0,-2],[0,0],[-10,-18],[20,-20],[4,1],[4,-6],[0,0],[1,-1],[2,3],[0,-10],[5,4],[1,-3],[1,-5],[-5,-1],[-1,0],[0,-1],[5,-2],[7,-8],[2,-5],[0,-12],[1,0],[0,0],[0,-1],[0,1],[0,0],[1,0],[0,-1],[0,0],[0,0],[4,-1],[0,-1],[2,-1],[0,0],[2,-3],[15,-22],[1,0],[32,-22],[46,-83],[10,-17],[-4,-4],[0,0],[6,-3],[2,-1],[2,-7],[0,0],[9,-9],[9,-5],[1,1],[0,0],[1,0],[-1,-1],[0,0],[0,-1],[2,-1],[0,-1],[1,-3],[6,-5],[7,-6],[2,-38],[35,-49],[9,-90],[30,-44],[5,-35],[-16,-31],[63,-73],[24,-66],[-17,-61],[17,-46],[-47,-39],[-70,12],[-48,-82],[-65,16],[-60,-71],[-23,-81],[43,-87],[-44,-44],[48,-75],[65,1],[33,0],[0,0],[46,-40],[0,0],[114,-4],[150,-120],[54,1],[72,-59],[0,0],[24,-24],[-1,-4],[0,-3],[35,-67],[61,-106],[31,-8],[0,-1],[0,-1],[-44,-89],[-85,-40],[-132,31],[-57,-46],[-71,-99],[7,-34],[-65,-59],[-31,-132],[45,-90],[-6,-40],[-5,-4],[0,0],[2,-65],[33,-59],[2,-36],[68,-60],[65,-91],[39,-64],[32,3],[150,-80],[71,-14],[80,-174],[88,-66],[29,-113],[154,-79],[72,-5],[110,23],[40,-113],[53,-23],[31,-88],[69,-64],[-16,-135],[10,-55],[5,-89],[31,-19],[-4,-7],[23,-30],[-2,-23],[-28,-13],[28,-44],[1,-1],[-36,-16],[-44,19],[-6,1],[-5,-2],[-12,-3],[0,0],[-44,1],[-16,-50],[-3,-8],[-32,-16],[-6,-61],[17,-113],[-12,-44],[95,-124],[-2,-33],[52,-157],[42,-41],[38,-27],[67,-1],[75,-230],[-39,-50],[31,-64],[-48,-21],[32,-70],[0,0],[7,-1],[0,0],[9,-2],[20,-55],[5,-9],[-8,-95],[-4,-1],[-8,-2],[69,-4],[36,-89],[-3,-48],[-54,-42],[-4,-119],[50,-64],[-21,-58],[23,-59],[62,-93],[82,-36],[-67,-28],[-68,-63],[-7,-116],[47,-102],[-23,3],[-23,-17],[-52,-129],[0,0],[-7,1],[-14,-11],[0,0],[-9,-4],[0,0],[-52,24],[-36,-48],[58,-53],[46,8],[22,-48],[-17,-70],[33,-69],[-100,-43],[-33,-59],[4,-76],[-50,-38],[95,-46],[76,6],[-17,-65],[-112,-213],[27,-52],[-29,-66],[73,14],[16,-82],[-46,-19],[-60,36],[-10,-57],[-41,-25],[70,-145],[-51,-30],[-23,-77],[-3,-57],[-3,-2],[0,-1],[-82,-76],[-84,-59],[28,-73],[-2,-48],[92,-21],[93,137],[40,89],[0,0],[10,7],[134,123],[161,255],[111,145],[58,-17],[45,-62],[-1,-113],[-37,-16],[29,-57],[-32,-55],[4,-128],[74,-34],[2,-2],[5,-9],[-41,-14],[-22,-47],[52,-84],[-15,-56],[26,-28],[0,-2],[0,0],[0,0],[-2,-6],[-1,-1],[-1,-2],[0,0],[-17,-25],[-30,-67],[66,-62],[39,23],[56,-34],[46,17],[83,-1],[-16,-40],[22,-85],[87,-4],[7,-70],[35,-123],[-81,-128],[-97,-6],[2,-43],[83,-40],[0,0],[-39,-35],[-43,26],[-1,1],[-57,54],[-88,20],[-54,-71],[-29,-181],[-42,-59],[-52,-32],[-78,-7],[13,-11],[0,0],[0,-2],[1,0],[1,-2],[1,-2],[1,-3],[2,-2],[-9,-1],[-8,-8],[0,-72],[1,0],[4,-7],[-7,0],[0,-33],[10,-58],[4,-21],[0,-1],[-2,-1],[0,-1],[-3,-1],[1,-5],[-2,-2],[-1,-2],[-21,-22],[0,-4],[-56,31],[-4,-1],[-106,51],[-94,-35],[-91,11],[-64,-47],[-83,-23],[-16,-94],[31,-111],[38,-26],[16,-73],[79,3],[8,-75],[65,-24],[104,122],[49,20],[69,-5],[-8,41],[62,108],[80,56],[83,37],[92,101],[117,-2],[29,21],[-5,-22],[11,-59],[66,-70],[-16,-54],[-85,-93],[-8,-79],[-91,-53],[46,-59],[-46,-39],[36,-29],[20,-70],[-53,-32],[-61,-78],[-80,-2],[-44,58],[-9,22],[-6,5],[0,0],[-2,0],[-3,1],[-1,0],[-53,16],[-27,-27],[1,-1],[9,-95],[-44,-53],[-57,18],[-45,-35],[-102,-5],[-5,71],[31,30],[-40,102],[-66,-12],[4,-39],[-87,-105],[-1,0],[-7,-1],[-3,-3],[-18,-40],[-40,-32],[-44,-73],[-5,-16],[0,0],[1,0],[0,-1],[-2,0],[-2,-6],[0,0],[-9,-4],[-7,-10],[0,0],[-43,-25],[-74,-99],[53,-91],[15,-54],[68,1],[37,47],[95,18],[4,-32],[-32,-84],[-67,-54],[9,-69],[-101,-53],[-59,-23],[-196,69],[-61,-57],[22,-51],[-60,-20],[-24,-34],[-81,-27],[-15,-68],[35,-11],[48,-58],[56,31],[51,-49],[24,62],[41,32],[87,-5],[64,-38],[148,125],[48,5],[-21,-30],[117,-7],[51,6],[47,76],[1,2],[12,16],[13,8],[23,6],[68,25],[-14,-42],[-77,-73],[-22,-31],[-31,-80],[-40,-54],[25,-62],[-48,-16],[-11,-50],[-122,43],[-41,-38],[-59,11],[0,0],[-1,1],[-52,-57],[-176,8],[-42,-47],[-86,-4],[-47,37],[-65,-39],[-56,27],[-28,-69],[2,-2],[51,-4],[108,-40],[10,-67],[86,-21],[107,-61],[-6,-8],[0,0],[5,-8],[-9,-11],[0,0],[-1,-46],[30,-109],[-75,15],[-66,-21],[-67,52],[-106,3],[-64,15],[-13,-50],[102,-26],[-10,-33],[61,-73],[-3,-42],[-82,-45],[192,-16],[-11,-73],[65,-32],[39,9],[37,83],[48,-47],[52,39],[197,61],[101,-5],[-18,-35],[-1,0],[-39,-15],[-184,-40],[-11,-44],[48,-19],[4,-100],[47,-36],[-14,-32],[-2,-2],[-15,-8],[-12,-13],[-62,-20],[-40,62],[-86,-11],[-38,-26],[17,-49],[-64,0],[-66,-38],[-40,-45],[-103,-17],[-29,31],[-46,-26],[29,-78],[-35,-25],[-53,48],[-126,57],[-54,-58],[40,-57],[-27,-54],[86,5],[50,-14],[9,-62],[190,-21],[125,34],[52,-48],[8,-10],[-2,-43],[-47,-49],[-101,-47],[-115,-91],[-58,-52],[-86,-1],[-39,-22],[-98,1],[-77,41],[-92,-24],[-37,-31],[-43,-88],[96,-33],[56,-65],[154,-42],[16,-15],[0,1],[20,-30],[-30,-69],[20,-33],[122,-33],[57,8],[81,38],[49,-32],[3,-50],[36,-43],[83,-34],[-156,-52],[-47,-46],[-46,-9],[-15,-66],[-106,5],[-64,61],[-95,24],[-18,67],[-101,-6],[-99,2],[-78,32],[-9,30],[-81,49],[-70,8],[-19,-28],[13,-87],[-30,-21],[51,-74],[-57,-60],[36,-40],[52,2],[66,-133],[49,8],[78,-17],[55,29],[37,-35],[45,5],[175,-60],[-8,-63],[-45,-29],[-46,18],[-90,-29],[-129,24],[-83,-31],[-130,10],[-11,-47],[33,-62],[93,-53],[112,-43],[34,-13],[13,-12],[11,-1],[0,0],[12,-1],[23,-21],[16,-70],[-54,-42],[-73,-12],[-143,9],[-4,2],[-43,-36],[-71,40],[-122,-11],[-26,60],[38,113],[-68,-43],[-4,-35],[-59,-17],[-26,-49],[-43,12],[-66,64],[-48,-68],[-6,-70],[-47,-40],[-95,14],[-36,53],[-109,-22],[-46,36],[83,64],[10,73],[-47,76],[68,61],[-59,77],[37,56],[-59,71],[-66,-57],[11,-35],[-39,-104],[26,-121],[-72,-75],[-29,-62],[-37,-29],[67,-75],[49,3],[88,-95],[55,-109],[52,-58],[0,-85],[-75,1],[-38,26],[-64,-8],[-29,71],[-84,17],[-15,-42],[28,-78],[16,-60],[-62,-17],[-98,-45],[-21,-55],[55,-68],[102,39],[93,-51],[6,-69],[33,-28],[-39,-46],[-23,24],[-76,-20],[21,-33],[-80,-62],[-20,-44],[-80,103],[-61,122],[-3,70],[-54,49],[-99,41],[-37,81],[-5,95],[57,49],[75,17],[-37,61],[-73,51],[-108,-3],[-172,24],[-122,-52],[-26,-39],[35,-41],[7,-55],[-39,-49],[27,-83],[53,-47],[-15,-35]],[[179185,171726],[0,-2],[-1,-1],[1,3]],[[179110,172533],[-1,0],[2,1],[0,0],[-1,-1]],[[176923,179668],[0,0],[4,1],[-1,-4],[-4,3],[0,0],[1,0]],[[178775,169161],[0,-1],[-1,-4],[1,5]],[[178562,169563],[-5,-20],[-1,-1],[-4,-8],[-2,-6],[0,0],[-1,22],[0,3],[0,2],[9,0],[4,8]],[[178390,169727],[-2,1],[1,0],[1,0],[1,-1],[-1,0]],[[178512,169905],[0,0],[1,0],[0,0],[0,-1],[-1,1]],[[178950,170735],[-1,0],[0,0],[1,0],[0,0]],[[178950,170714],[0,0],[0,-1],[0,0],[0,1],[0,0],[0,0],[0,0]],[[176890,179744],[0,-2],[-1,0],[0,0],[0,2],[1,0],[0,0]],[[176888,179744],[0,-1],[1,0],[0,-1],[-1,1],[0,0],[0,1],[0,0],[0,0],[0,0]],[[176891,179743],[0,-1],[-1,1],[1,1],[0,-1]],[[176873,179774],[0,-1],[0,0],[0,0],[-1,0],[0,0],[1,1]],[[176781,179920],[0,0],[1,0],[-1,0]],[[165215,164118],[56,-71],[11,-73],[74,-34],[72,18],[29,41],[190,94],[52,-20],[79,16],[23,64],[57,14],[44,-36],[91,-13],[97,-59],[43,52],[145,62],[100,32],[18,72],[57,51],[10,56],[52,48],[80,21],[58,47],[66,-38],[149,155],[-1,35],[83,130],[106,49],[18,29],[97,21],[71,-13],[98,11]],[[175392,165019],[48,-87],[43,-46],[-36,-37],[-59,-12],[57,-75],[27,-60],[40,-6],[-15,-92],[-79,-21],[32,-44],[66,-16],[53,-97],[-11,-92],[15,-64],[38,-31],[0,0],[115,-85],[-46,-43],[14,-112],[23,-3],[63,-111],[14,-111],[-177,90],[-31,23],[-38,122],[-33,0],[3,38],[-58,15],[-34,69],[-2,62],[-46,1],[-86,-64],[-60,-27],[-59,-86],[-37,-1],[-65,135],[-56,29],[-36,63],[-3,65],[-26,33],[0,-1],[-46,-49],[59,-132],[72,-35],[-32,-47],[13,-69],[-27,-35],[11,-49],[-39,-49],[-31,-151],[8,-57],[88,-169],[45,29],[58,-73],[-9,-23],[-57,23],[-72,-59],[-55,14],[-53,-21],[-24,-41],[26,-66],[-50,-36],[-35,34],[-91,-10],[-36,-33],[17,-70],[-196,-85],[-44,-7],[-38,-45],[-65,-25],[-24,-87],[7,-49],[-53,-82],[41,-37],[5,-1],[0,0],[2,0],[11,-52],[94,-23],[-12,-49],[21,-61],[92,-15],[-5,-42],[0,0],[4,-43],[62,-5],[16,-64],[73,55],[75,21],[12,-6],[2,-2]],[[174770,162462],[-9,-22],[10,-13],[-1,-35],[-24,-9],[28,-44],[-68,-49],[-18,-53],[18,-50],[73,-38],[-6,-45],[-28,-38],[12,-19],[3,-21],[-1,-8],[-4,-2],[0,-3],[2,0],[-1,-2],[1,1],[0,-1],[0,0],[-1,0],[-26,-54],[0,-2],[-47,6],[-6,0],[-7,42],[39,40],[-11,46],[-85,65],[-101,-35],[-4,-17],[-60,108],[-83,-9],[27,-65],[-31,-72],[0,0],[-12,-13],[-25,-69],[5,-17],[-20,-57],[-51,-37],[-64,43],[-131,-3],[54,-96],[-13,-49],[-119,-13],[-54,50],[-136,-111],[14,-34],[-88,78],[-88,-3],[12,-103],[43,-75],[-62,-72],[-6,-80],[172,-16],[28,63],[48,-31],[69,0],[83,-41],[111,33],[-1,-2],[76,-65],[-1,0],[44,2],[48,4],[90,-31],[44,6],[-8,-70],[1,-56],[-3,-1],[-9,-40],[2,-6],[-2,-24],[1,0],[-16,-47],[-32,-68],[-42,-39],[-70,3],[-2,-50],[0,0],[-17,-25],[-1,6],[2,5],[-45,-32],[5,-3],[-26,-28],[-27,-27],[-57,-5],[-10,-39],[-26,-9],[-10,-31],[-10,-1],[-4,-1],[-1,0],[-4,-1],[0,1],[-1,2],[-47,-14],[-57,26],[-38,-31],[-44,8],[-66,-46],[17,-118],[23,-71],[53,4],[0,0],[114,-32],[18,-47],[49,-17],[-18,-136],[68,-83],[121,6],[54,78],[43,24]],[[174309,160290],[49,-38],[32,72],[72,32],[0,-1],[0,-27],[16,3],[2,-6],[0,0],[1,0],[-1,0],[1,-1],[-1,-1],[-1,-1],[1,-1],[1,0],[-2,-4],[3,-4],[-6,-15],[0,-22],[0,-8],[0,-4],[-33,-82],[55,-7],[0,-9],[6,-2],[0,0],[10,4],[4,-30],[2,-4],[70,-57],[-16,-35],[-31,-23],[-23,-74],[-38,-40],[51,-63],[-37,-38],[-22,-95],[-32,-18],[-65,27],[-6,53],[-72,-18],[5,136],[-36,71],[-95,-28],[-72,9],[-79,51],[-19,38],[-81,-20],[35,-47],[89,-73],[-13,-55],[34,-38],[55,8],[4,-45],[-56,-67],[39,-47],[10,-52],[11,-2],[1,0],[-29,-69],[-51,-51],[-49,24],[-71,-37],[9,-52],[102,-18],[64,-59],[18,-76],[53,8],[75,-48],[0,-1],[-35,6],[-157,-57],[-69,-45],[-29,38],[-124,7],[-48,45],[-77,-16],[58,-97],[63,-49],[26,-64],[31,10],[28,-75],[-19,-25],[4,-83],[-10,-7],[-55,-89],[3,-36],[55,-36],[47,56],[36,-2],[37,60],[54,19],[19,69],[35,-7],[59,33],[10,-54],[-30,-68],[50,-64],[51,9],[38,-61],[58,14],[18,34],[76,5],[22,48],[58,-67],[-16,-16],[13,-61],[-58,-25],[-35,-59],[-33,34],[-1,52],[-68,-7],[-43,26],[-50,-21],[-57,-70],[-82,-6],[-27,-24],[-67,1],[-30,-50],[42,-72],[39,-17],[66,37],[89,7],[39,-18],[25,12],[57,-56],[11,-59],[0,0],[-5,-5],[38,-77],[3,-62],[47,-42],[34,-19],[-23,-116],[-50,-51],[-1,-29],[63,-40],[82,-62],[4,-77],[-33,-66],[-2,-8],[-1,0],[-63,-2],[-19,-28],[0,0],[-27,-30],[6,-69],[-2,-3],[0,-1],[-13,-80],[14,-74],[-26,-42],[-59,12],[-41,22],[-29,69],[-6,175],[-97,-29],[-28,-29],[-16,76],[3,4],[27,64],[-72,48],[-87,-17],[-51,13],[-73,-28],[-52,34],[-17,39],[-80,55],[69,52],[64,8],[29,44],[54,26],[-2,41],[-100,28],[18,62],[-28,112],[-49,-35],[-46,-66],[-51,129],[-48,-43],[-46,-93],[-47,63],[-121,0],[-7,66],[53,28],[59,100],[101,4],[28,59],[97,11],[-69,54],[-62,-10],[-25,75],[-62,-18],[-75,45],[21,44],[53,36],[23,53],[-211,16],[-3,55],[-73,-42],[-48,-88],[-48,-12],[-54,-68],[-55,12],[-70,-21],[-62,31],[34,158],[-11,78],[-53,50],[-64,24],[-75,2],[-71,-18],[-243,-15],[-83,38],[-125,-11],[17,-151],[-75,-5],[-7,103],[-58,-12],[-54,14],[7,58],[102,20],[-3,35],[-94,-10],[-82,10],[-1,-126],[-77,3],[-93,-29],[-170,-52],[-270,-128],[-259,-152],[-104,-91],[-39,-85],[-2,-67],[-89,53],[-157,19],[52,127],[-41,59],[-66,33],[-108,23],[-72,46],[0,-124],[14,-49],[-24,-8],[-41,42],[0,0],[-28,-5],[13,35],[-86,28],[-32,31],[-57,-34],[-67,-8],[-55,-87],[-61,-7],[-7,-84],[13,-69],[-30,-55],[-41,-42],[-93,11],[-71,-48],[-8,-40],[-2,-2],[63,-17],[0,0],[32,3],[52,-72],[-82,-92],[-79,1],[-72,-41],[171,-14],[-41,-81],[-50,-47],[53,14],[34,46],[110,21],[28,-11],[52,92],[103,-24],[30,-49],[17,-103],[62,-32],[-31,-111],[-70,32],[-74,-35],[-46,-55],[-17,-53],[-72,-24],[-108,-42],[-29,-46],[-101,32],[16,57],[-2,2],[-1,12],[-23,3],[-33,-124],[-121,10],[-81,21],[-47,-43],[265,-26],[-42,-36],[-71,-115],[-182,-268],[-90,-159],[-42,-51],[-132,-232],[-54,-137],[3,-35],[-19,-85],[-77,-149],[-94,-235],[-42,-125],[-61,-231],[-50,-284],[-30,-297],[6,-145],[-48,-171],[-22,-275],[-4,-166],[7,-174],[76,-554],[29,-101],[42,-82]],[[168818,153138],[-67,-14],[-83,32],[-28,-13],[-103,11],[-28,59],[-72,-7],[-89,-49],[-102,-16],[-57,-38],[-74,-23],[3,-88],[39,-42],[-57,-51],[58,-82],[7,-48],[-27,-72],[-76,-78],[34,-81],[16,-147],[-21,-80],[42,-77],[-39,-30],[-2,-52],[39,-46],[-58,-83],[-104,8],[-96,-14],[-64,44],[-68,-6],[-52,-29],[-94,25],[-165,73],[-77,20],[-23,-98],[65,-71],[69,-20],[72,-77],[79,-25],[-69,-71],[-77,14],[-114,78],[-169,40],[-77,-2],[-31,33],[-72,-12],[-104,-63],[-37,122],[-31,9],[-77,81],[-95,29],[-65,0],[-43,105],[-41,28],[9,46],[-20,126],[-45,66],[70,60],[-13,51],[56,29],[12,83],[-21,61],[-45,60],[16,36],[-44,32],[1,60],[75,46],[-22,60],[-153,43],[-49,23],[-66,64],[-123,-25],[-21,-35],[-162,40],[-46,40],[-36,109],[-66,29],[-13,-45],[-93,-10],[-18,-28],[-62,-16],[-70,30],[-85,61],[-83,92],[-36,-54],[4,-71],[-79,-23],[-166,-20],[-52,-26],[-89,40],[-43,-15],[-14,-44],[-64,19],[-64,-7],[-36,-47],[-98,-5],[-35,18],[-70,60],[-67,121],[-2,129],[-17,92],[69,99],[-83,26],[-42,38],[-51,-25],[-78,9],[-29,64],[-100,-35],[-93,35],[-89,70],[-51,5],[-16,109],[-84,9],[-95,-58],[-26,-47],[0,-124],[-24,-6],[-154,42],[-23,20],[-85,-10],[5,-63],[-67,-22],[-120,53],[-33,-25],[-33,61],[-114,-1],[-27,70],[-37,-3],[-71,54],[-99,14],[-68,29],[-41,41]],[[162709,154028],[-47,80],[17,114],[55,80],[64,63],[-73,142],[-5,65],[-43,30],[-7,82],[56,90],[2,55],[-47,78],[46,37],[67,-2],[28,-39],[42,15],[74,-35],[37,41],[62,8],[24,-26],[70,-12],[63,14],[121,-32],[51,7],[52,50],[84,-24],[98,12],[69,77],[-21,56],[110,17],[44,-18],[65,15],[7,33],[126,73],[28,55],[-30,195],[77,133],[-17,49],[68,83],[137,33],[-29,65],[31,87],[57,82],[147,66],[19,151],[99,127],[-24,107],[-3,99],[-47,60],[-13,92],[32,110],[-47,43],[16,71],[-17,90],[31,103],[-28,46],[31,55],[-16,88],[18,27],[139,30],[39,62],[46,34],[-41,106],[0,110],[76,12],[34,47],[0,67],[70,-33],[80,-18],[34,81],[55,43],[8,50],[-52,82],[-32,188],[44,87],[69,51],[67,0],[43,21],[67,138],[100,8],[41,89],[100,85],[-35,41],[-23,204],[59,58],[31,144],[-10,45],[52,34],[58,13],[51,-57],[63,83],[48,26],[28,69],[67,22],[3,6],[-111,35],[-18,54],[18,62],[-51,111],[15,35],[-63,59],[-131,40],[-94,43],[-59,71],[18,33],[-55,70],[64,51],[-23,43],[39,72],[-34,24],[-55,-12],[-76,93],[-3,62],[100,56],[15,65],[33,38],[-30,49],[113,94],[-72,135],[9,70],[-38,38],[15,46],[-104,38],[-1,51],[37,29],[-18,50],[-76,43],[-50,96],[-34,23],[-8,58],[-45,50],[61,158],[22,17],[76,-28],[77,10],[62,-109],[61,12],[36,-40],[96,-20],[61,55],[52,20],[36,90],[2,75],[60,74],[18,79],[42,40],[29,91],[-6,41],[25,72],[-71,100],[-88,31],[19,69],[-19,130],[130,114],[20,112],[78,60],[0,56],[47,110],[66,30],[29,51],[-46,69],[-44,19],[-89,-39],[-129,52],[-6,31],[-89,25],[-8,63],[-33,25],[-2,89],[-30,28],[19,72],[-25,24],[41,72],[-9,94],[-52,21],[-21,91],[-42,3],[-58,56],[-61,12],[-40,48],[-59,19],[-36,-14],[-25,92],[-33,39],[-110,24],[-19,29],[-4,83],[26,54],[57,54],[-5,89]],[[174309,160290],[0,0],[1,0],[-1,0]],[[174955,157343],[-21,-16],[3,-3],[-83,-58],[-7,4],[-51,77],[-47,26],[0,0],[-41,26],[-11,19],[-12,6],[0,0],[0,9],[-19,16],[-1,0],[0,1],[0,0],[-60,180],[40,43],[78,30],[41,41],[60,-9],[-11,-46],[108,-24],[72,-43],[-17,-60],[-43,-26],[-28,-69],[50,-124]],[[174062,157172],[36,-50],[37,14],[11,-15],[-13,-7],[-8,-56],[-60,-18],[-137,39],[-31,120],[-90,51],[-54,5],[10,55],[-15,-1],[0,0],[43,8],[10,63],[71,41],[92,-46],[71,-98],[27,-105]],[[173319,157569],[-5,52],[0,1],[9,75],[50,35],[53,-50],[-19,-45],[38,-94],[-14,-62],[-50,3],[-78,-38],[-24,51],[40,72]],[[174295,160409],[-3,-8],[-8,-11],[0,0],[-19,-25],[-10,13],[40,31]],[[174154,160833],[0,-3],[-3,-4],[3,7]],[[174194,160858],[-1,-2],[-3,1],[-2,0],[3,3],[3,-2]],[[174147,160810],[1,0],[-4,-2],[3,2]],[[174127,160807],[0,-1],[-1,-2],[-4,0],[1,4],[4,-1]],[[174371,159524],[0,0],[0,0],[0,0],[-1,0],[1,0]],[[174357,158274],[-1,0],[0,1],[1,-1]],[[174483,160328],[-1,1],[1,0],[0,-1]],[[174421,157865],[0,0],[0,1],[0,-1]],[[170664,158038],[15,-79],[-9,-47],[-51,-11],[-70,89],[40,50],[34,-2],[41,0]],[[170467,157913],[-125,55],[-55,-25],[-22,48],[94,12],[93,-48],[15,-42]],[[170502,157993],[-11,-46],[-24,33],[4,60],[41,0],[18,-14],[-28,-33]],[[169982,158025],[1,0],[-3,0],[2,0]],[[175256,163594],[-114,202],[-1,1],[34,45],[-61,107],[41,35],[113,18],[39,43],[46,2],[35,-58],[16,-134],[-77,-17],[-22,-50],[3,-98],[51,-30],[37,11],[38,-106],[-66,12],[-27,-58],[-93,41],[8,34]],[[175805,163817],[0,-1],[-2,-1],[-1,0],[3,2]],[[175757,163957],[-1,0],[0,0],[1,0],[0,0]],[[171048,158134],[-18,-177],[37,-46],[11,-26],[0,0],[13,-5],[29,6],[16,-17],[21,-6],[7,-1],[-28,1],[-31,-4],[-32,5],[0,0],[-10,1],[0,0],[-73,47],[-79,-62],[-72,30],[-63,-11],[-52,129],[-26,33],[155,0],[13,38],[-69,89],[-5,53],[101,9],[56,-29],[-17,-41],[116,-16]],[[174353,159416],[56,-69],[8,-50],[29,11],[-14,-43],[12,-18],[0,0],[37,-37],[1,-16],[-42,-68],[-39,-1],[-71,57],[0,41],[7,111],[-29,23],[45,59]],[[175062,158717],[-16,-50],[-10,0],[-42,31],[68,28],[0,0],[0,-9]],[[175086,158731],[-2,0],[1,0],[1,0]],[[175099,158725],[4,1],[1,-3],[-6,-1],[0,2],[0,1],[1,0]],[[175065,158740],[0,0],[0,1],[0,0],[0,-1]],[[175007,158624],[0,0],[0,1],[0,0],[0,-1]],[[175062,158717],[0,1],[0,-1],[0,0]],[[174256,161748],[4,9],[8,-10],[1,-1],[-13,2]],[[165215,164118],[3,20],[-112,107],[-89,-36],[-17,24],[-79,8],[-99,-60],[-51,1],[-52,44],[-19,35],[0,48],[-116,90],[-124,19],[-46,44],[2,56],[-34,94],[-62,40],[-20,89],[37,69],[1,75],[-36,52],[13,94],[-45,14],[-8,81],[-73,19],[-56,108],[-105,5],[-63,-25],[-29,42],[-52,-24],[-105,-5],[-67,35],[-116,14],[-38,95],[-61,58],[-24,164],[-69,-6],[-93,22],[-45,34],[-69,19],[-28,46],[-96,-39],[-2,-69],[-74,-126],[-81,39],[-72,11],[-22,64],[-71,46],[-134,49],[-38,-13],[-38,38],[-47,-17],[-40,-55],[-66,28],[-84,-36],[-88,-5],[-52,44],[-201,51],[40,197],[-34,69],[-117,20],[-7,-33],[-122,-14],[-36,-69],[-81,36],[-47,-57],[-63,0],[-65,135],[-60,46],[-71,-28],[-48,10],[-74,48],[-19,106],[-114,58],[-180,23],[-94,19],[-104,67],[44,76],[-40,79],[-13,71],[9,223],[-513,-116],[-95,-80],[-30,-114],[-435,129],[-23,-48],[-371,67],[-342,-7]],[[158858,166650],[69,70],[76,99],[-23,66],[29,105],[79,67],[38,86],[63,207],[12,113],[-24,87],[-104,53],[15,93],[82,125],[31,104],[80,167],[-46,116],[87,222],[110,110],[133,2],[137,36],[61,28],[51,62],[81,136],[53,99],[67,166],[36,57],[77,197],[76,234],[19,117],[30,106],[30,48],[27,106],[87,399],[107,524],[54,372],[-10,106],[39,130],[-3,62],[24,76],[33,349],[13,143],[16,273],[2,210],[-10,236],[-20,250],[-5,247],[-14,99],[-24,29],[-11,73],[-51,20],[-22,98],[26,27],[-15,57],[31,45],[-24,75],[11,68],[-61,-14],[31,-104],[-74,15],[24,40],[-39,33],[-30,106],[84,20],[-37,64],[-11,86],[-30,90],[-49,121],[-89,167],[-143,207],[-103,121],[-128,125],[-109,94],[-164,108],[-239,107],[-110,25],[-147,6],[-57,-37],[-78,6],[-160,-21],[-69,-21],[47,-58],[-38,45],[-62,-83],[60,-18],[-115,-87],[41,-76],[67,18],[23,-66],[-108,-32],[-110,-5],[-1,41],[-67,25],[-86,-58],[-4,-55],[-59,-15],[-58,14],[-76,73],[-54,26],[-147,-33],[-44,-47],[-44,41],[-33,-12],[-10,-5],[-41,-23],[-7,-15],[0,0],[-34,-15],[-11,0],[-1,61],[-78,26],[-59,64],[4,61],[-34,33],[-12,155],[-19,30],[8,97],[-61,51],[-29,-26],[-65,23],[2,36],[-75,114],[-7,47],[-23,10],[-12,-2],[8,25],[0,0],[-7,33],[-12,6],[10,16],[1,36],[1,0],[-8,17],[-2,1],[-30,23],[96,45],[64,-4],[20,90],[-63,68],[-78,-20],[0,5],[-44,33],[-7,86],[5,5],[0,0],[2,19],[-7,9],[-1,0],[0,0],[6,12],[-1,1],[0,0],[0,2],[2,22],[-40,20],[-24,14],[2,17],[0,-1],[0,1],[1,1],[1,1],[2,9],[-4,4],[5,2],[9,4],[1,8],[0,1],[-5,49],[18,93],[-19,33],[57,82],[31,-29],[0,0],[76,-118],[29,-68],[68,-63],[43,-6],[58,31],[60,-53],[235,-47],[50,-51],[112,-34],[28,-70],[110,-44],[110,11],[207,76],[128,69],[130,92],[129,105],[117,119],[156,180],[206,280],[203,353],[33,62],[153,338],[69,176],[78,215],[106,345],[-1,71],[-76,15],[42,184],[61,-11],[27,120],[69,14],[-42,98],[39,47],[28,109],[-9,22],[37,91],[45,220],[54,345],[25,207],[19,269],[-3,123],[-26,86],[-78,66],[-12,90],[-38,39],[-55,5],[-41,46],[-110,37],[-68,51],[0,88],[-16,28],[-85,20],[-18,41],[-182,106],[-36,102],[-74,62]],[[157251,176579],[26,-36],[-29,5],[-11,11],[0,0],[14,20]],[[157276,176075],[1,0],[-1,0],[0,0]],[[157295,175670],[0,0],[-1,-1],[1,1]],[[162709,154028],[-26,-12],[-56,-99],[19,-109],[44,-46],[-26,-59],[31,-52],[7,-98],[-25,-78],[-42,-73],[-47,-27],[-24,-61],[0,-65],[23,-105],[34,-66],[-54,-50],[0,-74],[47,-58],[0,-84],[-40,-46],[-3,-85],[18,-79],[-48,-81],[0,-66],[62,-114],[90,-33],[77,-65],[38,-1],[77,-81],[-79,-72],[-77,-34],[1,-69],[-35,-42],[-21,-71],[-95,-29],[-54,-90],[-47,-31],[-5,-40],[-99,-68],[-67,-132],[-174,-3],[-29,22],[-105,-6],[-45,57],[-75,3],[-125,38],[-59,-5],[-98,7],[-71,-37],[-75,-7],[-55,-147],[-70,-15],[-50,-46],[-112,5],[-78,42],[-45,-6],[-54,68],[-3,35],[-88,122],[-61,-21],[-106,20],[-42,110],[-151,124],[-35,-56],[-68,-66],[-62,-4],[-85,-26],[-24,-37],[-85,23],[-77,-51],[-32,21],[-56,-29],[-57,19],[-80,64],[7,83],[-50,23],[-58,89],[15,40],[-82,91],[19,112],[-40,100],[-75,17],[-84,59],[-34,71],[-44,14],[-44,-86],[-23,-83],[-216,-5],[-41,-39],[-83,10],[-86,-11],[-154,163],[-72,12],[-51,-51],[-50,-16],[-65,-57],[-70,5],[-87,-35],[-78,-88],[-47,-4],[-39,29],[-14,87],[-72,39],[-57,63],[-5,35],[-55,61],[-87,-22],[-143,-60],[-24,-28],[-132,-20],[-48,86],[-41,30],[-41,50],[-32,18],[-45,56],[-4,34],[-27,22],[-3,79],[-89,19],[-95,-82],[-143,-17]],[[157086,152594],[-17,50],[-205,133],[-4,91],[-59,46],[-112,45],[-5,42],[-81,109],[25,59],[-53,113],[21,36],[-33,66],[19,65],[44,66],[72,49],[33,134],[-27,61],[49,114],[-22,49],[-41,17],[53,123],[-46,51],[53,83],[-14,30],[101,21],[-15,72],[17,130],[-19,64],[41,88],[7,99],[48,28],[114,7],[50,29],[18,70],[77,32],[23,51],[-58,99],[47,57],[-48,63],[-43,-17],[-89,18],[23,162],[74,182],[89,54],[-36,240],[30,117],[-10,111],[-54,46],[8,78],[-29,34],[47,94],[83,94],[19,94],[40,49],[-37,38],[96,15],[40,26],[171,-64],[68,14],[77,-64],[107,-37],[51,66],[60,-19],[56,10],[48,-43],[50,-1],[37,42],[91,49],[20,46],[43,5],[38,50],[79,14],[181,119],[78,11],[124,72],[35,42],[0,44],[44,101],[67,46],[8,107],[71,35],[43,49],[105,71],[-18,24],[17,104],[-8,63],[-98,87],[-86,27],[-42,147],[-75,54],[-14,46],[-80,72],[-86,47],[7,69],[-91,0],[-108,25],[-17,59],[-51,17],[-33,45],[-121,-10],[-51,-39],[-80,-31],[-53,47],[-84,11],[-40,-12],[-85,90],[-88,-23],[-182,138],[-37,60],[20,51],[-45,65],[-4,47],[-36,27],[-91,-79],[-71,73],[-13,74],[24,81],[57,57],[47,92],[14,91],[-19,32],[34,205],[-47,97],[8,86],[-37,50],[2,82],[36,-2],[91,84],[-46,62],[-1,46],[-179,58],[-82,58],[-94,-21],[-148,17],[-48,22],[-84,-17],[-54,40],[-64,3],[-85,121],[-92,40],[-73,10],[-135,-45],[-37,51],[-119,63],[-53,78],[-51,-12],[-63,45],[-79,30],[-50,74],[-33,11]],[[155838,160400],[-37,36],[41,39],[-22,30],[110,144],[19,122],[44,46],[-3,50],[57,48],[65,134],[110,185],[58,151],[4,42],[47,58],[54,111],[48,35],[-10,57],[103,100],[31,68],[39,23],[63,-23],[62,68],[77,52],[21,66],[78,31],[18,82],[98,82],[77,-17],[38,52],[62,29],[65,70],[-20,32],[86,114],[17,63],[156,123],[-8,19],[0,1],[5,-1],[60,9],[30,50],[40,22],[16,9],[0,1],[44,34],[21,10],[65,113],[79,164],[147,355],[34,119],[111,307],[20,89],[81,259],[12,99],[50,198],[-47,17],[25,60],[76,7],[16,68],[-58,21],[26,61],[70,-13],[21,45],[70,15],[57,91],[-36,12],[-40,-66],[-99,28],[67,159],[63,-15],[70,128],[74,229],[33,77],[59,189],[86,246],[32,168],[-22,58],[39,50],[11,120],[36,23],[19,74],[-15,95],[-80,89],[4,54]],[[155863,167649],[134,-110],[-15,-34],[-84,-24],[-37,-32],[-51,-101],[-25,10],[-22,77],[16,64],[54,39],[28,48],[2,63]],[[168818,153138],[20,-172],[54,-131],[19,-73],[41,-59],[98,28],[-19,-83],[16,-55],[-15,-69],[49,9],[-21,-46],[26,-48],[71,-45],[53,-4],[127,-53],[-5,-165],[21,-342],[26,-111],[84,-72],[53,-125],[23,-1],[40,-189],[-8,-122],[8,-121],[-14,-83],[4,-165],[25,-30],[-1,-95],[31,-63],[36,-24],[13,-55],[-31,-76],[47,-163],[-15,-175],[4,-128],[40,-134],[-20,-218],[10,-57],[6,-194],[22,-70],[-5,-71],[16,-100],[3,-112],[26,-80],[9,-87],[47,-194],[-2,-95],[28,-48],[-48,-138],[-3,-48],[-6,-90],[20,-49],[-37,-254],[7,-44],[-13,-232],[18,-111],[-14,-115],[19,-47],[-3,-89],[12,-106],[-24,-40],[-25,-132],[-31,-79],[-29,-178],[27,-92],[-37,-101],[3,-112],[-61,-215],[-35,-178],[-12,-119],[2,-108],[69,-10],[-14,-61],[-63,-70],[-1,-58],[-47,-83],[-44,-168],[-20,-185],[-8,-131],[26,-130],[-17,-51],[27,-113],[-41,-76],[-14,-174],[16,-75],[1,-56],[-72,-86],[-84,-152],[-42,-168],[-41,-209],[-10,-208],[-1,-152],[29,-124],[31,-55],[20,-131],[-75,-32],[-49,-83],[-10,-152],[-66,-29],[-47,-59],[-37,-8],[-14,-58],[-112,-42],[-112,-129],[-10,-64],[-87,13],[-3,62],[-68,38],[-146,-89],[-109,-107],[-44,61],[-40,-59],[-120,-80],[-42,-6],[-117,-109],[-95,2],[-48,25],[-93,-48],[-67,-59],[-81,-96],[-58,-101],[-48,-137],[-4,-85],[40,-65]],[[167526,141673],[-71,-31],[5,61],[-86,60],[-98,-64],[-105,88],[-91,19],[-51,47],[-59,-43],[-45,31],[-89,-23],[-54,5],[-81,62],[-31,56],[-173,79],[-34,30],[-63,-2],[-83,36],[-82,10],[-79,41],[-95,-38],[-137,62],[-75,15],[-21,68],[-49,23],[-41,79],[-45,57],[-48,15],[9,87],[-73,121],[-27,-24],[-80,-11],[-62,-52],[23,-69],[-46,-163],[79,-63],[63,-70],[-13,-91],[130,-180],[-13,-77],[-55,3],[-52,-69],[-47,24],[-27,-53],[-48,-12],[-67,2],[-140,-58],[-70,7],[-7,-45],[-41,-50],[-44,-18],[0,-54],[3,-41],[-88,-42],[-23,-106],[-50,-50],[-62,14],[-17,-48],[-131,-3],[2,-104],[-80,-62],[-5,-43],[-127,-88],[-27,-3],[-16,59],[-81,67],[-26,60],[-32,15],[-72,119],[-31,10],[-49,-46],[-142,125],[-22,39],[-99,-8],[-148,31],[-93,41],[4,56],[-26,87],[-41,49],[-20,66],[2,65],[31,34],[-63,156],[-174,8],[-125,43],[-87,49],[-21,160],[-40,57],[-92,69],[-47,87],[-51,20],[-43,48],[-86,22],[-99,-56],[-82,35]],[[162561,142492],[-24,47],[-60,9],[-17,32],[-98,25],[-23,70],[36,79],[81,66],[-7,41],[-79,72],[3,64],[63,48],[-15,57],[-50,31],[-36,99],[105,99],[-23,103],[0,81],[-61,-22],[-167,-1],[-46,-58],[-73,15],[-28,34],[-53,10],[-38,50],[-7,109],[12,105],[-86,99],[36,37],[-13,61],[-78,41],[-112,11],[-79,101],[-57,13],[-45,73],[25,47],[-51,32],[-40,55],[-89,79],[-21,-31],[-63,6],[-21,41],[-63,24],[-154,122],[-84,35],[-41,-29],[-220,63],[-79,-14],[-78,60],[-20,44],[-132,52],[-57,-1],[-23,33],[-93,-32],[-178,41],[-48,-13],[-105,46],[-112,10],[-40,8],[-17,53],[-63,18],[-102,-26],[-93,13],[-31,-25],[-57,5],[-76,-47],[-92,21],[-38,52],[-73,-11],[-161,-79],[-105,12],[-50,-71],[-86,-40],[-37,25],[-76,-44],[-75,-20],[-36,-81],[-84,-50],[-36,-62],[9,-56],[47,-26],[-27,-134],[14,-96],[22,-31],[-118,-4],[-202,65],[-95,-20],[-28,33],[-40,-92],[-67,-59],[-6,-28],[-74,-15],[-21,-41],[-145,16],[-40,-37],[-83,13],[-123,-16],[-99,-100],[-79,35],[-144,-64],[-39,4],[-13,-99],[-59,-85],[-86,16],[-39,-51],[-81,-20],[-68,-40],[-44,21],[-57,-12],[5,-74],[-62,-70],[4,-34],[-72,-31],[-82,24],[-39,-44],[-100,37],[-58,-5],[-22,-110],[-140,-89],[-74,-1],[-21,-48],[-92,-17],[-88,-114],[-24,13],[-165,-44],[-106,-91],[-90,-18],[-93,83],[-110,-45],[-119,-19],[-31,-175],[-208,-133],[4,-66],[-75,-129],[-63,-1],[-75,39],[-41,-12],[-82,-71],[-55,-103]],[[154388,142243],[-93,7],[-18,29],[-78,48],[-78,-1],[-34,-21],[-79,-7],[-75,86],[-22,44],[-76,-31],[-64,-1],[-173,26],[-37,-13],[-97,96],[-80,-3],[-43,-34],[-61,28],[-65,54],[-64,-7],[-63,-62],[-133,-31],[-15,41],[-58,46],[-8,35]],[[152874,142572],[80,8],[28,37],[-15,49],[42,72],[34,4],[12,68],[-29,103],[38,57],[-47,40],[57,39],[6,73],[-26,158],[-72,117],[48,97],[0,77],[44,38],[13,65],[47,34],[-21,140],[-97,164],[16,117],[-58,39],[-37,62],[21,36],[-48,96],[-3,127],[19,62],[55,84],[22,196],[39,74],[1,54],[29,53],[-17,52],[-45,4],[-30,45],[13,119],[-63,74],[-21,7],[-67,96],[-21,71],[-42,10],[-37,56],[-44,-109],[-74,-60],[-80,-3],[-18,110],[-72,64],[-38,85],[-99,84],[-62,79],[-11,81],[93,187],[161,143],[11,44],[43,23],[74,91],[64,29],[23,65],[5,90],[23,55],[-19,38],[60,70],[20,71],[-29,25],[-31,115],[38,18],[59,84],[51,4],[12,79],[-12,69],[38,123],[4,53],[-29,64],[-33,16],[2,79],[-91,66],[-63,-23],[-71,55],[-1,49],[-53,89],[-44,23],[13,25],[91,45],[-15,78],[7,53],[58,85],[-6,22],[94,111],[135,-39],[129,81],[48,-17],[25,-43],[171,64],[45,-33],[43,27],[193,70],[31,-33],[45,40],[105,35],[11,-27],[71,-24],[100,27],[51,59],[106,49],[56,-51],[104,-25],[56,5],[112,-41],[83,70],[-15,20],[10,106],[38,70],[-27,30],[8,64],[58,48],[-32,58],[34,69],[133,66],[99,-11],[110,46],[61,5],[60,-55],[24,-50],[53,-22],[38,-42],[74,48],[21,38],[101,25],[109,-20],[51,-24],[59,58],[214,-20],[116,-66],[7,-20],[104,-21],[169,116],[52,167],[-113,24],[-19,49],[-60,50],[4,54],[-45,23],[42,49],[-25,135],[40,62],[-14,124],[-58,103],[14,44],[-31,81],[-75,25],[-55,82],[-4,42],[38,57],[-40,33],[-17,79],[16,56],[37,31],[8,63],[-31,73],[129,52],[51,-7],[108,85],[45,16],[37,55],[48,-24],[67,41],[41,66],[38,105],[79,51],[89,-6],[10,40],[-62,87],[26,94],[101,128],[48,34],[24,51],[63,16],[25,98],[46,33],[18,105],[-12,51],[81,22],[21,69],[84,76],[23,55],[154,111],[79,119],[80,35],[76,115],[63,31],[124,60],[-52,113],[-66,38],[-17,39],[-32,22],[-30,30],[-41,76],[-12,38],[1,30],[-40,20],[-122,-74],[-149,-11],[-10,3]],[[168614,142552],[-89,-24],[12,-68],[-32,-48],[-49,30],[51,78],[57,30],[50,2]],[[168075,129350],[-56,-53],[-78,-9],[-147,4],[-62,23],[-135,90],[-120,97],[-344,228],[-93,67],[-119,127],[-29,46],[-48,140],[-33,103],[-39,74],[-61,75],[-88,68],[-97,59],[-192,61],[-174,27],[-161,38],[-18,61],[-115,185],[-30,83],[-50,77],[-86,81],[-96,32],[-69,115],[-99,84],[-126,74],[-187,88],[-46,34],[-52,67],[-147,120],[-69,-85],[-39,-73],[-23,-116],[-62,-22],[-33,-37],[33,-146],[70,-68],[-5,-33],[-122,38],[-97,71],[-29,40],[-119,75],[-94,-127],[-128,-36],[-82,-45],[-76,-14],[-97,31],[-105,-2],[-164,-65],[-29,-9],[-114,-33],[-100,-82],[-44,-97],[-126,-119],[-112,-70],[-56,-19],[-82,1],[-78,25],[-100,52],[-77,30],[-46,-6],[-99,-47],[-207,-154],[-103,-14],[-45,13],[-133,74],[-77,-8],[-59,-24],[-118,-81],[-176,-70],[-104,-30],[-96,33],[-115,146],[-67,132],[-51,31],[-93,26],[-85,52],[-93,35],[-44,1],[-129,-81],[-73,47],[-51,79],[-52,29],[-76,14],[-154,96],[-115,104],[-53,12],[-136,-22],[-33,5],[-88,58],[-78,87],[-113,45],[-127,100],[-124,53],[-66,112],[60,125],[-38,70],[-97,23],[-65,-1],[-163,79],[-143,125],[-17,29],[-38,179],[-199,241],[-91,49],[-95,80],[-160,178],[-61,58],[-50,88],[-43,182],[-59,105],[-100,86],[-83,-62],[-16,-86]],[[157982,133176],[-29,-20],[-12,-74],[-58,-20],[-87,24],[-91,50],[-141,-7],[-32,40],[-12,193],[-6,55],[-120,152],[-33,107],[-66,101],[-65,125],[-49,208],[26,182],[-55,52],[1,36]],[[157153,134380],[9,27],[44,49],[121,-51],[10,99],[80,-11],[108,-44],[14,-40],[180,98],[111,90],[240,94],[337,132],[49,87],[48,193],[92,136],[-61,160],[41,93],[97,128],[65,-14],[54,28],[93,22],[20,90],[64,-6],[9,-32],[-37,-63],[32,-47],[50,19],[42,-27],[46,7],[23,-38],[-45,-48],[82,-36],[73,28],[38,74],[-42,21],[21,169],[4,109],[90,73],[118,22],[103,63],[172,19],[12,102],[-5,81],[88,78],[43,-53],[101,-28],[13,25],[96,-16],[21,28],[-32,67],[81,-17],[35,15],[126,-11],[88,25],[55,-28],[63,4],[145,72],[52,77],[-37,87],[12,76],[94,5],[62,-15],[45,-51],[41,37],[88,-51],[90,12],[-16,102],[43,39],[166,45],[90,-31],[27,22],[40,-82],[72,-94],[88,22],[184,-20],[8,31],[60,38],[55,122],[46,57],[-11,133],[-6,59],[45,92],[-31,88],[42,29],[9,82],[43,29],[-8,40],[43,92],[63,29],[58,102],[10,134],[102,2],[9,48],[61,2],[-12,82],[118,28],[-53,53],[-11,52],[-53,81],[4,114],[-11,36],[42,72],[-72,92],[30,52],[-22,94],[8,71],[-20,23],[25,109],[29,55],[-7,128],[-29,72],[-54,83],[-46,-13],[-3,120],[79,21],[-34,99],[17,60],[-49,69],[-60,56],[32,36],[-12,51],[-93,46],[33,39],[-44,103],[60,58],[29,71],[33,16],[101,-27],[24,49],[110,-7],[88,7],[31,50],[105,15],[35,49],[58,1],[-46,59],[3,82],[-40,97],[-55,51],[-79,37],[-64,68],[-25,72],[-44,60],[18,65],[40,17],[-70,76],[36,30],[-34,71],[73,32],[45,50],[-18,39],[24,55],[-23,51],[-8,79],[27,20],[-9,175],[-32,44],[-7,55],[-61,44],[16,69],[-49,48],[26,84],[-1,102],[24,42],[-23,43],[-13,96],[13,61],[-52,196],[13,93],[-16,44],[48,93],[40,33],[61,7]],[[167526,141673],[44,-64],[-9,-118],[43,-45],[5,-65],[-49,-69],[-54,35],[-85,-48],[-84,-27],[-45,-51],[-91,-200],[-12,-61],[-30,-15],[-73,-143],[-80,-240],[-46,-112],[-31,-107],[-13,-90],[6,-155],[-31,-22],[-68,-167],[-20,-77],[-24,-217],[19,-118],[-70,-83],[-40,10],[-70,-76],[-43,-92],[-22,-133],[-3,-85],[-86,-66],[-69,-162],[-79,-100],[-18,-109],[-91,-94],[-79,-235],[16,-82],[-70,-64],[-15,-88],[-35,-102],[-1,-132],[-67,-103],[4,-34],[-55,-116],[26,-50],[-39,-19],[-50,16],[-28,-74],[-24,-254],[19,-95],[43,-18],[116,-3],[-2,-114],[-161,1],[1,-44],[107,-2],[43,-26],[-4,-78],[-123,1],[-2,-253],[58,-117],[49,6],[33,-85],[-41,-110],[-17,-84],[-92,-55],[-42,-96],[-55,-70],[-41,23],[-21,-60],[-5,-163],[-49,-91],[-31,-30],[-74,1],[-42,-89],[-69,-55],[-47,-65],[-19,-72],[-3,-135],[13,-191],[35,-380],[57,-300],[42,-188],[91,-344],[103,-314],[86,-228],[71,-166],[81,-178],[108,-263],[70,-142],[180,-409],[117,-216],[73,-60],[34,15],[108,3],[24,-30],[-104,-22],[151,-294],[-30,-31],[-2,-1],[-33,-17],[-2,-50],[-159,-107],[-147,72],[-51,39],[-22,-10],[-11,-19],[156,-82],[42,-74],[12,-171],[24,-4],[75,-121],[54,-28],[-116,199],[-10,123],[211,148],[43,-15],[52,28],[11,151],[2,1],[-11,-153],[-24,-60],[115,-194],[202,-329],[3,-77],[355,-563],[144,-221],[27,-27],[118,-184],[138,-184],[106,-88],[58,-66],[46,2],[16,42],[-30,37],[31,-36],[-17,-43],[40,-22]],[[157153,134380],[-99,20],[-23,76],[-98,-14]],[[156933,134462],[48,89],[-44,93],[-35,7],[-21,80],[-78,86],[-77,24],[-64,105],[-46,44],[55,78],[-25,93],[-159,42],[-78,-66],[-177,6],[-49,6],[-60,-25],[-73,13],[-85,-11],[-73,75],[22,30],[-63,43],[-48,-52],[-71,66],[-18,-30],[-84,63],[-47,-42],[-52,2],[-57,-27],[-54,26],[-29,-55],[-68,-25],[-69,16],[-28,-36],[-175,-5],[-48,61],[81,38],[-97,96],[-126,-9],[-1,59],[-60,37],[-64,-15],[11,59],[-45,32],[-103,132],[-8,94],[52,-14],[58,14],[-36,87],[-45,48],[-42,13],[-155,89],[-51,40],[-29,58],[-97,59],[-73,67],[-38,148],[-50,47],[67,101],[17,55],[52,28],[13,118],[17,39],[68,77],[55,31],[31,73],[-6,37],[76,28],[37,99],[55,55],[-11,85],[34,38],[53,-53],[70,23],[81,76],[11,92],[-56,-24],[-19,108],[-35,29],[20,65],[-62,1],[-33,46],[10,84],[37,24],[-12,48],[56,21],[115,163],[15,57],[-38,21],[-11,62],[28,142],[43,18],[68,-31],[91,39],[45,114],[79,35],[-1,71],[82,55],[4,57],[-87,79],[8,47],[-30,91],[-57,39],[-191,9],[-82,-61],[-89,-7],[-111,52],[-25,25],[-128,-65],[-33,14],[-79,94],[-69,13],[-71,-13],[-81,26],[-102,9],[-62,91],[-66,42],[-85,5],[-14,64],[23,98],[-38,93],[2,71],[37,74],[36,21],[4,98],[40,42],[-1,73],[-20,79],[111,85],[71,81],[-9,30],[41,76],[48,34],[19,53],[-20,50],[26,63],[4,73],[22,39],[-43,33],[-91,28],[-7,109],[-42,35],[34,62],[-13,50],[64,17],[22,62],[50,34],[64,5],[34,86],[-22,93],[21,44],[101,9],[47,49],[-24,53],[31,43],[64,35],[51,60],[-20,50],[-68,36],[-60,-23],[-40,32],[-189,72],[-25,58],[-105,20],[-37,38],[65,65],[24,152],[40,59],[51,-4],[38,63],[-12,75],[82,92],[136,59],[-6,83]],[[147845,140338],[88,-21],[73,29],[25,72],[57,44],[-4,105],[53,55],[74,-15],[53,-38],[51,-9],[69,-40],[74,-65],[85,-32],[72,17],[107,-32],[31,34],[25,113],[103,71],[38,6],[69,-39],[32,25],[54,94],[-17,38],[43,112],[-5,105],[-28,110],[-43,86],[2,50],[73,2],[64,-26],[30,19],[107,-57],[59,1],[69,46],[103,26],[37,70],[50,14],[166,10],[249,61],[6,54],[-53,107],[-66,19],[8,87],[39,47],[-5,50],[-41,53],[45,93],[10,51],[70,40],[18,72],[75,18],[87,-23],[38,24],[125,-46],[42,-42],[72,43],[5,147],[-50,96],[21,85],[-92,110],[-11,138],[-17,105],[21,54],[-3,113],[19,61],[-12,60],[31,29],[129,-17],[160,-8],[140,101],[139,-51],[163,44],[22,80],[43,40],[73,33],[29,38],[75,40],[66,1],[100,125],[-22,99],[25,121],[-10,56],[62,152],[134,-38],[38,-85],[71,-4],[14,-69],[43,-77],[27,-91],[70,-28],[56,-47],[40,-97],[117,-67],[84,-24],[29,-69],[50,-55],[-21,-60],[-19,-130],[48,-100],[58,-51],[66,13],[46,-38],[66,-19],[85,21],[39,32],[94,5],[85,-164],[-55,-64]],[[156933,134462],[-9,59],[-33,28],[-99,-41],[19,-142],[-25,-25],[-108,12],[-102,-44],[-13,-69],[-60,31],[-82,78],[-57,73],[-89,60],[-60,16],[-46,-12],[-90,-55],[-176,-38],[-183,-87],[-132,-19],[-184,25],[-56,-10],[-20,-5],[-178,-30],[-113,1],[-76,21],[-95,60],[-140,127],[-93,33],[-23,74],[-86,51],[-134,55],[-99,114],[-59,73],[-83,26],[-90,72],[-43,-20],[-59,23],[-14,-51],[-168,-101],[1,-28],[-121,-8],[-128,35],[-61,42],[-81,17],[-129,45],[-54,14],[2,-87],[-50,1],[-74,35],[-95,-15],[-59,19],[-126,134],[-111,-22],[-37,68],[-96,-3],[-164,76],[-86,51],[-18,12],[-52,46],[-46,-13],[-215,7],[-60,55],[-25,-54],[-87,-108],[-94,-82],[33,-31],[-138,-224],[-71,-109],[-68,-149],[-92,-123],[-81,-89],[12,-70],[-14,-40],[-63,-58],[22,-180],[47,-60],[-30,-73],[-108,2],[-59,-49],[-16,-138],[13,-78],[-52,-25],[-53,17],[-43,56],[-52,-16],[-51,30],[-84,-50],[-44,-47],[-84,-9],[-35,-73],[-34,-25],[-86,18],[-61,77],[-54,19],[-44,-21],[-31,-134],[2,-69],[-47,-29],[-10,-38],[-53,-57],[-63,-17],[-66,-53],[-138,62],[-173,-34],[-105,-72],[-59,-9],[-151,-69],[-26,-63],[-145,-53],[-31,-119],[-52,-67],[-47,-23],[-29,-71],[-7,-44],[-119,-21],[-15,-19],[-112,-3],[-105,-44],[-97,82],[-108,22],[-88,-44],[-50,-4],[-8,-69],[-92,-201],[-66,-40],[6,-24],[-49,-66],[-57,-42],[-87,-18],[-40,-84]],[[148001,132010],[-107,30],[-36,34],[-81,8],[-14,89],[-58,49],[-12,81],[-169,4],[-3,49],[-144,40],[-11,45],[-126,46],[119,236],[-16,46],[4,166],[-34,72],[-56,62],[-26,57],[2,59],[136,82],[11,119],[-39,30],[-19,56],[46,25],[-73,52],[-7,75],[-23,32],[-112,-22],[-19,23],[-74,-7],[-56,31],[-53,-7],[-46,62],[-23,131],[-58,88],[-30,-7],[-62,85],[31,85],[85,11],[-6,-69],[52,-54],[96,-16],[75,48],[140,30],[77,-3],[11,43],[-72,95],[-20,88],[-42,61],[40,47],[72,49],[18,-15],[-32,131],[-103,-17],[-98,164],[6,127],[-97,95],[25,52],[-10,96],[21,43],[-23,91],[-30,38],[64,13],[50,67],[170,31],[64,55],[70,12],[60,51],[20,43],[-2,54],[-50,73],[51,109],[-26,86],[-7,105],[14,89],[-11,31],[36,51],[-14,61],[44,69],[-51,44],[-19,68],[23,71],[0,107],[-34,52],[-1,85],[-37,44],[-68,64],[-46,7],[-53,-26],[-51,10],[-27,47],[-98,28],[-166,7],[-160,-51],[-21,4],[-60,7],[-89,-27],[-51,-49],[-35,-66],[-49,-50],[-106,2],[-89,41],[-123,79],[-138,-7],[-30,-48],[1,-88],[-104,39],[-171,3],[14,33],[-32,42],[-7,96],[-50,10],[-42,-21],[-52,37],[-198,66],[-49,34],[-135,34],[3,137],[18,58],[-29,100],[31,61],[-36,71],[11,90],[-32,29],[-2,72],[46,123],[38,62],[-30,97],[13,66],[70,58],[22,59],[-15,98],[50,19],[78,91],[26,53],[-25,46],[25,41],[-4,51],[-76,94],[36,47],[28,75],[-8,58],[24,48],[59,26],[59,-2],[-23,61],[24,57],[83,0],[43,35],[12,57],[41,82],[-21,27],[6,66],[66,22],[66,80],[75,13],[85,-45],[108,36],[61,42],[159,33],[41,45],[46,121],[-67,28],[-87,91],[19,169],[102,59],[62,14],[58,55],[88,8],[70,26],[102,-15],[33,17],[79,-64],[104,138],[78,-17],[31,-52],[48,-11],[58,56],[42,95],[78,-8],[113,47],[64,37],[247,42],[65,45],[129,39]],[[157982,133176],[34,-88],[32,-147],[58,-85],[164,-206],[79,-70],[18,-79],[-37,-73],[33,-229],[-25,-59],[118,-154],[-15,-84],[19,-46],[57,-27],[16,-96],[26,-70],[82,-143],[26,-29],[109,-65],[61,-76],[42,-108],[27,-32],[51,-92],[91,-133],[30,-79],[17,-98],[41,-107],[10,-30],[-39,-124],[-58,-99],[-14,-153],[-5,-65],[33,-55],[-25,-131],[19,-76],[-22,-46],[50,-151]],[[159085,129771],[-62,14],[-94,-32],[-55,49],[49,91],[-54,39],[-113,-32],[-21,-39],[-92,62],[-31,36],[-51,11],[-49,-56],[-63,-26],[-52,46],[2,89],[40,70],[-37,35],[-13,-36],[-60,-39],[-103,3],[-92,-36],[-124,33],[-70,95],[-39,9],[-60,-53],[-98,-30],[-1,-39],[95,-102],[-55,-116],[-57,-10],[-102,-64],[5,79],[-44,29],[-88,-30],[-21,38],[-122,14],[-109,71],[-7,5],[-85,22],[-89,-23],[-80,16],[-154,0],[-67,-26],[-53,-2],[-11,-54],[-49,-27],[-89,-117],[-16,-143],[-54,39],[-132,5],[11,46],[-67,37],[-29,4],[-50,-2],[-62,-81],[-38,-4],[-33,-51],[-111,-51],[-147,-91],[-24,15],[23,61],[8,152],[-165,-63],[-84,-8],[-47,-22],[63,70],[86,16],[101,71],[8,93],[-59,28],[61,64],[30,68],[-52,51],[-45,-37],[-72,-109],[-84,-63],[-59,1],[-68,-63],[-69,-7],[-25,-38],[-162,14],[-78,-73],[-93,0],[-25,-41],[-68,-4],[-99,-26],[-87,-7],[-87,16],[-25,-21],[-138,36],[-60,-52],[-64,-12],[-107,34],[-11,53],[23,34],[-13,49],[-96,31],[-23,32],[12,65],[-173,34],[-34,34],[-130,-50],[-23,19],[-43,17],[-33,49],[-52,145],[-6,67],[1,54],[-44,18],[-84,-14],[-13,121],[-96,33],[-76,-9],[-9,26],[-94,2],[-107,-41],[-77,25],[-91,-16],[-50,38],[-44,-40],[-124,65],[-63,46],[-48,-2],[-41,-58],[-100,-10],[-170,89],[-101,28],[-39,68],[-111,63],[-115,29],[-221,-7],[-108,27],[-81,21],[-85,64],[-45,5],[-49,-40],[-104,22],[-34,42],[-75,15],[-14,26],[-101,87],[-78,43],[-54,49],[-48,12],[-74,-15],[-35,-38],[-1,-45],[-56,-62],[-45,5],[-100,-36],[-60,42],[-60,-33],[-42,2],[-26,-49],[-102,-39],[-108,-155],[10,-60]],[[150172,130567],[-82,-42],[-83,-23],[-35,20],[-109,22],[-111,-66],[-67,-76],[-60,80],[-56,-2],[-96,114],[-63,17],[-37,-13],[-20,78],[-105,30],[-35,-27],[-87,-29],[-37,38],[-83,-5],[-57,-32],[-49,85],[-107,23],[-48,42],[9,66],[-16,98],[-19,27],[-112,80],[-108,-15],[-69,37],[-86,-9],[-93,47],[-40,-21],[-56,58]],[[148155,131169],[1,89],[89,130],[-10,75],[17,36],[-77,67],[-6,57],[-46,81],[-42,16],[-15,42],[-50,29],[-25,64],[10,155]],[[159818,128534],[-126,9],[0,15],[40,85],[140,-14],[16,-107],[-70,12]],[[158875,128177],[113,72],[37,122],[-2,140],[-11,26],[18,97],[53,23],[96,12],[45,26],[95,135],[-24,114],[-76,65],[-39,63],[-50,43],[-6,93],[27,62],[-13,77],[-85,65],[-4,5],[-64,87],[-35,98],[32,67],[99,53],[4,49]],[[168075,129350],[127,-38],[49,-88],[-31,-59],[27,-86],[1,0],[0,0],[1,0],[0,0],[-37,-63],[-35,-131],[-11,-84],[-36,-4],[-113,53],[-44,35],[-28,91],[-66,30],[-162,-8],[-1,0],[-315,-100],[-151,-55],[-29,-9],[1,-1],[0,-1],[-102,-51],[-105,-11],[-140,15],[-39,59],[-50,16],[-207,-11],[-262,-85],[-191,-93],[-181,-118],[-125,-89],[-489,-405],[-149,-130],[-169,-156],[-169,-165],[-113,-121],[-159,-199],[-80,-122],[-38,-66],[-5,-51],[-65,-33],[-59,-89],[-44,-38],[-161,-265],[-65,-131],[-71,-162],[-29,-67],[-82,-250],[-66,-268],[-27,-111],[-18,-131],[1,-153],[-14,-124],[17,-293],[24,-116],[22,-48],[74,-41],[88,-198],[-96,-246],[-43,-190],[8,-165],[41,-29],[-15,-62],[11,-100],[-53,-82],[13,-15],[-78,-197],[13,-89],[-41,-37],[-42,-76],[-4,-53],[-93,-88],[-62,-8],[-79,39],[-96,-25],[-23,-44],[-20,-38],[-89,-66],[-30,-56],[8,-45],[-51,-71],[-20,-128],[-69,-22],[-50,10],[-1,95],[-76,45],[-67,-8],[-19,-54],[-42,-45],[-46,-81],[-85,1],[-24,33],[-100,-31],[-53,38],[-44,-45],[-52,-8],[-5,-57],[-120,-68],[31,-39],[-48,-35],[-117,16],[-77,-23],[-39,-7],[-47,-46],[-65,72],[10,51],[-62,70],[-43,-29],[-24,-71],[-62,29],[-33,-8],[-45,41],[-137,-26],[-16,-43],[0,-2],[-58,3],[-105,46],[-118,-63],[-123,-102],[-34,-54],[-7,-123],[-58,-74],[12,-48],[-45,-55],[-95,-19],[-15,-102],[-71,-17],[-26,-61],[-57,18],[-1,1],[-106,6],[-79,-38],[-33,-13],[-52,-27],[-45,-31],[-82,-63],[-66,-87],[-38,9],[-127,-82],[-113,-118],[-82,-110],[-46,-106],[-19,-72],[4,-64],[-48,-55],[-4,-51],[-56,-102],[18,-138],[28,-41],[-23,-87],[-13,-36],[-1,-4],[-1,1],[0,0],[-29,-40],[-34,-29],[1,-29],[-6,-5],[-7,-13],[-1,0],[-1,0],[-17,-8],[-34,-9],[0,0],[-19,-44],[-32,-33],[1,-3],[-10,-34],[-101,-57],[-93,-25],[-12,-32],[-9,0],[-12,-5],[0,0],[-3,-4],[0,0],[-1,0],[-9,-2],[-5,3],[-8,-2],[-55,-7],[0,-3],[-4,-2],[0,-1],[-17,-11],[-6,-1],[-1,0],[-110,18],[-93,-28],[-125,2],[-52,38],[-168,-30],[-29,-17],[-188,93],[2,1],[1,0],[-17,38],[12,82],[32,57],[-22,59],[-86,92],[-83,54],[-127,60],[-118,40],[-116,14],[-90,50],[0,3],[-17,21],[-38,44],[10,25],[10,84],[92,-21],[87,28],[69,-10],[42,-39],[100,10],[145,58],[86,2],[71,130],[124,-6],[-5,-46],[75,-9],[54,55],[28,126],[-4,102],[-33,100],[-68,61],[-55,-1],[-9,28],[-69,47],[-73,-12],[-105,60],[0,0],[84,10],[65,39],[27,68],[-48,57],[-14,84],[-62,59],[14,69],[127,72],[68,54],[-8,103],[-47,82],[-72,0],[-35,152],[66,73],[-1,35],[69,69],[-21,95],[-63,81],[-17,67],[-94,38],[6,79],[29,51],[-49,26],[4,185],[65,134],[37,13],[31,52],[120,53],[43,49],[170,72],[37,124],[-18,132],[-41,128],[-60,90],[-103,104],[45,70],[9,76],[-99,102],[-66,40],[-189,86],[-274,87],[166,11],[152,23],[-31,84],[75,25],[140,82],[-21,45],[-78,-12],[-55,86],[139,160],[87,-135],[48,28],[66,-14],[-70,114],[-96,65],[-22,34],[64,89],[161,-91],[184,-64],[45,2],[35,0],[-32,104],[64,-11],[48,24],[24,-43],[48,24],[-28,51],[61,63],[63,20],[-41,98],[-63,-23],[-41,113],[0,51],[-45,91],[38,27],[-43,94],[46,21],[14,70],[173,93],[170,35],[82,-10],[24,154],[103,29],[27,-89],[-85,-25],[18,-29],[156,30],[-81,222],[152,69],[96,-193],[5,-34],[18,56],[-53,117],[43,27],[53,-71],[38,25],[-51,71],[81,51],[56,-35],[32,-52],[64,-42],[-42,55],[-4,88],[-54,52],[92,128],[104,-57],[30,40],[-103,71],[81,112],[78,-50],[35,48],[-77,51],[116,162],[72,-48],[28,39],[-64,55],[70,96],[29,-10],[73,81],[114,-84],[110,-79],[46,34],[-103,48],[22,129],[53,6],[134,-57],[30,8],[-4,25],[-224,92],[-2,36],[55,22],[180,30],[-18,37],[-33,188],[-48,44],[-155,12],[63,75],[25,54],[-47,-28],[-96,106],[-49,-32],[82,-94],[-25,-56],[-134,154],[-28,16],[-104,112],[-252,241],[-85,92],[-56,56],[-54,15],[-30,-27],[-162,-22],[-9,63],[77,10],[77,-14],[-10,64],[-150,-19],[-12,84],[65,39],[-73,24],[30,76],[-8,65],[-32,-92],[-74,20],[-109,-21],[-37,-23],[-58,-84],[-59,101],[-95,-85],[79,-3],[24,-38],[-163,-34],[-89,-66],[-24,-56],[175,-135],[24,-30],[-276,-177],[-117,-87],[-37,92],[-49,-34],[-148,40],[-11,145]],[[160862,127620],[185,-10],[20,-107],[41,-12],[22,-68],[-241,-11],[-42,209],[15,-1]],[[159321,120091],[-3,0],[0,0],[0,1],[3,-1]],[[162933,71314],[30,-7],[68,-87],[-5,-59],[-46,-80],[-101,-19],[-110,115],[53,99],[111,38]],[[158459,127716],[48,-88],[-176,-113],[-72,74],[-106,75],[93,60],[11,-16],[17,10],[-17,26],[138,88],[64,-116]],[[157984,127025],[-188,112],[-91,-8],[-69,14],[-45,-46],[-80,28],[-82,-60],[-130,-16],[-52,54],[5,43],[47,45],[-4,43],[-50,31],[-76,13],[-80,46],[-44,51],[-67,206],[-56,57],[-77,3],[-111,89],[-114,100],[-178,95],[-70,0],[-76,30],[-60,-1],[-36,22],[-85,15],[-58,29],[-86,90],[-117,20],[-17,26],[-209,66],[-40,-65],[20,-51],[-54,-17],[-27,-66],[-105,-20],[-80,-61],[8,-55],[40,-56],[-23,-27],[-80,-2],[-23,41],[-50,18],[-43,59],[-4,39],[-79,18],[-35,44],[-110,-96],[-29,-45],[33,-48],[103,19],[69,-89],[54,-17],[165,-146],[-5,-39],[49,-20],[73,-57],[-4,-46],[-56,-14],[-40,-64],[-49,-35],[-44,83],[-33,27],[66,134],[-46,12],[-26,-32],[-58,-11],[-57,-120],[-16,-73],[20,-32],[88,-11],[21,-42],[3,-90],[-19,-48],[61,-84],[9,-84],[-12,-84],[-30,-13],[-59,-88],[39,-65],[35,-14],[-80,-30],[-81,12],[5,42],[-32,52],[-15,77],[-70,29],[23,84],[-90,79],[-33,65],[-154,102],[-59,101],[-40,25],[-45,50],[-41,100],[-73,25],[-20,78],[-75,7],[-194,101],[-85,52],[-44,-1],[-176,59],[-71,-12],[-92,36],[-61,-24],[-139,21],[-62,62],[-92,16],[-28,-20],[-104,-24],[-37,-76],[-67,20],[-51,-29],[-50,40],[-78,19],[-6,26],[-76,58],[-9,63],[-81,59],[11,43],[-56,82],[2,96],[-40,39],[-126,42],[-61,-61],[-70,-25],[-46,5],[-36,46],[-56,19],[-20,115],[-53,67],[-75,-21],[-60,9],[-98,62],[-50,-5]],[[151931,128546],[-43,54],[-133,89],[-66,67],[-80,14],[-45,-19],[-100,55],[-89,-1],[-85,56],[-104,49],[-50,51],[-75,20],[-36,40],[-55,20],[-60,58],[-16,58],[-66,86],[-15,40],[-3,2],[-63,129],[-60,7],[-60,49],[-29,88],[-52,66],[25,141],[-13,33],[-77,42],[2,41],[-49,69],[-14,62],[16,101],[-21,24],[6,127],[-11,44],[-67,-19],[-83,76],[-56,75],[11,69],[-43,58]],[[158875,128177],[-85,-1],[-121,47],[-80,2],[-7,-100],[-174,-21],[-9,-25],[5,41],[117,13],[7,104],[-120,-12],[-12,-15],[-115,-13],[-11,-39],[-53,-6],[-9,-59],[17,-53],[-34,-49],[-61,89],[-44,-28],[-81,108],[-24,59],[153,116],[-27,37],[-158,-113],[-77,112],[-30,-41],[-9,-173],[-46,25],[-27,-51],[-22,-107],[15,0],[-13,-210],[-26,-34],[-11,-139],[12,-16],[80,-217],[-57,-19],[25,-44],[53,11],[48,-43],[69,94],[135,18],[148,-247],[75,-102],[-134,-76],[-99,36],[-22,36],[-52,-47]],[[157911,128042],[79,55],[49,-21],[-13,-62],[109,-158],[-55,-86],[-127,185],[2,19],[-54,20],[10,48]],[[157768,128016],[17,106],[37,0],[2,-62],[3,-96],[-61,-4],[2,56]],[[158367,127858],[13,-12],[-249,-160],[-10,32],[74,108],[109,70],[63,-38]],[[158581,128105],[-14,-198],[-29,-19],[-76,81],[-15,120],[134,16]],[[158183,127942],[-31,-38],[-85,124],[43,27],[73,-113]],[[158302,128115],[0,0],[6,-47],[-7,47],[1,0]],[[158302,128115],[-1,2],[-3,22],[3,-22],[1,0],[0,-2]],[[157731,127627],[-5,131],[25,44],[13,143],[47,0],[37,-33],[14,-66],[91,-143],[50,-102],[83,-71],[-41,-33],[-254,0],[-17,14],[-43,116]],[[157878,127474],[1,0],[77,-2],[-74,-110],[-67,39],[-12,39],[4,28],[71,6]],[[158361,127012],[-54,-56],[-36,32],[119,125],[59,-9],[-88,-92]],[[154649,118699],[22,-6],[92,-95],[34,-51],[40,-133],[-1,-36],[2,-5],[72,-120],[-43,-77],[7,-51],[-2,-47],[37,-62],[-1,-72],[-35,-27],[-12,-85],[55,-52],[-49,-107],[-46,-35],[8,-56],[0,0],[-52,-24],[-44,6],[-44,43],[-76,-16],[-99,-1],[-54,13],[-6,7],[-86,50],[-67,69],[-72,25],[-35,41],[-73,10],[-55,27],[0,0],[12,56],[8,25],[-80,96],[5,131],[35,47],[-5,90],[-67,175],[-2,77],[23,55],[-4,17],[-2,3],[-3,3],[-8,105],[39,74],[48,44],[14,56],[61,-21],[51,22],[34,-38],[43,-7],[41,-50],[248,-38],[92,-55]],[[153285,115940],[69,6],[73,-45],[19,-50],[-17,-34],[-88,-95],[-87,2],[-47,98],[19,73],[59,45]],[[153399,114650],[0,0],[-12,-41],[45,-37],[-14,-61],[-43,-28],[-69,-108],[-20,-221],[1,-298],[-25,-29],[-13,-109],[-103,36],[-78,57],[-32,64],[-44,38],[7,115],[-29,58],[97,136],[29,82],[16,95],[-19,42],[5,44],[107,88],[14,79],[73,4],[29,25],[30,138],[74,-70],[9,-63],[-35,-36]],[[152750,113740],[0,-1],[38,-24],[38,-42],[-18,-29],[0,0],[-102,-71],[-65,22],[-23,7],[-35,-47],[-65,45],[52,54],[12,47],[28,-22],[0,0],[11,14],[4,4],[13,58],[0,8],[0,1],[0,0],[0,-1],[20,14],[7,6],[85,-43]],[[153387,115348],[102,-59],[-53,-21],[-49,80]],[[152310,112488],[30,-40],[-16,-25],[13,-79],[-58,22],[-105,-39],[-36,-43],[17,-66],[-84,3],[-18,-75],[-74,-24],[-12,6],[0,-1],[-22,-7],[-5,-9],[-13,-6],[-34,25],[-3,-4],[-1,0],[-1,1],[-11,10],[-25,5],[-30,27],[5,51],[12,27],[39,32],[55,5],[20,176],[-41,32],[38,37],[20,6],[16,41],[-12,65],[11,86],[57,28],[52,-45],[73,-5],[105,-57],[22,-29],[16,-131]],[[155726,111430],[97,-42],[9,-30],[16,-8],[0,0],[0,0],[13,-1],[110,-89],[13,-36],[0,-1],[18,-127],[-34,-75],[21,-140],[-40,-96],[-81,-76],[-99,-28],[-55,-34],[-29,-47],[3,-21],[-60,27],[-34,-25],[-89,18],[-105,-33],[-85,33],[-21,29],[-63,2],[-51,95],[24,115],[-53,37],[-5,49],[72,53],[-13,32],[28,65],[47,40],[0,57],[53,53],[-45,78],[34,78],[129,34],[42,-26],[77,39],[78,15],[78,-14]],[[156358,108965],[73,-39],[69,-57],[63,-95],[62,-131],[-5,-48],[-68,-135],[-36,-39],[-153,31],[-122,3],[-104,56],[-27,72],[-1,124],[13,53],[121,172],[115,33]],[[158272,100453],[68,-32],[24,-89],[126,-34],[53,11],[83,-20],[38,-52],[24,-77],[55,-69],[-26,-85],[37,-88],[-35,-59],[-62,3],[-77,-19],[-24,-65],[-40,-49],[3,-121],[32,-45],[-50,-52],[-109,132],[-116,16],[-52,50],[-64,-8],[-21,31],[-86,43],[-33,64],[-2,153],[-12,71],[-111,65],[-88,9],[-21,24],[-1,4],[-32,55],[-8,63],[-60,76],[-45,97],[-14,78],[6,78],[46,86],[49,41],[97,28],[155,-37],[71,-81],[118,-71],[18,-99],[86,-26]],[[157134,100513],[34,-55],[54,-26],[35,-52],[9,-68],[-104,-25],[-47,27],[-30,80],[-49,54],[10,45],[88,20]],[[157820,93182],[100,-50],[87,-99],[21,-78],[-19,-64],[-101,-47],[-70,35],[-59,59],[-3,132],[9,91],[35,21]],[[172564,8488],[64,-52],[92,-141],[30,-111],[-3,-65],[-21,-45],[0,-1],[-41,-49],[-60,-22],[-32,-8],[-60,-38],[-213,-103],[-1,1],[-99,-58],[-1,0],[-2,-13],[-6,-9],[0,-1],[-1,-1],[-1,-1],[-6,-5],[-3,-1],[-56,-25],[-8,55],[1,7],[0,0],[40,114],[27,123],[-11,112],[-31,26],[0,0],[-1,-1],[-1,0],[0,-1],[-1,0],[-1,0],[0,0],[0,-1],[-1,1],[0,-1],[-6,-1],[-1,2],[-4,2],[0,1],[0,0],[-1,0],[0,0],[0,0],[0,3],[3,41],[37,60],[111,78],[25,53],[73,52],[127,29],[0,0],[0,0],[0,0],[2,0],[41,-6]],[[180929,33701],[12,-24],[8,-2],[0,-9],[5,-9],[3,-10],[-16,-45],[26,-47],[52,-20],[12,-14],[-18,-95],[3,-79],[-9,-25],[32,-36],[34,-27],[-18,-48],[-53,55],[-41,-8],[0,-66],[1,-3],[-3,-27],[16,-64],[-28,-36],[-6,-1],[-34,3],[-17,59],[-58,-34],[-52,63],[-72,14],[-44,-37],[-64,27],[-5,-9],[-2,-21],[-1,0],[-14,27],[42,47],[6,77],[-16,39],[47,3],[-14,64],[-39,72],[-25,-11],[72,53],[127,-7],[14,85],[-50,54],[17,69],[-52,27],[-56,-34],[-23,-43],[-68,45],[-8,83],[43,49],[1,0],[67,-14],[90,16],[136,-62],[40,-64]],[[180031,29502],[0,0],[41,-68],[-5,-5],[0,-1],[0,0],[0,0],[19,-47],[0,-4],[31,-32],[61,27],[-9,67],[14,-1],[10,-6],[0,0],[74,-11],[1,-1],[0,0],[0,0],[8,-4],[0,0],[0,0],[14,24],[14,-6],[9,1],[0,0],[38,-70],[-41,-30],[-95,-62],[10,-93],[65,-11],[52,32],[53,-1],[12,-40],[1,-35],[-38,-97],[2,-5],[0,0],[10,-91],[63,-50],[2,-2],[77,-28],[51,49],[39,-12],[-1,-4],[-5,-7],[-5,-24],[-14,4],[-72,-12],[-39,-30],[9,-46],[-22,-42],[3,-88],[74,-63],[10,-225],[-27,-24],[-34,53],[28,24],[-19,89],[-61,102],[-73,-21],[-11,107],[-63,-30],[-21,92],[-23,30],[-8,70],[-25,23],[33,59],[-24,66],[-47,-8],[22,28],[7,72],[-78,59],[-11,48],[-39,32],[-21,107],[-33,64],[0,0],[-24,27],[2,27],[0,0],[29,54]],[[180646,34257],[27,-70],[75,-52],[23,-47],[107,40],[96,-94],[-5,-78],[27,-27],[60,-4],[-14,-56],[-74,23],[-56,-25],[-125,3],[-58,23],[49,53],[-69,79],[-71,17],[-27,56],[48,41],[-38,38],[25,80]],[[172130,15511],[38,-16],[47,-120],[1,-118],[-26,-37],[-82,-39],[-53,6],[-36,110],[14,136],[60,70],[37,8]],[[180623,34764],[-1,-33],[63,-27],[-7,-125],[66,-46],[-17,-72],[-38,-89],[-36,-44],[-42,-5],[-6,-60],[-63,19],[36,115],[-10,103],[39,116],[0,60],[-23,57],[39,31]],[[173801,2202],[82,-35],[19,-25],[-9,-72],[-30,-65],[-90,-27],[-56,49],[17,140],[67,35]],[[168404,35311],[-43,-29],[-82,14],[-36,48],[12,92],[21,32],[66,-4],[53,-23],[37,-60],[-28,-70]],[[180079,40278],[112,-26],[46,-31],[7,-111],[-30,-33],[-56,17],[-7,75],[-70,6],[-40,26],[-19,58],[57,19]],[[291293,2783],[25,-151],[-20,-34],[-121,38],[116,147]],[[180302,27848],[59,-57],[-22,-39],[20,-75],[-48,-63],[-44,36],[33,30],[-25,157],[27,11]],[[180077,28358],[26,-25],[20,-77],[-28,-56],[-38,-15],[-24,81],[-35,22],[46,67],[33,3]],[[180490,39694],[42,-61],[33,0],[39,-87],[-17,-34],[-60,61],[-52,-7],[-20,73],[35,55]],[[180842,27847],[50,-31],[-25,-53],[-128,-37],[0,35],[40,56],[63,30]],[[181012,27971],[40,-51],[-59,-80],[-27,29],[7,50],[39,52]],[[180831,38216],[1,-83],[-57,18],[-1,45],[57,20]],[[180428,34007],[31,-58],[-74,-13],[12,69],[31,2]],[[180362,28113],[-30,-57],[-34,49],[64,8]],[[180480,33150],[35,-80],[-35,-2],[0,82]],[[181112,33722],[68,-30],[-27,-31],[-41,61]],[[172165,8412],[1,-2],[0,-1],[1,-1],[-2,-7],[-1,-9],[0,0],[-1,-15],[-4,-8],[-2,-7],[-7,-29],[-12,-16],[-1,41],[2,9],[0,1],[2,13],[0,1],[1,4],[0,0],[1,2],[0,1],[0,-1],[5,17],[0,-1],[0,0],[0,0],[4,7],[2,2],[3,1],[8,4],[0,-6]],[[173018,8119],[0,-2],[0,0],[0,4],[-1,0],[0,0],[-1,1],[1,4],[0,0],[1,1],[0,-8]],[[173014,8112],[-1,0],[0,1],[0,1],[1,-2]],[[173018,8115],[0,0],[0,1],[1,0],[0,-2],[-1,0],[0,1],[0,0]],[[151745,122679],[-201,-13],[-61,10],[-101,45],[-63,-11],[-138,33],[-27,27],[-84,12],[-86,-10],[-38,119],[29,47],[-28,118],[-46,71],[-73,5],[-45,12],[-70,71],[-80,99],[-50,22],[-12,53],[13,78],[-52,55],[13,45],[-39,128],[-32,25],[25,43],[-40,93],[9,176],[57,65],[41,96],[68,73],[38,42],[69,13],[14,90],[44,139],[-10,34],[67,105],[16,74],[-72,92],[1,63],[-27,71],[39,86],[-51,37],[-8,154],[-69,96],[30,165],[-77,50],[-89,-19],[-38,32],[-99,3],[-29,-33],[-172,-7],[-97,-24],[-60,22],[-140,-6]],[[149914,125545],[15,119],[72,44],[42,61],[4,61],[-36,46],[6,79],[94,103],[-1,20],[31,9],[130,113],[45,27],[93,14],[40,34],[50,-32],[59,54],[35,56],[85,15],[97,-5],[63,59],[57,-12],[62,24],[28,85],[60,25],[65,94],[20,113],[50,10],[82,-34],[56,21],[79,6],[59,31],[47,-7],[80,108],[92,56],[24,58],[68,70],[-21,67],[3,58],[30,43],[57,27],[67,72],[12,49],[-25,51],[7,103],[-35,13],[-24,52],[29,64],[45,21],[34,132],[-49,68],[56,35],[-96,91],[1,111],[32,86],[-92,144],[24,61],[39,28],[70,100]],[[157984,127025],[-19,-24],[123,-86],[24,-49],[56,-16],[-43,-58],[-7,-61],[-99,61],[-37,-42],[-58,48],[-86,181],[-47,-27],[-93,-98],[26,-134],[-350,-177],[-142,-75],[-29,92],[-46,-29],[42,-92],[-31,-28],[-73,-6],[0,-60],[-126,-56],[-4,63],[49,17],[-55,93],[18,-67],[-230,-16],[-44,-52],[-17,-68],[-44,-2],[46,-13],[-3,-71],[-24,-21],[28,15],[53,-33],[24,-63],[49,-33],[49,68],[61,-50],[63,50],[37,-18],[-54,-104],[25,-16],[38,76],[59,-46],[-58,-110],[28,-13],[66,128],[49,-31],[-49,-139],[-39,-2],[-30,-113],[13,-59],[-92,-88],[-7,39],[-53,2],[-100,71],[-95,-16],[-7,-52],[35,-45],[-123,-27],[-59,14],[-36,-62],[23,-48],[63,32],[49,-47],[-86,-46],[18,-24],[42,-13],[55,28],[57,57],[65,-47],[-63,-91],[43,-53],[56,-6],[0,-68],[-52,-2],[0,-72],[56,-71],[0,-127],[-146,-29],[-72,-37],[12,-37],[-48,-34],[-60,6],[77,-54],[5,-34],[34,14],[10,13],[0,1],[4,5],[1,2],[3,4],[28,52],[78,-33],[109,9],[5,-66],[-51,-7],[-192,-282],[34,-13],[60,25],[93,-137],[52,26],[-30,42],[74,18],[-34,89],[65,13],[77,-38],[5,-68],[-31,-59],[30,-76],[79,-49],[41,-50],[8,-50],[114,-28],[168,-9],[59,11],[48,-15],[50,-9],[25,-24],[54,-39],[-25,-49],[-85,-40],[-12,-82],[-123,-6],[71,-79],[15,-44],[-24,-51],[-39,-4],[-46,46],[-40,-49],[24,-62],[60,2],[25,-73],[-36,-12],[-60,11],[-207,-27],[-68,-25],[-172,-128],[-22,-27],[-50,-49],[-42,-87],[7,-81],[40,-26],[4,-75],[28,-55],[47,-19],[103,-10],[15,-63],[-42,-116],[0,0],[-108,18],[-6,-20],[-158,-21],[-3,5],[-62,-3],[-45,22],[-55,-14],[-141,-3],[-68,40],[77,51],[-84,84],[65,9],[17,49],[65,60],[-54,15],[-1,51],[32,25],[-41,178],[-60,3],[-41,52],[-54,2],[18,24],[11,7],[28,18],[35,104],[47,11],[84,-25],[42,89],[-57,48],[-107,29],[-69,30],[8,30],[5,37],[-41,39],[2,43],[-73,67],[-37,53],[-57,40],[-38,0],[-4,0],[-10,-3],[31,31],[-46,102],[-34,13],[-15,207],[35,25],[-23,66],[-93,-4],[-70,16],[-16,57],[7,23],[-2,3],[-67,67],[-102,8],[-26,-54],[-55,-21],[-152,35],[-197,29],[-54,-31],[-59,73],[-74,40],[-134,31],[-154,15],[-136,-9],[-82,-25],[-107,23],[-59,-23],[-213,-8],[-61,-13],[-87,10],[-190,-17],[-78,-16],[-167,-68],[-403,-96],[-183,-50],[-147,-70],[-119,-57],[-127,-44],[-202,-179],[-143,-79],[-127,-114],[-88,-55],[-37,-52],[-24,-94],[10,-68],[-4,-116],[-38,-102],[-5,-77],[21,-53],[-38,-59],[12,-41],[58,-66],[17,-61],[-45,-45],[35,-39],[-5,-87],[53,-47],[78,-3],[39,-63],[-104,-11],[-28,43],[-48,5],[-49,40],[-52,25],[-110,-19],[-80,-86]],[[157217,126260],[-94,-71],[35,-20],[90,43],[39,-64],[-63,-58],[-210,119],[-5,51],[186,75],[22,-75]],[[157504,126310],[-118,-61],[-64,114],[-53,46],[134,81],[187,96],[42,-63],[-37,-18],[64,-115],[-155,-80]],[[156757,126365],[44,-3],[52,-47],[-34,-36],[-96,52],[34,34]],[[157188,125654],[33,-31],[-42,-85],[-78,-75],[-42,31],[70,66],[-29,28],[-55,-52],[-49,35],[84,80],[38,-13],[44,42],[26,-26]],[[156650,124769],[36,-37],[-43,-44],[-38,63],[45,18]],[[157934,126713],[71,-74],[-311,-160],[-48,34],[-39,70],[233,125],[94,5]],[[157826,126921],[60,-127],[-10,-21],[-105,-34],[-19,10],[-26,116],[75,74],[25,-18]],[[156817,124420],[-35,-44],[-44,61],[76,78],[44,-61],[-41,-34]],[[155234,124404],[-19,4],[-3,0],[-1,-1],[0,4],[-2,0],[0,0],[0,0],[0,0],[0,0],[0,-1],[-1,0],[-1,-1],[-1,-4],[0,0],[-3,0],[1,0],[0,1],[0,1],[-1,0],[-1,-1],[-1,1],[0,0],[-1,4],[-4,-2],[-1,-2],[-6,6],[-1,0],[0,-1],[0,1],[-3,5],[-1,0],[-2,-1],[0,-1],[0,-2],[0,0],[0,-6],[-1,4],[0,2],[-1,-2],[-2,-5],[-12,4],[0,1],[-16,10],[0,5],[0,0],[2,4],[25,10],[3,-1],[0,0],[3,1],[51,-37]],[[155196,124403],[0,1],[0,1],[2,1],[-2,-3],[1,0],[0,-1],[-1,1]],[[155188,124407],[0,-1],[0,1],[0,0]],[[156439,122585],[-1,0],[13,50],[76,-10],[7,-46],[-95,6]],[[147845,140338],[-37,84],[-4,138],[-33,80],[-75,7],[-99,80],[-5,60],[26,50],[117,47],[49,63],[-3,54],[63,117],[-55,43],[-26,57],[-65,23],[4,44],[88,91],[15,101],[-12,46],[30,75],[-48,90],[-112,74],[-92,-7],[-88,15],[-60,71],[-86,13],[-8,33],[-164,67],[-53,80],[-1,59],[31,76],[-76,49],[-157,-16],[-65,93],[26,110],[-46,8],[-24,63],[19,245],[-10,37],[25,216],[-18,110],[-47,67],[-52,41],[-23,88],[-21,9],[-11,111],[-37,64],[-125,27],[-38,-27],[-113,-3],[-73,42],[-38,62],[-45,-28],[-66,0],[-107,-30],[-37,15],[-54,-66],[-97,12],[-126,-42],[-120,20],[-40,-51],[-77,-22],[-106,-76],[-83,-9],[-100,-36],[-8,-37],[-100,-9],[-62,-31],[-29,-73],[-113,-89],[34,-44],[-58,-46],[-62,-92],[-12,-74],[-42,-43],[7,-101],[-45,-47],[-18,-68],[-82,-54],[-55,-90],[-52,45],[-78,22],[-110,-19],[-80,-54],[-119,-105],[-22,-109],[-35,-46],[40,-41],[7,-51],[38,-19],[-60,-95],[3,-53],[-44,-54],[72,-113],[-6,-35],[-65,-45],[-10,-59],[-119,-53],[-41,37],[11,120],[-32,60],[-97,38],[-29,66],[-53,-51],[-65,-14],[-122,2],[-117,26],[-36,19],[-62,-59],[-6,-42],[-96,-61],[-166,-20],[-11,-38],[-72,-37],[-58,-8],[-118,24],[-24,30],[-58,-22],[-91,38],[-61,-29],[-96,26],[-82,-73],[-66,-3],[-95,-86],[-73,-64],[-79,-145],[21,-70],[-66,-74],[-32,7],[-118,-49],[-3,83],[-65,25],[-58,-23],[-47,13],[-46,91],[-65,26],[-46,-7],[-56,51],[-71,33],[100,136],[55,39],[-11,91],[-28,21],[7,89],[41,34],[51,111],[49,51],[11,89],[-16,57],[-88,-9],[-58,30],[1,90],[-18,29],[-102,11],[-106,63],[-142,-27],[-64,28],[-34,-69],[-34,-27],[-86,32],[-55,89],[-143,13],[-65,48],[-51,14],[-82,-22],[-77,-40],[-19,-29],[-70,-18],[-138,30],[-37,35],[-61,0],[-44,-33],[-8,-65],[83,-47],[-27,-59],[-33,-13],[-32,-60],[43,-40],[19,-104],[90,-51],[-42,-106],[-49,-9],[-115,-147],[9,-62],[-51,-67],[-58,-35],[-14,-55],[-33,-22],[-86,-109],[14,-70],[-15,-38],[-77,-23],[-26,-86],[-193,-108],[-58,-19],[-16,-83],[-90,-69],[-58,8],[-78,-35],[-24,-31],[-23,-17]],[[139086,140644],[9,23],[-52,69],[-77,58],[11,128],[33,58],[-32,44],[-16,101],[-41,61],[-121,93],[-18,35],[41,51],[-16,53],[2,98],[21,112],[-29,205],[-67,46],[-112,176],[11,68],[-15,46],[50,41],[0,164],[24,45],[-66,92],[-21,102],[-118,-22],[-104,10],[-72,57],[-128,59],[-79,68],[-59,102],[-130,83],[-25,36]],[[137890,143006],[152,9],[68,47],[90,11],[113,53],[191,42],[101,46],[144,41],[21,21],[121,45],[241,102],[215,65],[112,46],[110,28],[144,106],[158,53],[365,86],[258,96],[154,106],[107,54],[24,61],[60,55],[114,29],[113,67],[24,47],[118,61],[63,64],[92,56],[80,6],[33,-18],[97,28],[48,44],[53,16],[98,65],[40,73],[47,37],[19,60],[73,54],[142,108],[81,135],[96,43],[43,-17],[154,-25],[84,-67],[151,-11],[36,-23],[137,9],[103,24],[183,66],[99,-23],[84,14],[160,65],[92,63],[111,121],[94,66],[23,-31],[79,37],[-54,65],[15,43],[56,41],[73,-85],[284,228],[372,332],[201,194],[49,38],[108,113],[231,228],[178,173],[87,21],[140,137],[63,1],[54,38],[68,60],[45,8],[27,58],[110,6],[139,53],[109,98],[161,34],[44,70],[28,7],[69,85],[179,266],[44,87],[48,61],[35,89],[160,286],[84,204],[-3,121],[120,32],[42,92],[55,36],[66,85],[5,31],[65,80],[0,40],[50,40],[47,70],[104,93],[135,73],[83,67],[89,48],[38,37],[88,133],[39,82],[58,146],[146,162],[17,69],[40,71],[22,84],[26,38],[4,60],[65,100],[147,533],[32,135],[-4,30],[16,34],[-23,54],[12,63],[69,112],[33,155],[40,114],[82,160],[58,202],[168,213],[73,103],[172,164],[89,80],[122,92],[148,100],[183,102],[72,65],[114,51],[24,31],[70,20],[188,111],[198,132],[111,65],[43,50],[43,17],[253,177],[157,119],[42,59],[77,-23],[27,45],[60,35],[141,30],[36,46],[141,0],[129,41],[61,-22],[356,142],[120,31],[194,73],[35,67],[97,50],[57,-40],[67,-154],[-5,-48],[49,-59],[8,65],[43,4],[-74,96],[-48,124],[46,26],[-28,52],[130,87],[44,-26],[88,69],[60,32],[142,98],[107,89],[140,115],[97,94],[203,203],[138,152],[136,172],[209,281],[189,285],[21,16],[49,109],[148,239],[-18,178],[81,201],[62,91],[56,114],[8,85],[-83,58],[50,166],[-10,64],[30,59],[-5,102],[6,115],[-21,18],[30,79],[13,86],[-22,39],[0,72],[22,62],[1,84],[10,140],[-7,45],[-5,22],[-2,113],[35,70],[52,153],[-32,28],[-16,62],[21,85],[49,40],[0,53],[44,52],[4,74],[76,111],[64,69],[-6,70],[23,56],[99,104],[60,163],[55,89],[7,81],[61,68],[52,88],[18,78],[50,58],[99,148],[114,210],[1,88],[-21,19]],[[143656,155304],[80,34],[20,74],[114,144],[-12,74],[179,136],[11,98],[37,13],[65,89],[-26,59],[32,14],[7,78],[77,35],[34,109],[102,170],[-1,36],[128,19],[107,60],[36,56],[84,39],[81,82],[35,78],[105,55],[27,74],[84,69],[-15,66],[44,33],[25,-53],[108,50],[113,3],[81,85],[19,54],[-21,34],[64,84],[-37,102],[20,51],[42,18],[47,83],[14,87],[58,22],[43,50],[-3,94],[92,-14],[50,44],[144,66],[157,-11],[40,10],[20,-78],[37,-29],[-83,-85],[-15,-157],[-25,-55],[12,-117],[-14,-152],[3,-85],[-45,-251],[-36,-52],[-27,-100],[-26,-22],[-2,-88],[-22,-164],[-25,-4],[-64,-102],[-4,-49],[-43,-91],[-54,-61],[-102,-143],[-8,-45],[-86,-125],[-29,-137],[-51,-66],[-60,-143],[25,-67],[0,-78],[-32,-87],[20,-130],[72,-48],[65,-65],[150,-69],[123,-37],[33,7],[78,77],[129,27],[33,-22],[111,11],[137,80],[87,28],[76,1],[73,56],[73,-26],[37,-58],[-29,-48],[30,-76],[-1,-57],[-50,-71],[-40,-110],[5,-42],[-94,-121],[-27,-78],[6,-52],[-46,-126],[-68,-53],[-10,-52],[-66,-78],[-39,-97],[-57,-56],[-1,-46],[-80,-146],[-14,-67],[-74,-114],[9,-78],[-44,-134],[1,-55],[-87,-2],[-159,-185],[-22,-64],[-84,-40],[-43,6],[-79,-40],[-65,-79],[-136,-38],[-98,-92],[-55,-28],[-3,-63],[-97,-28],[-60,-73],[-75,-59],[-41,-61],[-206,-141],[-94,-17],[-48,-44],[-48,18],[-137,-24],[-37,26],[-154,-2],[-62,-63],[-56,13],[-96,-66],[-12,-53],[-89,-3],[-63,-54],[-135,-34],[-126,50],[-54,-15],[-87,38],[-57,9],[-23,40],[-77,67],[28,90],[33,13],[54,85],[78,-19],[65,36],[125,-7],[41,57],[93,-18],[90,69],[103,166],[49,129],[-18,30],[60,91],[-4,126],[-69,56],[-34,61],[59,88],[4,53],[70,41],[76,83],[44,91],[164,74],[60,38],[31,70],[76,41],[28,62],[-22,137],[-123,150],[-90,86],[-114,68],[-73,19],[-116,-5],[-114,-49],[-13,-108],[-102,-86],[-43,-129],[4,-35],[-44,-61],[-45,44],[-198,127],[-5,34],[75,12],[-12,80],[18,47],[-20,150],[-55,14],[-55,47],[62,95],[76,26],[26,67],[-36,82],[27,89],[-29,50],[12,41],[-28,78],[71,51],[67,102],[-9,37],[-68,14],[41,91],[51,35]],[[153101,159715],[77,-23],[-53,-71],[-46,-192],[5,-34],[-59,-97],[-102,-81],[-100,-95],[-108,1],[74,111],[20,75],[-15,47],[30,43],[49,15],[63,81],[-11,39],[176,181]],[[137443,136483],[-91,34],[-170,-60],[-183,58],[-94,117],[-91,30],[-71,114],[-9,79],[-71,25],[-68,4],[-52,-28],[-79,1],[-84,19],[-54,-94],[-70,-51],[-77,41],[-98,-19],[-58,68],[-144,26],[-32,32],[-66,-11],[-60,29],[-81,101],[-3,212],[-54,18],[-259,-79],[-35,-76],[2,-76],[-74,-37],[-108,10],[-51,-46],[-80,-14],[-48,-44],[-62,10],[-58,75],[-15,45],[82,60],[-5,80],[42,25],[-10,109],[-95,32],[-78,-62],[-115,32],[-78,40],[-129,-71],[-11,-33],[-60,-47],[-41,77],[-42,42],[-48,-47],[-22,-54],[-82,-94],[-86,-7],[-37,-56],[-48,-7],[-6,-85],[-73,26],[1,46],[-95,109],[-8,77],[-28,16],[-140,-44],[-69,49],[-83,10],[-46,-80],[-118,-67],[12,-49],[-62,-10],[-119,-173],[-21,-55],[-99,-20],[-90,-179],[-53,3],[-41,-34],[28,-39],[0,-98],[-46,-13],[-105,17],[-124,-101],[-67,-35],[34,-69],[-70,-149],[-52,-73],[91,-35],[-58,-44],[-2,-100],[-138,-133],[-180,-18],[26,-74],[-98,-123],[-27,-93],[-50,-30],[-116,2],[-37,-53],[-56,-34],[-47,-54],[-80,34],[-80,3],[32,78],[-10,34],[46,48],[32,141],[31,63],[-10,55],[-69,40],[-22,92],[-61,131],[-36,-1],[-41,72],[-66,38],[-69,-8],[-89,71],[-92,29],[-52,36],[-163,-169],[-69,-38],[-58,53],[-5,153],[-68,35],[-43,-93],[8,-64],[-93,-1],[-33,-22],[-72,39],[-62,-42],[17,-99],[31,-57],[-39,-111],[-54,-86],[-20,-85],[-36,-57],[-90,10],[-74,-8],[-46,38],[-83,-39],[-29,-38]],[[129983,135481],[-37,145],[22,40],[-15,99],[-48,45],[27,48],[-22,99],[25,66],[76,14],[13,28],[87,37],[21,37],[-14,50],[-57,68],[-1,124],[-21,39],[-29,189],[-153,145],[-71,-4],[3,69],[-29,34],[9,82],[46,22],[36,-20],[76,83],[83,55],[-58,67],[2,56],[85,81],[-30,25],[29,53],[-24,66],[40,91],[26,18],[-72,128],[20,63],[-18,98],[83,129],[34,89],[49,83],[37,115],[3,48],[-50,86],[-37,16],[-51,74],[-108,12],[41,150],[-10,72],[-55,35],[11,137],[-57,107],[7,132],[18,28],[73,16],[56,59],[-1,91],[73,38],[-3,56],[64,68],[43,92],[49,23],[-31,58],[19,63],[-47,53],[-60,-5],[2,91],[24,62],[-7,47],[-53,18],[-34,43],[-47,14],[-85,84],[38,53],[-1,52],[54,35],[191,6],[17,103],[110,35],[53,22],[57,117],[36,37],[20,105],[-22,86],[-52,55],[71,63],[30,91],[-33,73],[-16,122],[106,180],[-34,118],[64,34],[-12,55],[47,30],[-55,47],[12,61],[83,26],[20,55],[26,1],[65,100],[-9,45],[33,48],[-40,35],[-33,123],[11,75],[62,83],[56,47],[37,74],[97,19],[23,31],[62,14],[70,77],[46,74],[3,38],[198,88],[49,4],[88,-80],[73,-14],[25,-34],[72,78],[42,152],[7,23],[97,-7],[68,-57],[162,27],[54,-16],[98,52],[73,-39],[58,-49]],[[132417,142778],[-106,-92],[-126,-130],[14,-74],[30,-57],[-60,-147],[-69,-35],[-60,-124],[-80,-111],[-83,-62],[-10,-50],[-75,-24],[1,-89],[46,-91],[10,-80],[4,-6],[8,-13],[84,-115],[144,-135],[165,-118],[95,-52],[60,-59],[56,-78],[58,37],[48,-47],[-35,-35],[35,-40],[51,-23],[120,-93],[95,-27],[37,44],[122,-39],[-51,-26],[54,-42],[-41,-27],[-142,24],[-6,-25],[-10,-9],[107,-25],[77,-20],[14,-31],[103,-74],[80,-17],[12,33],[-78,25],[-73,49],[-6,97],[40,46],[142,-45],[-10,-52],[116,-41],[70,-42],[228,-58],[84,-7],[43,42],[103,-20],[184,26],[46,34],[129,9],[163,-40],[106,-6],[213,-50],[154,28],[50,-9],[154,39],[100,111],[12,54],[51,60],[63,46],[116,84],[63,21],[63,47],[99,75],[11,88],[-7,115],[34,44],[0,0],[4,17],[0,0],[14,45],[118,145],[-16,141],[66,76],[21,142],[-30,94],[-57,82],[1,25],[83,137],[18,66],[53,55],[21,48],[71,49],[225,83],[85,64],[71,21],[132,89],[185,48],[239,27],[65,1],[19,7],[279,27],[141,122],[206,13],[220,38]],[[139086,140644],[-78,-134],[-22,-33],[71,-116],[-79,-151],[17,-84],[-25,-159],[10,-49],[39,-23],[12,-48],[-22,-73],[52,-17],[-12,-108],[30,-102],[-10,-26],[-37,-66],[-4,-130],[-35,-131],[-11,-92],[-43,-24],[-27,-130],[37,-101],[28,-33],[21,-77],[-49,-76],[-161,13],[-52,-14],[-66,-50],[-46,-57],[-138,-82],[-43,-6],[-58,-78],[17,-94],[-46,-174],[183,-12],[56,-24],[-60,-87],[17,-97],[-81,-38],[-130,-20],[-54,19],[-28,-39],[-52,-15],[-24,-180],[-80,-1],[-53,-54],[-12,-90],[55,-107],[-14,-129],[-53,-43],[-39,-4],[-20,-65],[-31,-31],[-20,-160],[-42,-70],[-100,-16],[-49,-55],[-77,-8],[-50,-101],[14,-69],[-43,-33],[-78,-109],[-48,2]],[[132313,142478],[0,0],[8,4],[4,-3],[-12,-1]],[[129983,135481],[30,-74],[50,-24],[50,-74],[-1,-87],[79,-61],[1,-43],[178,-17],[98,-80],[12,-47],[48,-16],[-61,-167],[-75,-114],[-34,-32],[-5,-66],[-101,-76],[-21,-107],[-75,-54],[-106,-165],[-9,-96],[-113,-71],[-85,3],[-84,-25],[-23,-37],[71,-40],[-16,-24],[38,-123],[46,-28],[-20,-130],[-58,-38],[-27,-93],[9,-22],[-52,-113],[-83,-71],[-18,-142]],[[129626,133127],[-84,-13],[-61,-52],[-132,21],[-88,-3],[-77,-28],[-76,-62],[-32,6],[-160,-43],[-41,-37],[-112,4],[-34,21],[-34,91],[17,76],[-33,21],[-18,63],[-87,65],[-92,15],[-95,78],[-70,20],[-31,49],[8,45],[-74,60],[-9,63],[-76,46],[-46,-9],[-82,56],[-50,65],[-127,46],[-26,73],[-77,21],[-133,-50],[-103,-25],[-48,36],[-90,-56],[-59,4],[-25,33],[-56,1],[-50,95],[-79,-16],[-59,-60],[-27,-53],[-38,-13],[-53,-83],[-75,-18],[-72,48],[-79,-37],[-24,55],[-57,13],[-46,60],[-25,63],[-93,22],[-25,39],[16,76],[-37,58],[-43,-22],[-66,3],[-66,-33],[-205,25],[-28,-40],[-74,-11],[-27,40],[-103,46],[-61,119],[-6,78],[-71,124],[-15,87],[31,94],[-20,66],[32,58],[-86,23],[-62,38],[9,63],[-22,56],[-64,11],[-33,40],[-26,78],[-70,36],[-49,-4],[-199,98],[-63,45],[-50,73],[22,104],[-87,27],[-51,39]],[[124837,135438],[128,96],[99,90],[86,96],[40,123],[67,60],[29,90],[75,68],[131,10],[75,21],[140,64],[83,50],[253,206],[157,143],[233,230],[115,145],[96,109],[69,99],[200,251],[66,104],[78,78],[-10,21],[124,120],[76,96],[122,131],[359,462],[48,49],[70,105],[193,232],[28,89],[-15,33],[74,54],[57,71],[60,12],[16,36],[-47,35],[92,121],[46,0],[73,68],[108,143],[245,379],[54,96],[281,505],[234,477],[30,58],[151,353],[84,242],[51,190],[47,184],[42,219],[-1,122],[-33,81],[-64,35],[-34,-4],[-32,39],[14,83],[97,101],[-27,72],[69,71],[20,76],[19,195],[-32,57],[30,73],[-9,66],[-64,64],[-87,20],[-21,46],[-70,13],[-11,59],[40,132],[-54,9],[-1,67],[-69,79],[4,69],[-67,11],[-45,81],[-1,112],[-28,40],[-4,88],[28,75],[76,121],[-36,203],[12,52],[5,164],[-82,102],[-71,44],[-98,12],[-35,-93],[-104,-49],[-1,45],[-90,-28],[-45,58],[-14,60],[39,95],[24,99],[-34,37],[36,68],[-13,94],[65,126],[-42,44],[13,50],[10,32],[77,74],[52,14],[21,50],[48,40],[35,86],[-44,76],[25,86],[38,35],[46,-8],[83,86],[54,101],[68,160],[11,98],[-31,49],[-65,22],[26,113],[-33,52],[5,83],[-27,35],[34,86],[136,140],[127,57],[28,48],[-35,43],[36,117],[156,12],[31,27],[165,95],[84,0],[29,59],[52,48],[177,37],[162,130],[178,38],[16,21],[106,-9],[94,-53],[44,4],[15,54],[53,-13],[-23,-50],[139,-66],[96,0],[161,69],[130,80],[110,48],[70,3],[25,39],[80,49],[154,63],[22,21],[130,48],[104,-3],[151,128],[27,55],[92,4],[141,67],[80,94],[40,19],[84,141],[100,15],[17,48],[39,28],[56,1],[52,52],[79,20],[123,61],[50,0],[131,36],[83,6],[72,-36],[206,76],[75,-3],[56,29],[96,93],[66,-8],[26,40],[86,-1],[6,61],[45,-7],[119,70],[21,-33],[89,57],[26,-49],[41,-21],[56,31],[98,-41],[53,23],[81,-10],[125,24],[22,-112],[124,-29],[38,-24],[-25,-43],[72,-96],[-13,-54],[-54,-30],[-35,-84],[1,-41],[65,-110],[94,-88],[30,-160],[-107,-82],[-163,-45],[-189,-17],[-119,57],[-109,-6],[-123,-32],[-81,-46],[-81,-43],[-61,-85],[-26,-88],[-2,-8],[-1,-8],[-3,-8],[-28,-67],[9,-114],[-44,-35],[-30,-92],[19,-138],[36,-116],[56,-96],[44,-16],[72,25],[10,-53],[-17,-63],[-55,-6],[-17,-44],[58,-20],[63,31],[19,-45],[-53,-60],[18,-66],[-120,-86],[-40,-112],[-48,-33],[-58,46],[-61,-102],[-11,-43],[-58,18],[-77,-17],[-81,2],[36,63],[-97,-19],[-31,-21],[-81,32],[-22,-21],[-141,39],[-56,-14],[-97,22],[4,-55],[-30,-21],[-52,30],[-69,-49],[-99,-44],[-95,-22],[-86,-86],[-79,-20],[-33,-83],[-11,-85],[-103,-173],[-51,-29],[-39,-53],[-26,-84],[-27,-18],[-12,-94],[26,-54],[-54,-56],[-33,-2],[-35,-51],[-42,29],[-82,-42],[-80,-6],[-49,-51],[-4,-77],[-27,-77],[-72,9],[-119,-57],[-23,56],[-114,121],[-98,44],[-91,-29],[-74,40],[-41,92],[-74,97],[72,93],[64,23],[-47,48],[-59,-16],[-83,-86],[-70,-17],[-4,45],[-96,-1],[-1,-87],[-35,-26],[-60,35],[-83,-25],[115,-60],[28,-58],[63,-40],[-40,-48],[-50,35],[-99,-66],[23,-59],[-61,-28],[-15,-67],[-71,-78],[-10,-36],[-61,-65],[-41,-46],[-17,-65],[-45,-93],[-30,-110],[97,4],[58,29],[16,-51],[67,-20],[-11,-61],[-59,-146],[0,-84],[-44,4],[-48,43],[-29,-60],[-57,49],[-59,-33],[-19,-155],[32,-81],[-89,-107],[3,-48],[64,-15],[66,-44],[133,-22],[20,67],[68,-31],[42,23],[41,62],[-24,46],[28,60],[45,20],[137,-34],[5,-13],[48,11],[58,-16],[34,-42],[-57,-37],[9,-77],[39,-44],[132,5],[79,-26],[-68,-97],[160,-114],[33,69],[75,-55],[58,37],[-18,54],[74,38],[35,-52],[47,22],[22,63],[-47,37],[43,115],[32,51],[49,145],[49,47],[70,52],[56,1],[33,28],[99,18],[53,-11],[-43,-59],[29,-74],[-18,-72],[6,-93],[30,-49],[-18,-130],[-32,-38],[9,-73],[-24,-60],[13,-59],[-31,-54],[52,-194],[-46,-101],[9,-85],[57,-94],[-6,-48],[-37,-37],[24,-81],[-6,-46],[56,-89],[-46,-93]],[[132286,145088],[29,-2],[73,-107],[9,-57],[36,-24],[-96,-72],[-24,-72],[42,-76],[49,-19],[-3,-69],[-84,-66],[-24,10],[-116,-20],[-27,-52],[-84,5],[-84,60],[-107,5],[-59,-51],[-86,-98],[-20,-76],[-73,13],[-27,65],[-80,-34],[-57,-48],[-43,20],[-71,188],[-72,74],[-80,11],[-38,32],[-35,78],[-82,0],[4,55],[-44,32],[17,34],[-18,86],[61,-20],[29,50],[48,-23],[6,-45],[72,-46],[-18,-34],[0,-90],[46,-19],[38,23],[-9,45],[82,32],[43,-2],[103,29],[66,-4],[48,52],[14,77],[43,-19],[60,-64],[60,44],[25,-96],[48,-38],[132,-18],[53,39],[99,47],[12,148],[71,88],[43,19]],[[131200,152686],[23,-33],[-54,-29],[-27,32],[58,30]],[[129626,133127],[92,-134],[2,-72],[-49,-7],[-59,-52],[-78,-27],[-85,-133],[3,-172],[-23,-53],[11,-72],[-33,-38],[14,-47],[-33,-44],[5,-87],[-22,-65],[135,-40],[77,-12],[35,-140],[1,-112],[-44,-50],[38,-79],[47,-8],[134,-61],[42,11],[117,-28],[41,-34],[-1,-52],[-61,-80],[-28,-65],[25,-60],[121,-22],[60,-83],[74,-21],[94,-201],[-33,-148],[54,-53],[-2,-50],[41,-50],[21,-90],[-12,-62],[-56,-71],[-91,-31],[-123,16],[-27,-140],[-22,-36],[13,-76],[-24,-134],[-29,-24],[-33,-83],[-55,-15],[-87,22],[2,73],[-98,44],[-89,-15],[-125,-91],[-82,61],[-74,17],[-37,-87],[-99,-91],[-46,-6],[-48,30],[-96,-54],[-78,6],[-36,25],[-52,-9],[-56,-68],[-79,-18],[-31,26],[-17,142],[-69,90],[-41,-37],[-25,-66],[-113,-23],[15,-48],[-44,-37],[-109,12],[-115,107],[-35,-35],[-51,3],[-37,-45],[-1,-79],[-83,-32],[-45,-38],[-101,7],[-102,26],[-51,-26],[-137,60],[-51,42],[-124,-177],[16,-107],[-97,-126],[-59,109],[-5,53],[-112,106],[-94,-26],[-66,5],[-56,61],[-94,-23],[-54,-41],[-43,25],[-98,-2],[-111,81],[-28,1],[-67,-23],[-67,63],[-14,37],[-100,-15],[-5,42],[-116,37],[-118,-77],[-65,-15],[-82,-76],[-15,-41],[-131,1],[-46,-14],[-59,-108],[-30,-159],[15,-40],[47,-30],[-10,-46],[28,-99],[-32,-72],[-29,-23],[21,-80],[-90,-31],[-21,-80],[-58,-45],[-66,-108],[-55,-16],[1,-69],[66,-59],[-92,-78],[12,-65],[-56,-27],[-35,-53]],[[125183,128398],[-2,30],[-105,82],[-50,26],[-61,2],[-67,55],[-53,-27],[-97,96],[-63,-22],[-77,43],[-72,-21],[-35,58],[-36,-10],[-53,30],[-51,124],[-74,33],[-64,-21],[-36,21],[-73,-17],[-7,-55],[-87,35],[-60,-30],[-1,-72],[-64,-90],[-84,-146],[28,-52],[97,-29],[24,-40],[11,-117],[54,-78],[23,-69],[1,-108],[66,-73],[37,-110],[33,-56],[29,-95],[-103,-137],[36,-128],[-32,-63],[-34,64],[-116,19],[-71,-19],[-44,50],[-55,-13],[-105,18],[-88,41],[4,-71],[-35,-69],[11,-87],[-44,-43],[34,-64],[4,-50],[-32,-71],[11,-92],[-15,-17],[-113,94],[-97,36],[-61,-68],[3,-43],[-73,-47],[-65,21],[-15,41],[-116,29],[-19,-48],[-51,22],[-135,-29],[22,-68],[-50,-46],[-32,-81],[-39,4],[-40,-82],[0,-80],[-48,-64],[-126,-3],[-34,12],[-81,-66],[-78,149],[-51,31],[-43,-18],[-47,51],[-49,3],[-5,55],[-45,103],[-69,0],[-16,-103],[-45,-98],[-31,-115],[-47,-22],[-24,-45],[13,-46],[-19,-62],[-53,-61],[12,-42],[-16,-118],[-29,-82],[16,-183],[-58,-29],[-50,-1],[-16,-40],[-75,-66],[5,-101],[-28,-83],[-96,-29],[-45,-35],[-103,-33],[-39,9],[-57,61],[12,92],[-23,27],[-32,-10],[-107,40],[-59,-22],[-50,27],[-70,-24],[-57,5],[-23,-39],[-2,-68],[-23,-89],[19,-38],[-24,-71],[-79,-5],[-77,19],[10,-61],[-120,-84],[-13,-84],[-72,-66],[-12,-44]],[[120380,125052],[-42,6],[-86,-23],[-104,50],[-73,-86],[-106,6],[-57,39],[-58,-24],[-19,-56],[-92,-48],[-224,68],[-83,80],[-65,-8],[-83,40],[-95,75],[-53,-34],[-124,69],[-154,18],[-124,-12],[-54,-24],[-80,73],[-74,-7],[-55,34],[-66,-9],[-205,2],[-23,8],[-65,31],[11,116],[27,23],[-60,114],[45,59],[-28,110],[-58,50],[-46,-11],[-54,28],[-42,-39],[-97,61],[48,68],[-25,55],[-64,11],[-46,111],[-49,-6],[-99,71],[-8,41],[-63,45],[-41,73],[38,110],[67,66],[10,50],[53,4],[-35,127],[34,48],[-89,44],[-157,125],[-1,72],[44,76],[-4,31],[52,72],[8,55],[59,38],[186,67]],[[117732,127285],[-76,-76],[13,-49],[-18,-50],[-92,-118],[17,-20],[100,63],[27,-11],[-47,-111],[22,-26],[62,10],[11,69],[48,-8],[-6,-58],[89,18],[2,94],[60,41],[-74,35],[-18,82],[40,22],[137,1],[-17,-111],[-22,-42],[24,-107],[-27,-108],[-46,-46],[15,-37],[-25,-12],[-5,-23],[65,-94],[45,-37],[161,-55],[129,51],[58,-32],[78,-3],[98,34],[19,69],[37,-16],[104,47],[99,127],[33,29],[112,25],[25,30],[-5,60],[105,109],[100,27],[14,31],[80,7],[7,37],[76,-6],[-1,-2],[0,-3],[-10,-114],[57,-12],[28,-99],[-64,13],[-6,38],[-61,18],[-98,-57],[-89,-76],[45,-23],[-21,-48],[44,-62],[-53,-32],[-57,-84],[-17,-50],[-116,7],[-92,-24],[-89,20],[11,-42],[68,-51],[113,19],[39,-3],[0,0],[22,-27],[75,-3],[126,-42],[86,20],[32,71],[0,1],[23,57],[143,-50],[153,2],[79,56],[18,-37],[52,4],[61,-73],[51,20],[4,67],[130,22],[43,24],[20,82],[81,123],[14,40],[12,162],[107,-11],[-1,72],[-50,12],[-70,-28],[-67,10],[-58,-20],[-48,-108],[-46,-43],[-85,-21],[-14,63],[18,116],[-17,54],[-130,39],[-79,-18],[-50,25],[9,43],[126,103],[39,68],[70,63],[127,-10],[67,25],[87,-78],[53,15],[19,-84],[-25,-26],[36,-107],[46,-38],[48,27],[52,-19],[18,37],[-67,73],[16,45],[71,-76],[58,-1],[48,-81],[49,-28],[-40,-44],[25,-56],[73,-59],[91,66],[5,-42],[51,-8],[42,60],[102,3],[61,29],[-25,71],[-35,13],[-26,101],[-55,47],[-66,24],[11,48],[-74,10],[-17,45],[66,35],[47,2],[19,11],[19,8],[5,7],[5,-4],[2,-1],[10,-5],[17,-28],[0,-3],[41,-20],[2,-50],[63,-25],[47,16],[27,76],[70,37],[-11,47],[49,8],[27,62],[5,61],[-28,56],[10,64],[-71,22],[-15,-10],[-1,0],[0,0],[-31,67],[-56,-11],[-45,-37],[-34,46],[-4,0],[0,0],[-2,1],[0,-1],[-1,1],[0,0],[0,6],[-4,1],[0,1],[-1,1],[-7,13],[37,30],[0,0],[10,8],[66,36],[6,34],[-49,41],[-97,17],[-1,77],[89,-11],[-51,54],[-53,25],[-61,-55],[-23,26],[15,81],[76,21],[46,-58],[63,-26],[47,12],[62,-29],[-23,-93],[52,-42],[60,21],[36,-17],[-23,-56],[22,-78],[103,-30],[60,22],[31,67],[73,1],[53,-53],[28,43],[-2,5],[-3,65],[43,20],[68,10],[0,0],[0,-81],[33,-38],[22,-49],[116,8],[122,50],[56,94],[62,61],[30,5],[73,-74],[61,1],[88,56],[62,98],[7,75],[-88,86],[-15,40],[-108,28],[35,28],[13,161],[45,36],[43,102],[-21,128],[-44,65],[5,84],[-53,-11],[11,-102],[-67,3],[-10,99],[8,65],[-47,38],[41,76],[55,35],[36,55],[56,2],[63,-24],[32,73],[96,99],[60,13],[39,69],[35,-8],[103,92],[55,-98],[41,-18],[56,-125],[-66,29],[-2,-90],[70,-75],[18,-48],[-24,-47],[39,-90],[-21,-34],[38,-43],[-7,-80],[30,-7],[0,-76],[-75,35],[-44,-30],[-57,-90],[10,-48],[153,-107],[26,-66],[-22,-39],[47,-32],[73,-4],[148,44],[-87,82],[110,-8],[0,118],[77,37],[34,44],[-44,42],[-27,159],[130,83],[-14,65],[38,34],[34,70],[-24,35],[-5,78],[-84,18],[15,35],[60,9],[51,50],[12,127],[-28,78],[14,154],[-90,132],[-23,75],[-36,36],[-70,116],[-57,146],[-82,54],[-85,77],[-86,82],[-44,71],[-166,162],[-92,79],[-128,135],[-24,86],[3,68],[24,50],[-25,102],[23,123],[-9,138],[-96,90],[2,56],[-51,60],[-110,88],[-24,80],[-47,22],[-32,50],[-8,62],[71,113],[-8,61],[99,79],[100,47],[85,91],[0,0],[46,69],[51,68],[53,42],[5,131],[22,26],[0,1],[13,11],[6,32],[22,46],[12,101],[43,108],[62,127],[18,124],[52,77],[101,62],[18,95],[36,29],[-2,62],[0,1],[2,4],[-3,5],[67,47],[50,1],[95,73],[157,163],[16,51],[-44,30],[91,136],[135,219],[62,-34],[62,5],[-4,48],[63,104],[-27,15],[-43,-69],[-44,25],[96,141],[-22,56],[47,19],[-14,85],[-68,86],[46,62],[-70,91],[123,5],[43,26],[120,7],[76,-41],[93,31],[106,56],[128,77],[192,125],[220,169],[23,34],[0,0],[6,12]],[[120719,128185],[14,-89],[-38,-7],[24,96]],[[149914,125545],[-51,-31],[-76,-16],[-43,-50],[-53,-16],[-44,-44],[-81,-5],[-55,-47],[-104,93],[-57,-23],[-51,27],[-67,-43],[-92,-30],[-47,-65],[-66,-42],[-59,25],[-68,-8],[-84,11],[-493,-115],[-151,-39],[-56,27],[-229,-28],[-16,-33],[-170,-22],[-88,388],[-73,61],[-230,0],[-279,-57],[-107,427],[-87,56],[-62,98],[-42,-53],[-65,-16],[-67,-54],[-40,-4],[-33,-89],[-92,-104],[-70,-29],[-61,-52],[-5,-81],[43,-135],[-72,-120],[24,-32],[-8,-183],[7,-155],[40,-50],[2,-116],[-78,-51],[-13,-45],[-125,-92],[38,-193],[52,-140],[-13,-139],[-46,-39],[-11,-57],[61,-75],[22,-75],[36,-178],[25,-16],[26,-85],[-46,-73],[36,-63],[18,-113],[-44,-37],[-57,18],[-48,-6],[-47,-107],[-57,-32],[-48,-105],[-45,-24],[-45,-66],[-68,64],[-113,21],[-104,38],[-40,-15],[-243,25],[-33,25],[-26,80],[-53,85],[-108,59],[-83,-30],[-41,84],[-34,133],[10,55],[-47,162],[-6,75],[-74,85],[-44,103],[-61,76],[21,72],[-24,43],[0,108],[54,101],[-18,59],[-55,80],[-49,15],[-17,48],[-72,-27],[-62,30],[-73,94],[-104,8],[-104,-51],[-20,-33],[-78,-33],[-61,-1],[-23,-51],[-82,-85],[-83,35],[-62,77],[-112,23],[-29,37],[2,48],[-59,82],[77,78],[-28,75],[11,34],[-39,109],[3,57],[-43,40],[-37,-14],[-51,46],[-50,13],[8,61],[68,127],[55,32],[5,96],[109,84],[-5,82],[16,79],[1,101],[-39,112],[1,38],[-66,28],[-37,77],[18,104],[68,27],[41,111],[18,146],[-9,44],[13,141],[82,91],[-40,64],[-20,79],[-49,41],[25,134],[-5,111],[-70,30],[-71,86],[6,65],[-44,77],[-9,114],[39,54],[-28,151],[-46,11],[5,73],[-20,25],[18,80],[-73,55],[38,142],[-37,65],[-91,-15]],[[143367,128243],[-23,43],[-76,81],[-25,94],[-114,88],[6,257],[-26,71],[-42,28],[-55,75],[9,78],[45,43],[102,54],[29,67],[62,27],[54,66],[59,44],[27,55],[70,28],[67,52],[-43,64],[-70,24],[-32,55],[-37,8],[-112,124],[-66,-12],[-64,31],[-59,75],[24,98],[52,43],[116,131],[-21,77],[31,98],[56,61],[32,93],[26,15],[50,104],[24,13],[55,207],[52,69],[98,39],[148,-110],[79,-122],[58,-50],[44,-12],[88,86],[96,137],[41,88],[48,39],[108,126],[62,94],[6,39],[73,113],[25,12],[35,106],[-6,67],[66,73],[75,34],[2,69],[15,59],[71,51],[9,46],[106,-1],[84,-54],[166,-43],[79,-39],[69,0],[178,-87],[70,-63],[35,-78],[-64,-101],[-2,-62],[-27,-65],[43,-55],[49,-105],[59,3],[105,-81],[98,28],[72,-25],[46,62],[28,103],[48,9],[27,74],[69,12],[78,-14],[75,-46],[150,2],[80,47],[39,-33],[60,15],[75,-58],[40,-7],[40,62],[108,13],[76,-49],[19,-44],[92,-13],[-48,-100],[-11,-86],[6,-148],[38,-53],[102,-36],[63,32],[55,-36],[78,52],[88,-9],[38,21],[47,-22],[141,-44],[63,128],[29,137],[58,22],[77,80],[52,32],[21,41],[151,-19],[46,14]],[[143367,128243],[-70,-104],[-73,-33],[-10,-155],[35,-108],[-53,-98],[-42,-45],[-13,-76],[-53,-89],[5,-42],[-48,-41],[-56,20],[-52,75],[-51,14],[-50,-18],[-19,-57],[-77,-57],[-8,-52],[-46,-102],[19,-30],[74,-28],[32,-76],[-74,-96],[-34,-16],[-9,-57],[-81,-82],[75,-40],[0,-53],[-58,-156],[79,3],[89,-63],[62,-4],[-59,-84],[-15,-149],[34,-22],[-33,-120],[-149,-11],[-88,-63],[-91,34],[-14,-19],[-10,-96],[43,-114],[-35,-47],[12,-32],[71,-14],[101,-51],[-7,-68],[-37,-27],[-2,-70],[89,-18],[76,-90],[-12,-88],[-52,-70],[-43,-157],[-111,-46],[-49,30],[-84,-35],[-141,-120],[-29,3],[-6,-158],[-83,-22],[-62,25],[-20,38],[-71,37],[-92,2],[-55,-37],[-2,-43],[-44,-50],[-68,-2],[-56,-30],[15,-72],[-121,-65],[15,-94],[-37,-70],[-47,-47],[-30,21],[-93,16],[-127,-30],[-91,-103],[-84,7],[-57,-98],[-145,-12],[-72,-75],[-141,-9],[-28,-73],[-14,-95],[-58,-65],[-110,-2],[-107,42],[-122,-110],[-3,-58],[26,-73],[-42,-109],[-74,-83],[-70,40],[-55,9],[-134,-25],[-64,-95]],[[139796,123465],[-107,39],[-49,-4],[-138,-64],[-60,-46],[-58,-8],[-100,11],[-42,-35],[-106,46],[-16,34],[30,66],[-12,27],[-71,26],[-126,-3],[-34,-18],[-74,42],[-57,-19],[-65,13],[-5,95],[-95,-20],[-38,34],[-75,-4],[-54,23],[-64,-33],[-56,48],[-25,-46],[-46,3],[-54,-43],[-39,6],[-92,-12],[-4,-102],[-76,-39],[-7,-55],[-110,35],[-58,-3],[-222,-65],[-8,-19],[-101,-55],[-120,-10],[-18,45],[2,104],[16,83],[-29,11],[-30,69],[-36,13],[-56,83],[-51,21],[-63,63],[-42,98],[23,88],[35,2],[50,51],[-15,87],[139,118],[-36,77],[-46,-8]],[[137205,124315],[-41,60],[24,164],[106,97],[33,-15],[118,74],[28,75],[103,6],[23,68],[-33,55],[-6,106],[26,31],[-12,78],[-31,45],[4,150],[-100,82],[-12,31],[-80,8],[-26,109],[13,5],[132,-76],[137,4],[124,-25],[143,81],[11,43],[-36,44],[10,42],[-95,13],[-14,59],[-45,68],[18,34],[-22,49],[-83,86],[-45,7],[-79,84],[132,122],[30,11],[74,98],[95,-5],[37,76],[-26,35],[-49,182],[1,75],[68,95],[-116,135],[-5,43],[-109,91],[-45,-31],[-51,42],[-63,8],[-22,31],[-66,10],[-60,62],[2,53],[-37,52],[17,43],[-14,52],[-61,42],[44,94],[10,55],[-46,57],[-181,24],[-74,-27],[-62,36],[8,37],[-117,96],[-1,28],[-58,60],[30,115],[53,11],[52,183],[94,26],[26,46],[-13,44],[55,51],[-89,111],[-6,52],[-102,63],[-49,65],[-42,-1],[-50,56],[-70,27],[-45,40],[14,86],[-118,103],[15,121],[-23,91],[-60,23],[-5,38],[-70,61],[-50,89],[-7,139],[-49,56],[-58,8],[-32,-32],[-92,-8],[-61,102],[-91,73],[-121,32],[-104,-21],[-83,56],[50,52],[-1,63],[-43,86],[-56,2],[-43,28],[-174,-37],[-22,-22],[-62,59],[-92,-30],[-72,2],[-37,117],[-59,30],[-10,51],[36,56],[-14,43],[29,39],[17,127],[36,39],[115,-20],[80,4],[41,38],[60,160],[-12,51],[17,57],[-9,71],[-26,22],[86,58],[68,92],[160,36],[156,63],[46,34],[47,-14],[124,21],[36,-62],[68,-73],[94,-39],[61,37],[103,15],[54,72],[-8,58],[32,31],[-10,57],[55,67],[29,61],[50,39],[39,97],[35,33],[125,-10],[50,58],[78,184],[69,44],[41,75],[-8,116],[63,45],[113,35],[65,62],[52,0],[58,63],[89,57],[34,59],[18,81],[34,75],[-11,190],[67,61],[14,79],[64,42],[8,39],[-35,49],[7,65],[-32,49],[-107,-23],[-38,57],[-96,49],[-45,-1],[-51,36],[-45,93],[-43,16],[-113,127],[11,75],[46,53],[33,99],[-54,80],[47,75],[78,41],[-1,58],[92,67],[51,8],[75,43],[8,60],[29,28],[-37,70],[0,87],[38,45],[-133,55],[-56,95],[-15,79],[24,36],[-29,46],[95,22],[6,75],[56,15],[16,64],[40,34],[7,61],[89,64],[11,48],[52,48],[20,61],[58,41],[51,61],[23,69],[179,118],[-9,81],[58,91],[-39,47],[24,91],[-8,114],[-40,31],[-7,122],[-95,14],[-104,135],[-49,105],[-97,26],[-84,40],[-58,-15],[-62,34],[-9,48],[11,150]],[[126444,123524],[-64,65],[-86,27],[-73,91],[-53,9],[-18,48],[-38,16],[-6,71],[94,27],[73,90],[-31,44],[21,142],[-1,68],[-37,69],[-6,34],[108,113],[39,53],[0,53],[51,61],[-10,137],[105,226],[-9,61],[-111,31],[37,36],[-15,110],[34,40],[99,-2],[101,64],[70,114],[-32,49],[-121,76],[-72,134],[-80,63],[0,42],[66,60],[-29,62],[69,70],[-8,31],[37,62],[-44,83],[-11,117],[-174,41],[2,39],[-37,83],[-105,82],[9,93],[88,142],[48,40],[2,63],[-31,24],[24,52],[-13,47],[-152,33],[-30,51],[-7,93],[-42,57],[-21,90],[-103,-10],[-55,-205],[-102,-42],[-46,13],[-34,143],[-71,8],[-72,-73],[-43,33],[-12,95],[25,107],[36,48],[-10,313],[-24,61],[-38,21],[52,56],[29,64],[-76,76],[-85,-13],[-78,-53],[-90,35],[-11,81],[-78,97],[37,78],[-14,42],[-47,43],[39,79]],[[137205,124315],[-37,-59],[-57,3],[-80,-41],[-109,17],[-23,23],[-75,1],[-25,-29],[-43,-129],[-87,-78],[-71,14],[-7,-57],[-115,-18],[-72,-44],[-67,-88],[-32,13],[-37,-61],[-82,-7],[-27,-60],[-79,-15],[-69,-106],[-41,-13],[-51,44],[-76,149],[-74,-61],[-74,74],[-57,-19],[-64,3],[-46,73],[33,56],[-15,76],[-218,25],[-107,-41],[-60,7],[-39,74],[60,74],[-16,27],[-178,75],[-41,42],[-124,60],[0,16],[-91,-26],[-145,-12],[-67,32],[-38,-49],[-85,-11],[-31,-71],[14,-37],[-67,-29],[-36,-47],[-59,0],[-179,-133],[-30,38],[-95,-3],[-106,-91],[-27,21],[-71,-8],[-123,86],[-3,111],[-28,52],[-71,79],[-62,-1],[-60,-32],[-63,6],[-133,153],[-119,47],[-168,41],[-31,-49],[-14,-72],[-39,23],[-101,-6],[1,87],[-15,74],[-72,-1],[-47,53],[-29,101],[84,65],[-45,102],[-60,37],[-41,-7],[-71,-45],[-33,57],[3,99],[30,123],[-21,56],[-24,30],[-104,7],[-38,30],[-16,51],[-49,-3],[-65,29],[-18,45],[-113,-3],[-27,95],[-73,33],[-39,99],[-54,-5],[-28,54],[56,60],[7,62],[74,74],[-70,4],[-106,-32],[-94,-8],[-31,-70],[19,-89],[-13,-75],[-47,-37],[-60,-16],[-143,-74],[-84,-80],[-44,-22],[-121,-16],[-149,5],[-61,-6],[-76,-34],[-123,-20],[-35,-47],[-255,-137],[-159,37],[-121,9],[-106,37],[11,29],[3,25],[-162,12],[-24,2],[-61,-30],[-84,-108],[-49,-136],[-36,-92],[-127,-228],[-77,-179],[-84,-121],[-84,-67],[-55,-79],[-61,-151],[-70,-96],[-103,-91],[-17,-44],[19,-142],[10,-49],[21,-265],[-102,-122],[-11,-170],[26,-146],[4,-85],[-29,-140],[15,-56]],[[128862,122606],[-30,-11],[-18,82],[-58,89],[-55,131],[-88,52],[-15,-33],[14,-69],[-1,-98],[-58,-1],[-88,29],[-58,-41],[-82,38],[-29,105],[-72,100],[12,40],[-36,66],[-49,-9],[-25,41],[-25,52],[-66,32],[5,65],[-74,26],[-26,54],[-120,43],[-46,167],[-68,-16],[-25,35],[31,105],[-58,36],[-40,65],[15,52],[-48,49],[-26,58],[-55,23],[-132,-78],[-26,-128],[-45,-42],[-50,1],[-60,31],[-37,-11],[-71,31],[-23,-53],[-57,26],[-49,-44],[-30,46],[-113,-88],[-30,-60],[-93,-82],[-58,41],[-34,99],[-148,-128]],[[151745,122679],[-18,-29],[-3,-92],[-31,-19],[-90,-130],[-65,-30],[-24,-79],[-45,-67],[-48,-32],[46,-130],[-68,-60],[33,-92],[-37,-136],[-46,-69],[45,-81],[54,6],[48,-27],[53,51],[31,3],[59,-52],[-16,-150],[6,-60],[-15,-136],[23,-40],[-39,-34],[-60,17],[-48,-28],[-13,-62],[44,-73],[61,-57],[-4,-93],[19,-46],[93,-69],[56,35],[74,0],[81,-44],[1,-108],[17,-47],[43,-41],[92,52],[20,-119],[-31,-47],[42,-57],[-18,-69],[-52,-93],[-9,-139],[-45,-53],[-18,-93],[73,-38],[-52,-48],[-27,-88],[-118,-67],[-16,-21],[-131,-17],[-48,-76],[-3,-60],[-59,-20],[-47,24],[-41,-62],[-7,-37],[-47,-86],[9,-45],[-20,-95],[34,-54],[-162,-255],[-7,-117],[-49,-67],[-1,0],[-134,-116],[63,-57],[-24,-21],[-83,-11],[-63,25],[-43,-42],[-30,-85],[-81,-51],[-52,7],[-36,-13],[-65,-103],[30,-67],[0,0],[-49,-81],[-65,-79],[39,-41],[-19,-18],[-105,-75],[-51,-143],[-8,-98],[36,-33],[1,-126],[38,-72],[34,-29],[3,-38],[-79,-79],[-56,11],[-87,-6],[-24,9],[1,0],[-4,-5],[-27,23],[31,48],[1,99],[46,34],[-48,42],[-94,-36],[-7,-78],[-22,-13],[-57,35],[-19,-70],[-71,-17],[-111,-84],[-20,-29],[16,-58],[-46,-56],[-13,-57],[0,0],[-13,-9],[-52,-51],[-116,65],[-42,-55],[16,-65],[-103,3],[-43,-25],[-18,-47],[-64,18],[-129,-86],[0,0],[-28,-42],[-12,-40],[0,-4],[-1,4],[-17,-5],[0,-20],[1,-3],[-18,9],[2,-13],[-6,-6],[-8,6],[-3,2],[1,1],[-6,11],[-1,-11],[-10,18],[1,0],[-3,17],[-2,2],[-5,0],[-1,-8],[-2,0],[-8,-10],[-29,25],[12,-14],[-5,-1],[-1,-2],[-1,1],[-58,19],[-43,41],[-38,29],[-55,64],[-13,52],[-71,50],[-78,-58],[-44,11],[10,120],[-61,67],[-50,-17],[-59,29],[-34,74],[22,73],[40,2],[16,61],[64,7],[38,30],[0,0],[-3,0],[-3,1],[-6,16],[-6,49],[-82,-36],[-37,31],[6,69],[-51,42],[-56,75],[-95,65],[-137,-36],[19,55],[-26,76],[-9,55],[26,88],[6,93],[35,123],[140,69],[-20,83],[10,31],[76,26],[70,44],[-6,76],[-8,60],[-38,66],[-35,15],[16,39],[-35,71],[-112,158],[117,87],[-30,63],[-58,-16],[-47,100],[47,62],[60,23],[18,33],[-43,127],[58,8],[54,35],[38,71],[-17,45],[-65,15],[-111,80],[0,0],[26,48],[-14,168],[109,126],[34,-15],[87,61],[6,46],[19,-2],[14,10],[44,45],[-35,56],[-6,54],[-73,85],[-16,129],[-17,57],[-59,52],[-50,182],[-2,68],[41,7],[78,-31],[15,50],[-74,87],[24,49],[31,117],[50,53],[-19,99],[52,158],[134,-12],[18,-30],[119,-13],[12,31],[123,-4],[94,-33],[60,-15],[11,-41],[123,68],[105,15],[79,34],[44,-39],[93,-48],[47,36],[18,43],[-54,43],[-4,35],[58,75],[3,53],[44,28],[-29,57],[-83,12],[-44,-54],[-36,88],[-39,49],[-27,75],[-84,87],[-34,-18],[-75,74],[-97,173],[-108,100],[-144,92],[-96,48],[-223,87],[-299,82],[-132,30],[-277,27],[-94,-3],[-31,40],[1,51],[-60,-12],[78,-101],[-165,-28],[-53,-42],[-120,-41],[-153,-74],[-63,-13],[-60,-15],[-75,8],[-59,-12],[-159,4],[-81,-23],[-128,-14],[-187,-112],[-68,-101],[-44,-172],[-35,-57],[-34,-95],[-47,-79],[-53,-28],[-84,-74],[36,-46],[-83,-49],[-17,55],[-42,-4],[-24,-13],[23,-91],[-77,-41],[-51,-88],[26,-128],[1,-155],[43,-46],[42,-3],[-57,-48],[46,-19],[40,40],[-3,82],[-79,61],[51,17],[-37,35],[-1,50],[151,21],[-26,83],[59,-3],[92,-54],[15,-31],[-41,-84],[-23,-115],[-46,-37],[-134,-155],[-309,-174],[-45,-23],[-396,-154],[-106,-28],[-49,-28],[-84,-100],[-64,-34],[-66,-6],[-162,-69],[-127,-75],[-85,-183],[-4,-26],[-79,-81],[-10,-84],[-67,-81],[-65,-15],[29,-59],[5,-88],[-25,-75],[62,-49],[47,-73],[8,-120],[-32,-69],[-121,-173],[-47,-91],[-128,-180],[-17,-55],[28,-24],[-92,-107],[-48,-55],[-44,-13],[-143,-76],[26,28],[-22,-9],[-24,-36],[-199,-136],[-120,-99],[-89,-101],[-82,-127],[0,-3],[-13,-70],[-1,-8],[6,-50],[-62,-115],[12,-15],[-89,-158],[-35,-93],[-22,-222],[41,-131],[88,-137],[21,7],[71,-91],[6,-32],[67,-12],[89,-38],[-8,-65],[-55,-47],[-71,12],[-123,45],[-138,5],[-116,75],[-200,77],[-116,35],[-77,47],[-212,94],[-273,110],[-72,21],[-195,70],[-367,102],[-192,43],[-260,40],[-171,19],[-286,9],[-89,-16],[-89,1],[-71,-30],[-203,-26],[-186,-33],[-241,-59],[-127,-57],[-146,-18],[-94,21],[-105,-8],[-79,23],[-40,28],[-152,61],[-114,15],[-124,44],[-260,40],[-77,20],[-259,42],[-345,38],[-222,3],[-14,22],[-71,1],[-76,21],[-100,3],[-256,-13],[-211,-17],[-345,-37]],[[136482,117513],[-3,107],[33,39],[35,167],[-42,162],[-45,31],[-11,122],[-26,35],[18,72],[-60,103],[31,75],[-6,123],[21,39],[-22,38],[50,83],[102,51],[-12,99],[26,65],[-65,83],[-4,28],[61,39],[14,45],[62,44],[-26,38],[10,50],[75,41],[93,9],[57,57],[98,35],[42,-26],[114,84],[6,27],[127,3],[84,-18],[121,-5],[77,100],[22,148],[109,30],[66,2],[43,41],[120,71],[21,45],[51,39],[-8,128],[70,82],[-8,74],[55,74],[-18,87],[54,54],[26,70],[37,29],[68,12],[45,-32],[70,106],[62,21],[4,75],[58,86],[76,-16],[28,26],[-69,138],[77,107],[-57,44],[-9,56],[36,124],[109,141],[5,79],[59,49],[51,14],[66,123],[42,56],[136,98],[64,35],[21,40],[44,2],[67,62],[-15,68],[5,95],[35,77],[32,-33],[106,-12],[20,83],[58,39],[-28,129],[-10,97],[-50,22],[11,68],[53,3],[21,-51],[45,3],[38,65],[47,38],[-23,36],[11,81],[78,-33],[66,43],[-15,39],[-57,33],[39,108],[-68,71],[-73,2],[-51,49],[-16,43],[39,52],[60,-17],[61,122],[13,65],[68,12],[-3,80],[89,10]],[[149229,121320],[1,-1],[0,0],[-1,0],[0,0],[0,1],[-1,0],[1,0]],[[152280,121594],[75,-39],[-81,-35],[6,74]],[[143331,116973],[37,15],[29,-46],[-26,-47],[-94,39],[-10,74],[64,-35]],[[149154,116740],[-3,1],[-1,1],[4,-2]],[[130257,121310],[1,-106],[-91,-134],[-111,85],[83,102],[70,43],[48,10]],[[129780,121353],[19,33],[-111,147],[-70,169],[-16,98],[4,109],[-24,100],[-72,57],[-99,126],[-106,67],[-56,20],[-119,148],[-58,67],[-176,47],[-34,65]],[[136482,117513],[-465,-82],[-186,-47],[-280,-61],[-416,-104],[-305,-86],[-324,-105],[-317,-112],[-174,-76],[0,0],[0,0],[-1,0],[0,-1],[0,1],[-3,-1],[-5,1],[0,0],[-5,0],[-3,1],[-126,-31],[-132,-59],[-123,-26],[-125,-58],[-20,-9],[0,0],[-9,-3],[0,0],[-14,-6],[0,0],[-40,-16],[0,0],[-3,-3],[-11,-2],[0,0],[-4,-1],[0,0],[0,-1],[-10,-1],[-26,-16],[-72,-20],[0,0],[-16,-7],[0,0],[-10,-2],[0,0],[-14,0],[-1,-1],[-31,-5],[-150,-21],[-1,0],[-12,1],[-10,-2],[0,0],[-2,0],[-1,0],[-7,1],[0,0],[0,0],[-4,2],[-1,0],[-4,-1],[0,0],[0,0],[0,0],[-2,1],[0,0],[-14,7],[-12,2],[0,0],[-6,0],[-41,1],[-8,0],[-115,26],[-247,-54],[-262,-70],[-56,-9],[-31,24],[-124,-27],[1,67],[44,-1],[42,67],[28,117],[111,213],[38,93],[126,271],[82,88],[64,20],[60,-13],[82,-64],[-8,-70],[70,-43],[47,-2],[43,-32],[-37,-67],[49,3],[109,-26],[52,32],[109,41],[34,52],[-29,54],[-68,9],[16,52],[111,-25],[136,7],[113,20],[48,30],[104,109],[110,-2],[80,100],[52,14],[71,-38],[66,17],[0,0],[61,126],[62,21],[-65,95],[120,78],[63,-11],[55,-93],[35,22],[48,108],[-48,81],[217,166],[151,-32],[-1,-379],[-98,0],[7,-28],[-43,-69],[-4,-53],[74,39],[122,-42],[82,95],[-71,39],[30,47],[98,-13],[-19,55],[-75,-5],[-31,27],[0,249],[199,1],[0,-39],[80,0],[1,41],[55,11],[45,36],[-16,33],[-80,-39],[-173,47],[7,425],[43,-3],[50,105],[-51,56],[-59,-56],[-101,-19],[-20,63],[-29,94],[115,38],[-2,32],[-44,60],[-119,66],[-33,-1],[-15,-68],[-126,35],[-93,-32],[-53,13],[-56,-17],[-71,21],[0,6],[-5,45],[-52,40],[-4,-23],[-122,38],[-75,11],[-124,-156],[-104,92],[-51,-68],[-22,-77],[-35,-55],[30,-33],[-32,-104],[24,-54],[-107,-111],[-79,-5],[37,57],[18,83],[-9,77],[-57,31],[-52,-8],[-96,-62],[-63,75],[-108,6],[-17,-72],[-90,20],[-50,67],[-113,7],[17,-33],[-82,-45],[-57,-62],[-42,-19],[-54,81],[-57,39],[-64,-6],[-40,-12],[-25,-33],[-130,-36],[-74,-40],[-145,27],[-80,87],[-45,107],[-57,38],[-54,62],[-30,131],[-61,-6],[-186,52],[-59,23],[-72,117],[-24,166],[94,21],[4,31],[-87,20],[124,187],[59,12],[-40,51],[64,190],[2,141],[13,93],[-4,100],[26,29],[-16,60],[28,125],[34,80],[-28,48],[-21,12],[-29,-147],[-16,4],[0,1],[2,-22],[10,-2],[-21,-107],[-20,-160],[-45,-34],[40,-31],[-31,-117],[-38,-85],[-76,-137],[66,-51],[-14,-27],[-174,75],[-40,-40],[57,-34],[-2,-53],[-47,-73],[-92,19],[-27,-66],[69,-16],[-8,-95],[-39,0],[-10,-104],[63,-36],[-6,-64],[-123,0],[42,-27],[-13,-151],[-38,-8],[-12,-25],[18,-81],[-26,-62],[18,-54],[-48,-113],[-13,-109],[46,-81],[70,-18],[4,-78],[69,-36],[69,-70],[86,-102],[79,-17],[52,-34],[46,-94],[-77,-44],[101,-56],[-27,-64],[41,-83],[-27,-39],[-95,26],[-55,-22],[-60,2],[-58,10],[-67,83],[-62,-24],[-41,11],[-136,81],[-119,55],[-85,28],[-69,58],[-58,19],[-78,95],[-54,15],[-42,75],[-42,33],[-65,90],[-27,63],[8,42],[124,303],[25,100],[-12,15],[41,111],[44,265],[-49,139],[-42,61],[3,66],[-71,88],[-116,65],[36,21],[-24,49],[-54,-86],[-50,9],[-54,99],[8,54],[33,39],[-43,143],[4,5],[-4,1],[26,270],[-10,64],[17,34],[15,50],[1,103],[21,90],[-79,54],[99,138],[47,-26],[24,40],[-44,25],[116,185],[49,-8],[26,55],[-98,16],[54,65],[189,-25],[8,48],[-168,28],[14,59],[126,216],[25,24],[178,0],[0,36],[-94,21],[67,204],[-23,16],[53,34],[7,216],[-52,-13],[-89,19],[-63,-25],[7,-67],[-130,-282],[-75,1],[-46,28],[29,56],[37,152],[-22,55],[-135,-14],[-53,12],[-24,-29],[-38,-88],[-18,-79],[41,-18],[5,53],[91,-46],[3,-50],[-33,-103],[-122,-1],[-98,15],[-58,-27],[1,-49],[-3,-176],[-133,76],[-51,-23],[150,-125],[-26,-86],[-76,56],[-41,-15],[-37,44],[-64,-8]],[[130789,121911],[35,-28],[-54,-167],[-35,-50],[-67,3],[47,144],[-8,56],[40,42],[42,0]],[[130512,121736],[59,-8],[-27,-127],[-41,32],[-34,-57],[38,-54],[-24,-31],[-71,198],[24,47],[76,0]],[[134923,118335],[-1,-170],[-99,22],[16,106],[41,1],[43,41]],[[134734,119014],[88,-53],[32,-67],[-94,-9],[-26,129]],[[131530,119210],[-109,-84],[5,53],[83,63],[21,-32]],[[132316,118157],[129,-62],[-42,-85],[-79,83],[-87,-40],[-4,44],[83,60]],[[134099,118760],[-5,-1],[-3,-1],[0,-1],[-1,-1],[0,0],[-1,0],[-1,1],[0,0],[-5,0],[0,0],[-1,1],[0,0],[0,0],[-1,1],[0,0],[-1,4],[-1,12],[0,1],[0,0],[1,1],[0,0],[0,0],[1,-1],[0,-1],[18,-15]],[[134154,118733],[0,0],[1,0],[1,-1],[1,-3],[0,-1],[1,-3],[0,-1],[-3,-2],[0,-1],[-2,0],[0,0],[0,1],[-1,1],[0,1],[0,1],[-1,1],[0,3],[0,0],[0,1],[1,3],[-2,1],[0,1],[0,0],[0,0],[0,1],[-1,0],[1,1],[0,0],[0,-1],[0,0],[1,-1],[1,-2],[2,0]],[[130110,119763],[90,-61],[49,-68],[26,-75],[10,-115],[-111,-23],[15,-72],[-68,0],[-5,63],[-55,271],[-20,57],[69,23]],[[130278,120674],[-6,-76],[-26,-37],[-87,55],[72,106],[47,-48]],[[130345,121662],[76,-212],[-123,-22],[-74,-24],[-67,7],[-7,250],[195,1]],[[132029,117602],[-3,-52],[-52,-57],[15,-39],[-6,-24],[-1,0],[-29,30],[-19,11],[19,83],[76,48]],[[132040,117881],[-13,-42],[-106,-34],[-22,52],[65,30],[76,-6]],[[122661,107000],[-36,41],[-103,39],[-130,65],[-97,-11],[-12,-41],[51,-77],[-37,-19],[-90,14],[-165,86],[-57,72],[-10,195],[-38,11],[-60,-35],[-74,52],[-11,59],[-33,32],[-62,-5],[-33,22],[-40,136],[-44,68],[14,35],[-33,83],[-36,45],[-98,14],[-77,67],[-73,16],[-60,63],[-21,46],[29,109],[-30,72],[12,65],[34,70],[-67,99],[-2,49],[53,68],[-9,52]],[[121216,108657],[39,37],[1,-152],[46,-32],[72,19]],[[121374,108529],[32,34],[-4,74],[81,7],[42,-40],[63,15],[35,173],[-77,90],[-19,-139],[-64,62],[34,108],[-66,66],[-1,78]],[[121430,109057],[13,-17],[111,-18],[37,71],[-39,82],[41,18],[103,-35]],[[121696,109158],[63,16],[61,-64],[96,30],[1,64],[-84,-31],[-60,58],[16,74],[26,28],[58,5],[15,74],[68,-25],[69,4],[126,-56],[65,-68],[49,19],[54,126],[23,111],[-26,101],[23,70],[73,18],[57,-39],[53,-90],[40,3],[27,65],[57,28],[28,40],[0,55],[-48,55],[-38,72],[-1,67],[-65,67],[92,106],[-31,28]],[[122583,110169],[35,109],[71,53],[20,99],[56,33],[82,-51],[38,80],[30,-29],[112,-34],[44,20],[63,-33],[97,18],[89,-70],[32,14],[101,-70],[44,36],[32,13],[-62,198],[-53,37],[46,102],[-30,102],[25,138],[-30,42],[26,38],[68,-27],[118,-24],[-30,55],[-98,103],[52,78],[-33,31],[2,92],[-46,69],[82,70],[-60,161],[40,28],[-5,96],[48,24],[36,68],[-25,74],[-60,45],[30,101],[0,48],[-118,30],[-33,28],[7,59],[39,75],[92,54],[22,43],[53,-5],[31,52],[-13,84],[-72,13],[9,56],[48,3],[16,48],[68,82],[53,17],[-9,69],[23,31],[-38,52],[-91,44],[12,56],[-56,145],[-74,46],[-72,65],[-28,139],[52,46],[106,-6],[30,42],[70,18],[67,63],[-68,102],[-65,10],[-57,31],[-65,77],[-2,68],[-50,81],[17,28],[-29,86],[-44,30],[11,66],[-55,123],[-75,75],[-83,32],[-1,55],[55,45],[14,83],[65,40],[64,72],[8,76],[-23,65],[68,71],[144,6],[63,77],[125,27],[121,-45],[68,9],[64,79],[190,-39],[94,57],[166,-22],[22,76],[-11,56],[18,72],[51,62],[8,93],[34,45],[87,43],[5,62],[-101,26],[-34,47],[11,72],[34,30],[3,59],[-35,82],[6,52],[-63,12],[-153,-62],[-36,6],[-72,-80],[-97,15],[-41,23],[41,162],[-20,45],[-93,86],[18,18],[-38,48],[-20,78],[-83,-43],[-66,38],[-197,-141],[-47,-1],[-22,97],[-40,12],[-75,-5],[-147,39],[-10,31],[-102,62],[-53,-8],[-51,26],[4,62],[-103,58],[-31,55],[39,19],[14,68],[-52,83],[35,60],[52,46],[62,108],[60,26],[5,69],[39,61],[-22,72],[-31,37],[-29,84],[-62,14],[-72,-5],[-90,76],[29,11],[192,-91],[57,64],[68,11],[0,42],[39,29],[2,53],[33,71],[-34,29],[-30,120],[-36,87],[-142,22],[-47,35],[-7,36],[115,40],[44,54],[-29,102],[-46,28],[-5,47],[-67,87]],[[123069,118225],[-52,22],[-21,41],[-79,57],[-10,76],[-75,-4],[-8,99],[38,77],[2,84],[-103,32],[-25,45],[22,57]],[[122758,118811],[58,-9],[58,39],[36,-3],[25,50],[98,7],[33,33],[81,-5],[87,28],[23,41],[60,-2],[82,50],[2,40],[41,36],[-72,125],[71,108],[88,4],[28,52],[8,84],[48,36],[38,-2],[84,67],[-34,48],[29,41],[-35,30],[-83,-38],[-135,14],[-112,64],[25,68],[-32,73],[80,-15],[34,20],[32,73],[42,43],[57,20],[37,-107],[39,-8],[104,-92],[46,56],[72,-31],[42,-37],[47,28],[125,36],[130,-23],[-23,-35],[37,-49],[61,-7],[9,-40],[78,-45],[104,-19],[27,-23],[149,-56],[71,5],[143,-41],[162,75],[9,37],[111,57],[28,-30],[50,-8],[76,35],[15,29],[59,-2],[74,60],[3,70],[55,29],[68,-10],[41,42],[82,33],[62,-8],[40,47],[66,17],[27,40],[55,10],[-9,85],[25,102],[57,20],[-18,120],[32,58],[-25,27],[141,119],[71,-13],[36,124],[38,67],[119,129],[-6,42],[11,83],[-27,37],[72,46],[-40,128],[12,76],[29,35],[24,94],[-47,2],[-22,81],[13,135],[41,21],[23,62],[59,25],[100,83],[-60,174],[63,45],[-31,109],[30,57],[-10,68],[16,35],[-24,64],[43,26],[33,53],[-116,76],[21,65],[47,28],[2,67],[27,52],[41,-4],[43,32],[-3,100],[-20,49],[-37,11],[-44,53],[-39,-2],[-38,56],[-105,88],[-47,-20],[-102,50],[38,53],[0,43],[33,106],[6,98],[-16,38]],[[129780,121353],[-71,0],[-125,162],[-94,-39],[-50,-56],[-67,-23],[-155,-13],[-98,-35],[-30,-57],[27,-96],[-129,-35],[-37,57],[-10,-18],[-49,18],[-19,-32],[-127,-58],[-81,-86],[-55,-186],[42,-19],[-36,-115],[-10,-94],[-41,-76],[-34,-29],[34,-84],[69,89],[137,-16],[41,-40],[-6,-53],[-128,5],[-70,-33],[-7,-152],[21,-140],[-46,-82],[-33,-35],[-35,-93],[7,-37],[-40,-87],[-61,-91],[-83,-140],[-7,-40],[-104,-119],[-140,-197],[-179,-223],[-145,-183],[-97,-158],[-29,-69],[-67,-147],[-52,-187],[-7,-127],[-35,-140],[-31,-162],[5,-99],[17,-49],[59,-10],[60,-43],[50,33],[51,-34],[-42,-61],[65,-43],[39,60],[39,-54],[-31,-44],[-55,-11],[-5,-232],[16,-118],[-65,-135],[-1,0],[0,0],[-7,3],[-33,-37],[0,0],[-60,-33],[-19,-87],[66,11],[0,0],[1,0],[54,5],[56,-34],[58,59],[94,-51],[78,25],[49,-48],[90,-35],[147,-17],[141,-17],[71,-29],[42,-28],[90,-20],[62,-39],[30,-62],[49,-115],[47,-72],[60,-88],[202,-79],[55,-46],[55,-16],[149,-12],[190,-122],[43,-18],[60,-61],[56,-18],[41,-61],[73,-62],[108,-52],[109,3],[0,0],[69,-29],[41,5],[82,14],[67,-129],[0,-126],[41,-8],[49,37],[30,55],[-41,135],[64,13],[28,-28],[4,-133],[26,-29],[73,-14],[19,-80],[101,-28],[80,35],[11,-61],[37,-19],[6,-185],[64,-66],[47,-17],[11,-69],[71,41],[1,49],[39,24],[102,-25],[65,9],[41,-78],[47,-10],[-15,-48],[-3,-99],[-33,-50],[45,-60],[6,-100],[-1,0],[-18,7],[-49,-51],[12,-26],[-58,-52],[-30,-51],[7,-67],[43,-38],[-48,14],[-21,-32],[45,-38],[7,-64],[-50,-5],[-86,34],[11,91],[-59,26],[-37,-44],[-49,47],[-20,-92],[-77,33],[-30,33],[58,-146],[-52,-44],[-87,-29],[-34,-39],[-56,81],[-86,7],[10,-46],[-57,-8],[-32,-57],[-64,38],[-43,-3],[-27,-78],[61,-57],[101,34],[36,55],[-8,48],[111,39],[7,-59],[-19,-69],[98,51],[60,-31],[8,-50],[-24,-36],[-6,-67],[40,-4],[5,55],[43,49],[61,38],[0,0],[99,91],[26,-44],[80,12],[-25,-79],[-61,-32],[-78,-73],[0,0],[-34,-8],[-40,-111],[11,-112],[32,-32],[0,0],[44,-61],[0,0],[50,-44],[-59,-83],[14,-44],[-5,-48],[73,-64],[29,-53],[-2,-57],[34,-37],[-113,-20],[-15,-5],[-38,-3],[-89,-25],[-51,-15],[26,-59],[-12,-42],[-50,5],[-112,-16],[-43,-53],[-9,-77],[-64,26],[-199,-18],[-124,42],[-53,6],[-162,54],[-64,12],[-14,-29],[-63,30],[-85,93],[-52,-3],[-13,5],[0,0],[-9,0],[7,31],[91,12],[47,55],[0,0],[31,2],[1,1],[0,0],[76,-8],[14,-16],[120,12],[194,-82],[76,33],[62,-66],[61,-30],[68,-1],[65,94],[43,-9],[11,84],[-78,-41],[-66,-60],[-67,20],[-12,39],[18,91],[51,71],[46,1],[45,-37],[142,-17],[-34,45],[-107,14],[-46,41],[-122,31],[-7,58],[65,7],[136,41],[-49,38],[-2,44],[-68,-34],[-1,-41],[-76,1],[-101,50],[-50,-24],[-77,-8],[-26,62],[-46,-84],[64,-21],[39,-45],[4,-43],[-50,-24],[-50,-54],[-87,-17],[-82,18],[-4,38],[5,15],[0,0],[0,0],[0,10],[-1,0],[-2,0],[-2,0],[-24,13],[0,0],[-3,-11],[0,0],[-36,-8],[18,107],[-29,35],[36,72],[-124,-23],[27,-73],[-101,-84],[102,-57],[-7,-29],[-79,44],[-50,-24],[-116,94],[-93,9],[-14,3],[1,0],[-36,17],[-74,-22],[-13,-66],[0,0],[-74,-21],[-18,-42],[-137,-33],[-40,34],[49,43],[-15,124],[64,157],[43,-13],[88,27],[-56,82],[58,22],[45,-30],[29,26],[-1,24],[31,-1],[3,65],[-30,45],[-58,-8],[-28,-55],[-47,62],[13,72],[-63,-30],[-41,-114],[-43,-31],[-41,-84],[-36,-10],[-5,1],[5,12],[10,84],[1,0],[-22,23],[-13,3],[0,0],[-8,18],[19,19],[27,1],[11,66],[-1,-1],[-76,-69],[-45,33],[-19,25],[0,0],[-76,19],[-42,-69],[94,3],[38,-28],[1,-1],[-5,-57],[22,-60],[-32,-26],[-71,22],[-31,-16],[-51,-27],[0,0],[-2,6],[-2,3],[-2,1],[-28,-76],[-115,-40],[29,-50],[105,53],[15,41],[85,-60],[22,53],[64,7],[-2,-67],[0,0],[-48,-37],[0,0],[-13,-48],[-3,-17],[-21,0],[-2,0],[-52,-18],[-33,-64],[41,-26],[11,-30],[-24,-4],[-22,-19],[-53,-1],[-13,-4],[-3,-1],[0,-2],[-1,-1],[0,0],[-2,0],[1,1],[-1,1],[0,1],[-14,-5],[-10,-4],[-8,-1],[-34,0],[-27,-63],[5,-25],[-5,-10],[-6,-2],[-2,-4],[0,-1],[-3,-1],[-19,-13],[-44,-17],[-64,11],[-78,-50],[-72,-119],[-87,-15],[-95,2],[-28,95],[-32,33],[11,93],[-89,7],[45,67],[26,-50],[98,59],[44,-6],[31,72],[-40,17],[-81,-36],[-33,11],[-66,-38],[-31,23],[-61,-38],[-48,-2],[-50,-49],[16,-117],[23,-25],[-42,-86],[-47,-10],[24,-71],[-23,-21],[-86,71],[-12,38],[47,60],[-19,126],[-109,-48],[-42,-69],[-113,32],[23,35],[-10,58],[-79,7],[-15,-30],[27,-65],[-11,-66],[30,-65],[-5,-67],[72,-123],[-57,12],[6,44],[-56,46],[-20,48],[-82,38],[-2,-89],[62,15],[18,-99],[-45,17],[-106,-31],[42,-42],[114,4],[44,-58],[-98,-35],[-39,-48],[-101,-59],[8,89],[-58,7],[-79,43],[-74,75],[34,87],[43,28],[10,72],[-33,9],[-68,-67],[14,-38],[-107,24],[-79,-20],[6,-29],[116,-2],[15,-120],[-13,-9],[16,-130],[-120,-20],[-45,13],[0,0],[-7,-3],[-60,-10],[-21,-62],[-66,6],[-25,-29],[-47,-14],[-44,-46],[-84,-19],[-59,68],[51,81],[-115,-21],[-13,-95],[-62,-50],[1,0],[-43,-66],[-113,-56],[-60,72],[-61,4],[-5,61],[-42,25],[-52,-27],[-20,-73],[-81,16],[-31,-28],[51,-40],[26,38],[43,5],[8,-48],[-60,-57],[27,-48],[-31,-34],[-61,60],[-40,4],[-67,-77],[-103,6],[-68,-95],[21,-48],[-70,-14],[-30,-68],[-40,42],[-49,-24],[11,-78],[53,-65],[-76,-94],[34,-95],[83,-19],[27,-23],[-81,-51],[8,-49],[81,-62],[58,65],[135,-9],[-51,-46],[-51,-161],[-38,-92],[-43,-20],[-9,89],[-43,-31],[-76,4],[10,-58],[-66,-65],[-39,42],[-6,48],[-42,64],[76,31],[-58,32],[-75,-53],[17,-88],[-59,-21],[-34,57],[1,66],[-24,42],[96,43],[77,63],[25,68],[42,29],[-52,85],[-25,-53],[-72,-50],[-51,-89],[-107,-40],[19,-24],[-118,-38],[-28,-42],[88,-104],[-5,-28],[-72,-10],[-111,-75],[-143,-23],[1,-55],[56,-29],[30,-43],[55,-25],[92,23],[164,-13],[55,-25],[26,-2],[-86,-48],[0,0],[10,-19],[0,-1],[-4,-8],[2,-5],[1,0],[0,-1],[0,0],[-1,0],[1,-8],[1,-4],[7,-94],[-9,-69],[100,-23],[26,-44],[76,-8],[141,-100],[-36,-43],[-129,-90],[-50,18],[-45,-61],[96,-31],[18,31],[55,-10],[-31,-53],[-24,-86],[41,-43],[-1,-70],[24,-116],[-116,-49],[-68,-9],[-24,52],[-113,-30],[-24,58],[1,61],[40,32],[100,-32],[-22,59],[-199,37],[-124,136],[-14,-63],[24,-136],[-10,-5],[-6,-4],[-60,-62],[-44,-60],[-67,21],[-18,-33],[55,-60],[47,1],[96,55],[66,8],[-6,-3],[42,-37],[5,-108],[27,-29],[6,-64],[28,-12],[-77,-17],[-67,6],[32,-60],[-93,-109],[-21,39],[32,29],[-74,73],[-79,-20],[-40,-29],[-94,-19],[82,-45],[88,-14],[-37,-54],[30,-62],[-43,-55],[-28,20],[-53,-45],[-81,-27],[-60,10],[-10,129],[-92,70],[-80,1],[-29,-53],[70,-66],[-35,-24],[2,-64],[-64,-7],[-52,-45],[24,-40],[78,-40],[-10,-21],[-7,-11],[-24,-21],[-93,38],[30,-87],[-24,-39],[-72,-14],[-7,77],[-27,41],[-58,19],[-42,-113],[-70,13],[-54,-51],[-141,-176],[-86,-131],[-100,-190],[-84,-160],[-49,-134],[-56,-92],[-74,-219],[-61,-149],[-68,-187],[-55,-272],[-61,-83]],[[128864,121093],[-59,-1],[-51,-48],[147,-67],[-44,-52],[-62,-108],[-146,49],[25,160],[103,82],[68,33],[19,-48]],[[124844,110669],[-1,0],[1,0],[0,0]],[[124938,110741],[1,0],[-1,-2],[0,2]],[[130725,115829],[41,83],[55,5],[89,52],[91,34],[14,-72],[-1,-103],[-75,15],[-77,-77],[-77,-16],[-31,-48],[-64,5],[-88,-54],[-84,27],[-12,34],[99,68],[85,-5],[35,52]],[[131032,115622],[52,-38],[-48,-101],[-66,-31],[-18,-42],[-115,-23],[-95,22],[-8,33],[58,84],[112,19],[79,30],[49,47]],[[130615,115486],[36,-60],[-64,-31],[-52,54],[80,37]],[[131766,116032],[-46,62],[32,53],[65,-11],[-51,-104]],[[130245,113503],[57,-49],[-37,-23],[-74,-2],[17,66],[37,8]],[[130782,114088],[-35,-73],[-69,77],[39,31],[65,-35]],[[131076,114103],[1,0],[0,-1],[-1,1]],[[126125,112128],[-1,2],[0,0],[0,1],[4,0],[-1,-2],[-2,-1]],[[128521,113110],[1,-3],[0,0],[0,0],[0,0],[-1,0],[0,3]],[[125982,111679],[0,0],[-1,1],[4,2],[-1,-1],[-2,-2]],[[125994,111682],[-2,1],[2,0],[0,-1]],[[122758,118811],[-103,47],[-10,42],[45,106],[34,39],[82,25],[10,46],[-7,30],[-115,53],[-31,-16],[-64,15],[-28,69],[27,114],[-42,22],[-56,-31],[-160,-42],[-59,0],[6,84],[-88,48],[-52,48],[-103,-33],[8,19],[-57,113],[25,101],[-4,59],[-29,23],[10,50],[-48,76],[-114,-74],[-106,-16],[-30,-73],[-91,-61],[-103,45],[0,65],[-69,27],[-138,92],[6,53],[-39,75],[75,69],[-20,113],[16,65],[86,94],[-36,96],[22,47],[-28,69],[-99,38],[-14,32],[-104,125],[42,96],[-16,52],[-56,1],[2,77],[-66,-20],[-139,13],[48,88],[37,24],[-36,90],[-81,-6],[-36,45],[143,-7],[-9,108],[-76,17],[16,53],[-33,80],[-27,5],[-59,67],[5,58],[104,71],[42,-13],[31,32],[10,75],[-37,101],[60,84],[14,78],[-45,58],[27,67],[47,57],[3,81],[39,48],[23,70],[-2,71],[25,81],[-34,83],[37,48],[33,147],[-87,33],[-58,195],[12,108],[-20,18],[-43,119],[2,49],[-41,42],[-12,63],[10,73],[61,35],[2,129],[45,173],[35,43],[-14,46],[27,60],[47,25],[19,70],[58,85],[-20,45],[-65,-12],[-19,-63],[-74,-24],[-67,-45],[-47,30],[-90,158],[13,64],[-60,49],[-6,65],[-35,13],[6,58],[-23,37],[-48,4],[-80,44],[-40,28],[-8,49],[-41,28],[-46,108],[-157,45],[45,126]],[[123069,118225],[-99,-14],[-28,-33],[-23,-156],[-95,-71],[-23,-85],[-70,28],[-52,-9],[-11,69],[-70,37],[-51,-48],[-128,25],[-1,122],[-48,120],[-27,-1],[-49,55],[-29,-17],[-35,30],[-73,-26],[-31,82],[-130,-102],[-47,11],[-34,-27],[-80,42],[-7,35],[54,90],[0,46],[-64,-23],[-56,-12],[-41,-109],[-30,-28],[-52,-93],[-53,-23],[-68,-237],[-47,47],[-84,3],[-77,-38],[-44,-47],[-33,10],[-101,-13],[-94,65],[-116,20],[-64,-22],[-70,62],[-61,8],[-20,43],[-110,31],[-130,-17],[-44,17],[-168,31],[14,93],[-89,81],[-11,40],[-67,16],[-23,39],[-32,33],[-30,143],[-14,113]],[[120003,118661],[34,53],[79,62],[55,142],[-92,149],[-16,58],[-37,30],[-64,6],[-10,34],[-42,62],[-29,66],[-33,25],[-19,72],[-74,57],[-62,-40],[-37,57],[-6,168],[-80,40],[9,61],[-33,41],[26,72],[-33,27],[-43,109],[-71,45],[-47,-6],[-75,63],[-52,2],[10,80],[26,3],[-36,99],[-50,41],[-96,54],[-45,-10],[-41,13],[-81,-80],[-132,23],[22,67],[69,44],[7,46],[68,165],[-29,44],[-23,93],[-53,-21],[-40,20],[-132,-43],[-43,87],[-72,-13],[-57,-46],[3,-65],[67,-38],[2,-51],[-145,-24],[-18,-78],[6,-98],[26,-53],[68,67],[86,-22],[2,-161],[-76,-63],[-98,11],[-88,-25],[-85,21],[-30,-23],[-48,62],[10,51],[-109,36],[-39,49],[-59,41],[-3,75],[-100,28],[-41,-55],[-86,5],[-20,51],[-35,12],[-35,31],[37,48],[-27,118],[61,14],[-50,170],[33,37],[60,27],[-104,82],[-101,-3],[-106,75],[-74,1],[-49,41],[-99,33],[-126,-70],[-44,13],[-78,92],[-61,-54],[-55,44],[-31,-21],[-48,29],[-70,-11],[-36,113],[37,62],[4,52],[-19,90],[-38,56],[-45,13]],[[116649,121617],[-23,106],[24,41],[55,25],[-5,57],[98,72],[62,7],[55,32],[5,109],[39,34],[-33,53],[-86,47],[-36,12],[14,102],[38,24],[-57,66],[-11,47],[49,63],[-13,26],[-72,11],[-89,-9],[-43,24],[-77,11],[-49,50],[-108,-11],[-32,24],[-22,69],[33,62],[-132,-5],[-27,-29],[-81,-4],[-112,-39],[-44,10],[-47,-23],[-57,13],[-72,47],[-14,45],[67,18],[23,63],[39,33],[-27,122],[-44,-13],[-99,67],[-63,-17],[-130,8],[-33,17],[-117,-18],[-52,12],[-32,-129],[-34,-22],[-172,-35],[-32,47],[-93,80],[-57,-2],[27,125],[-32,77],[58,43],[68,16],[-29,83],[-77,42],[-7,35],[-57,66],[-65,-15],[-39,62],[-74,-2],[-79,74],[67,50],[49,127],[-54,121],[-6,52],[-32,31],[-96,31],[-47,-19],[-67,30],[-55,-47],[-91,21],[-93,40],[-85,-72],[-53,3],[-47,-61],[-40,-15],[-23,-75],[-77,-34],[-17,-41],[-47,-25],[-32,50],[-1,51],[-60,94],[-10,105],[-70,-28],[-69,24],[-59,-17],[-154,59],[-84,20],[14,120],[-43,56],[-99,45],[-37,-7],[-60,39],[-94,28],[-154,31],[-121,66],[-11,36],[-79,5],[-121,45],[-31,64],[43,48],[-11,48],[31,45],[-23,72],[-79,38],[16,110],[43,46],[-43,113],[74,143],[-3,92],[-33,59],[45,94],[36,20],[26,67],[111,65],[82,-54],[38,7],[112,-112],[92,-6],[74,-62],[-14,-43],[32,-35],[107,15],[32,39],[130,39],[41,76],[58,50],[3,50],[78,-3],[97,-27],[14,70],[-7,73],[-23,40],[1,67],[21,113],[23,25],[-18,91],[-42,49],[-16,120],[-25,81],[-56,41],[47,52],[19,137],[-91,39],[83,68],[37,54],[-22,30],[1,96],[-34,93],[-30,24],[9,73],[-15,28],[-78,3],[-91,-23],[-89,-48],[-137,8],[-48,-53],[-59,-12],[-26,-50],[-48,12],[-83,-57],[-17,-59],[-49,-17],[-52,17],[-99,-4],[-113,-27],[-63,51],[-2,59],[-75,67],[19,19],[20,96],[-42,75],[-110,50],[-21,73],[-118,46],[-68,42],[1,37],[-51,73],[-91,79],[-31,64],[-62,-4],[-20,31],[108,111],[18,100],[-9,57],[39,14],[31,70],[-34,115],[-29,52],[-13,96],[17,52],[-33,24],[32,71]],[[111923,128394],[82,8],[23,21],[65,-46],[-10,-24],[-8,-87],[80,24],[27,-38],[45,35],[87,-36],[133,12],[186,69],[186,106],[34,47],[-24,47],[24,55],[57,7],[19,79],[66,13],[44,82],[120,-12],[35,31],[76,-13],[37,-27],[46,23],[53,-30],[40,25],[21,79],[44,37],[50,-30],[39,32],[122,54],[66,70],[15,48],[58,1],[105,85],[24,67],[-31,72],[15,16],[63,-19],[17,54],[54,-19],[99,45],[14,-13],[112,17],[85,58],[-5,39],[53,35],[27,-67],[75,7],[117,17],[46,42],[62,6],[18,42],[77,-14],[25,46],[122,5],[73,-15],[124,72],[9,94],[89,-69],[23,-36],[98,-101],[64,-15],[22,-97],[42,-64],[88,4],[67,-54],[-6,-82],[103,-43],[42,-46],[10,-64],[-30,-85],[10,-34],[67,-30],[41,-49],[71,-16],[20,-60],[-39,-20],[0,-56],[-52,-87],[-4,-60],[46,-116],[-96,-29],[-13,40],[25,71],[-63,56],[-42,-56],[-83,-36],[-64,-5],[-40,-69],[-106,-147],[-16,-79],[-43,-107],[-8,-79],[-34,-61],[-54,-15],[-17,-52],[-54,-43],[-24,-50],[-104,-56],[-21,-57],[-47,-58],[-12,-49],[-56,-55],[-95,-130],[-28,-106],[16,-43],[-9,-65],[47,-79],[88,-29],[65,57],[20,57],[-22,63],[-43,18],[2,48],[32,35],[44,-3],[35,41],[102,39],[29,74],[-21,98],[94,-41],[124,138],[4,45],[44,4],[-12,-114],[-67,-7],[-6,-64],[50,-53],[-22,-34],[38,-65],[79,1],[116,-87],[-91,-38],[-38,-34],[-65,22],[-28,56],[-82,-6],[-39,-53],[-17,-60],[37,-113],[48,-49],[223,-22],[36,-52],[-13,-40],[106,-51],[52,-46],[69,-6],[137,-38],[62,89],[6,32],[53,27],[73,-98],[3,-76],[29,-47],[-24,-116],[-38,-50],[-35,-6],[-4,-84],[-41,-97],[-15,-114],[-66,-59],[23,-63],[79,1],[-12,43],[66,40],[-5,43],[97,101],[67,23],[48,125],[47,23],[88,-4],[103,40],[44,-15],[23,-50],[-81,-99],[112,19],[61,47],[20,-59],[39,15],[-31,62],[12,57],[40,55],[-59,57],[-29,99],[45,43],[-16,51],[-49,-9],[-40,-53],[-10,-85],[-104,26],[-84,-24],[-34,15],[-46,-34],[-94,44],[23,39],[-33,60],[52,28],[-97,64],[-26,94],[1,61],[37,136],[33,-60],[75,-3],[51,57],[86,21],[104,84],[68,19],[50,-45],[128,57],[89,92],[126,-39],[-15,41],[18,54],[71,65],[6,81],[140,72],[-4,34],[64,25],[46,-17],[-41,-74],[-43,-6],[34,-73],[-65,-64],[4,-26],[-1,-49],[37,-54],[37,34],[72,9],[86,-159],[65,24],[51,-12]],[[117156,128717],[23,-67],[-60,-13],[37,80]],[[116988,117767],[52,54],[110,43],[47,61],[152,74],[22,40],[-24,82],[32,55],[106,-11],[-13,23],[12,141],[-8,45],[-87,89],[3,69],[-53,25],[13,74],[-34,101],[-13,83],[-25,1],[-88,106],[-50,5],[-73,173],[2,31],[71,105],[4,91],[-52,125],[119,77],[-12,51],[70,177],[32,148],[40,55],[-54,6],[-84,-27],[6,41],[-51,105],[-62,33],[105,73],[40,5],[45,41],[114,-7],[49,-22],[82,19],[16,101],[-57,-27],[-77,38],[-106,107],[-28,-27],[-124,-6],[-64,-28],[-26,76],[-50,-9],[-29,41],[-107,9],[-34,-34],[-48,58],[3,48],[-53,58],[-61,-12],[-107,12],[-30,-20],[-61,91],[-86,47],[34,56],[-2,42],[35,42],[68,33],[-65,87],[20,179],[-9,73],[19,37],[-10,89],[-76,23],[-64,-9],[-58,103],[1,49],[39,34],[105,39],[4,51],[94,-8],[76,-68],[34,15]],[[120003,118661],[-79,-37],[-78,74],[-50,-99],[18,-40],[16,-142],[-32,-80],[-43,23],[-41,-14],[-10,-62],[56,-207],[-10,-38],[-115,-88],[-60,-27],[-94,-105],[1,-19],[0,-110],[49,-77],[3,-60],[-72,-120],[1,-59],[-64,-128],[0,-74],[-15,-33],[5,-119],[-41,-71],[-1,-93],[-18,-33],[-55,-20],[8,-34],[4,-32],[84,-23],[78,12],[51,-14],[64,-187],[-105,-95],[23,-60],[-80,-35],[-63,-69],[-19,-134],[-24,-25],[4,-62],[61,-3],[25,-127],[44,14],[89,-59],[5,-176],[-21,-43],[-21,-31],[49,-38],[7,-71],[54,-105],[-33,-37],[20,-45],[-11,-121],[0,-4],[2,-97],[43,-51],[-49,-90],[-2,-60],[-28,-61],[-124,-90],[38,-117],[58,1],[41,-60],[-37,-30],[-4,-68],[-115,-32],[-81,-141],[-33,-7]],[[119276,114296],[-180,-1],[-113,15],[-63,-87],[-86,9],[-25,30],[-51,-10],[-9,-42],[-168,7],[-44,-46],[-85,-28],[-84,-110],[-61,-30],[-61,11],[-61,-59],[-54,-10],[-161,-145],[-80,-20],[13,52],[-29,99],[-123,69],[-31,71],[-57,-52],[-14,-51],[-72,-34],[-117,-34],[-42,28],[-85,-24],[-92,6],[-53,-30],[-36,-62],[-86,0],[-60,22],[-36,-89],[-103,-34],[-58,18],[-14,-37],[-60,-7],[-59,28],[-116,-18],[-26,41],[-120,-28],[-37,51],[-31,-2],[2,-61],[-44,-42],[-60,-18],[22,-81],[-58,27],[-104,-56],[-86,-4],[-12,-98],[-48,-45],[-56,-14],[-43,80],[-4,64],[-38,59],[-108,-60],[-74,8],[-84,29],[-71,-28],[-104,-106],[-99,-31],[-30,33],[-129,48],[4,-59],[-29,-26],[-10,-110],[-16,-33],[-103,-12],[-19,-41],[-84,-32],[-86,8],[-132,-39],[-24,42],[-79,31],[-66,-48],[-26,-65],[-43,-12],[-57,55],[-47,-38],[-100,-1],[-28,51],[16,47],[-97,70],[10,40],[-27,49],[89,97],[-34,56],[-53,-33],[-40,45]],[[114037,113509],[60,36],[21,45],[81,28],[192,48],[-4,-63],[105,-25],[64,56],[45,87],[58,3],[44,1],[46,43],[75,27],[56,-18],[98,21],[91,49],[133,18],[80,58],[89,130],[147,174],[60,52],[63,-6],[150,158],[29,36],[50,-7],[6,62],[39,39],[4,76],[82,20],[40,40],[29,-26],[95,61],[-55,44],[65,31],[1,0],[2,-2],[1,-1],[1,0],[1,-1],[1,-1],[1,-1],[3,-2],[1,-1],[1,-1],[1,-1],[1,0],[1,-1],[1,-1],[-1,43],[-1,1],[-1,0],[-1,1],[-1,1],[-1,1],[-1,1],[-1,0],[-1,1],[-2,2],[33,45],[39,-28],[33,7],[43,119],[60,48],[94,14],[55,93],[-50,35],[76,60],[75,-7],[-60,109],[22,34],[77,-53],[24,30],[5,88],[-67,40],[21,46],[-15,67],[27,76],[38,6],[-100,102],[105,164],[23,-19],[35,-125],[28,-49],[89,-59],[3,54],[35,31],[51,3],[36,65],[80,-38],[123,137],[54,102],[42,75],[24,103],[-134,40],[-187,-1],[-79,431],[128,-66],[47,-266],[81,11],[-30,210],[71,-33],[6,-44],[67,3],[35,-172],[76,-10],[-37,17],[22,101],[-22,108],[-52,28],[-66,-5],[-106,48],[-19,128],[92,-46],[98,-34],[26,46],[-90,31],[5,39],[-43,53],[-15,98],[94,48],[15,-89],[43,-3],[9,95],[48,30],[-9,64],[-41,-1],[-11,71],[31,51],[-59,-16],[-150,74],[-17,51],[-77,41],[-13,152],[-79,-16],[5,41],[126,46],[-18,35],[-25,58],[-56,31],[-41,69]],[[116728,117367],[189,-44],[45,-36],[-110,-131],[-130,15],[-57,98],[63,98]],[[116944,117503],[63,-49],[15,-35],[-11,-73],[-215,40],[11,57],[137,60]],[[116483,117050],[49,-49],[-123,-117],[-16,61],[90,105]],[[117078,117187],[68,-22],[77,15],[65,-31],[22,-133],[-93,-53],[-90,-27],[-15,43],[-95,0],[-28,41],[69,58],[-24,27],[-73,-63],[-56,-2],[0,75],[173,72]],[[116822,117006],[92,-84],[178,-12],[19,-74],[-167,-9],[-30,95],[-92,84]],[[117165,116108],[42,75],[96,5],[-1,-56],[-42,-73],[-53,-95],[-86,-102],[-36,-6],[-123,65],[26,54],[-77,16],[57,119],[40,80],[60,-50],[-34,-71],[75,-61],[56,100]],[[116495,115463],[0,-66],[-17,-29],[62,-71],[-44,-70],[-54,8],[13,85],[24,38],[-9,1],[24,38],[1,66]],[[116930,115891],[-7,-90],[-50,-22],[-63,74],[51,82],[35,2],[34,-46]],[[116347,115248],[77,-117],[-48,-87],[-85,-67],[-47,56],[120,189],[-17,26]],[[115318,114991],[115,102],[101,-92],[-117,-93],[16,-14],[95,76],[73,-7],[53,-63],[-81,-45],[-43,-43],[-109,-77],[-119,-104],[-80,97],[106,84],[-14,12],[-28,-20],[-41,48],[-145,-114],[-47,55],[159,115],[106,83]],[[106802,118042],[-9,148],[-73,34],[34,63],[17,134],[29,60],[108,45],[16,35],[-49,59],[-59,0],[-70,75],[32,79],[-26,100],[-1,59],[-47,0],[-47,67],[10,25],[-110,79],[-72,39],[4,59],[-47,32],[-160,-46],[-43,61],[27,68],[-35,107],[-60,25],[-5,85],[58,115],[65,90],[-45,72],[49,15],[17,64],[79,67],[107,28],[46,56],[9,52],[-72,59],[-31,46],[4,45],[-58,7],[-33,29],[13,60],[-29,31],[-96,57],[-27,-36],[-58,52],[4,76],[54,70],[63,23],[6,34],[91,65],[-25,26],[26,111],[-49,35],[-8,55],[64,36],[42,104],[-32,49],[-124,44],[-12,130],[30,53],[71,20],[60,114],[104,59],[48,46],[71,-33],[22,59],[81,-25],[-19,84],[2,111],[25,53],[37,20],[-19,177],[164,58],[122,17],[3,43],[48,58],[-26,129],[11,36],[69,67],[-41,49],[39,50],[26,69],[-8,50],[46,76],[69,43],[27,-19],[51,37],[49,-14],[86,10],[106,-47],[27,45],[15,74],[-22,47],[-44,32],[9,45],[52,86],[-15,103],[-107,7],[-46,42],[-111,34],[-15,132],[-2,127],[13,43],[136,65],[54,148]],[[107562,123781],[118,-21],[187,-110],[48,27],[36,58],[36,12],[148,-6],[-19,63],[90,57],[48,9],[55,62],[11,62],[60,12],[48,61],[65,20],[26,34],[98,60],[-20,103],[-36,80],[22,128],[30,26],[-91,95],[-30,113],[25,119],[22,14],[24,40],[8,96],[30,36],[-83,59],[-17,72],[-153,36],[-35,43],[-76,18],[-31,59],[28,68],[0,65],[66,204],[-44,45],[29,115],[-23,45],[-47,8],[-90,78],[-99,-4],[-59,61],[-55,9],[-18,204],[-33,26],[-2,80],[33,38],[-72,199],[-27,47],[33,66],[-31,68],[-30,1],[-106,98],[71,121],[25,70],[6,79],[-28,32],[38,79],[-26,50],[-7,70],[-70,13],[-39,-13],[-45,86],[19,95],[-14,57],[25,32],[-63,85],[-80,36],[0,34],[-54,26],[-53,-4],[-64,54],[-31,4],[-15,66]],[[107254,127911],[46,-14],[118,5],[10,45],[64,21],[54,-43],[158,45],[26,49],[40,-31],[85,-6],[17,27],[-36,71],[27,38],[110,-46],[61,-1],[34,66],[57,55],[86,-14],[53,41],[27,47],[89,70],[102,53],[44,40],[65,-36],[58,51],[-12,38],[16,-41],[1,0],[5,-1],[33,50],[48,8],[44,-13],[51,41],[14,-4],[20,-15],[3,-2],[1,0],[0,0],[10,-9],[6,-8],[0,0],[44,-58],[0,0],[0,-1],[1,-5],[1,-5],[4,-13],[11,-12],[8,4],[6,2],[14,-15],[26,-16],[0,0],[0,-1],[4,-4],[0,0],[61,-2],[17,6],[0,0],[53,17],[51,-7],[31,36],[60,-1],[42,-49],[97,28],[65,-50],[-9,-50],[63,-10],[9,-85],[67,-10],[75,28],[13,60],[-32,26],[27,5],[0,0],[103,-4],[59,109],[0,0],[61,46],[92,32],[27,-47],[-66,-134],[32,-26],[42,84],[77,49],[48,-33],[56,-8],[48,35],[42,-62],[56,16],[56,-9],[-3,102],[30,18],[127,17],[78,-95],[21,15],[79,-3],[-1,40],[47,-37],[34,33],[47,-17],[30,68],[20,55],[16,-32],[-32,-47],[38,-49],[72,-8],[98,40],[-5,10],[0,1],[2,1],[0,0],[110,41],[1,0],[0,0],[1,1],[0,0],[1,2],[-3,0],[-1,1],[1,1],[0,0],[0,0],[0,1],[1,1],[1,0],[0,1],[1,0],[0,1],[1,0],[0,0],[1,2],[1,0],[0,0],[0,0],[1,1],[0,0],[0,1],[0,0],[0,0],[0,0],[-2,-1],[-1,0],[0,-1],[-1,0],[0,1],[0,0],[0,1],[1,0],[2,0],[0,1],[0,0],[2,0],[0,0],[0,0],[0,0],[1,0],[2,1],[1,0],[3,1],[0,0],[1,0],[2,0],[0,1],[0,0],[0,1],[0,0],[1,0],[2,-1],[2,-1],[3,0],[1,0],[2,1],[2,1],[1,0],[1,1],[0,1],[1,0],[1,1],[2,1],[1,-1],[0,0],[0,-1],[0,0],[4,-2],[0,0],[0,0],[0,-1],[0,-1],[0,0],[0,0],[0,-1],[1,1],[3,4],[1,0],[0,-1],[0,0],[0,0],[0,-1],[0,0],[0,-1],[0,0],[0,0],[0,-1],[-1,0],[0,0],[0,-1],[1,-1],[0,0],[0,0],[-1,-1],[0,-1],[0,0],[0,-1],[0,0],[0,0],[0,-1],[0,0],[0,0],[0,-1],[0,0],[0,0],[-1,-1],[0,-1],[0,0],[0,-1],[0,0],[0,-1],[-3,-2],[-1,0],[0,0],[-4,-3],[-2,-2],[0,0],[0,-1],[2,-2],[0,0],[0,-1],[1,-1],[0,-1],[0,0],[0,0],[-1,-2],[0,0],[-1,-2],[0,0],[0,-1],[0,0],[1,-1],[0,0],[0,-1],[1,-1],[1,0],[4,-3],[2,0],[0,0],[1,1],[0,0],[0,0],[1,1],[0,0],[1,0],[0,0],[0,-1],[0,0],[0,0],[0,-1],[2,-1],[0,-1],[0,0],[0,0],[0,-1],[2,1],[1,-1],[3,0],[1,-2],[-1,0],[0,-1],[3,-1],[2,-1],[0,0],[0,0],[0,0],[1,-3],[1,0],[1,-1],[0,0],[2,0],[1,-2],[1,-1],[0,0],[0,0],[1,-1],[1,1],[1,1],[0,-2],[0,0],[0,-1],[0,-1],[1,0],[0,-1],[1,0],[1,-1],[0,0],[0,0],[0,-1],[2,0],[0,1],[2,-1],[1,-1],[1,0],[0,-1],[2,0],[1,-1],[2,-1],[2,-1],[0,-1],[1,-1],[2,-2],[1,0],[4,0],[0,0],[1,0],[1,1],[2,0],[1,-1],[2,-1],[1,0],[3,1],[0,0],[2,1],[0,0],[0,1],[0,1],[4,0],[0,1],[0,0],[0,0],[1,1],[0,0],[2,1],[2,0],[2,0],[4,0],[1,0],[1,1],[1,1],[1,0],[1,1],[1,0],[0,1],[0,0],[1,0],[0,-1],[0,-2],[0,-1],[1,0],[0,0],[0,0],[0,1],[1,0],[0,1],[0,0],[0,0],[1,2],[0,0],[1,1],[0,0],[0,0],[1,-1],[0,0],[0,-1],[0,0],[1,-1],[-1,0],[0,0],[0,-1],[1,-1],[0,-1],[0,0],[1,-1],[0,0],[0,1],[1,1],[1,0],[0,-1],[0,0],[1,-1],[0,0],[0,-1],[1,-1],[0,0],[-2,-1],[0,1],[0,0],[-1,0],[0,0],[0,-1],[0,-1],[0,0],[2,-2],[0,0],[0,0],[4,-4],[3,0],[1,0],[2,-1],[1,0],[2,0],[1,-1],[1,0],[2,-1],[0,1],[0,0],[2,0],[0,0],[1,-1],[0,0],[2,1],[0,0],[0,0],[0,0],[1,1],[0,0],[0,1],[2,0],[2,0],[0,0],[-1,1],[0,0],[-1,0],[0,1],[2,-1],[1,1],[2,-1],[0,0],[0,-1],[1,0],[0,1],[1,0],[1,1],[0,0],[0,0],[1,0],[0,1],[-1,1],[2,0],[1,-1],[3,-1],[0,-1],[1,0],[0,-1],[1,1],[0,1],[0,0],[0,0],[0,1],[0,0],[2,0],[0,-2],[-1,0],[1,0],[0,0],[0,1],[1,0],[1,0],[0,-1],[1,-1],[0,0],[1,-1],[0,0],[1,0],[2,1],[-3,-2],[1,-1],[0,0],[0,0],[1,-1],[-1,-2],[0,-1],[1,0],[0,0],[0,-1],[0,-1],[0,0],[0,0],[1,-1],[0,-1],[0,0],[1,-1],[2,-1],[0,-1],[2,-5],[1,-2],[0,-1],[0,0],[0,0],[1,0],[0,0],[0,0],[-2,-1],[-1,0],[0,-1],[0,0],[0,0],[-1,-2],[0,0],[0,0],[0,-1],[2,-1]],[[111434,128424],[4,-1],[1,-1],[0,-1],[-1,-1],[0,-1],[0,0],[1,0],[2,-2],[0,0],[3,-1],[4,1],[0,0],[4,-2],[1,0],[0,0],[-1,1],[0,1],[4,0],[0,0],[2,0],[1,0],[1,0],[0,1],[2,-1],[1,0],[11,-1],[0,-1],[1,-1],[0,0],[2,-1],[0,0],[0,0],[0,1],[2,0],[1,0],[1,0],[1,-1],[1,0],[0,0],[1,0],[5,-4],[0,0],[2,-1],[1,0],[0,-1],[0,0],[0,-1],[0,0],[0,0],[1,-2],[0,0],[1,0],[0,-1],[0,0],[1,0],[3,0],[0,0],[2,-1],[0,0],[0,0],[0,-1],[0,0],[0,0],[0,-1],[0,0],[0,0],[0,-1],[-1,-1],[-4,-2],[0,-1],[0,0],[0,0],[0,-1],[0,0],[-1,-2],[-1,-2],[-1,0],[44,-28],[70,10],[1,1],[5,-2],[1,0],[5,1],[1,0],[0,2],[0,0],[0,0],[1,1],[4,1],[1,0],[0,-1],[0,0],[1,0],[0,0],[0,0],[1,1],[0,0],[1,0],[2,0],[0,0],[2,0],[0,0],[0,0],[1,0],[9,-10],[2,0],[1,-1],[2,-1],[0,0],[1,0],[2,0],[3,1],[0,0],[1,0],[1,0],[0,1],[1,0],[2,0],[-1,-2],[0,0],[0,0],[0,-1],[0,0],[0,-1],[0,-2],[1,0],[-1,-1],[-1,0],[0,-1],[-1,0],[0,0],[0,-1],[0,0],[0,0],[0,-1],[-1,0],[0,-1],[0,0],[0,0],[0,-1],[0,0],[0,0],[0,-1],[-2,-1],[0,0],[-1,-1],[0,0],[0,-1],[0,0],[0,-1],[0,0],[0,0],[0,-1],[0,0],[0,0],[0,-1],[0,0],[0,0],[0,-1],[0,0],[-1,-1],[-1,-2],[0,0],[0,-1],[0,0],[-1,0],[0,-1],[0,0],[0,0],[0,-1],[0,0],[0,0],[-1,-1],[0,0],[0,0],[0,-1],[0,0],[0,-1],[0,0],[0,0],[0,-1],[0,0],[0,0],[0,-1],[0,0],[0,0],[0,-1],[0,0],[0,-1],[0,0],[-1,0],[0,-1],[0,0],[0,-1],[0,0],[-1,-1],[0,0],[0,-1],[-1,0],[0,-1],[0,0],[0,-1],[0,0],[0,0],[0,-1],[0,0],[-1,0],[0,-1],[0,-1],[0,0],[0,-1],[-1,0],[0,0],[0,-1],[0,0],[0,0],[-1,0],[0,-1],[0,0],[0,0],[0,-1],[-1,0],[0,0],[0,-1],[0,0],[0,0],[0,-1],[0,0],[0,-1],[-1,-1],[-2,-2],[0,0],[0,-1],[-2,-1],[-2,-2],[-1,0],[-1,-1],[0,0],[-1,-1],[0,0],[0,-1],[-3,-2],[0,-1],[0,0],[0,0],[-1,0],[0,-1],[0,0],[0,0],[-2,-1],[14,-58],[51,-18],[0,0],[0,0],[0,1],[1,1],[0,0],[1,1],[0,0],[6,5],[4,25],[0,0],[0,0],[0,1],[0,0],[0,1],[0,1],[0,0],[0,1],[0,0],[0,0],[0,1],[2,2],[0,1],[0,0],[0,0],[1,2],[0,0],[0,1],[1,0],[0,0],[0,1],[0,0],[0,0],[0,1],[0,0],[0,0],[0,1],[1,0],[0,1],[0,0],[0,0],[0,1],[0,0],[0,0],[1,1],[0,0],[0,0],[0,1],[0,0],[0,0],[1,1],[0,1],[0,0],[0,1],[0,0],[0,0],[0,1],[0,1],[0,0],[0,0],[0,1],[0,0],[0,1],[1,1],[1,1],[0,0],[0,1],[0,0],[1,1],[1,0],[0,0],[0,1],[0,0],[0,1],[0,0],[0,1],[3,4],[1,1],[0,0],[1,1],[0,0],[1,1],[1,0],[0,1],[1,0],[0,1],[2,2],[1,0],[0,1],[0,0],[1,0],[0,1],[0,0],[3,2],[1,0],[0,0],[1,1],[0,0],[2,1],[0,1],[1,0],[0,1],[1,1],[0,0],[1,1],[1,0],[2,3],[1,1],[0,0],[1,1],[0,0],[1,2],[0,0],[1,0],[0,1],[0,0],[0,1],[0,0],[0,0],[0,1],[0,0],[1,0],[0,2],[0,1],[0,0],[0,0],[0,1],[0,0],[0,0],[0,1],[0,0],[1,0],[0,1],[0,0],[0,0],[0,1],[0,0],[1,0],[0,1],[0,0],[0,0],[0,1],[0,0],[2,3],[1,1],[1,0],[0,0],[0,1],[1,0],[0,0],[0,0],[1,1],[0,0],[1,2],[0,0],[0,1],[0,0],[0,0],[0,1],[0,0],[0,0],[0,1],[0,0],[1,0],[1,1],[0,1],[1,0],[0,1],[0,0],[0,0],[1,1],[0,0],[0,0],[0,1],[0,0],[0,1],[0,0],[0,0],[0,1],[0,0],[1,0],[-1,2],[0,1],[0,0],[0,0],[0,1],[0,0],[0,0],[0,1],[0,0],[-1,1],[-1,1],[-1,0],[-1,1],[0,0],[-2,2],[0,0],[0,1],[-1,1],[0,0],[-2,-1],[-3,1],[1,1],[0,0],[0,1],[1,0],[0,0],[-2,3],[-1,0],[2,1],[0,1],[0,0],[-1,0],[-1,0],[0,1],[1,1],[0,1],[1,0],[1,0],[1,0],[0,0],[1,-1],[1,0],[0,-1],[3,0],[1,0],[2,0],[0,2],[0,0],[0,1],[0,0],[0,1],[0,0],[3,0],[0,-1],[0,0],[0,-1],[1,-1],[1,0],[0,-1],[0,0],[0,0],[0,-1],[12,1],[9,18],[0,0],[0,0],[0,2],[0,0],[0,0],[0,2],[0,0],[0,1],[0,0],[0,0],[0,1],[0,0],[1,0],[0,1],[0,0],[1,1],[-1,0],[-1,1],[0,0],[-1,1],[1,1],[1,0],[0,0],[0,1],[0,0],[1,0],[0,1],[0,0],[0,1],[0,0],[0,0],[-1,1],[0,0],[-1,2],[0,0],[-1,1],[0,2],[0,0],[0,0],[4,2],[1,0],[0,0],[4,-2],[0,0],[2,-1],[2,-1],[0,0],[0,-1],[1,0],[0,-1],[0,0],[1,-2],[1,-1],[1,0],[1,-1],[0,0],[1,-1],[0,0],[0,-1],[0,0],[0,0],[0,-1],[0,0],[0,0],[0,-1],[0,0],[0,0],[0,-1],[0,0],[8,-4],[1,0],[1,0],[4,2],[1,0],[0,1],[2,1],[3,3],[0,0],[1,1],[0,1],[1,1],[0,0],[0,0],[0,1],[0,0],[1,1],[0,0],[0,0],[0,1],[1,0],[0,0],[0,0],[1,1],[0,0],[2,3],[0,0],[1,1],[0,0],[-2,2],[0,0],[0,1],[1,1],[0,0],[1,0],[2,1],[3,-2],[0,-1],[0,0],[0,-1],[1,0],[3,-2],[0,-1],[0,0],[1,0],[1,0],[10,1],[0,0],[1,0],[3,-2],[0,0],[0,0],[0,-1],[1,0],[0,0],[0,-1],[0,0],[0,0],[0,-1],[0,0],[1,-1],[1,0],[1,-1],[1,0],[5,-2],[0,-1],[1,0],[0,-1],[0,0],[0,0],[1,0],[0,-2],[1,0],[1,-1],[1,-1],[2,0],[5,-1],[1,-1],[1,0],[0,0],[1,0],[0,0],[5,0],[2,1],[0,0],[0,0],[1,0],[0,1],[0,0],[1,1],[0,0],[0,1],[0,0],[-1,1],[1,0],[0,1],[0,0],[0,0],[0,1],[0,0],[3,0],[1,0],[1,-1],[0,0],[1,-1],[0,0],[0,0],[0,-1],[0,0],[0,-1],[0,0],[0,0],[2,-2],[1,0],[0,-1],[1,0],[1,0],[1,0],[1,0],[1,1],[0,0],[1,2],[0,0],[0,0],[0,1],[0,0],[-1,0],[0,1],[0,0],[0,1],[0,1],[0,1],[-1,1],[2,3],[1,1],[0,0],[0,0],[1,1],[0,0],[0,0],[2,1],[1,0],[0,-1],[0,0],[0,-1],[0,-1],[-2,-1],[0,-1],[0,0],[1,0],[0,0],[0,1],[1,0],[4,-2],[0,0],[-1,-1],[0,0],[0,0],[0,-1],[0,0],[0,0],[2,0],[0,0],[0,0],[0,1],[0,0],[0,0],[0,1],[1,1],[0,0],[3,0],[2,-1],[1,-1],[-2,0],[2,-2],[-1,-1],[0,-1],[0,0],[0,-1],[0,0],[0,-1],[0,0],[0,0],[0,-1],[-1,-1],[2,1],[0,1],[0,0],[2,1],[0,0],[0,-1],[0,0],[1,0],[0,0],[0,1],[0,0],[0,0],[1,1],[2,0]],[[116988,117767],[-27,-18],[-117,-170],[-148,-38],[-5,37],[59,25],[100,66],[81,121],[-49,13],[-63,-93],[-77,-7],[-92,-115],[-26,26],[36,114],[-86,-57],[-87,93],[93,91],[-28,9],[-99,103],[-107,79],[-137,39],[-3,-86],[-42,-10],[-127,-30],[-24,51],[-86,4],[-24,-44],[-42,-9],[8,-118],[-317,-40],[-83,-11],[-53,23],[-46,-32],[32,-58],[-134,-18],[-73,27],[18,-45],[-100,-64],[-161,-32],[-56,7],[41,-121],[-53,-9],[40,-37],[-13,-40],[-72,-18],[-1,0],[22,-67],[61,-32],[-35,-34],[-152,-19],[-184,-23],[-74,-36],[-141,-9],[-132,-12],[-78,-40],[-85,-26],[-177,-44],[2,-26],[-135,-31],[-83,14],[-53,-23],[-129,72],[4,21],[-93,92],[-35,19],[-65,-12],[-224,-5],[-143,24],[-145,91],[-117,107],[-141,103],[-125,47],[-82,13],[-113,139],[-73,37],[-103,84],[-59,32],[-39,51],[-152,94],[-27,-7],[9,47],[-43,11],[-66,-146],[-76,30],[-18,-42],[-167,134],[39,136],[-40,15],[-108,4],[-89,85],[-176,112],[-53,-20],[-57,37],[37,74],[1,40],[-17,16],[-123,58],[-52,-7],[-114,23],[-161,70],[-113,-5],[23,-45],[-85,-21],[-48,12],[13,69],[-36,7],[-18,-67],[-61,15],[-30,34],[-54,-65],[-77,35],[62,30],[37,39],[-89,42],[-77,-146],[-23,42],[35,56],[-72,-1],[-4,-134],[-116,0],[-14,113],[23,22],[90,9],[-15,38],[-187,0],[10,-45],[49,-14],[-1,-58],[-44,0],[-116,-59],[-26,79],[-49,-3],[-176,-66],[15,-76],[-155,-42],[-109,69],[12,57],[-110,42],[-76,-25],[-22,44],[-49,19],[-19,61],[-67,-33],[-47,-83],[-63,-39],[-24,-43],[-48,-11],[-36,124],[-50,-31],[-35,-55],[-42,26],[-47,-35],[0,-66],[-65,-53],[-5,5],[-13,81],[-24,62],[23,94],[-24,80],[59,3],[-75,90],[20,56],[-49,61],[16,23],[-35,-31],[47,-47],[-30,-114],[-69,-24],[-5,-77],[37,-110],[34,-51],[-54,-43],[0,0],[-8,-25],[-40,-39],[-25,-10],[-12,44],[59,109],[-58,15],[-117,-32],[-38,2],[-6,-64],[0,0],[-60,-58],[77,-84],[-60,-25],[-47,-87],[-79,-81],[-50,-36],[-38,31],[-115,-9],[-50,19],[-21,-49],[-91,60],[-16,55],[-50,91],[-73,69],[-25,-45],[47,-9],[7,-58],[-84,-18],[-48,-35],[-69,-3],[-26,34],[-102,-91],[-66,-96]],[[115806,117769],[64,-7],[9,-64],[-102,17],[5,-30],[100,-18],[10,-70],[-338,-44],[-22,172],[113,49],[80,11],[81,-16]],[[116018,117909],[1,-47],[-98,-13],[-13,83],[15,62],[89,-8],[6,-77]],[[115795,117261],[-32,0],[-21,156],[55,7],[23,-162],[-25,-1]],[[115230,117609],[52,-54],[-86,-32],[13,-26],[96,35],[37,-27],[-116,-41],[15,-26],[115,41],[29,-64],[-101,-36],[23,-45],[100,37],[59,-116],[-262,-8],[-139,101],[-9,159],[87,59],[-4,26],[91,17]],[[115385,117145],[21,-93],[-276,-25],[-4,40],[43,69],[135,12],[81,-3]],[[108355,117485],[50,-39],[-20,-77],[43,-18],[55,-154],[-30,-23],[-49,18],[-39,47],[-70,6],[-66,-42],[-58,-63],[-63,65],[-6,51],[63,118],[126,-29],[54,27],[-12,71],[22,42]],[[108808,117650],[-32,-107],[56,21],[68,-51],[-23,-45],[25,-61],[-34,-70],[-67,30],[-89,64],[-74,16],[-36,28],[-29,66],[54,54],[72,-2],[19,34],[56,-10],[34,33]],[[109163,117541],[160,-95],[4,-67],[-51,-46],[-70,-23],[-18,-54],[-47,16],[-45,94],[-36,32],[-3,62],[78,41],[28,40]],[[108621,117352],[31,-56],[-6,-47],[-57,-36],[53,-33],[-31,-83],[-116,76],[2,66],[108,57],[16,56]],[[109465,118597],[7,-64],[-56,-15],[-38,-58],[-30,108],[117,29]],[[110369,118582],[-37,-120],[-67,3],[17,89],[87,28]],[[110007,118523],[-57,-3],[43,79],[53,-24],[-39,-52]],[[108324,116693],[-16,-67],[-55,-9],[29,72],[42,4]],[[111914,117759],[17,31],[12,25],[107,-73],[27,-33],[-60,-82],[-138,61],[-52,24],[42,55],[45,-8]],[[116304,117889],[-89,25],[-1,73],[50,52],[42,-5],[61,-60],[-22,-54],[-41,-31]],[[116390,117968],[89,-88],[-76,-28],[-24,98],[11,18]],[[112178,114471],[16,-245],[15,-85],[-18,-30],[-2,-105],[-20,-41],[35,-71],[57,-62],[77,-5],[29,-47],[27,-139],[4,-73],[26,-65],[71,-69],[55,-20],[90,-69],[48,-114],[-15,-69],[14,-69],[47,-2],[-22,-85],[-138,-41],[-118,-52],[0,0],[-243,-66],[-72,-53],[-104,-56],[-77,-26],[-99,-49],[-137,-49],[-160,-104],[-43,-65],[-90,-84],[-111,-48],[-27,-42],[-148,-10],[-88,15],[-79,-17],[-109,-48],[-85,-20],[-113,-45],[-45,16],[30,96],[-17,86],[-111,91],[-75,21],[-70,0],[-34,60],[31,76],[35,30],[31,79],[100,66],[9,60],[-34,71],[-44,-22],[-124,-114],[-48,38],[-87,-10],[-38,16],[-69,-38],[-24,54],[39,62],[-33,43],[-7,102],[-46,34],[-64,-3],[25,197],[-40,60],[35,25],[54,97],[57,131],[73,29],[43,66],[-1,38],[34,-2],[34,-54],[88,-2],[30,-35],[97,31],[8,44],[74,15],[54,58],[91,198],[135,358],[82,24],[28,49],[83,221],[50,32],[42,70],[24,73],[16,13],[76,212],[58,31],[56,97],[51,30],[32,84],[41,-26],[46,12],[75,-16],[104,113],[72,132],[83,175],[54,93],[42,25],[26,75],[54,26],[51,64],[85,-16],[127,73],[29,6],[59,92],[59,47],[42,-15],[43,24],[53,82],[61,45],[97,141],[25,23],[54,117],[35,32],[64,98],[70,61],[78,38],[92,24],[76,-82],[18,-61],[45,-61],[38,-11],[44,-146],[-76,-133],[-99,-91],[-120,-148],[0,0],[1,-77],[-16,-148],[-63,-109],[-41,-47],[-19,-53],[-65,-73],[-133,-91],[-51,-67],[-74,-125],[-20,-62],[-81,-122],[-90,-67],[-7,-52],[-76,-103],[-40,30],[-48,-44],[44,-41],[-95,-123],[-21,-103],[-39,-114]],[[116188,117933],[-11,-80],[-85,8],[-32,23],[-21,62],[148,34],[1,-47]],[[111764,128377],[5,-2],[0,-1],[0,0],[0,0],[0,-1],[-1,0],[-1,0],[-2,1],[-1,1],[0,0],[-1,1],[0,0],[1,1],[0,0]],[[111439,128446],[-1,-1],[0,0],[0,-1],[1,0],[-2,-1],[0,0],[-1,0],[-2,2],[1,0],[0,0],[0,0],[0,1],[1,1],[0,0],[0,1],[3,-2]],[[111737,128345],[3,-2],[0,0],[0,0],[-1,-1],[0,-1],[-2,0],[-1,1],[-1,1],[2,0],[-1,1],[0,0],[1,1]],[[111360,128465],[0,1],[0,0],[1,0],[3,1],[-4,-2]],[[111434,128444],[-5,1],[0,1],[5,-2]],[[111893,128398],[0,-1],[-1,-1],[0,3],[1,-1]],[[111783,128414],[0,-3],[0,0],[-1,1],[0,0],[0,0],[-1,1],[0,0],[2,1]],[[111780,128412],[0,-1],[-3,1],[0,0],[0,1],[1,0],[2,-1]],[[111646,128370],[-1,-1],[0,1],[0,0],[-1,0],[0,0],[0,-1],[0,-1],[0,0],[-1,1],[0,1],[0,0],[0,1],[1,0],[0,0],[0,0],[2,-1]],[[111791,128415],[0,-2],[-1,0],[0,1],[-1,0],[0,0],[2,1]],[[111748,128373],[0,-1],[1,0],[-2,0],[0,0],[0,1],[-1,0],[2,0]],[[111434,128424],[0,2],[1,0],[1,0],[1,-1],[-3,-1]],[[111428,128453],[-2,-1],[0,1],[0,0],[1,1],[0,0],[0,0],[1,-1]],[[111538,128368],[-1,-1],[-1,0],[-1,0],[1,2],[2,-1]],[[111291,128488],[0,0],[1,1],[0,-1],[0,0],[1,0],[-2,0]],[[111287,128515],[-1,-1],[0,1],[0,0],[1,0]],[[111359,128467],[0,0],[0,1],[0,-1]],[[111412,128466],[0,-1],[0,-1],[0,-1],[-1,1],[0,0],[0,0],[0,1],[0,0],[0,1],[1,0]],[[111388,128455],[0,0],[1,-1],[-1,-1],[0,1],[-1,1],[1,0]],[[111902,128409],[0,-2],[0,0],[0,1],[0,0],[-1,0],[1,1]],[[111768,128381],[0,0],[-2,-1],[0,1],[2,0]],[[111528,128376],[0,0],[-1,0],[0,-1],[0,0],[-1,0],[0,0],[1,2],[1,-1]],[[111539,128373],[-1,0],[1,1],[0,0],[1,0],[-1,-1]],[[111439,128428],[-1,0],[0,0],[0,1],[0,0],[1,-1]],[[111424,128458],[0,-1],[-1,0],[0,0],[1,1]],[[111396,128453],[-1,0],[1,1],[0,-1]],[[111593,128383],[-1,0],[0,0],[0,1],[1,-1]],[[111393,128453],[0,-1],[-1,1],[1,0]],[[111490,112044],[87,-82],[-4,-88],[-83,-81],[-96,3],[4,90],[71,27],[21,131]],[[109917,113280],[0,1],[1,2],[-1,-3]],[[111798,117887],[74,-6],[-36,-84],[-47,-63],[-124,29],[55,127],[78,-3]],[[122583,110169],[-27,-44],[-65,-9],[-41,-32],[-43,-82],[-2,-35],[-69,-21],[-25,-42],[-129,-16],[-65,-46],[-126,-4],[-131,16],[-102,-98],[3,-52],[-38,-42],[-50,-11],[4,-40],[-45,-61],[-38,-2],[-41,-41],[-7,-120],[47,-60],[3,-78],[106,-44],[-6,-47]],[[121430,109057],[11,59],[-136,65],[14,-67],[-96,-147],[-3,-45],[29,-110],[31,21],[64,-5],[29,-52],[34,2],[41,-58],[-74,-66],[-18,-55],[18,-70]],[[121216,108657],[-45,46],[-9,52],[29,64],[-29,53],[-55,46],[-89,-15],[-193,113],[-72,9],[-49,-38],[-15,-79],[-86,-14],[-140,-71],[-42,23],[-67,6],[-95,-62],[-39,48],[-31,-19],[-72,38],[-99,99],[-58,34],[-92,-8],[-91,12],[-180,1],[-63,-62],[-72,25],[-98,-31],[15,-94],[-47,-38],[-12,-45],[-42,-10],[-32,-42],[-117,1],[-61,-43],[-104,-11],[83,140],[-31,75],[-6,71],[-31,16],[-125,-3],[-48,38],[-10,63],[96,51],[5,65],[31,71],[-43,76],[18,54],[51,-1],[16,82],[-30,46],[26,69],[68,-49],[53,-13],[55,17],[-12,94],[28,25],[16,67],[-26,101],[16,68],[-24,79],[-55,13],[-17,75],[-51,48],[15,58],[-32,27],[-93,5],[-33,37],[-118,-22],[-40,86],[36,46],[-5,47],[46,46],[-47,86],[-1,47],[-62,31],[-69,104],[-51,29],[-76,-17],[-33,66],[-108,26],[-7,31],[-29,-3],[-80,80],[32,71],[63,35],[-10,131],[-24,13],[115,60],[-11,51],[80,53],[122,39],[31,131],[23,45],[6,93],[53,92],[129,59],[114,17],[48,28],[-12,85],[75,119],[85,27],[40,43],[30,83],[-36,9],[-67,84],[3,60],[63,55],[-2,39],[67,66],[68,-30],[62,22],[55,65],[93,-8],[73,-34],[23,-34],[56,-3],[37,-57],[36,4],[74,-38],[38,63],[38,4],[53,55],[39,10],[24,120],[-62,94],[-31,108],[-16,149],[-137,91],[-28,42],[-79,32],[-29,-72],[-77,-1],[-79,109],[23,73],[-28,84],[-27,14],[-27,129],[25,74],[-9,115],[-73,13],[-13,78],[24,45],[6,142],[13,50],[-72,120],[-44,187]],[[122190,105707],[2,-2],[-2,-1],[0,3]],[[122661,107000],[-130,-161],[-56,-98],[-10,-76],[-40,-40],[15,-54],[-88,-50],[-55,-110],[8,-27],[-3,-14],[24,-40],[-1,-3],[80,-85],[-91,22],[-44,-47],[-73,22],[-51,-58],[-78,3],[-91,-46],[-24,-56],[43,-70],[99,-6],[11,-25],[-2,-92],[-19,-10],[-12,58],[-41,9],[-30,-89],[32,-8],[-4,-15],[0,0],[-10,-6],[0,0],[-66,-1],[-1,-25],[-18,-11],[5,-5],[3,-5],[3,-4],[-25,-8],[-49,-29],[0,0],[0,0],[0,1],[-22,-23],[5,-1],[32,-32],[-2,-51],[30,2],[-11,-29],[-4,-4],[37,-36],[14,55],[1,2],[71,54],[44,-6],[-24,-66],[27,-42],[0,0],[13,-42],[109,61],[-26,-104],[3,-40],[-52,-45],[-43,8],[-90,-7],[-4,-41],[-47,-11],[-63,42],[-151,-88],[-55,-67],[-45,0],[10,-57],[63,42],[131,5],[-72,-61],[-23,-75],[-125,-44],[-161,-114],[-34,-76],[-39,54],[-73,-37],[-17,-33],[-55,-12],[-21,-38],[-79,-20],[-58,-43],[-12,-48],[-26,-14],[-119,33],[-52,-40],[-13,-43],[-68,-59],[-48,13],[-83,-67],[-15,-86],[-55,-64],[1,-1],[1,-1],[-1,0],[-2,0],[0,0],[-1,-3],[0,-2],[0,0],[0,-1],[0,0],[0,-1],[0,-1],[0,0],[0,-1],[3,-1],[1,-1],[0,0],[0,-1],[-1,-1],[1,-1],[0,0],[-2,-2],[0,0],[-1,-1],[-4,1],[-2,2],[-28,-63],[-18,-14],[-26,-127],[45,-11],[63,-109],[6,-52],[-41,-47],[-52,-42],[-46,69],[-71,13],[-31,-35],[-28,-95],[-49,-4],[-54,15],[20,87],[-55,56],[110,76],[29,-1],[100,50],[-9,95],[0,1],[0,0],[-1,1],[0,0],[0,0],[0,1],[0,0],[0,0],[0,1],[0,1],[0,0],[0,0],[0,4],[1,1],[0,1],[0,0],[0,0],[-1,1],[0,0],[0,0],[0,1],[0,0],[0,1],[0,0],[0,1],[0,0],[0,0],[0,1],[0,0],[0,1],[0,0],[-1,0],[0,1],[0,0],[0,0],[0,1],[0,0],[-1,3],[0,1],[-1,0],[0,1],[-2,3],[0,0],[0,0],[0,1],[1,1],[0,0],[0,0],[0,1],[-1,0],[0,1],[0,0],[0,0],[0,1],[0,0],[-1,0],[0,1],[0,0],[-1,1],[0,1],[-1,0],[0,0],[0,1],[11,66],[-48,2],[-135,40],[-74,1],[-85,-62],[-14,72],[-26,4],[-81,-70],[-87,52],[-59,67],[-53,-4],[-49,30],[-77,-28],[-80,25],[-65,-26],[-50,43],[-64,-10],[-30,58],[-56,50],[-99,14],[-74,53],[-68,18],[-20,-57],[-62,2],[-22,31],[-59,1],[-42,39],[-45,-59],[-45,30],[-89,-7],[-65,17],[-51,85],[-51,19],[-93,-35],[-79,26],[-38,-5],[-22,46],[-91,-5],[-102,39],[-58,-16],[-54,40],[15,71],[-47,38],[-73,-1],[-16,63],[-91,-1],[32,36],[-14,52],[-35,9],[-85,-40],[8,50],[-49,5],[-80,-53],[-45,20],[-1,-1],[-1,0],[0,0],[-3,-2],[-2,-2],[-4,-5],[-2,-2],[-9,-10],[-10,79],[-58,-51],[-49,4],[26,83],[-49,75],[-62,40],[-123,51],[-46,-20],[-24,121],[-63,-55],[-41,24],[-25,57],[-97,62],[-13,102],[-49,26],[34,102],[35,54],[-30,34],[40,89],[20,-2],[-34,57],[4,107],[-19,33],[-76,52],[-13,38],[-140,13],[-131,28],[-97,44],[-100,82],[-22,45],[26,39],[98,46],[14,43],[-22,48],[23,29],[-98,40],[144,22],[60,-26],[-6,-69],[48,-23],[108,26],[37,48],[64,7],[-49,44],[92,63],[73,18],[-20,82],[26,51],[-59,13],[-101,63],[-9,45],[-86,67],[-48,14],[-62,-65],[-42,8],[-2,80],[51,57],[-59,75],[-139,-13],[-73,-21],[0,41],[-34,72],[-2,65],[-71,88],[-48,20],[-103,-31],[-77,63],[-53,7],[-53,55],[-101,51],[-44,3],[-118,-4],[-72,-26],[-71,3],[-48,51],[37,67],[-11,75],[-43,36],[-99,39],[-42,55],[-60,-7],[-43,38],[-56,7],[-41,37],[-83,34],[-12,84],[-61,23],[-36,38],[2,78],[-59,39],[-26,98],[-59,69],[-4,99],[-60,91],[-27,43],[-72,60],[-97,45],[-112,37],[-73,13],[-107,-49],[-153,-20],[-39,42],[-69,-46],[-25,-37],[-116,-40],[-6,98],[68,34],[6,48],[-42,28],[-14,69],[75,14],[87,-34],[52,39],[12,120],[-65,25],[34,52],[-53,36],[-39,-33],[-34,37],[19,40],[47,-4],[22,39],[88,4],[-16,71],[53,83],[66,-14],[43,19],[20,53],[26,21],[84,5],[-35,68],[-83,16],[-56,-70],[-148,-25],[-65,44],[99,19],[21,66],[-80,68],[0,0],[-68,47],[74,16],[93,0],[28,50],[24,104],[106,-2],[26,-45],[48,22],[-6,48],[76,44],[55,-19],[29,34],[50,-6],[52,34],[7,34],[64,-10],[37,26],[-81,87],[83,47],[-9,54],[71,13],[116,66],[-29,61],[-49,-6],[1,77],[-45,39],[-55,-28],[-54,6],[16,84],[-14,36],[-69,9],[-29,84],[-86,9],[-17,-6],[-25,28],[-72,9],[0,-1],[0,1],[-20,6],[0,1],[-1,1],[-75,26],[-124,-40],[-30,10],[-2,2],[-27,13],[0,2],[-8,18],[-10,9],[62,11],[-11,39],[6,-8],[63,35],[-10,66],[19,64],[42,-6],[15,58],[48,26],[50,124],[-11,38],[21,69],[42,6],[39,-53],[126,-24],[7,-31],[72,18],[-7,48],[-40,28],[-58,5],[-24,36],[33,43],[-31,58],[-38,-37],[-39,12],[29,86],[58,16],[218,8],[24,-32],[82,-19],[132,79],[117,32],[35,48],[-121,-3],[23,81],[57,13],[-7,21],[-3,-4],[0,0],[-68,-16],[-23,106],[1,58],[-40,79],[21,87],[-58,15],[-35,-64],[-68,60],[-57,-35],[-87,-9],[-47,31],[-49,158],[38,12],[39,-70],[43,50],[-61,28],[-34,102],[46,30],[-50,118],[-169,-6],[-135,39],[-63,79],[32,17],[137,-26],[45,-57],[47,-25],[42,28],[-90,130],[-64,53],[-49,-14],[-143,86],[-7,61],[-53,27],[-160,-4],[-91,20],[24,120],[24,20],[1,1],[16,6],[25,-5],[2,2],[0,0],[17,62],[-40,50],[-18,58],[18,82],[40,80],[50,31],[74,-8],[50,50]],[[113361,113300],[-4,-72],[-34,-65],[-48,-46],[-65,8],[-50,45],[53,38],[68,-12],[80,104]],[[113685,113367],[13,-20],[-75,-49],[-94,6],[-29,37],[185,26]],[[114090,111344],[29,11],[30,-81],[-42,-19],[-27,35],[10,54]],[[114344,110771],[0,0],[-5,3],[5,-3]],[[114510,108548],[28,-30],[86,19],[-4,-46],[-68,-15],[-42,72]],[[120875,104266],[2,0],[0,0],[62,16],[161,-31],[24,-34],[75,-10],[-34,-108],[-120,-13],[-9,-46],[-67,-52],[-94,16],[31,79],[-38,31],[-119,32],[-52,-15],[-26,63],[58,57],[19,51],[57,-34],[70,-2]],[[120328,103803],[0,0],[1,0],[0,0],[-1,0]],[[107562,123781],[-10,53],[-75,66],[-37,4],[-79,-37],[-77,-32],[14,-96],[-54,-61],[-133,-57],[-40,-41],[-130,-37],[-18,-73],[-112,-112],[-84,-24],[-139,14],[-156,-44],[-9,-13],[-27,2],[-93,78],[-6,49],[-66,23],[-64,-24],[-41,-84],[-51,-25],[-90,9],[-66,-24],[-57,-74],[-48,-10],[-36,14],[-89,-22],[-44,20],[-53,-22],[8,-47],[-35,-93],[-116,-75],[-94,30],[13,92],[-37,86],[-39,43],[-64,31],[3,121],[73,120],[2,100],[17,28],[-55,72],[-130,-36],[-65,88],[74,40],[-25,73],[74,94],[-78,66],[-44,62],[35,60],[-20,45],[-33,37],[-39,-22],[-87,8],[-79,54],[3,27],[-107,88],[-45,77],[-109,44],[-44,-56],[-55,5],[-48,-38],[-80,42],[-70,-54],[-62,3],[-37,48],[-131,29],[-45,23],[-35,-21],[-130,31],[-78,69],[44,118],[73,51],[32,43],[-43,73],[44,54],[-6,56],[-49,-9],[-112,37],[-168,-105],[-95,49],[-46,-13],[-100,-66],[-2,-27],[-80,-62],[-77,32],[-53,-26],[-34,-123],[39,-46],[-7,-35],[-57,-87],[-72,8],[-100,-11],[-239,-140],[-182,-17],[-11,-48],[40,-24],[-15,-97],[23,-54],[-97,-45],[-32,-64],[-79,-98],[-110,-52],[-130,42],[0,73],[-28,63],[-71,60],[15,73],[-74,87],[-14,87],[-60,2],[-104,55],[-63,19],[-125,128],[-51,-32],[-58,35],[-19,63],[-203,-1],[-22,29],[-71,3],[-76,57],[-39,-8],[-83,29],[-40,-68],[-77,-23],[-59,6],[-31,45],[-78,8],[-155,136],[-80,3],[-16,26],[-69,6],[-88,-31],[-39,32],[-115,16],[-88,42],[-18,-45],[-48,-32],[29,-78],[-43,-66],[-104,-116],[-10,-150],[17,-39],[-66,-113],[17,-60],[-33,-46],[29,-54],[-48,-75],[13,-97],[-14,-16],[-42,-16],[-4,-58],[-64,-78],[-85,20],[-41,-16],[-63,-61],[-61,0],[-25,31],[-79,14],[-26,-58],[-60,-27],[-24,-54],[54,-74],[39,-11],[57,-110],[-8,-50],[58,-137],[21,-74],[-28,-45],[-65,0],[-26,85],[-55,-5],[-23,33],[-72,-8],[-18,-46],[-122,-20],[-27,-44],[-73,-4],[-16,-38],[-58,-38],[-67,29],[-31,-52],[-84,-20],[-89,20],[-93,48],[-56,-15],[-12,54],[-50,41],[-76,13],[-44,-41],[-63,-17],[-13,-36],[21,-54],[-33,-37],[48,-61],[21,-57],[-4,-57],[39,-51],[6,-64],[57,-46],[13,-58],[-7,-136],[-57,-35],[-22,-41],[-154,-13],[-77,17],[-114,-50],[-77,-89],[-33,-15],[-72,54],[-85,10],[-55,-58],[-39,-70],[-82,-12],[-104,62],[-52,1],[-35,47],[-76,-38],[-25,-50],[22,-127],[-17,-110],[19,-39],[-70,-55],[-61,2],[-40,-70],[-33,-23]],[[96925,121754],[-78,63],[-66,131],[-47,38],[-83,4],[-63,-43],[-15,-63],[-41,-14],[-116,63],[-145,-15],[-49,-23],[-73,-6],[-65,-29],[-57,21],[-47,-19],[-67,74],[-28,-28],[-153,-76],[-54,53],[2,52]],[[95680,121937],[41,15],[5,80],[-44,65],[30,125],[54,59],[-13,65],[-37,67],[60,71],[-13,89],[29,88],[64,51],[21,50],[82,4],[44,48],[125,37],[72,64],[29,79],[-12,85],[-47,84],[-61,32],[23,81],[-36,81],[-66,30],[-18,37],[-133,-54],[-45,-1],[5,67],[-16,70],[7,29],[61,43],[41,-1],[131,86],[41,45],[112,32],[120,52],[53,-4],[128,87],[24,-30],[143,41],[80,97],[63,23],[50,-33],[105,-6],[66,50],[90,-18],[64,42],[37,-16],[74,58],[-30,150],[-73,115],[70,124],[-54,60],[-80,130],[55,49],[-28,41],[13,113],[-16,17],[8,97],[60,81],[58,108],[69,-11],[31,38],[-10,39],[58,20],[-51,102],[-51,43],[15,49],[55,41],[-4,163],[-112,228],[-75,60],[-269,107],[-115,87],[-309,258],[-45,47],[-56,156],[-75,165],[-88,172],[22,102],[164,122],[86,29],[159,2]],[[96695,127187],[49,-29],[81,42],[63,-15],[-62,-80],[-77,-49],[-38,-105],[89,6],[45,-94],[-71,-31],[3,-44],[89,-133],[56,-65],[104,-95],[127,-96],[126,-64],[153,-63],[237,-62],[56,-1],[185,-48],[35,4],[129,-31],[89,-6],[101,16],[101,40],[48,50],[15,77],[49,98],[-13,37],[90,59],[34,75],[131,51],[115,3],[116,66],[99,82],[64,31],[118,25],[47,38],[99,-17],[41,46],[66,-27],[139,35],[26,34],[80,33],[97,-4],[115,22],[41,-61],[54,-4],[70,-44],[143,-28],[92,-2],[208,-74],[7,-31],[148,-39],[163,12],[112,-9],[152,-29],[67,-13],[288,-23],[419,1],[433,28],[90,12],[175,17],[17,12],[196,4],[49,30],[77,-14],[88,4],[127,31],[61,47],[80,28],[41,-19],[62,27],[2,61],[0,1],[0,0],[1,-1],[1,1],[40,-25],[9,0],[2,-1],[140,-7],[87,8],[107,35],[15,62],[57,66],[64,-85],[30,-88],[31,-26],[114,-13],[216,5],[185,22],[73,45],[132,-7],[504,72],[162,30],[158,54],[51,-28],[-42,42],[54,36],[39,-24],[100,9],[219,53],[247,90],[141,67],[14,61],[35,72],[47,23],[44,-13],[38,68],[29,106],[6,2],[8,2],[62,6],[1,1],[0,0],[5,20],[44,-8],[2,1],[11,5],[1,4],[4,-5],[13,17],[43,6],[75,-38],[72,7],[51,25],[34,58],[-27,18],[-2,2],[6,16],[48,65],[42,-71],[111,-10],[64,18],[43,44],[-10,94]],[[95680,121937],[-93,29],[-41,79],[-102,17],[-42,-35],[-63,6],[-37,27],[-101,-80],[-38,27],[-92,18],[-108,-12],[-72,-120],[-84,-30],[-97,8],[-16,51],[-70,54],[-70,7],[-17,102],[-107,59],[-29,47],[-73,13],[-15,32],[-78,-41],[-70,-159],[-86,-38],[-100,-17],[-71,-27],[-131,90],[-66,-31],[-58,30],[-103,26],[-62,115],[-95,94],[-86,-2],[-57,-37],[-152,-64],[-14,-38],[-13,-38],[-117,-90],[-10,-42],[-52,-71],[-73,-51],[-35,-52],[95,-114],[-11,-42],[-87,0],[-129,-73],[-4,-51],[-42,-81],[-92,-80],[-55,-18],[-58,-71],[8,-93],[-61,-19],[-38,-48],[-70,-14],[-60,-52],[33,-18],[16,-80],[-119,-74],[-26,17],[-76,-22],[59,-78],[-16,-105],[-85,-39],[-1,47],[-120,-51],[-3,-34],[-66,-59],[-56,60],[-75,16],[-42,-38],[-33,24],[-125,-34],[-86,-196],[-83,-22],[-59,-83],[-45,-1],[-45,-37],[-38,-104],[-40,-16],[-15,-58],[-68,11],[31,-68],[130,23],[63,-38],[13,-56],[44,-27],[99,52],[39,-41],[26,-71],[59,4],[113,-27],[21,-26],[40,-195],[36,-44],[4,-93],[-76,-28],[-36,-48],[-44,6],[-41,75],[-54,11],[-81,-41],[-38,-60],[-35,-109],[-72,0],[-115,86],[-42,-27],[-93,25],[-18,36],[-108,4],[-82,-63],[15,-48],[-66,-31],[-49,13],[-76,-53],[-18,-63],[-41,18],[-53,-79],[-110,-57],[-5,-46],[-130,19],[-71,-62],[-27,-67],[-53,-18],[-101,43],[-63,53],[-144,-84],[-39,39],[-56,21],[-108,-48],[-33,31],[-76,26],[-58,-7],[-85,30],[0,34],[-108,65],[7,21],[-87,63],[-63,-74],[-83,-27],[31,-54],[3,-86],[-96,-22],[-71,-60],[-2,-24],[-76,-68],[-105,-7],[-57,34],[16,99],[-94,71],[-119,-15],[-33,-32],[-42,12],[-52,-51],[-122,-37],[-84,27],[-85,98],[-27,-48],[-66,-41],[8,-37],[-43,-52],[-33,-91],[-85,15],[-94,66],[-3,62],[-43,18],[37,65],[-100,47],[-78,56],[-158,-1],[-42,-54],[44,-42],[-17,-116],[15,-42],[-94,-118],[-71,-34],[15,-60],[-44,-47],[23,-28],[-20,-89],[-70,-45],[-48,-9],[-61,44],[-72,-48],[8,-66],[-112,-52],[-64,31],[-61,-76],[-146,-73],[-15,-35],[-104,-43],[-15,-67],[-57,-29],[-43,7],[12,-63],[-23,-26],[63,-38],[55,-55],[22,26],[122,-13],[33,-51],[-53,-123],[-72,-105],[-16,-60],[-54,-87],[-64,-69],[9,-32],[-72,-65],[39,-62],[-1,-49],[-39,-20],[-44,-63],[4,-29],[-50,-83],[-5,-53],[39,-68],[84,-57],[-50,-84],[12,-52],[-72,-54],[11,-62],[-50,-111],[-62,-58],[-65,-25],[-48,-79],[-59,-43],[-46,-72],[-73,-7],[-163,-65],[-57,-9],[-45,-97],[-7,-99],[-100,-124],[27,-20],[77,10],[43,-16],[71,-74],[-21,-62],[6,-70],[32,-10],[53,-82],[13,-48]],[[85660,115230],[-41,14],[-84,-12],[-51,-16],[-36,34],[-65,-6],[-40,-61],[-108,-25],[-74,-101],[18,-130],[-10,-31],[-176,-107],[-71,-153],[71,-76],[26,-108],[64,-71],[4,-54],[57,-44],[-17,-77],[3,-84],[-46,-29],[-58,16],[-61,-52],[-3,-39],[-43,-62],[-56,-16],[-36,-91],[-54,-18],[14,-41],[-13,-94],[-35,-57],[-75,-9],[-15,-24],[25,-79],[-45,-81],[-80,92],[-75,118],[-68,29],[-68,74],[-118,9],[-17,-57],[-43,-53],[-83,-71],[-87,58],[-62,-33],[23,-86],[-48,-54],[-79,-2],[-31,-39],[-87,-4],[-90,22],[-52,49],[-36,-29],[-68,31],[-25,-95],[-75,30],[-37,-26],[-28,81],[-32,23],[-64,0],[-36,51],[-56,21],[-3,85],[-76,24],[-126,97],[46,78],[-15,98],[-65,31],[-45,96],[10,110],[-36,67],[57,63],[30,7],[19,83],[38,42],[56,14],[20,139],[59,110],[17,117],[-11,36],[-68,-19],[-61,14],[-68,-8],[-19,23],[-88,-38],[-89,59],[-61,-41],[-39,-68],[-32,-6],[-77,46],[-80,-45],[-77,-2],[-27,37],[-76,46],[-42,-8],[-33,92],[48,87],[-33,35],[9,38],[-24,85],[46,48],[11,51],[-37,68],[-119,-26],[-26,76],[16,30],[-64,142],[-71,35],[12,72],[31,0],[56,69],[158,77],[57,75],[50,27],[-52,63],[37,37],[-19,93],[-21,6],[48,137],[68,-7],[63,106],[42,-4],[27,46],[-20,48],[-41,17],[-17,163],[8,43],[-27,59],[14,82],[-111,-6],[-63,37],[-48,49],[-5,78],[38,45],[-12,112],[17,77],[-34,78],[-61,10],[11,69],[-51,45],[41,68],[17,86]],[[82114,117590],[3,-44],[77,-16],[55,-33],[41,31],[51,-27],[40,34],[50,-25],[143,8],[214,49],[198,76],[61,6],[194,63],[169,81],[191,131],[56,67],[7,58],[50,-1],[36,63],[59,64],[-21,32],[49,77],[-47,18],[-43,108],[46,38],[59,12],[96,-34],[75,64],[-5,81],[35,65],[34,-17],[62,12],[65,-13],[22,104],[59,58],[22,-70],[90,79],[47,-4],[63,42],[6,37],[10,12],[0,1],[0,-1],[75,176],[-17,34],[78,17],[91,58],[32,-22],[70,57],[53,16],[42,113],[34,47],[101,56],[69,130],[-43,19],[-27,51],[29,35],[67,39],[31,-16],[87,48],[49,78],[49,-37],[30,-72],[67,-13],[50,22],[-24,111],[44,12],[-13,53],[74,38],[-18,131],[22,35],[58,3],[42,-34],[17,73],[-14,13],[-38,-15],[8,68],[0,5],[-2,11],[38,10],[0,2],[34,26],[33,65],[62,62],[33,13],[57,-24],[51,33],[21,49],[-32,61],[53,56],[64,8],[95,46],[155,95],[35,24],[18,67],[45,47],[133,65],[131,82],[60,50],[58,83],[77,63],[207,194],[49,17],[4,56],[47,33],[152,37],[156,15],[104,44],[51,54],[39,-2],[130,54],[67,55],[31,69],[37,98],[79,24],[6,66],[-13,4],[-23,32],[29,58],[20,19],[78,112],[72,28],[52,47],[32,-20],[50,60],[60,43],[-4,3],[-3,7],[-3,15],[1,6],[1,4],[6,13],[4,0],[8,2],[-12,5],[-6,0],[3,7]],[[88438,122458],[47,-3],[-4,9],[0,1],[-2,2],[54,11],[-13,30],[111,18],[39,47],[16,93],[-67,79],[67,10],[1,1],[2,2],[1,0],[47,96],[45,-5],[29,37],[-12,106],[59,56],[63,19],[-5,69],[59,2],[-36,59],[152,36],[156,84],[21,32],[114,80],[23,90],[145,37],[47,49],[-9,51],[1,0],[0,0],[-3,4],[0,5],[4,0],[5,-4],[3,-5],[1,-1],[93,-22],[57,31],[13,47],[6,14],[18,20],[4,1],[81,30],[95,17],[19,113],[28,11],[2,4],[-1,2],[0,0],[92,44],[4,5],[1,2],[20,9],[38,9],[0,0],[0,0],[24,8],[0,0],[2,9],[25,22],[11,10],[1,0],[2,-1],[25,5],[46,27],[33,6],[57,37],[17,12],[1,-1],[3,-2],[0,0],[0,0],[1,0],[54,-8],[75,49],[0,0],[3,-1],[136,21],[122,53],[111,65],[134,151],[120,188],[61,133],[83,266],[32,190],[0,168],[-29,148],[-92,49],[-50,58],[-64,5],[-47,59],[-84,24],[-49,-13],[-73,15],[10,73],[42,42],[114,54],[46,-11],[-20,87],[37,-28],[32,36],[46,-15],[29,51],[91,-2],[70,36],[33,-38],[73,8],[-20,74],[155,-35],[12,-40],[59,-39],[139,63],[145,-9],[68,24],[65,-10],[40,33],[-5,61],[-240,147],[87,18],[162,47],[47,25],[66,2],[48,32],[42,-19],[98,28],[49,33],[46,-8],[57,104],[59,42],[124,6],[48,84],[103,-20],[134,76],[56,8],[265,-1],[58,22],[61,-8],[85,14],[78,56],[45,-27],[88,12],[112,-11],[76,25],[95,-39],[61,14],[29,38],[-1,92],[-54,15],[8,106],[21,65],[81,-32],[28,52],[140,-30],[0,-43],[67,8],[41,-30],[44,22],[147,14],[-11,102],[46,62],[100,-26],[42,9],[23,57],[87,85],[-2,48],[-107,40],[85,42],[74,-7],[25,62],[66,-9],[86,-35],[40,18],[63,-37],[19,28],[-50,40],[-9,45],[24,44],[-45,68],[8,58],[67,-3],[-6,-49],[69,-15],[98,-41],[-22,-56],[30,-18],[65,-100],[72,-12],[81,-104],[25,-76],[90,-15],[86,37],[-17,48],[31,52],[66,-96],[65,14],[21,32],[125,-25],[-38,139],[53,26],[55,-115],[117,-29],[45,32],[18,113],[75,-52],[-6,-49],[112,17],[73,-25],[68,57],[99,-8],[48,43],[109,-22],[27,17],[48,-41],[58,25],[93,-39],[37,32],[80,-71],[103,-19],[-73,-60],[-119,-46],[-83,5],[-153,-16],[-21,-15],[-132,-5],[-119,-33],[-71,-39]],[[87963,121827],[0,0],[1,0],[-1,0]],[[95456,133501],[39,-57],[48,4],[67,-91],[65,-56],[-88,-46],[11,-81],[-81,-101],[171,32],[77,-20],[47,-55],[-38,-39],[-92,91],[-48,-98],[-148,63],[21,-89],[-20,-52],[-73,-18],[-78,-112],[38,-50],[-64,-8],[-87,38],[1,-72],[-66,7],[-36,-28],[50,-41],[-41,-40],[-70,11],[-21,44],[40,107],[-20,84],[42,48],[39,100],[-71,43],[19,48],[-85,191],[51,33],[15,50],[50,-33],[47,9],[-3,74],[59,-1],[-24,-84],[50,5],[31,65],[-31,23],[34,68],[53,14],[44,-17],[76,37]],[[95941,133433],[27,-11],[-9,-68],[-33,-43],[-58,24],[73,98]],[[95049,133751],[35,-20],[49,19],[110,-59],[10,-34],[-94,-148],[-66,-33],[-34,-47],[-47,12],[-113,-31],[-51,14],[-51,-25],[-26,-53],[50,-122],[48,11],[57,-87],[8,-56],[-61,-48],[6,-141],[-125,-41],[-102,27],[-39,-17],[-74,120],[-31,13],[-57,167],[56,32],[15,51],[-47,7],[-45,-74],[-114,3],[13,-41],[-29,-36],[-85,11],[-34,-30],[68,-133],[-8,-31],[56,-55],[43,-76],[-7,-51],[71,-90],[-9,-42],[-89,32],[-37,65],[-106,40],[-14,52],[-111,34],[-71,3],[-74,47],[42,87],[-30,77],[43,22],[17,43],[62,71],[72,8],[-32,56],[73,113],[66,66],[63,25],[13,-75],[54,48],[58,5],[66,-25],[60,39],[12,117],[-15,107],[70,-14],[100,34],[53,-29],[64,-9],[36,-54],[79,5],[97,84],[33,60]],[[94436,132537],[64,-5],[191,-43],[40,0],[58,-55],[29,-53],[61,-25],[36,-40],[68,-29],[28,17],[74,-11],[-79,-73],[11,-92],[-82,-15],[-5,66],[-28,35],[-51,5],[-2,56],[-55,-10],[-36,-59],[-47,38],[-122,-4],[-102,-46],[-10,94],[-46,63],[40,30],[-62,91],[27,65]],[[97726,134399],[-49,-57],[-53,8],[-18,39],[73,71],[24,59],[-62,28],[-16,61],[-38,15],[-5,-94],[-34,-14],[17,-64],[-51,-52],[-76,18],[-1,0],[0,0],[0,-1],[0,0],[-2,-2],[-2,-1],[-1,0],[0,-1],[-1,0],[-1,-1],[0,0],[-89,21],[14,-55],[71,4],[124,-28],[-6,-37],[31,-78],[-15,-33],[23,-157],[-39,10],[-85,-34],[-116,42],[-46,35],[-53,-22],[-24,47],[-112,-25],[-84,87],[-28,-10],[22,-99],[-10,-31],[-96,-7],[-41,16],[-67,-18],[-32,-77],[-46,-8],[-4,100],[-68,-41],[-50,27],[34,159],[73,12],[-14,64],[-61,17],[-33,-23],[-101,-13],[-145,107],[-9,131],[-86,20],[-59,32],[-64,1],[-16,100],[66,76],[-11,63],[29,101],[-40,43],[-100,4],[-10,69],[50,51],[42,77],[14,159],[35,50],[60,-72],[24,90],[123,-4],[-83,41],[-102,-2],[21,72],[82,32],[53,3],[-20,70],[15,39],[80,30],[57,-1],[67,65],[-55,44],[4,60],[67,1],[131,62],[84,-77],[65,5],[41,51],[115,88],[51,24],[23,-67],[85,-93],[105,-43],[8,-56],[69,49],[52,-83],[40,-23],[28,-56],[55,37],[44,-89],[87,-76],[73,22],[-6,-95],[69,-24],[-7,-105],[67,23],[87,-52],[2,-62],[55,-37],[-54,-58],[-63,-125],[33,-48],[-29,-41],[33,-63],[10,-74],[-54,-88],[-2,-95],[-36,-106],[-64,-3],[-62,-31]],[[98593,115370],[-10,30],[28,61],[62,70],[9,58],[-28,73],[-79,-9],[2,42],[37,39],[-17,68],[29,81],[33,38],[-6,53],[-43,53],[7,33],[-29,93],[-3,59],[-53,32],[-50,71],[-78,37],[7,28],[-41,77],[0,76],[-23,19],[-75,-3],[-65,26],[-82,62],[10,32],[-21,84],[-49,73],[-55,53],[2,95],[65,64],[-44,58],[12,78],[31,64],[44,31],[-1,42],[60,124],[-13,77],[-149,39],[8,86],[-34,53],[-80,58],[-11,139],[-23,43],[-14,129],[-72,40],[-5,82],[35,66],[47,45],[-34,110],[-39,12],[50,62],[-24,65],[26,80],[47,63],[-24,108],[73,80],[4,125],[-33,62],[-56,10],[-6,46],[-85,7],[-22,75],[-33,46],[-101,-3],[-58,49],[-33,66],[27,42],[-62,94],[17,32],[-70,37],[8,56],[-68,31],[-23,63],[-46,13],[-35,89],[-43,26],[-29,55],[-21,162],[17,60],[51,40],[15,96],[-26,79],[71,90],[-13,45],[-93,131],[-8,34],[72,99],[-17,78],[72,29],[23,60],[59,34],[21,53],[-24,114],[19,59],[-15,55],[-37,42],[-100,31],[-19,60],[-58,45],[-9,53],[-46,72],[-54,52],[-101,47],[-10,32],[-61,51],[21,58]],[[106802,118042],[-20,69],[-42,44],[-160,48],[-117,-28],[-20,-41],[-76,47],[8,-70],[-48,-21],[-24,-79],[-158,-8],[-72,-35],[-25,35],[-89,47],[4,39],[-34,57],[-195,-15],[-100,31],[-96,55],[-11,51],[-63,-63],[99,-34],[54,-43],[89,-32],[-5,-45],[-99,-29],[35,-55],[64,21],[25,-83],[61,6],[60,-17],[88,68],[59,1],[-1,-44],[91,-108],[-69,-38],[-23,-68],[-85,3],[12,-42],[-101,-46],[48,-20],[-39,-69],[-37,-2],[-68,-60],[-38,-72],[-92,15],[23,-74],[-63,-83],[-112,33],[-43,-46],[24,-172],[42,-26],[-16,-84],[-39,-75],[-62,-47],[-41,37],[-78,-12],[-64,19],[0,-58],[-54,-44],[-65,0],[37,-92],[-52,-20],[-45,9],[-90,-96],[-58,-15],[-38,13],[-44,-1],[-64,-75],[-50,-21],[-64,2],[-45,60],[-84,-20],[-100,-1],[-54,20],[-11,106],[31,66],[48,8],[22,54],[-56,2],[-41,-44],[-49,-8],[1,-1],[-6,-59],[-54,118],[-90,9],[-7,-40],[-77,25],[-1,0],[-39,19],[-50,14],[0,-1],[-167,31],[-4,1],[-118,-64],[-4,-2],[17,-52],[-67,-28],[-61,16],[-24,-25],[-105,-28],[-45,61],[-59,-39],[19,-59],[100,-106],[16,39],[70,55],[55,21],[288,5],[171,44],[57,-14],[79,-63],[33,-49],[0,-75],[42,-25],[-103,-52],[-46,-105],[-1,-84],[-74,-82],[-16,-56],[-41,18],[-5,54],[-47,0],[-54,-56],[-27,-6],[-54,-129],[5,-56],[0,0],[19,-82],[-41,-29],[-58,137],[-92,26],[-71,-32],[-99,-82],[28,-45],[-20,-103],[-36,-37],[79,-122],[-34,-33],[-78,8],[-70,-105],[-69,-24],[11,-62],[-46,-24],[59,-84],[24,-115],[-57,-11],[-32,-30],[-50,51],[-31,-8],[25,-49],[-80,-13],[-110,23],[-84,58],[-173,-3],[-122,115],[-82,-6],[-26,30],[-111,7],[-132,27],[-119,-63],[-28,-59],[-51,-30],[24,-148],[30,-82],[37,-20],[-37,-53],[-68,50],[-51,11],[-47,-2],[-47,29],[-61,-36],[-33,45],[-10,58],[-57,82],[-30,27],[38,42],[-21,42],[-53,-4],[-8,109],[-66,-24],[-23,127],[23,46],[-106,40],[-51,130],[6,125],[-64,52],[4,-95],[-18,-21],[-1,-90],[-126,25],[-24,-49],[170,-64],[58,-221],[-114,5],[-111,23],[-144,52],[12,500],[-136,-3],[-4,-115],[-60,1],[0,-60],[-130,3],[2,60],[61,23],[0,39],[-66,-7],[-106,29],[-13,-37],[-86,-54],[26,-40],[-34,-53],[-62,14],[-22,-40],[-63,9],[-58,-13],[-55,-100],[-74,38],[-73,-3],[-90,-45],[-51,-95],[67,-74],[-39,-56],[-122,-2],[-51,-51],[-122,26],[-62,-42],[-125,-34],[-88,96],[-14,77],[-42,-21],[-62,44],[-34,121],[-61,78],[-79,31],[81,-104],[94,-145],[8,-47],[71,-21],[10,-33],[-31,-112],[26,-47],[-31,-30],[-92,-22],[-67,29],[-59,-1],[-55,-82],[-32,-23],[-24,-14],[-105,27],[-46,46],[28,51],[59,20],[75,66],[-59,53],[-36,-12],[-163,-102],[-61,1],[2,177],[-12,76],[-56,1],[-22,31]],[[103633,116773],[0,3],[4,3],[4,2],[-8,-8]],[[104758,116319],[1,-2],[10,13],[18,-41],[-35,-35],[-76,21],[47,53],[35,-9]],[[100822,115635],[-9,-166],[-22,-20],[-115,1],[3,160],[51,24],[92,1]],[[101542,114828],[30,-44],[99,-9],[-4,-52],[-42,-33],[-57,11],[-37,79],[11,48]],[[102251,114764],[-55,-87],[-33,57],[88,30]],[[104007,115663],[-42,-38],[-4,-57],[-66,-23],[-41,21]],[[103854,115566],[39,56],[61,43],[53,-2]],[[99657,114151],[-16,-34],[-101,23],[-20,-28],[-92,82],[-35,-7],[-38,58],[-31,4],[-80,57],[27,60],[41,23],[37,-39],[91,86],[4,60],[68,10],[48,-63],[4,-96],[-52,-84],[2,-31],[115,-21],[28,-60]],[[99324,114663],[7,-57],[-19,-58],[20,-78],[-51,-15],[-60,-87],[-47,47],[6,30],[-40,76],[6,34],[120,21],[26,79],[32,8]],[[99805,113924],[-30,-18],[-54,35],[71,57],[57,5],[8,58],[49,19],[40,-53],[-60,-6],[-36,-79],[-45,-18]],[[99205,114872],[39,-28],[-43,-73],[-69,-20],[-43,21],[66,79],[50,21]],[[99172,113807],[-19,-36],[-88,51],[17,58],[73,-7],[17,-66]],[[99453,113481],[15,-16],[-37,-89],[-73,6],[-22,53],[117,46]],[[106582,118133],[119,-33],[69,-123],[44,-22],[82,99],[66,-37],[76,-128],[-39,-19],[-55,53],[-48,-31],[-43,42],[-40,-43],[-15,-57],[-78,4],[-60,95],[-35,-44],[-74,6],[-22,-20],[-101,-2],[-68,75],[53,98],[47,19],[71,63],[51,5]],[[106213,117877],[91,-65],[-53,-44],[-19,-53],[-53,-24],[-54,59],[30,65],[-23,48],[81,14]],[[106267,117954],[42,-44],[-75,-23],[-106,21],[-4,18],[143,28]],[[106491,117758],[-86,73],[97,9],[-11,-82]],[[105782,118085],[56,-34],[-41,-29],[-15,63]],[[105650,116884],[27,-15],[-67,-97],[-104,-11],[-148,-43],[-33,18],[33,71],[90,-16],[77,29],[26,36],[99,28]],[[106194,117659],[81,-62],[74,-10],[-100,-64],[-60,51],[-51,-18],[-62,31],[118,72]],[[106055,117559],[19,-67],[-64,11],[-120,-60],[-57,88],[83,5],[14,30],[125,-7]],[[105574,116719],[92,-40],[-49,-23],[-54,10],[11,53]],[[87321,112389],[-219,-26],[-74,-53],[-73,1],[-49,46],[-35,-35],[-40,26],[83,177],[-82,38],[-87,13],[-36,25],[-86,-50],[-10,93],[-78,1],[-49,-50],[-62,87],[-49,-9],[24,155],[-9,71],[-49,35],[-54,79],[-17,58],[18,62],[40,44],[-15,65],[-91,87],[-29,111],[-25,65],[11,79],[46,35],[7,56],[-42,75],[-54,-36],[-129,-10],[-40,73],[0,100],[-79,68],[-65,29],[-6,42],[-131,-27],[5,129],[-13,43],[43,41],[-23,29],[39,72],[6,60],[-70,31],[43,110],[-11,60],[-28,28],[-14,70],[44,36],[32,201],[38,64],[-53,115],[-37,48],[-27,104]],[[98593,115370],[-10,-92],[-6,-281],[-23,-16],[-233,131],[-32,25],[2,195],[-58,18],[27,-88],[-46,-112],[16,-35],[123,-85],[130,-73],[-21,-34],[71,-40],[-86,-134],[-172,134],[-78,-9],[25,-80],[-103,-14],[-47,-55],[-56,-17],[-31,-140],[-15,-178],[38,-82],[-60,-25],[-3,-50],[-64,-35],[-39,-59],[-79,5],[-58,-36],[-59,5],[23,51],[-13,51],[-114,57],[-100,-17],[-79,21],[-95,68],[-124,-53],[-67,58],[-13,54],[-72,19],[-49,-29],[-83,30],[-53,-58],[-40,-14],[-75,34],[14,77],[42,24],[28,12],[57,-48],[7,74],[65,-1],[47,32],[9,77],[8,60],[-40,71],[8,81],[-122,36],[-15,57],[-39,-1],[37,-156],[-39,-47],[-30,76],[-10,74],[-47,-4],[23,-138],[-45,-13],[-23,-60],[-48,-59],[-107,-27],[-62,24],[-44,-9],[-1,0],[-202,-104],[-172,-53],[-148,-17],[-136,-63],[-111,-71],[-95,6],[-98,68],[-78,11],[-129,60],[0,-24],[77,-50],[-88,-259],[-1,-107],[-44,-116],[-51,-25],[-128,23],[-76,-32],[-61,-91],[-47,-26],[-92,11],[-185,-39],[-46,10],[-30,43],[-80,39],[-39,-52],[-64,-18],[-173,64],[-18,-25],[-88,25],[-80,-9],[-132,-108],[-105,-8],[-48,63],[-30,-39],[-106,-21],[-59,7],[-61,-47],[4,-42],[-34,-32],[-92,-9],[-50,-33],[58,-48],[-11,-59],[-52,33],[-57,-82],[-58,25],[-14,-38],[-36,-48],[-39,7],[-36,61],[-77,92],[-9,59],[-56,47],[-72,8],[-69,-50],[-100,-39],[-48,-50],[-15,-93],[-44,-40],[-30,-69],[13,-74],[-33,-27],[-142,24],[-78,38],[-53,-29],[-22,-47],[57,-87],[-15,-84],[62,26],[68,-42],[3,-63],[-40,-38],[-92,-34],[19,-63],[-61,-25],[-39,33],[-94,17],[-62,-6],[-45,-34],[-75,17],[-189,-61],[-101,-131],[-40,-14],[12,-91],[-57,-37],[-120,91],[-68,-18],[-26,-37],[37,-57],[-77,-21],[-23,-27],[-118,-16],[-60,35],[-48,0],[-5,53],[-96,38],[3,67],[-40,34],[-27,-57],[-60,18],[28,70],[-89,29],[-59,-103],[58,-34],[-24,-47],[-55,13],[-75,-55],[-37,-50],[-62,-39],[-133,-43],[-14,-26],[-123,0],[-20,15],[50,116],[3,37],[-116,139],[62,71],[96,-1],[95,108],[-64,46],[-62,-24],[-90,39],[-59,6],[11,83],[-51,76],[-65,-35],[-34,21],[22,50],[-22,63],[17,93],[27,65],[-94,119],[-12,44],[-28,69],[-78,82],[-20,65],[91,136],[1,90],[-48,12],[-24,-43],[-43,25],[42,133],[106,8],[36,-56],[44,-1],[-55,108],[81,48],[-5,34],[-1,5],[-1,4],[-2,4],[-1,19],[-3,14],[-107,-103],[-91,14],[-42,-39],[-88,1],[-38,35],[-88,-43],[-84,2],[0,0],[-97,-22],[-1,-113],[-54,-3],[-20,47],[-37,9],[18,74],[-30,8],[-33,5],[-119,63],[-68,-22],[-131,90],[-17,-26],[-181,-23],[-28,-16],[16,-79],[-73,-21],[-41,-33],[-41,91],[-125,10],[29,-35],[46,-51],[-76,6],[-30,-61],[0,0],[38,-26],[-103,-42],[-33,71],[-61,0],[-26,-48],[-38,-6],[8,-74],[1,0],[-29,-90],[-48,-77],[-68,-37],[-79,-116],[-91,-68],[2,-26],[-61,-72],[10,-28],[-75,-51],[-10,3],[9,-31],[-91,-70],[-45,14],[-62,-49],[-32,-52],[-100,-37],[-43,-28],[-48,-112],[-17,-147],[-63,-29],[141,-68],[30,6],[81,-134],[-18,-48]],[[89114,113625],[70,30],[13,-82],[-12,-110],[-56,-20],[37,-41],[-97,-47],[-62,49],[-12,40],[43,23],[48,72],[-11,60],[39,26]],[[89534,113896],[39,-32],[9,-90],[-55,-52],[-36,161],[43,13]],[[89333,113948],[28,-14],[18,-88],[-59,13],[13,89]],[[90203,112060],[0,0],[35,-8],[0,-61],[-65,24],[-78,-39],[-11,-99],[-54,-30],[-29,41],[-89,-88],[78,-48],[-26,-31],[52,-37],[45,26],[100,25],[63,-43],[-77,-144],[0,-64],[-27,-60],[-58,-25],[26,-73],[-14,-75],[80,48],[47,46],[74,7],[72,75],[56,37],[50,-5],[33,-43],[-21,-51],[52,-83],[-36,-44],[-61,102],[-49,0],[-22,-78],[-5,-128],[-49,-51],[-2,-32],[-97,-114],[-40,118],[-44,20],[23,66],[-96,-21],[-5,80],[-58,-27],[-33,-60],[-124,2],[19,39],[-64,54],[-47,-8],[-33,-135],[-123,4],[-122,-37],[-95,-62],[-44,27],[-32,100],[-60,5],[11,152],[55,57],[105,39],[50,39],[135,76],[25,34],[67,26],[77,6],[23,30],[18,92],[-35,38],[-67,-5],[-39,76],[2,94],[21,79],[70,174],[43,36],[101,42],[82,86],[75,-2],[18,-56],[-35,-38],[22,-44],[68,1],[43,21],[50,-32],[0,-63]],[[91697,112313],[84,-75],[41,33],[31,-22],[110,-21],[37,-32],[85,12],[57,-26],[-5,-40],[-42,-62],[96,-11],[7,-53],[-49,-54],[-4,-44],[-51,-44],[-98,-2],[-6,49],[-39,52],[-130,-7],[-20,-34],[-64,56],[-36,73],[-77,-20],[-91,34],[-84,5],[27,85],[-12,44],[57,78],[54,28],[122,-2]],[[92570,111906],[-15,62],[37,53],[105,63],[47,45],[73,-17],[27,47],[71,20],[41,45],[29,-56],[130,-105],[50,-16],[-6,-64],[-52,-26],[-32,-42],[-120,-89],[-66,-16],[-85,-43],[-56,-5],[-38,-33],[-92,37],[-63,1],[-25,45],[50,35],[-10,59]],[[91331,112307],[42,-13],[-25,-67],[71,-32],[20,-60],[-36,-40],[-41,-100],[-77,-47],[-108,60],[-56,-61],[-57,21],[42,92],[-4,59],[76,111],[59,6],[94,71]],[[92504,111963],[-49,-75],[-100,-50],[-89,5],[-18,100],[7,67],[63,62],[30,61],[49,14],[51,-45],[69,-96],[-13,-43]],[[90021,110880],[49,-64],[-9,-83],[-34,-154],[-42,-6],[-93,57],[67,72],[43,169],[19,9]],[[90173,110938],[-18,-32],[27,-55],[-83,-31],[22,65],[52,53]],[[92706,112238],[17,-51],[-115,-42],[27,73],[71,20]],[[90440,111920],[11,-102],[-64,-43],[-21,59],[32,58],[42,28]],[[92435,111408],[65,-62],[-37,-18],[-50,37],[22,43]],[[92273,111804],[17,-26],[-55,-46],[-86,-33],[-16,43],[105,35],[35,27]],[[91315,111826],[25,-81],[-49,-14],[-28,43],[52,52]],[[91557,112530],[39,-44],[-62,-23],[-17,58],[40,9]],[[91197,111806],[-31,-67],[-36,42],[67,25]],[[92366,112948],[43,-8],[-6,-54],[-59,22],[22,40]],[[94297,113552],[56,-33],[30,-82],[-59,-24],[-27,139]],[[93810,113648],[54,-10],[53,-140],[-107,150]],[[95453,114042],[96,-77],[38,-172],[-16,-74],[-84,-129],[-54,-23],[-57,56],[-75,15],[30,49],[-3,117],[52,94],[1,111],[72,33]],[[95405,114131],[-25,-87],[-52,27],[77,60]],[[95913,114021],[0,0],[3,5],[111,-9],[38,-50],[-19,-75],[13,-36],[113,-85],[79,26],[-15,-26],[76,-145],[-2,-37],[65,-6],[3,-53],[-43,-39],[-74,-31],[-47,-85],[11,-26],[84,-18],[13,-48],[-81,-61],[29,-72],[-31,-45],[-42,-6],[-103,64],[-41,65],[-22,65],[-168,73],[-37,73],[-28,99],[-73,129],[-63,29],[-1,73],[63,63],[-33,55],[86,9],[25,61],[-17,61],[78,-14],[50,17]],[[95742,113491],[35,-66],[25,-74],[-31,-115],[-24,-26],[-81,-26],[-8,-28],[-85,-15],[-105,-73],[-15,-65],[-60,-17],[-38,-45],[-57,-6],[-99,-37],[-26,-9],[-91,44],[-51,84],[38,142],[64,161],[34,40],[22,107],[46,52],[40,13],[26,-78],[55,5],[59,34],[93,0],[93,52],[120,-7],[21,-47]],[[96237,114031],[-56,-21],[-57,19],[-11,43],[-60,27],[3,64],[-24,44],[2,62],[-38,74],[20,59],[46,24],[13,10],[77,-1],[30,11],[89,83],[62,11],[85,45],[35,-22],[154,-8],[17,-73],[-1,-95],[-53,15],[-32,-80],[-86,-57],[-10,-111],[-34,-108],[-63,12],[-108,-27]],[[95212,113534],[-36,-49],[-4,-64],[-40,-27],[-83,11],[-60,58],[-8,75],[40,124],[94,87],[43,-15],[20,-117],[34,-83]],[[96959,114251],[62,14],[-11,-86],[-46,-52],[-30,-78],[-57,50],[-47,5],[12,68],[-28,86],[27,48],[118,-55]],[[95890,114342],[21,42],[62,-44],[47,-85],[-1,-61],[-88,22],[-67,-18],[-23,132],[49,12]],[[95774,114157],[-14,-82],[-58,-6],[-10,52],[82,36]],[[96670,114257],[43,-52],[-21,-44],[-57,44],[35,52]],[[97390,114181],[11,-58],[36,-68],[92,79],[84,13],[-70,-161],[-50,4],[-79,-20],[-56,-54],[-131,-70],[-46,24],[-38,95],[-33,30],[71,94],[49,38],[160,54]],[[96864,113737],[40,60],[-30,105],[81,57],[97,50],[44,-6],[-21,-208],[-57,-30],[-66,2],[-88,-30]],[[98450,113811],[-37,58],[28,51],[59,23],[120,-125],[-32,-45],[-138,38]],[[98146,114355],[39,-76],[-50,-43],[-71,75],[5,36],[77,8]],[[98807,113524],[-3,-35],[-11,9],[14,26]],[[87798,112263],[45,-30],[99,20],[19,-44],[54,-50],[-39,-31],[-129,-7],[-86,29],[7,59],[30,54]],[[88013,111374],[-56,37],[51,12],[5,-49]],[[92580,113172],[41,-19],[7,-44],[-74,-80],[-110,34],[9,55],[127,54]],[[88147,113501],[9,-69],[62,-29],[-13,-48],[83,-69],[-5,-103],[-66,-82],[-53,-29],[-47,-57],[-153,-106],[-25,-61],[-69,-83],[-182,-106],[-76,-26],[-37,11],[-34,101],[14,29],[-32,53],[-44,15],[137,123],[60,104],[0,64],[64,105],[81,31],[28,40],[75,28],[52,-8],[54,39],[4,31],[82,60],[31,42]],[[89642,112833],[-5,-53],[0,0],[39,-74],[-26,-19],[18,-63],[-38,-36],[-17,-97],[-2,-196],[-69,-32],[-20,-38],[-57,-5],[-20,-140],[74,-90],[15,-65],[60,-90],[22,-66],[-43,-141],[-33,31],[-64,-44],[-59,-13],[-80,-62],[-77,19],[-99,3],[-34,-40],[-65,-4],[59,80],[-2,40],[66,94],[-10,64],[56,129],[-52,10],[20,102],[88,-5],[-9,38],[-62,27],[-42,72],[-5,51],[-57,-3],[-38,-200],[-96,41],[7,129],[-19,50],[-118,80],[-114,118],[-110,132],[46,49],[-8,113],[-33,78],[-121,108],[50,27],[60,-40],[55,42],[222,-16],[61,-16],[53,-39],[32,-98],[77,-124],[13,-95],[61,-32],[128,63],[35,-95],[70,-69],[7,-53],[36,-4],[20,133],[27,70],[-2,61],[-97,155],[-85,59],[-35,54],[-40,-19],[-5,-75],[-62,-29],[-86,20],[-27,70],[98,83],[21,87],[-79,58],[-25,55],[10,61],[65,43],[35,-36],[134,25],[109,-12],[18,-34],[80,48],[107,-117],[45,-98],[-24,-73],[-4,-104],[-24,-18]],[[88634,112022],[58,-20],[58,-56],[130,-44],[50,-89],[-32,-88],[-78,-31],[-159,23],[-46,74],[4,107],[-21,56],[36,68]],[[89141,111834],[23,-95],[-101,-45],[-34,34],[112,106]],[[88494,113153],[66,-19],[-4,-50],[-62,22],[0,47]],[[93752,113206],[73,-47],[-3,-84],[-54,-204],[-32,-78],[-118,-147],[12,-70],[-15,-39],[16,-79],[-38,-60],[-70,30],[-125,-20],[-124,-71],[-149,5],[-40,32],[-37,-13],[-65,69],[-66,98],[-14,53],[55,22],[1,54],[-56,58],[64,45],[94,-46],[71,91],[69,-5],[47,42],[89,110],[43,1],[5,-77],[65,-75],[46,23],[-5,43],[30,34],[15,85],[106,111],[64,81],[46,28]],[[93608,113378],[-14,-65],[35,-41],[79,45],[-11,-101],[-93,-59],[-14,48],[-60,34],[1,79],[31,4],[46,56]],[[93176,113060],[41,-55],[-4,-56],[-54,26],[17,85]],[[87321,112389],[11,-65],[-45,-83],[-41,-12],[-46,-6],[-7,-92],[66,-63],[36,-57],[38,-20],[52,-183],[-45,-273],[22,-38],[-131,20],[-42,-53],[-84,44],[-25,-44],[-156,-19],[10,-101],[-37,-5],[12,-115],[18,-67],[68,-176],[-10,-21],[17,-109],[-22,-42],[2,-94],[70,-127],[21,-97],[-29,-297],[-31,-112],[-71,-97],[-44,-55],[-14,-82],[-108,-195],[-80,-1],[-104,-31],[-72,-35],[-70,-11],[-234,11],[16,-46],[-67,-117],[40,-18],[-10,-65],[-5,-99],[27,-120],[37,-56],[-2,-61],[-46,-56],[45,-53],[-28,-72],[77,-101],[108,-49],[-18,-83],[29,-37],[83,-45],[11,-100],[-19,-66],[-45,-17],[-119,-125],[-144,36],[-59,-34],[-27,18],[26,147],[-23,136],[47,130],[-7,49],[-94,59],[-107,23],[-103,84],[-95,29],[-3,85],[-29,52],[-128,41],[-26,11],[-89,-20],[-33,14],[96,33],[14,36],[3,46],[-5,9],[-30,-55],[-214,-99],[-48,-57],[-53,54],[-110,42],[-46,54],[-31,1],[-115,114],[-66,46],[-68,-30],[-66,-96],[-27,26],[5,86],[48,3],[-18,108],[-43,77],[-49,44],[-84,5],[-32,-35],[-77,4],[-70,47],[-14,63],[-83,107],[-71,51],[-59,15],[-64,48],[-60,14],[-83,29],[-71,79],[-65,46],[4,66],[-38,18],[-49,74],[-76,27],[-127,4],[-108,-82],[-73,-99],[-137,-52],[-86,-7],[25,-43],[0,1],[4,-8],[63,-26],[32,37],[77,-22],[6,-140],[-60,-20],[-55,37],[-28,52],[-76,9],[-38,-33],[-79,20],[0,0],[-53,26],[-32,3],[-13,29],[67,53],[92,24],[-44,84],[58,48],[51,74],[50,37],[45,72],[70,-3],[39,35],[-13,41],[113,9],[-7,51],[-43,-5],[-28,85],[-131,83],[-76,-34],[-3,-39],[-77,-87],[-63,-10],[47,76],[30,89],[43,47],[65,19],[-22,35],[-46,-24],[-18,49],[-89,10],[-68,-16],[-8,0],[-2,0],[-62,0],[0,0],[-20,46],[-52,-12],[-15,-86],[-75,-17],[-50,30],[-70,-45],[-34,35],[49,70],[120,114],[-97,2],[-24,-47],[-89,8],[-85,-54],[-45,29],[-53,6],[-43,-48],[-46,-6],[-21,-98],[-84,9],[-6,55],[-51,-6],[-41,27],[-21,-127],[-26,12],[-44,12],[-69,-44],[-89,-22],[-80,84],[-82,1],[-108,-79],[-50,-128],[-62,-51],[-86,47],[-3,67],[-23,53],[-109,-72],[-22,-73],[-95,-85],[-118,-57],[-9,-62],[-76,-28],[-80,-60],[-47,-16],[-55,19],[-71,0],[-6,64],[-40,29],[-47,-50],[-68,4],[-9,80],[65,37],[-64,97],[-64,5],[-90,35],[-45,45],[-31,-27],[-80,104],[-83,-49],[20,-26],[-32,-36],[63,-84],[57,-28],[11,-45],[-76,-41],[-86,-66],[-50,17],[-22,-32],[85,-99],[-23,-59],[-58,3],[-4,70],[-48,9],[-70,-43],[-3,-96],[-49,2],[-4,54],[-115,37],[39,59],[36,111],[-42,85],[-77,12],[-4,-48],[-88,-65],[-33,-87],[-41,10],[50,173],[53,71],[-95,63],[-74,2],[2,101],[39,83],[0,71],[-41,18],[-91,-10],[15,-36],[-50,-169],[-86,-33],[6,-30],[103,-43],[-49,-150],[-70,-89],[-71,-36],[-25,-68],[-53,-50],[-27,1],[-40,-67],[36,-39],[-19,-115],[-141,-140],[-63,-18],[-1,-1],[0,1],[0,0],[-1,1],[-1,0],[0,0],[-98,26],[-38,-44],[-61,-12],[-60,-97],[-44,11],[-50,-49],[24,-33],[-245,-126],[-41,31],[-81,-6],[-45,-51],[-62,-9],[43,129],[-132,-48],[-22,36],[35,68],[86,24],[11,63],[-50,78],[-44,-43],[5,-46],[-34,-61],[-81,-45],[-68,33],[13,35],[98,54],[-29,48],[-60,8],[13,85],[-72,-25],[-8,-119],[-105,-18],[-137,-43],[7,-82],[-66,-2],[-55,76],[-12,42],[-58,40],[-13,44],[-57,63],[25,134],[25,34],[-14,80],[33,35],[-41,59],[18,35],[68,33],[-4,45],[-69,-29],[-61,-52],[-87,69],[41,89],[-152,-2],[-20,-75],[-102,77],[-58,120],[-46,40],[-70,142],[-64,52],[-108,26],[-12,-45],[-145,57],[-190,36],[3,89],[-57,67],[-47,8],[-37,-82],[-42,-44],[32,-31],[-14,-41],[-84,-49],[-63,-89],[62,-72],[-89,-116],[-69,53],[-37,-62],[54,-64],[-26,-43],[-44,7],[-35,-119],[-127,-84],[-38,-50],[-103,-76],[-76,-38],[-42,-56],[-185,-153],[-90,-3],[-9,-53],[45,-46],[-105,-2],[-28,28],[59,112],[-117,78],[53,60],[-7,81],[37,86],[-13,48],[-50,55],[-1,0],[0,0],[-3,2],[4,42],[-4,100],[28,22],[32,88],[1,98],[-45,53],[-74,8],[106,229],[-37,175],[-53,22],[-91,77],[-39,-67],[-41,39],[10,43],[-57,27],[-6,114],[-83,64],[2,89],[-39,39],[-63,21],[-10,71],[42,65],[17,228],[37,17],[61,-26],[29,62],[36,-57],[68,-23],[102,67],[18,75],[-40,10],[83,118],[61,7],[94,112],[29,79],[-23,46],[47,23],[21,66],[-23,120],[-4,108],[-18,34],[-82,3],[-35,23],[54,105],[8,90],[-12,74],[-199,167],[-41,130],[-46,23],[-15,46],[-79,37],[-134,132],[34,66],[32,21],[69,-8],[33,42],[-11,78],[29,64],[45,9],[9,192],[-21,50],[14,43],[-19,67],[90,73],[5,109],[57,18],[54,-89],[68,-9],[68,-64],[-9,-60],[56,4],[4,52],[31,50],[51,-8],[85,16],[135,64],[31,-9],[126,65],[61,50],[53,2],[20,42],[58,23],[44,-39],[62,32],[84,15],[37,-30],[82,-18],[25,93],[-70,117],[-75,19],[-12,65],[-70,85],[-15,-32],[-83,-35],[-205,9],[-73,65],[-60,0],[-68,29],[-63,-29],[-14,-55],[58,-39],[-13,-86],[-74,-19],[-67,23],[-35,57],[30,108],[61,-12],[75,47],[50,72],[-22,67],[38,84],[85,7],[29,41],[9,89],[58,-51],[57,-7],[157,-77],[-2,-66],[18,-76],[141,-44],[124,-9],[44,22],[51,-21],[75,47],[61,10],[62,59],[94,42],[33,-28],[121,-31],[19,16],[150,-78],[28,-46],[160,35],[64,-63],[37,-85],[-23,-72],[54,-93],[50,-41],[51,-83],[144,-3],[178,86],[62,92],[23,81],[25,14],[35,-127],[38,-40],[-23,-84],[96,-44],[79,89],[-12,72],[21,74],[51,-39],[34,26],[120,-76],[16,-28],[77,31],[52,-2],[93,66],[65,-9],[16,-64],[46,28],[53,-18],[19,-46],[53,24],[56,0],[24,53],[43,-5],[49,48],[76,17],[38,89],[-13,58],[36,79],[48,35],[67,-12],[42,21],[39,-65],[85,-1],[66,36],[69,11],[29,74],[47,2],[27,-61],[41,6],[73,62],[41,65],[80,-25],[-26,72],[47,12],[68,57],[-68,78],[-50,13],[-49,-28],[-70,39],[-18,56],[29,58],[34,9],[56,-77],[75,-43],[24,38],[62,19],[41,77],[58,57],[0,29],[65,29],[43,58],[-53,74],[67,19],[53,-52],[79,62],[51,130],[-12,33],[-71,22],[-3,54],[-60,96],[39,47],[19,63],[63,67],[123,20],[29,-26],[78,21],[34,-24],[106,29],[28,83],[70,78],[10,46],[45,15],[89,67],[33,-7],[53,39],[22,69],[76,43],[50,75],[12,93],[-48,52],[59,71],[5,42],[-27,47],[62,121],[100,43],[74,-22],[-5,58],[108,-45],[68,1],[40,69],[-12,37],[-95,-23],[57,262],[45,83],[79,37],[18,27],[79,-30],[77,22],[17,-24],[83,-18],[35,-59],[-48,-104],[88,-48],[19,51],[-50,24],[41,46],[54,1],[39,31],[60,3],[50,34],[12,49],[-32,83],[106,38],[49,-3],[56,70]],[[74810,109553],[43,-66],[-37,-61],[17,-48],[73,-13],[55,-120],[-46,-133],[-93,-32],[-103,36],[-14,33],[66,35],[15,44],[-98,-33],[2,70],[-56,47],[25,39],[-74,24],[-101,71],[61,91],[106,-94],[54,15],[7,47],[62,7],[36,41]],[[74389,114191],[35,-54],[54,-11],[34,-46],[-27,-113],[-49,23],[-62,-38],[-77,5],[-51,-86],[-42,-37],[-67,43],[-22,64],[57,29],[118,10],[84,53],[44,74],[-29,84]],[[73558,111334],[37,-27],[3,-65],[107,-14],[53,-63],[-52,-70],[-19,65],[-28,13],[-64,-35],[-14,47],[-50,32],[-6,96],[33,21]],[[74362,109848],[40,-33],[-24,-86],[-61,24],[16,81],[29,14]],[[74675,109959],[4,-66],[-81,17],[46,80],[31,-31]],[[74708,112012],[43,-45],[-59,-27],[16,72]],[[74783,109949],[0,1],[1,0],[0,0],[-1,-1]],[[76860,118890],[36,-62],[69,-52],[39,-1],[7,-95],[106,-52],[40,-33],[-14,-92],[-65,-3],[-51,-56],[-102,-2],[-64,121],[-6,153],[-19,38],[4,89],[20,47]],[[79504,115732],[61,-207],[-107,-56],[-56,68],[15,122],[49,68],[38,5]],[[78246,115780],[41,-58],[105,-9],[-21,-70],[-106,-32],[-27,-56],[-56,87],[38,120],[26,18]],[[79288,115850],[27,-18],[-21,-97],[-57,28],[1,57],[50,30]],[[80966,109929],[-1,-1],[-2,-2],[-2,-3],[-1,-9],[0,-3],[-25,75],[-87,20],[46,41],[1,0],[2,0],[1,0],[2,0],[1,0],[2,1],[1,0],[2,0],[1,0],[58,51],[-17,53],[23,56],[120,67],[19,50],[166,-105],[-53,-37],[-6,-46],[-39,-86],[-130,-81],[-82,-41]],[[82172,109505],[32,-125],[-45,-32],[-54,58],[45,24],[22,75]],[[83416,109316],[-35,-17],[0,0],[-51,9],[-15,42],[-62,20],[-10,4],[-39,11],[-12,82],[20,61],[40,31],[87,-57],[28,-50],[69,76],[86,53],[56,-55],[36,39],[-14,135],[56,92],[-12,41],[51,53],[35,-48],[67,-11],[31,-50],[-38,-56],[-58,-17],[-46,-46],[21,-38],[-6,-56],[-44,-75],[-82,-30],[-86,-95],[-13,-37],[-60,-11]],[[88910,110395],[65,-107],[56,-56],[-69,-50],[-86,22],[-64,36],[-25,80],[10,41],[113,34]],[[88692,110532],[-79,-168],[-20,117],[59,11],[40,40]],[[88123,110100],[43,-102],[-53,-6],[10,108]],[[85178,108637],[8,-66],[28,-35],[14,-85],[-150,-19],[-84,51],[49,36],[90,-26],[44,59],[-26,61],[27,24]],[[77470,114483],[-67,-16],[-12,32],[-136,76],[-4,160],[26,44],[53,11],[49,-49],[65,9],[24,48],[44,-33],[162,1],[32,34],[75,32],[59,6],[43,49],[61,19],[76,-20],[6,-47],[49,-18],[11,-47],[-59,-52],[-75,42],[-41,-37],[-90,12],[-57,-65],[-31,6],[-13,68],[-99,-91],[-42,-56],[54,-78],[-60,-33],[-96,-30],[-7,23]],[[86982,108039],[15,-20],[116,-24],[-3,-51],[63,-8],[55,-109],[111,-17],[74,-83],[11,-68],[28,-36],[95,-21],[-34,-44],[-88,-30],[-63,32],[-79,85],[-79,23],[-34,-26],[-60,19],[-70,-13],[-25,60],[-104,65],[-2,74],[-45,48],[-63,-2],[-41,-38],[-86,-45],[-39,16],[-3,65],[50,46],[76,31],[21,-35],[123,74],[80,32]],[[87446,108028],[-48,-107],[-41,46],[0,38],[61,35],[28,-12]],[[82887,110616],[67,-20],[-161,-115],[-27,-47],[-137,-120],[-68,-29],[-90,25],[-22,63],[12,59],[52,43],[149,-11],[35,-43],[40,88],[53,82],[55,-16],[42,41]],[[82336,110381],[-46,-41],[37,-56],[-27,-51],[27,-26],[-23,-56],[0,-88],[60,-52],[25,-58],[86,-32],[35,-54],[-59,-21],[1,2],[0,0],[-15,3],[-29,-13],[-31,17],[9,86],[-53,6],[-33,53],[-43,39],[-17,22],[-21,37],[-63,5],[-32,41],[50,20],[75,-16],[-11,114],[5,99],[27,69],[70,-16],[-4,-33]],[[82764,109877],[84,-38],[-57,-60],[-38,69],[11,29]],[[87212,109701],[100,-54],[40,-95],[95,-47],[84,-19],[55,19],[88,69],[25,-8],[14,-149],[99,-82],[35,-50],[-4,-109],[57,-53],[52,-4],[73,44],[27,-19],[-63,-124],[110,-15],[62,-34],[60,39],[43,-9],[74,32],[36,42],[-51,55],[73,21],[44,41],[46,76],[83,-41],[76,23],[79,-10],[58,26],[42,53],[-37,87],[67,34],[71,99],[69,12],[78,-44],[61,17],[4,-86],[50,-19],[124,17],[-35,-96],[-31,-29],[-70,-13],[-84,8],[-14,-57],[-93,-10],[-42,-85],[-124,-28],[-106,24],[-70,-33],[-99,-8],[-43,-51],[6,-60],[-50,-14],[-36,-52],[38,-67],[-34,-80],[12,-60],[46,-28],[-8,-105],[-69,-73],[-56,70],[-95,25],[-7,-42],[-99,-47],[-59,-41],[-23,75],[42,93],[77,59],[7,29],[-49,61],[-127,78],[-57,-17],[-48,32],[-117,22],[-70,61],[-43,-20],[-141,-112],[-8,-221],[-89,82],[-92,-8],[-62,-28],[-42,35],[-141,-39],[-77,-42],[16,-40],[-64,-79],[-92,130],[45,11],[-1,72],[-89,69],[-43,9],[-29,83],[-67,34],[-44,71],[19,92],[-5,96],[-34,46],[31,73],[47,-18],[62,64],[2,78],[-46,97],[11,36],[66,17],[105,-69],[86,35],[-8,90],[58,6],[65,-20],[49,5],[43,89]],[[88279,109610],[20,12],[54,-88],[-27,-145],[-39,76],[-104,5],[1,90],[95,50]],[[87491,110168],[60,-53],[-6,-49],[-104,36],[50,66]],[[89434,109690],[80,-86],[-11,-48],[-119,89],[50,45]],[[88388,108496],[126,-116],[-67,-14],[-77,76],[18,54]],[[86579,109477],[22,-23],[-52,-65],[-62,-20],[-21,23],[21,69],[92,16]],[[88779,108009],[-29,-39],[15,-79],[-47,-23],[-26,58],[41,58],[46,25]],[[89283,109252],[62,-33],[-5,-48],[-49,3],[-8,78]],[[88289,109770],[64,-75],[-43,-63],[-27,96],[6,42]],[[86714,108398],[3,-1],[0,0],[1,0],[1,0],[2,-1],[1,0],[3,0],[2,0],[1,0],[1,0],[13,-61],[-2,-1],[-51,27],[0,0],[-1,2],[0,1],[0,0],[0,1],[0,1],[0,0],[0,1],[0,1],[0,3],[0,3],[1,2],[0,0],[0,1],[0,0],[0,0],[0,1],[0,0],[0,1],[0,0],[0,0],[0,1],[0,0],[0,0],[0,1],[0,0],[1,1],[0,0],[0,1],[0,0],[0,0],[0,1],[0,0],[0,0],[0,1],[1,0],[0,0],[0,1],[0,0],[0,1],[0,1],[0,0],[0,1],[0,0],[2,0],[0,0],[1,1],[0,1],[3,2],[1,1],[1,0],[0,1],[1,0],[4,2],[3,1],[7,0]],[[86917,108369],[0,0],[0,0],[0,-1],[-4,-2],[-3,-2],[-4,0],[-1,0],[-6,-2],[-1,1],[0,0],[-1,0],[-17,15],[0,1],[0,0],[0,0],[0,1],[0,0],[0,0],[0,1],[-1,0],[0,0],[0,1],[0,0],[0,0],[0,1],[0,0],[0,0],[0,1],[0,0],[-1,1],[0,0],[39,-16]],[[85687,108494],[63,-68],[-5,-37],[56,-46],[85,7],[92,-19],[17,-78],[41,7],[26,-62],[-68,-77],[-61,20],[-86,-7],[-32,-54],[6,-41],[-96,-38],[-27,-118],[-58,14],[-55,-22],[-45,-75],[18,-74],[-79,-49],[-57,59],[-61,-34],[-28,60],[53,44],[55,-2],[41,33],[53,1],[41,84],[-11,85],[28,59],[52,-10],[33,42],[74,53],[-2,71],[28,26],[-47,49],[-57,28],[-23,59],[36,110]],[[84741,107826],[60,-18],[91,-93],[44,-21],[20,-70],[-129,-58],[-50,-4],[-97,-62],[-129,45],[-31,90],[43,17],[68,-16],[36,43],[-16,68],[15,45],[75,34]],[[86433,107449],[5,-28],[-48,-77],[27,-44],[-30,-113],[28,-89],[37,-52],[-35,-73],[-67,-25],[-80,-63],[-65,72],[58,79],[114,47],[3,67],[-46,20],[-3,94],[25,24],[77,161]],[[84399,107793],[49,-31],[-14,-58],[-58,18],[-8,59],[31,12]],[[85429,108963],[47,-21],[48,-103],[-43,-28],[-23,73],[-51,23],[22,56]],[[85604,108781],[34,-98],[35,-52],[-21,-33],[-58,-10],[-3,70],[-42,39],[55,84]],[[108091,106469],[0,0],[-1,0],[1,1],[-30,-12],[-2,-3],[-1,0],[1,-1],[-1,-4],[0,0],[-1,-1],[0,0],[0,0],[-1,-1],[-3,-1],[0,0],[-1,1],[-19,-7],[-7,-14],[0,-1],[2,0],[-4,-3],[0,0],[-2,1],[0,0],[0,0],[-1,0],[0,0],[-2,2],[-1,3],[0,0],[-15,-11],[1,0],[-1,0],[0,0],[0,-1],[-26,0],[-2,-8],[0,0],[-2,-1],[0,0],[-2,-4],[0,0],[-1,0],[-1,-1],[-1,0],[-1,0],[0,0],[-14,-18],[0,-1],[-1,-1],[0,0],[-44,-32],[-1,-1],[0,0],[1,0],[-3,-9],[-4,-5],[-1,-1],[-1,1],[-1,1],[-1,-2],[-2,0],[-68,9],[-40,-30],[-16,-2],[0,0],[0,1],[-2,6],[-64,3],[0,-12],[0,0],[-1,-2],[-4,-2],[1,-28],[-2,-19]],[[107699,106259],[-2,1],[-1,-1],[0,0],[-48,-24],[-38,21],[-8,16],[-13,7],[0,0],[0,3],[0,1],[0,0],[0,1],[0,0],[0,0],[-35,5],[1,-2],[-2,-1],[-1,-1],[0,-1],[-1,-2],[-2,0],[-8,-9],[-1,-1],[0,0],[0,-2],[1,-1],[0,0],[0,0],[0,0],[0,-5],[-1,-2],[1,0],[0,0],[0,0],[0,0],[0,0],[-2,-3],[0,-1],[-1,0],[1,0],[-1,-1],[1,0],[-1,-1],[-1,-1],[0,0],[-1,0],[2,0],[0,0],[0,-1],[0,0],[-1,0],[0,0],[0,0],[1,0],[0,0],[-1,-1],[0,0],[-1,0],[0,0],[0,0],[1,0],[1,-1],[0,0],[0,0],[1,1],[0,0],[1,0],[0,-1],[0,0],[-1,0],[-4,-4],[-3,-1],[1,0],[-1,1],[1,2],[1,2],[-2,2],[0,0],[-1,1],[0,0],[0,0],[-2,1],[0,0],[-1,1],[0,0],[0,1],[-3,6],[-1,0],[0,0],[-2,1],[0,0],[0,0],[-4,3],[-1,0],[-9,-3],[-1,-4],[-1,0],[-1,-1],[-4,-1],[-1,-2],[-8,-22],[1,0],[6,-7],[3,-1],[1,0],[0,-1],[0,0],[0,0],[0,0],[0,0],[3,-1],[0,0],[0,0],[0,-6],[1,0],[-2,-4],[-1,0],[0,0],[0,-1],[-1,-7],[3,-1],[0,-1],[0,0],[2,-1],[-3,-2],[2,0],[0,0],[-2,-3],[0,0],[0,-1],[-1,-1],[1,-4],[-1,0],[-2,1],[0,0],[-2,0],[0,0],[-5,-2],[-1,-1],[-1,0],[0,0],[0,0],[-1,1],[-1,1],[0,0],[0,0],[-1,2],[-1,1],[0,1],[-4,1],[-11,-3],[1,0],[-15,0],[0,0],[0,-2],[-3,-1],[-1,0],[-13,5],[0,-1],[-1,0],[0,0],[-1,0],[0,0],[0,0],[-47,-101],[-58,-25],[-26,-48],[-51,-2],[-55,-115],[106,-4],[35,16],[79,-10],[3,-54],[-48,-8],[-3,-51],[-50,-9],[-58,-42],[-67,-84],[-25,-66],[25,-57],[-94,-82],[9,-55],[-154,-4],[-89,44],[-52,-16],[-56,13],[-17,-60],[-43,3],[-25,-53],[-1,-90],[78,-67],[-28,-134],[-76,32]],[[106653,105067],[-21,60],[-62,-5],[-13,47],[-79,23],[-127,9],[-35,-63],[-66,17],[-44,-35],[-85,-4],[-55,33],[-45,-33],[-59,30],[-33,60],[-94,72],[-66,-7],[-88,-49],[-61,-18],[-25,8],[21,79],[-27,58],[-44,20],[7,58],[-36,85],[-56,60],[-77,31],[-3,57],[54,55],[-32,28],[-73,10],[-39,25],[-42,-12],[-38,72],[26,53],[-53,46],[9,38],[130,54],[61,72],[128,78],[-121,96],[38,43],[-60,101],[61,57],[-6,89],[-103,46],[-27,-14],[-116,-13],[-120,58],[-23,34],[-66,21],[-134,-3],[-56,-22],[-58,11],[-173,-46],[-142,-20],[-77,26],[-14,32],[65,69],[27,104],[35,18],[-48,91],[32,99],[-21,63],[-41,13],[-3,58],[-51,127],[27,100],[-2,173],[-32,89],[-47,10],[-42,48],[7,101],[-55,31],[-70,82],[35,63],[-1,59],[-38,89],[-58,-11],[-31,-30],[-103,-32],[-154,2],[-56,73],[-27,89],[-38,46],[-37,-36],[-182,-32],[-81,-66],[18,-55],[-3,-91],[-49,-130],[-58,-50],[-154,16],[-52,-33],[-62,-69],[-44,42],[-66,-9],[-47,88],[-104,12],[-21,21],[-86,7],[-10,46],[-57,101],[-89,96],[-32,74],[-90,39],[-49,77],[-95,-4],[-101,-82],[-82,8],[-192,-20],[-17,51],[-103,16],[-23,-27],[-61,4],[-99,-42],[-75,4],[-70,67],[-6,54],[-105,37],[-89,-20],[-112,26],[-55,-20],[-64,71],[-71,3],[-61,33],[-29,-11],[-56,72],[-50,11],[-33,48],[-20,127]],[[100600,108753],[11,43],[150,81],[-4,63],[-28,49],[29,70],[42,10],[55,64],[5,60],[-27,45],[-93,7],[7,73],[50,57],[44,10],[57,55],[1,43],[-52,82],[49,79],[-113,86],[36,68],[-33,86],[-52,-5],[13,97],[87,124],[-58,98]],[[100776,110198],[84,-2],[110,60],[80,-27],[118,77],[16,157],[56,85],[37,8],[70,58],[85,45],[66,56],[65,83],[0,34],[109,48],[27,52],[69,10],[99,-105],[40,-9],[96,34],[92,16],[-15,63],[42,56],[-7,82],[111,61],[76,-31],[69,47],[50,55],[77,13],[38,-57],[64,11],[177,78],[97,-90],[79,48],[101,110],[91,18],[73,-12],[-20,-75],[63,-71],[-5,-80],[118,-71],[25,-62],[93,-13],[38,-91],[36,30],[111,-10],[49,-25],[53,24],[24,68],[78,65],[106,-26],[57,33],[-21,49],[53,61],[83,39],[20,104],[72,79],[79,-25],[28,-46],[90,19],[10,30],[90,64],[121,-74],[80,5],[28,23],[154,19],[83,73],[14,46],[62,50],[-15,44],[-2,102],[-21,47],[80,79],[18,65],[91,24],[74,34],[49,51],[43,15],[115,-17],[91,-26],[30,38],[57,-29],[41,22],[69,19],[43,38],[154,7],[97,-19],[86,24],[35,29],[124,-27],[34,-51],[94,39],[48,-10],[36,-70],[39,-28],[73,5],[60,72],[130,-45],[54,26],[95,-35],[37,127],[93,9],[100,-71],[66,-71],[70,4],[22,-78],[76,-17],[61,46],[38,-8],[31,-49],[37,-12],[14,-51],[63,12],[52,86],[82,42],[-2,102],[-41,51],[90,82],[-9,34],[26,66],[-5,89]],[[107913,112358],[122,-26],[118,26],[90,25],[79,95],[120,62],[199,21],[79,-10],[37,13],[106,-2],[53,-29],[116,-24],[43,35],[77,-23],[6,47],[-41,11],[-23,53],[44,52],[144,27],[27,-30],[-26,-52],[40,-91],[-55,-120],[-1,0],[-20,-33],[39,-100],[84,-66],[147,-50],[124,-111],[42,-1],[84,10],[39,-17],[-39,-101],[-75,-123],[-127,-170],[24,-36],[6,-39],[57,-12],[-21,-92],[-133,-39],[-43,-71],[-28,-122],[55,-70],[-41,-190],[-53,-121],[-4,-53],[-106,-173],[39,-20],[11,-66],[-38,-103],[29,-8],[-11,-72],[91,-59],[19,-44],[-21,-26],[-61,-3],[-1,-90],[71,-47],[6,-52],[64,-32],[25,-35],[71,-13],[51,38],[33,-27],[0,0],[3,-7],[47,84],[-51,42],[3,61],[61,18],[77,-48],[43,-65],[50,-107],[12,-54],[53,-116],[68,-114],[54,-44],[98,-19],[47,-23],[66,-62],[26,1],[91,-285],[-57,-87],[10,-54],[-45,-107],[-69,-28],[-41,-98],[-80,-69],[-62,-13],[-15,-61],[-58,25],[-76,-3],[72,-59],[-43,-38],[-58,-19],[-44,43],[-24,-46],[-66,-19],[-56,-88],[13,-45],[70,28],[23,59],[37,9],[-9,-89],[20,-79],[-64,-52],[33,-27],[101,18],[39,45],[88,-5],[31,-35],[84,52],[102,20],[21,-38],[143,26],[101,-33],[-34,-36],[-139,-33],[-23,8],[-90,-34],[-81,-51],[3,-43],[71,22],[102,9],[25,32],[190,-43],[86,69],[110,40],[53,-112],[-98,-29],[-78,-64],[-67,3],[-24,-40],[-224,-86],[-60,-77],[-94,-11],[-29,-27],[-57,-1],[-203,-143],[-55,4],[-61,-31],[-146,1],[-34,-60],[-71,-18],[-34,-75],[-42,-39],[13,-55],[-60,5],[-20,60],[-63,-14],[-62,12],[10,-74],[-36,-21],[-46,47],[-26,-44],[46,-93],[-24,-27],[-12,-80],[-43,-54],[-4,-59],[0,0],[-8,-14],[-43,22],[0,0],[-6,-1],[-21,-1],[-7,50],[-9,19],[-41,-31],[-82,-13],[-21,-97],[27,-70],[-19,-34],[-145,-111],[-46,-14],[-10,-19],[-4,-2],[-21,13],[-69,-84],[-51,9],[-33,-57],[-122,-31],[-31,-56],[-32,1],[-2,-1],[-11,-5],[0,0],[-3,-3],[-3,-1],[-1,1],[-11,-7],[0,0],[-1,-2],[-2,-5],[0,0],[0,0],[-1,-1],[0,-1],[0,0],[-7,-6],[-7,-2],[0,0],[-1,0],[0,-1],[-3,-2],[-4,-3],[-8,-3],[-1,-4],[-12,-1],[0,0],[-2,-2],[0,0],[-2,0],[0,0],[-1,-2],[0,0],[0,0],[-1,1],[0,0],[0,0],[-1,0],[-1,0],[0,0],[0,0],[-9,-4],[0,0],[0,0],[-32,-12],[0,-1],[-3,0],[-2,0],[1,1],[0,0],[-20,-8],[-13,-21],[-2,-1],[-15,-4],[-14,-15],[0,0],[-1,-2],[0,0],[0,-1],[-1,-1],[-3,-1],[0,0],[-3,-1],[-2,0],[-1,0],[-1,0],[-2,-1]],[[109413,110815],[62,-70],[-32,-69],[-53,-26],[-61,25],[56,124],[28,16]],[[109822,112708],[-4,-40],[-55,-73],[5,-51],[-64,-84],[-35,-102],[-14,-228],[-100,78],[-45,3],[-181,75],[-32,66],[12,39],[111,1],[68,48],[68,-11],[66,-31],[-9,67],[-63,22],[-8,56],[37,61],[111,12],[65,27],[26,48],[41,17]],[[109491,112632],[-2,-2],[-35,-35],[-58,-88],[-75,-48],[28,98],[-51,53],[37,64],[15,63],[68,46],[42,57],[81,-11],[40,-72],[-28,-32],[23,-76],[-60,-52],[-25,35]],[[109945,108594],[45,-48],[-66,-104],[-48,3],[-34,53],[23,56],[80,40]],[[111474,108486],[1,-82],[-75,-110],[-53,29],[23,52],[104,111]],[[110161,108618],[-23,-89],[-46,11],[69,78]],[[110741,108421],[-44,-38],[-74,-3],[49,25],[39,13],[30,3]],[[108091,106469],[-2,-1],[2,1],[0,0]],[[108342,106138],[145,-98],[-39,-56],[-65,8],[-60,88],[19,58]],[[107781,105969],[0,-2],[0,0],[-2,-4],[-2,-5],[-1,1],[-7,-2],[-2,-1],[0,0],[-20,10],[-1,1],[0,0],[-15,48],[55,14],[-5,-60]],[[107479,106193],[1,-1],[-3,0],[0,0],[-1,0],[0,1],[2,0],[0,0],[0,0],[1,0]],[[107510,106259],[0,0],[-6,0],[4,0],[0,1],[0,0],[0,0],[2,-1]],[[107547,106262],[0,-1],[-1,0],[-1,-1],[0,1],[0,0],[0,0],[0,1],[0,0],[2,0]],[[107477,106190],[1,1],[1,0],[1,0],[-1,-1],[-2,0]],[[107699,106259],[1,1],[0,-1],[-1,0]],[[107544,106262],[0,0],[-1,-1],[0,1],[0,0],[0,0],[1,0]],[[107444,106193],[0,0],[0,0],[1,0],[-1,0],[0,-1],[0,0],[-1,0],[0,1],[0,0],[1,0],[0,0]],[[107477,106191],[0,0],[0,0],[0,0],[-1,0],[0,0],[0,0],[1,0]],[[107444,106193],[-1,0],[0,1],[1,0],[0,-1]],[[108104,106469],[1,-1],[-1,0],[-1,0],[0,0],[0,0],[0,0],[-1,0],[1,0],[1,1]],[[107461,106192],[-2,-1],[1,1],[1,0]],[[107501,106257],[-1,0],[0,0],[1,0],[0,0],[0,0],[0,0],[0,0]],[[107501,106257],[1,0],[0,0],[0,0],[1,0],[-2,0]],[[108005,106412],[0,0],[-1,-1],[0,1],[1,0]],[[107502,106253],[0,0],[0,0],[0,0],[0,-1],[0,1],[0,0]],[[107527,106256],[0,0],[0,0],[-1,0],[0,0],[1,1],[0,-1],[0,0]],[[107533,106247],[1,-1],[-2,0],[1,0],[0,1]],[[107972,106402],[0,0],[0,-1],[0,1]],[[107526,106260],[0,0],[-1,0],[1,0]],[[107753,105947],[-1,1],[0,0],[1,0],[0,0],[0,-1]],[[107509,106214],[0,0],[-1,0],[0,0],[1,0]],[[108242,106551],[0,0],[1,1],[1,0],[0,0],[0,0],[-1,-1],[-1,0]],[[108263,106562],[0,0],[-1,0],[1,0]],[[108265,106562],[-1,0],[0,1],[1,-1]],[[106733,104974],[-2,3],[2,1],[0,-4]],[[100776,110198],[-12,63],[-60,28],[-60,70],[-89,22],[-155,-35],[-118,131],[-128,-60],[-85,39],[-53,86]],[[100016,110542],[120,11],[107,52],[47,42],[32,77],[25,112],[-22,22],[1,88],[34,43],[27,91],[-22,30],[11,209],[-66,14],[87,106],[33,267],[-25,57],[51,53],[5,60],[15,74],[-4,82],[-19,24],[36,56],[-8,67],[-43,-2],[-58,102],[-23,102],[-35,17],[0,0],[-46,26],[-85,79],[-73,30],[-10,76],[-166,83],[-27,29],[0,0],[-89,70],[10,40],[-53,15],[18,50],[-42,19],[-42,23],[-56,-2],[-25,13],[-1,1],[0,0],[98,40],[114,-48],[67,7],[35,-67],[165,-32],[77,-90],[-8,-46],[61,-50],[31,28],[73,9],[135,-67],[69,28],[20,38],[90,24],[40,61],[25,-43],[-38,-23],[-20,-84],[40,-66],[27,109],[30,-6],[-39,-155],[0,0],[28,26],[22,88],[79,8],[0,42],[62,-1],[33,-30],[56,54],[44,19],[42,71],[63,65],[146,91],[13,42],[-58,70],[5,79],[145,74],[46,-74],[118,63],[36,37],[-10,48],[-48,86],[61,43],[65,-80],[32,41],[-62,63],[99,52],[66,-132],[65,33],[3,48],[87,51],[10,31],[74,43],[38,41],[94,27],[-15,29],[-47,-6],[-16,137],[11,89],[-13,58],[186,104],[1,-51],[-106,-93],[-4,-61],[68,41],[117,115],[8,41],[78,-29],[11,-47],[-13,-80],[-92,-76],[-88,-3],[6,-45],[-81,-14],[36,-94],[114,35],[107,-15],[40,24],[-1,34],[154,142],[35,-7],[120,116],[-37,48],[16,61],[-23,45],[-21,73],[56,81],[45,-12],[16,-41],[65,7],[33,32],[52,-45],[42,7],[53,112],[-1,0],[11,20],[41,-17],[64,-83],[-4,-55],[45,-1],[40,59],[110,-36],[37,-82],[4,-58],[136,82],[23,-60],[98,-69],[17,-46],[248,-40],[55,22],[148,-30],[61,36],[23,-34],[99,-17],[39,155],[58,-4],[-11,-138],[48,-9],[4,116],[42,-28],[-8,-102],[62,34],[51,106],[13,71],[-7,88],[9,78],[79,-56],[67,-77],[70,-145],[49,6],[-39,142],[8,58],[53,17],[19,66],[36,11],[-25,63],[-35,-25],[-25,59],[79,16],[79,44],[60,-29],[83,-63],[73,-32],[39,-72],[-3,-52],[-59,-154],[26,-105],[-19,-41],[-30,-130],[51,-92],[53,-50],[77,-20],[44,27],[-4,61],[64,15],[21,130],[-39,19],[8,47],[57,-18],[12,-60],[58,13],[68,-25],[81,74],[-33,89],[-32,27],[-20,71],[66,26],[36,-44],[32,-136],[-4,-32],[58,-36],[17,-52],[59,-31],[78,13],[17,46],[71,78],[68,-70],[10,-96],[72,-1],[4,-39],[-43,-35],[8,-25],[0,0],[24,-94],[-50,-11],[-8,-42],[-74,-32],[-45,-42],[37,-136],[49,-91],[63,-46],[87,69],[41,-28],[0,0],[36,-79],[77,-46],[75,-14],[92,50],[67,-43],[98,-100],[160,-117],[59,-28],[94,12],[51,-40],[58,-2],[79,44],[6,75],[118,-63],[34,-41],[46,-106],[127,-73],[-50,-42],[-4,-52],[83,-78],[123,-91],[89,-45],[22,9]],[[104288,114584],[29,-130],[-26,-78],[-51,-9],[-59,-94],[-40,-19],[-24,42],[80,143],[91,145]],[[104370,114849],[30,-44],[-10,-77],[-90,-56],[-8,77],[32,84],[46,16]],[[104769,114565],[62,-32],[-37,-36],[-64,-9],[39,77]],[[103782,114021],[-65,-3],[14,57],[51,-54]],[[101066,114472],[79,-30],[-10,-44],[67,-88],[51,-113],[1,-43],[-74,-87],[-66,22],[-34,-12],[-30,-66],[1,-46],[-94,-14],[-134,103],[40,49],[-6,42],[21,91],[65,10],[20,90],[57,-15],[34,20],[-7,72],[19,59]],[[101697,114493],[47,-39],[74,-24],[-21,-95],[-60,-66],[-42,-1],[-52,-38],[-19,-55],[-63,-39],[-52,12],[-4,59],[28,43],[-31,65],[-38,34],[52,35],[87,12],[94,97]],[[100703,114602],[34,-41],[-34,-70],[54,-20],[-5,-68],[-84,-68],[-63,49],[6,74],[-47,63],[18,33],[121,48]],[[101715,114101],[54,-16],[15,-46],[-65,-41],[-40,3],[-7,60],[43,40]],[[100494,114297],[31,-82],[-55,17],[24,65]],[[102098,114431],[39,-57],[-21,-82],[-69,19],[-26,80],[77,40]],[[101949,114785],[43,-73],[-44,-63],[-42,31],[2,43],[-43,38],[84,24]],[[99346,111570],[139,-86],[-33,-33],[-50,1],[-56,118]],[[100192,112922],[4,73],[53,47],[33,18],[6,73],[-57,33],[20,63],[69,-12],[9,-40],[-30,-45],[35,-42],[64,-20],[47,57],[113,42],[-37,-71],[25,-46],[-40,-31],[-81,42],[-92,-32],[-35,-83],[-37,-6],[-17,-51],[-52,31]],[[100730,113095],[67,-18],[-8,-62],[-101,54],[42,26]],[[105658,115397],[-79,14],[-63,43],[-23,-11],[-102,83],[-56,62],[11,59],[-54,50],[34,20],[6,78],[50,83],[77,-95],[64,-21],[60,54],[105,-7],[101,32],[96,73],[55,-28],[91,34],[22,56],[63,51],[73,38],[5,53],[45,9],[24,50],[66,-62],[224,-11],[89,27],[35,60],[59,50],[135,54],[31,-9],[41,-9],[75,25],[12,-76],[74,-3],[-57,-71],[-25,-113],[92,-23],[47,-107],[-44,-54],[10,-145],[-60,-55],[-25,-63],[31,-24],[6,-61],[-80,-53],[2,-38],[46,-59],[54,-16],[-8,-84],[-32,-98],[-87,-113],[-44,-41],[47,-105],[-25,-54],[-42,24],[-33,62],[2,57],[-97,134],[-71,-27],[-72,25],[-114,-122],[-72,62],[-15,75],[65,36],[102,-29],[62,35],[87,-37],[-6,126],[-54,72],[-87,-10],[-44,35],[-34,-44],[-156,-75],[-79,-12],[-25,-84],[-51,-65],[29,-53],[-67,-88],[-39,-30],[-36,-108],[36,-53],[-53,-62],[-60,-37],[-77,2],[-20,60],[-41,44],[78,36],[54,47],[-23,64],[-88,-19],[9,66],[63,15],[41,74],[-7,61],[46,27],[-43,56],[-29,75],[-2,-3],[-1,-1],[1,-4],[-53,30],[37,44],[-47,47],[-62,-23],[-35,-48],[-56,80],[-45,19],[-70,-5]],[[104585,115582],[15,-53],[60,-47],[86,-8],[0,-117],[-85,-68],[-40,-80],[-75,-73],[-52,34],[-96,92],[-129,19],[-76,71],[-23,51],[6,56],[98,-11],[60,8],[101,99],[70,-2],[80,29]],[[105347,115519],[58,-53],[161,-48],[20,-36],[-69,-22],[-31,-42],[-54,11],[-44,-33],[-26,-98],[-52,-27],[-32,14],[-71,-25],[-76,127],[9,66],[111,147],[96,19]],[[104975,115391],[-15,-67],[-72,-35],[-91,23],[22,50],[156,29]],[[103500,115344],[19,-53],[98,27],[8,-40],[151,-122],[4,-67],[56,-20],[57,13],[-26,-74],[-60,-26],[-171,12],[-76,30],[-28,45],[12,48],[-43,32],[-29,68],[-10,117],[38,10]],[[104007,115663],[3,-29],[-37,-165],[-11,-102],[-35,14],[-40,65],[-5,77],[-28,43]],[[103824,115291],[41,-21],[-41,-102],[-43,5],[-10,84],[53,34]],[[103911,114950],[6,-27],[-67,-48],[-32,51],[93,24]],[[103535,115726],[19,-80],[-47,5],[28,75]],[[100633,113659],[148,-93],[24,-77],[-24,-48],[-90,23],[-57,98],[-26,80],[25,17]],[[100230,113978],[18,-53],[79,-118],[-40,-84],[-70,24],[7,94],[-31,100],[37,37]],[[100600,108753],[-157,13],[-83,-31],[-74,-91],[-94,51],[-58,46],[-140,-10],[-31,-50],[-70,-48],[-23,-37],[-111,29],[-51,53],[-33,3],[-48,75],[-67,-1],[-57,-35],[-75,-82],[3,-59],[-92,-44],[0,-94],[-78,-70],[-79,11],[-29,-93],[13,-44],[-79,-74],[-58,33],[-63,-27],[-32,36],[-92,8],[-27,34],[-59,-25],[-87,26],[-65,-31],[-146,9],[-71,48],[-121,-1],[-57,-32],[-48,0],[-86,-131],[-150,47],[-63,7],[-67,43],[-57,13],[-95,-106],[-116,-38],[-65,-73],[-68,15],[-83,-2],[-75,80],[-80,61],[-89,35],[-65,-10],[-76,-59],[-16,-53],[-63,-107],[15,-70],[-49,-121],[-69,-61],[-37,7],[-84,-69],[-50,14],[-110,-39],[-41,57],[-111,101],[-103,-11],[-21,-112],[-76,-134],[13,-37],[-36,-45],[-84,-72],[-59,-13],[-64,-67],[13,-181],[18,-27],[-200,-175],[44,-122],[-97,-53],[-83,-17],[-57,-108],[21,-25],[-19,-76],[19,-60],[-47,-153],[-92,-39],[-87,18],[-63,-5],[-56,-32],[-68,-15],[-23,-33],[-25,-135],[-48,-175],[56,-91],[54,-29],[6,-33],[-91,-84],[-117,-53],[-21,-70],[-56,-56],[-23,-107],[67,-53],[78,-100],[-19,-81],[22,-96],[-32,-74],[-121,-93],[-78,-43],[3,-78],[-38,-83],[-76,-74],[-51,-100],[-69,-61],[19,-106],[-153,-58],[-92,-21],[-98,-10],[-58,-35],[-122,-38],[-75,3],[-70,59],[-53,1],[-89,-38],[-130,-11],[-136,30],[-64,24],[-91,6],[-29,-23],[-155,15],[-20,24],[-140,52],[-67,-49],[-124,-26],[-39,6],[-38,-71],[-74,-5],[-38,-59],[10,-76],[130,-58],[43,-33],[12,-81],[-41,-94],[14,-76],[85,-31],[-22,-125],[36,-91],[52,-30],[127,5],[9,-92],[-23,-20],[32,-62],[1,-50],[32,-106],[63,-4],[70,-46],[90,-18],[60,-53],[43,-89],[54,-64],[22,-63],[6,-77],[-16,-41],[-26,-32],[16,-42],[-20,-66],[-128,-84],[-117,-24],[-138,-130],[-75,-39],[-96,-20],[-142,-62],[-64,18],[-160,-92],[-69,-7],[-57,-87],[-2,-53],[-86,-118],[-1,-60],[-53,-56],[28,-78],[-3,-62],[-33,-23],[-2,-58],[25,-34],[-4,-61],[26,-45],[-74,-57],[-80,-17],[-103,20],[-74,-25],[-21,-60],[33,-67],[-44,-38],[6,-46],[-59,-64],[-54,-90],[-59,-16],[-22,-77],[-62,-74],[-112,-74],[-26,-42],[0,-56],[-84,-30],[-61,103],[-64,64],[-105,49],[-26,62],[-121,131],[-75,19],[-40,58],[25,66],[-14,18],[-152,-61],[0,-82],[-43,-46],[42,-74],[51,-36],[26,-66],[45,-46],[-39,-160],[15,-28],[72,2],[8,-50],[57,-63],[21,-73],[68,-58],[88,-14],[25,-106],[32,-79],[7,-76],[-32,-55],[27,-103],[-27,-55],[-41,-31],[-43,-70],[32,-19],[48,-74],[47,-31],[63,-87],[7,-95],[-30,-78],[14,-125],[65,-77],[26,-75],[-50,-39],[54,-128],[3,-71],[38,-24],[-75,-116],[-14,-80],[24,-70],[-59,-73],[-22,11],[-96,-24],[-47,8],[-77,-37],[36,-76],[-7,-78]],[[91168,98176],[-78,32],[-154,-46],[-233,-90],[-66,-35],[-28,49],[31,54],[-65,22],[-59,117],[11,47],[144,74],[-89,4],[-57,-40],[-68,-5],[-21,-29],[-54,77],[-73,12],[-15,-31],[-104,30],[-30,-25],[16,-66],[87,-21],[-26,-39],[-62,-8],[-92,38],[-28,67],[9,55],[-63,17],[-174,15],[-74,-34],[-4,-44],[46,-31],[55,14],[63,-108],[-62,-2],[-44,-52],[-39,-10],[-86,-72],[33,-50],[105,17],[79,36],[63,1],[-11,-68],[-65,-25],[25,-34],[-59,-56],[-81,3],[-70,22],[-94,-37],[-42,26],[-78,1],[8,55],[-22,62],[24,78],[-38,13],[-21,122],[-40,50],[138,-9],[53,40],[45,-21],[35,43],[-14,46],[52,7],[27,83],[-121,37],[-65,55],[-39,81],[74,19],[-16,80],[76,45],[80,-29],[-49,-75],[49,-24],[-18,-89],[60,-16],[19,44],[67,-13],[12,-62],[55,43],[26,-51],[56,62],[59,-17],[121,-81],[21,70],[-68,23],[-29,53],[-46,-16],[-44,55],[-29,-20],[-165,51],[-23,74],[-50,51],[-33,67],[52,123],[-95,80],[-104,-16],[-6,151],[-27,40],[42,157],[-7,47],[-44,34],[-53,-34],[-2,-48],[-54,-15],[18,94],[-45,6],[-56,-39],[-37,33],[-60,-14],[11,-73],[-75,6],[1,69],[-52,39],[-45,-4],[-137,75],[-98,-35],[20,-100],[-10,-63],[-42,-61],[6,-61],[-53,-38],[5,-29],[-57,-35],[-65,9],[-32,-27],[-44,51],[71,33],[92,17],[25,65],[-5,83],[46,-11],[18,84],[-13,44],[-52,32],[-7,33],[76,39],[5,97],[72,30],[0,-89],[55,5],[52,29],[25,-27],[6,-90],[87,-20],[60,25],[45,-19],[74,15],[52,64],[96,-27],[53,51],[42,-55],[15,84],[-26,101],[-29,27],[-77,-32],[3,83],[-18,68],[108,65],[-85,42],[40,84],[-84,55],[14,54],[-33,16],[-48,73],[32,22],[62,-8],[8,-39],[102,-33],[27,55],[46,-6],[29,-43],[71,2],[5,76],[-21,51],[25,59],[-65,8],[-61,-13],[-43,18],[-81,-30],[-59,60],[-36,-31],[-92,46],[15,-82],[-31,-36],[-92,67],[19,98],[-11,21],[-166,74],[10,35],[72,-1],[-6,68],[30,57],[52,-19],[88,44],[50,-39],[70,31],[-3,13],[-54,36],[-26,51],[-11,8],[0,0],[-9,7],[-53,30],[-2,74],[1,7],[-44,-19],[-110,146],[-103,58],[-52,-48],[-103,14],[11,-61],[51,-45],[71,17],[-25,-76],[-73,-10],[-60,-53],[-50,27],[30,72],[-31,45],[-38,-5],[-16,30],[0,0],[36,15],[15,55],[155,2],[103,49],[130,-56],[67,-47],[69,8],[34,79],[-1,-64],[26,-75],[-19,-17],[40,-133],[54,-29],[46,-48],[86,69],[38,-19],[-59,-123],[90,-59],[94,76],[-15,28],[34,71],[37,8],[8,-79],[-22,-41],[128,25],[-48,39],[8,106],[-53,61],[31,25],[2,1],[1,1],[-62,-20],[0,0],[-88,17],[-31,73],[39,-45],[113,10],[-7,44],[-3,8],[-12,6],[-21,20],[26,-9],[5,5],[-6,13],[2,7],[49,18],[27,72],[30,7],[114,0],[62,39],[89,-38],[-43,128],[42,7],[36,-39],[69,-5],[-31,56],[-10,73],[-41,-9],[-64,22],[-48,51],[-29,66],[-72,-6],[-28,52],[31,34],[127,34],[38,32],[18,114],[-76,-46],[-146,-37],[-35,-18],[-82,-4],[-32,31],[5,61],[-95,34],[-45,-19],[-18,52],[-38,9],[-67,-56],[77,-39],[-134,-101],[52,122],[-23,44],[44,34],[20,52],[39,25],[-7,82],[60,55],[150,71],[28,56],[37,-19],[111,-2],[37,26],[-15,69],[-39,34],[-96,34],[-70,-25],[-60,-53],[0,0],[0,1],[-32,80],[8,31],[-46,35],[-38,-46],[-100,-32],[-85,6],[-20,-64],[-38,-30],[-83,-13],[-108,25],[-101,88],[-46,-64],[-16,-102],[-60,-6],[-51,40],[-48,-7],[-53,29],[-15,80],[-71,33],[-33,-23],[-50,42],[-112,-28],[-10,44],[20,66],[28,11],[17,83],[147,29],[3,42],[73,40],[107,-9],[-23,76],[95,12],[11,26],[-43,59],[-53,23],[45,197],[-114,-74],[-37,-47],[-83,-63],[-10,74],[-64,129],[-32,13],[6,34],[63,51],[31,-1],[66,53],[-2,27],[-63,53],[40,30],[1,68],[-72,73],[87,105],[44,-41],[61,-2],[-25,57],[41,67],[73,69],[-104,29],[117,114],[-5,65],[-83,-45],[-55,20],[-76,-18],[-65,37],[0,0],[29,79],[90,-30],[19,60],[-110,66],[-70,-29],[-49,-139],[-44,14],[-9,74],[-12,44],[-62,68],[-107,44],[-64,-4],[68,-108],[-32,-12],[-115,29],[-30,-30],[-62,14],[-51,-52],[10,-38],[-55,-97],[-55,58],[-43,79],[-2,41],[-66,18],[-27,-28],[-20,-83],[-79,-29],[1,-56],[-40,-33],[-15,-76],[-106,-8],[-41,-40],[-73,-9],[-85,-64],[-23,-42],[-105,-78],[-94,2],[-89,-30],[-113,-87],[-122,-12],[-69,-19],[-64,-61],[-89,-105],[-87,-47],[-34,-40],[-10,-148],[-69,-2],[-103,-64],[-44,-69],[-48,23],[-205,-35],[-6,81],[22,39],[97,-8],[-21,74],[50,25],[32,74],[-20,28],[-232,-38],[-95,-82],[-59,4],[-40,-66],[-63,18],[-27,-47],[-92,-39],[-53,-59],[30,-28],[-108,-90],[-53,-23],[-84,-68],[-34,49],[59,26],[19,64],[67,52],[19,58],[53,15],[75,79],[250,150],[-7,25],[54,81],[114,68],[106,46],[71,98],[81,32],[36,-42],[-3,-110],[63,-17],[24,29],[2,131],[40,1],[59,-38],[13,-57],[42,-41],[62,44],[48,0],[42,83],[-47,58],[-75,55],[-81,39],[77,59],[74,-82],[51,-37],[68,18],[-4,73],[-41,100],[80,51],[127,-73],[35,31],[-32,65],[48,57],[102,-113],[71,18],[62,-33],[-6,79],[18,81],[69,30],[71,-1],[26,-28],[68,-19],[30,-65],[63,21],[41,40],[6,117],[-66,55],[87,6],[45,46],[29,-45],[61,87],[39,-22],[89,91],[105,-1],[9,58],[102,10],[32,60],[44,-6],[67,63],[52,-16],[25,51],[102,36],[39,61],[37,-1],[88,64],[62,26],[8,24],[119,34],[-5,30],[46,47],[161,92],[54,2],[67,77],[14,34],[64,54],[-1,99],[81,55],[79,125],[65,65],[-6,48],[47,28],[119,103],[-3,51],[54,61],[46,-15],[217,162],[24,-32],[48,17],[146,96],[398,146],[115,30],[51,45],[143,96],[46,66],[65,58],[81,23],[103,111],[90,33],[110,120],[36,114],[64,128],[40,55],[53,171],[121,72],[67,96],[2,68],[-17,102],[-37,107],[-42,26],[-17,54],[40,16],[-32,95],[-31,18],[37,46],[31,86],[-37,12],[36,69],[-7,61],[-45,48],[69,62],[57,-10],[-8,81],[-41,25],[6,40],[133,23],[20,52],[-47,174],[-77,33],[12,93],[40,35],[44,120],[11,75],[200,-43],[143,32],[75,62],[23,70],[-9,69],[42,69],[9,72],[58,129],[9,102],[22,80],[-18,126],[11,69],[29,45],[3,64],[-34,48],[61,78],[83,59],[76,6],[80,26],[55,74],[67,28],[27,44],[54,18],[59,75],[64,0],[27,73],[91,66],[51,-1],[19,96],[72,50],[34,-30],[160,24],[123,88],[164,-34],[55,122],[8,67],[-26,72],[93,13],[11,66],[-48,167],[-146,43],[-130,16],[-3,66],[193,-30],[56,-24],[49,83],[75,39],[26,120],[24,48],[59,-86],[12,-57],[37,-58],[115,-56],[36,-102],[35,62],[41,13],[39,-96],[30,-111],[67,-74],[33,-103],[107,-174],[56,15],[95,-52],[23,-139],[58,33],[26,-43],[-40,-33],[69,-89],[7,-61],[43,-74],[82,-201],[84,-129],[0,0],[-6,-33],[65,-114],[-52,-40],[34,-61],[30,20],[56,-88],[105,-110],[10,-100],[60,-9],[81,-76],[62,78],[108,-74],[-25,-76],[-40,-41],[42,-52],[30,121],[70,50],[-15,-106],[80,-45],[4,2],[49,1],[244,106],[0,0],[53,-62],[48,-12],[-46,101],[79,22],[-20,63],[72,20],[26,-57],[67,19],[20,-111],[25,17],[-12,97],[327,64],[12,45],[71,9],[57,42],[7,40],[-13,117],[68,64],[76,-120],[83,88],[-53,27],[31,37],[61,-32],[31,63],[53,-68],[38,30],[51,-18],[138,30],[69,54],[30,59],[51,-5],[68,-35],[-2,-76],[41,0],[-4,92],[86,-18],[46,-75],[51,-50],[137,18],[70,31],[97,25],[42,51],[79,-22],[84,23],[35,-51],[146,9],[117,-17],[85,-43],[19,31],[123,-106],[96,-21],[82,-3],[46,-35],[112,40],[128,29],[107,73],[49,54],[67,-8],[66,31],[48,73],[-102,85],[99,107],[80,-12],[50,14],[58,73],[77,46],[-33,40],[20,42],[48,-19],[24,54],[42,-11],[44,48],[30,64]],[[91075,110261],[59,-55],[-104,-112],[-2,-109],[39,-129],[-22,-30],[-104,-21],[-13,-37],[42,-33],[59,-2],[16,-83],[-8,-71],[-52,2],[-29,-32],[-80,43],[-71,-1],[-112,-77],[-11,-75],[-29,-13],[-97,106],[18,36],[-54,77],[-80,65],[87,15],[84,94],[80,64],[52,103],[46,-15],[69,13],[100,112],[-2,28],[114,50],[5,87]],[[91300,108660],[-67,6],[41,157],[-12,29],[31,60],[-27,52],[-71,49],[13,55],[131,-12],[63,49],[-10,82],[78,4],[32,56],[41,-14],[-4,-85],[-43,-47],[29,-86],[-96,-35],[-50,8],[-38,-24],[-14,-90],[88,-143],[62,-26],[-55,-38],[-77,14],[-45,-21]],[[90287,109995],[13,-46],[-59,-50],[-11,-77],[-108,-109],[-27,-85],[-72,87],[67,56],[-33,103],[-28,37],[98,58],[58,-21],[26,40],[76,7]],[[91226,109770],[101,-41],[6,-134],[-87,-22],[-19,-42],[-49,-15],[-67,72],[-9,40],[35,71],[58,22],[31,49]],[[89826,109953],[41,-20],[57,10],[-27,-75],[-67,-14],[2,-65],[-72,-16],[-2,-38],[-70,-8],[26,56],[-43,48],[71,98],[38,-9],[46,33]],[[90175,109376],[30,-56],[-92,-8],[-70,-61],[-83,-7],[-86,70],[53,46],[24,-29],[115,-9],[90,26],[19,28]],[[91487,109810],[30,-15],[47,-115],[-108,-2],[-28,48],[50,23],[9,61]],[[90027,108431],[-15,-90],[-62,80],[36,43],[41,-33]],[[91012,108895],[67,-43],[-53,-40],[-14,83]],[[94145,112222],[-34,-20],[-99,-18],[-69,60],[-44,131],[60,129],[36,33],[61,-40],[14,73],[91,-9],[69,-23],[81,9],[17,132],[28,113],[-59,60],[33,52],[-54,68],[-143,-60],[-63,50],[52,86],[73,12],[61,-18],[17,56],[-54,131],[50,49],[86,-22],[38,16],[52,68],[61,33],[137,-51],[32,-25],[56,-86],[8,-90],[52,-84],[30,-78],[31,-36],[85,-8],[-31,-57],[7,-57],[-27,-90],[19,-76],[-14,-63],[58,-73],[-79,-72],[-44,7],[-40,-40],[-82,-29],[-114,29],[-186,-20],[-40,-27],[-32,-55],[-98,-21],[-89,-49]],[[94547,111486],[34,70],[-28,53],[74,100],[20,96],[45,-16],[22,-60],[58,26],[4,71],[-40,52],[-20,82],[-69,7],[-52,63],[10,53],[53,25],[26,89],[63,22],[165,-39],[131,-1],[67,-61],[4,-102],[67,-83],[68,9],[20,36],[59,16],[75,-6],[0,-110],[-51,-58],[-138,-22],[-58,-75],[-15,-63],[-50,-30],[-48,-56],[-70,-28],[-69,-127],[-78,-30],[-25,-78],[-50,-3],[-23,-59],[-51,28],[-139,-8],[-16,50],[80,73],[8,68],[-63,26]],[[95018,112460],[0,1],[-62,104],[21,67],[71,36],[41,-52],[50,-13],[83,34],[55,56],[28,2],[48,-32],[36,41],[45,-32],[-32,-50],[31,-49],[-13,-54],[90,-66],[89,-1],[48,-40],[-123,-70],[55,-79],[-19,-58],[-92,4],[-26,-34],[-57,36],[-36,90],[-55,18],[-114,-118],[-55,41],[-68,126],[-96,-26],[-52,62],[28,37],[81,19]],[[93210,112242],[85,-70],[77,17],[33,-23],[-19,-74],[-68,11],[-51,-87],[-36,20],[-51,81],[-58,46],[-3,47],[59,-7],[32,39]],[[93685,112294],[47,-75],[17,-71],[34,-44],[-42,-25],[-75,16],[-2,79],[-22,82],[43,38]],[[94380,111813],[54,-51],[68,-12],[-42,-66],[-154,48],[14,51],[60,30]],[[95229,112214],[47,-79],[-75,-68],[-26,40],[54,107]],[[96101,111297],[57,-44],[5,-57],[-50,7],[-45,47],[33,47]],[[93509,112207],[19,-58],[-81,-39],[-23,43],[85,54]],[[93929,112817],[49,-21],[-5,-51],[-63,14],[19,58]],[[96195,111423],[-48,-38],[-1,-44],[-54,4],[33,66],[70,12]],[[89847,101618],[8,10],[27,38],[72,-26],[77,-120],[-5,-35],[-107,-34],[-22,-39],[-84,106],[3,49],[31,51]],[[88538,101303],[-66,-40],[-57,-12],[-14,-104],[-47,70],[-19,-5],[6,44],[-51,24],[-15,0],[49,19],[20,-22],[82,19],[15,42],[11,13],[98,52],[5,4],[53,-64],[-23,-38],[-47,-2]],[[87476,101035],[90,-73],[50,-66],[112,44],[60,40],[-21,-102],[-36,-37],[-65,34],[-79,5],[-73,-16],[-29,56],[12,72],[-1,0],[-20,43]],[[87476,101035],[-1,-1],[0,0],[1,1],[0,0]],[[87944,100647],[-81,12],[-73,49],[0,0],[-25,1],[-46,78],[43,-14],[115,-6],[6,-74],[61,-46]],[[88163,100168],[0,0],[-63,-13],[-99,-24],[6,55],[84,23],[74,0],[-2,-41]],[[88978,100261],[-51,-27],[-3,-67],[-28,-30],[-49,41],[32,45],[99,38]],[[88717,100803],[0,1],[-1,2],[0,0],[-1,1],[0,1],[0,0],[-1,1],[0,1],[0,0],[-1,-1],[-1,-1],[-6,-2],[0,0],[0,0],[-1,1],[-1,1],[-1,0],[0,1],[0,0],[0,0],[0,1],[0,0],[-1,1],[-1,-1],[-3,0],[-1,2],[0,0],[0,1],[-1,0],[0,0],[1,2],[0,1],[0,0],[0,1],[-1,0],[-1,1],[0,0],[0,1],[0,1],[0,0],[1,0],[5,0],[1,2],[0,1],[3,3],[1,3],[0,1],[0,0],[1,0],[1,1],[3,2],[0,1],[0,0],[4,0],[8,4],[20,18],[0,0],[2,0],[0,-1],[0,0],[0,0],[1,-1],[0,0],[0,-1],[0,0],[5,-19],[0,0],[1,-1],[2,-1],[1,0],[0,-1],[1,-2],[-2,-1],[0,0],[-1,0],[-1,2],[-2,0],[-1,-1],[0,0],[2,-3],[0,0],[0,0],[2,-1],[0,-1],[-2,-1],[0,0],[0,0],[-3,-2],[0,0],[0,-1],[0,0],[0,-1],[1,-2],[2,-2],[0,0],[-3,-1],[-1,0],[0,1],[1,1],[-2,-1],[0,0],[0,-1],[-2,-2],[0,0],[0,-1],[0,-1],[0,-1],[0,-1],[1,0],[1,0],[0,-1],[-3,-1],[-1,-1],[0,2],[1,0],[1,1],[-1,0],[-2,-1],[-2,0],[0,0],[0,-1],[-3,-1],[-2,-1],[-2,0],[0,-1],[0,0],[2,-2],[0,0],[0,-1],[0,0],[0,-1],[0,0],[0,-1],[0,0],[-2,-2],[0,0],[-2,-1],[-1,0],[-3,2],[-1,2],[0,1],[0,0],[0,0],[1,2],[0,0],[-1,1],[-1,-1],[-1,0],[-1,0],[-2,0],[0,0],[-1,0],[-1,1],[0,0],[0,0],[-1,1],[0,-1]],[[88809,101024],[29,0],[-10,-11],[-8,0],[0,0],[-43,15],[32,-4]],[[88717,100803],[0,-1],[1,-1],[0,0],[0,-1],[0,0],[0,0],[0,-1],[0,0],[0,0],[0,-1],[0,0],[0,-1],[-2,1],[0,0],[-1,0],[0,1],[-1,0],[0,1],[-1,0],[-1,1],[0,0],[-1,1],[0,1],[0,0],[0,0],[1,1],[0,0],[0,1],[0,0],[0,0],[1,2],[1,0],[2,-1],[0,-1],[0,0],[1,-1],[0,0],[0,-1]],[[88242,103213],[62,-33],[69,6],[59,-24],[-7,-33],[-57,-10],[-35,22],[-46,-17],[-45,89]],[[88227,103381],[39,-8],[-55,-95],[-46,51],[62,52]],[[97805,109956],[-42,44],[-74,20],[3,60],[41,40],[48,-20],[89,15],[-10,-123],[-55,-36]],[[89632,107152],[-92,-28],[-52,28],[17,3],[60,15],[67,-18]],[[95831,113160],[-1,-31],[52,-67],[71,-121],[0,-59],[-62,-38],[-61,-64],[-114,-20],[-61,-36],[-21,46],[12,46],[-19,79],[16,96],[33,15],[16,62],[51,64],[88,28]],[[96549,113286],[42,-89],[37,-34],[-6,-39],[-56,-41],[-37,-76],[-60,-9],[-112,-92],[51,-149],[-60,-52],[-66,9],[-5,100],[38,99],[-42,17],[-8,101],[105,84],[21,84],[42,2],[116,85]],[[96013,113217],[40,-38],[21,-54],[34,-14],[36,-75],[2,-118],[-72,-30],[-53,24],[-25,83],[14,49],[-53,123],[56,50]],[[96212,112904],[37,-33],[-10,-95],[-43,-16],[-19,-69],[23,-37],[-48,-59],[-36,30],[-7,103],[23,29],[0,68],[48,72],[32,7]],[[95936,112784],[43,-11],[35,-44],[-45,-80],[-90,5],[-54,-16],[-14,73],[30,44],[95,29]],[[97303,112092],[33,-34],[78,-20],[63,2],[2,-62],[-101,-22],[-60,76],[-15,60]],[[96955,112271],[7,-79],[32,-95],[-77,-20],[-25,40],[4,123],[59,31]],[[97773,111984],[63,-78],[-53,-16],[-10,94]],[[88324,104069],[-4,-35],[-70,-22],[-2,47],[76,10]],[[89288,98473],[33,-27],[-31,-75],[-79,4],[-22,-30],[-72,2],[94,82],[31,-11],[46,55]],[[106653,105067],[-51,-109],[-37,1],[-21,-10],[-49,-66],[-33,-9],[-17,-106],[58,-11],[-102,-96],[-81,-98],[-24,-79],[-62,-64],[-84,-124],[-96,-164],[-14,-50],[10,-96],[-59,-95],[-6,-49],[-104,-171],[-110,-239],[-10,-87],[30,-47],[-20,-123],[-61,-104],[-1,-64],[-34,-73],[-28,-135],[-2,-151],[-41,-103],[-15,-146],[-36,-66],[-20,-75],[7,-45],[0,0],[-2,-117],[-19,-120],[6,-63],[-17,-31],[-23,-124],[-64,-51],[-11,12],[-5,5],[0,0],[0,1],[0,0],[-12,31],[0,0],[-67,189],[-94,119],[-10,64],[-81,46],[-13,42],[-48,27],[-21,45],[-60,20],[-85,1],[-53,-54],[-71,48],[13,34],[2,10],[8,36],[-40,190],[-57,75],[-152,78],[-70,65],[-22,59],[-63,107],[-123,120],[-115,40],[-22,-17],[-49,87],[32,62],[6,94],[-56,175],[-30,66],[-164,89],[-171,61],[-74,48],[-22,27],[-90,46],[-137,41],[-25,40],[-58,46],[-76,144],[25,131],[-23,35],[1,1],[-49,79],[-133,70],[-167,51],[-125,28],[-101,39],[-224,36],[-124,3],[-52,21],[-22,49],[-147,31],[-377,19],[-92,-14],[-107,51],[-40,2],[-5,62],[20,59],[-65,51],[-102,23],[-123,2],[-220,-15],[-185,-33],[-227,-36],[-528,-124],[-100,-40],[15,-28],[-39,-50],[-38,45],[-62,-28],[-66,-94],[-58,-8],[-13,35],[0,1],[59,82],[-42,31],[6,182],[14,50],[43,38],[-20,41],[-83,-7],[-14,-37],[-60,22],[2,-3],[2,-24],[-9,-6],[60,-19],[0,0],[17,-2],[7,-63],[-120,-55],[-11,-17],[5,-23],[0,0],[0,-45],[56,-83],[48,-13],[1,-1],[7,-16],[-20,-47],[1,1],[0,0],[5,-19],[27,-28],[56,-3],[97,24],[-24,-47],[-84,-39],[-115,-34],[-150,-59],[-254,-122],[-53,-62],[-57,-14],[-133,-60],[-47,-37],[-116,-47],[-74,-57],[-118,22],[-51,-15],[-37,-109],[-47,-23],[-82,29],[-2,103],[-52,-60],[-72,-4],[-42,47],[-73,-26],[78,-95],[-2,-45],[-52,5],[-32,-38],[-92,-22],[-36,28],[-127,3],[-87,-102],[-48,-11],[-41,-46],[102,-8],[54,-75],[20,32],[-11,87],[90,31],[0,-79],[56,-43],[10,67],[61,2],[60,69],[14,-46],[111,144],[47,74],[46,-31],[27,-80],[44,14],[51,-24],[9,58],[38,-3],[21,69],[162,-127],[-18,-89],[-107,15],[-26,-17],[-37,-64],[-29,20],[-228,-57],[6,-48],[-141,-23],[-35,-24],[-33,46],[-48,-34],[-180,-27],[-63,22],[-46,-28],[-75,10],[-52,-51],[-17,-44],[-68,-25],[-17,-30],[24,-175],[-38,-1],[-2,-68],[-59,37],[27,116],[-39,43],[-42,-50],[-62,17],[-91,-14],[-89,48],[54,27],[44,53],[-18,66],[-41,77],[-56,-9],[70,-104],[-30,-64],[-92,-12],[-32,-30],[21,-66],[-71,-26],[-78,-59],[-38,-7],[-26,-65],[55,-46],[-42,-128],[34,-78],[-36,10],[-20,-53],[-13,-36],[-49,11],[-14,-52],[-5,-21],[-4,32],[-60,29],[-95,-55],[-6,-47],[52,-17],[69,-47],[133,-72],[0,0],[1,-1],[-190,-162],[41,-81],[9,-81],[-16,-67],[70,-12],[19,52],[56,8],[25,-37],[-45,-76],[27,-103],[55,-42],[-75,-43],[-7,-41],[-73,-1],[0,-63],[79,-68],[-62,-54],[52,-40],[9,-45],[-158,-95],[-4,-83],[-35,-44],[7,-77],[-154,-44],[-39,-21],[-44,-95],[59,-94],[45,-14],[-24,-78],[12,-114],[25,-36],[-79,-21],[-86,87],[15,63],[-78,27],[-63,0],[-69,-43],[-16,-36],[-115,-109],[-30,-50],[-32,-117],[-86,-109],[-10,-76],[-60,-90],[8,-24],[-93,-157],[-72,-44],[-21,14],[-97,-55],[-67,-119],[-55,-28],[38,-75],[-3,-41],[-89,-50],[-30,-102],[0,-78],[-29,-86],[38,-56],[-25,-60],[-49,30],[-76,15],[-12,44],[-40,17],[-29,48],[-113,-6],[-40,24],[-110,-2],[-90,-28],[-153,-146],[-96,-153],[-26,-88],[13,-67],[-38,-29],[-34,-137],[43,-43],[-39,-53],[-42,-102],[-21,-111],[16,-40],[49,-29],[-32,-50],[-17,-109],[30,-102],[44,-20],[59,-97],[-25,-72],[1,-105],[22,-67],[7,-96],[-69,-16],[-78,-126],[-4,-65],[-62,58],[-46,-35],[-141,15],[-60,-19],[-35,-34],[-53,-11],[-14,-50],[61,-55],[-13,-55],[19,-63],[-30,-39],[48,-48],[8,-48],[-62,-19],[-23,-60],[14,-84],[43,-41],[20,-52],[36,-7],[29,-54],[68,-6],[57,-51],[118,-39],[43,-34],[53,-1],[-2,-50],[59,-96],[25,-74],[68,-63],[-34,-82],[45,-107],[-1,-65],[32,-107],[-18,-49],[-112,-7],[-28,-24],[-138,86],[-27,42],[-203,-45],[0,95],[51,80],[-21,71],[-55,26],[5,45],[-96,-6],[-2,93],[38,67],[76,36],[-63,34],[-39,-68],[-62,-67],[-59,55],[-19,78],[35,58],[-78,41],[-63,-54],[-47,6],[-101,60],[-102,6],[-136,24],[-35,-30],[-39,18],[-42,-23],[49,-49],[-42,-89],[32,-49],[-65,-25],[-62,37],[29,40],[26,16],[1,99],[-93,55],[-16,-40],[-74,-3],[-67,-65],[-55,-1],[-34,-131],[-25,-32],[-57,-10],[-28,-50],[-75,14],[-2,-96],[-114,-18],[-14,-42],[-118,20],[-28,81],[-65,-32],[-82,87],[-47,-16],[1,-50],[-76,-32],[-75,84],[-18,72],[-51,69],[-37,-6],[-57,71],[-28,-6],[-27,78],[-33,33],[-42,99],[-42,-32],[-31,46],[-40,-39],[-136,-18],[-9,-62],[-103,-67],[-113,23],[-46,-42],[-80,7],[-50,-41],[-16,-129],[-66,41],[-33,77],[-12,92],[51,-18],[29,49],[-80,18],[-66,121],[23,15],[65,-28],[15,32],[73,-16],[46,66],[-73,84],[-4,61],[61,11],[-2,60],[55,-23],[35,33],[28,96],[-33,42],[86,23],[-5,45],[-60,43],[9,76],[59,97],[53,1],[65,69],[85,40],[1,83],[58,49],[24,-21],[51,35],[59,-93],[45,0],[22,53],[-46,12],[-21,87],[88,11],[6,76],[-59,-21],[-18,90],[38,11],[-52,106],[-5,64],[-25,22],[-94,-83],[-38,24],[20,87],[-64,-21],[12,-42],[-43,-34],[-23,37],[-49,-35],[-69,-8],[-146,67]],[[97538,103158],[1,0],[-2,-2],[1,2]],[[90136,96296],[44,-32],[23,-57],[53,9],[-1,-59],[88,-25],[23,-45],[-28,-73],[-1,-50],[46,-86],[-17,-41],[-151,-66],[-102,-58],[-28,37],[46,61],[31,2],[21,56],[-35,25],[-80,96],[45,55],[38,157],[-28,37],[13,57]],[[89591,96876],[101,-26],[-41,-84],[-123,-13],[-7,37],[53,37],[17,49]],[[91546,98104],[79,-51],[-85,-42],[-56,27],[-12,64],[74,2]],[[89613,96167],[27,-67],[-59,-1],[32,68]],[[96808,102689],[0,0],[-1,-1],[1,1]],[[90922,96487],[-38,-57],[-68,-11],[23,57],[83,11]],[[75712,108152],[-3,3],[6,4],[4,-2],[-7,-5]],[[77375,105823],[-72,-133],[4,-88],[-53,-93],[4,-113],[27,-39],[95,-76],[42,-108],[-35,-155],[-95,-107],[-94,-63],[28,-83],[-15,-55],[57,-39],[17,-67],[-83,-11],[-37,32],[-80,-27],[-123,-16],[-75,13],[-32,-37],[-105,-4],[-126,63],[-47,-33],[-64,29],[-132,-23],[-93,16],[-20,25],[-42,13],[-92,-26],[-103,68],[-62,56],[-55,-3],[-29,-54],[-70,-15],[-39,-39],[-129,35],[-108,-34],[-79,-15],[-86,-29],[-25,-51],[-66,-31],[-10,-46],[-51,-18],[-59,-47],[-70,-23],[-118,-209],[-5,-67],[-28,-34],[-99,-31],[-49,-55],[-96,-7],[-50,-33],[25,-84],[-56,-95],[8,-111],[-28,-53],[23,-96],[-41,-22],[-28,-166],[11,-113],[-219,-29],[-26,-41],[20,-114],[-109,-98],[-74,-39],[-20,-49],[-45,-25],[63,-76],[28,23],[52,-23],[39,-83],[14,-117],[64,-150],[-14,-20],[45,-123],[-87,-78],[-47,-83],[41,-24],[8,-54],[32,-41],[64,14],[5,-43],[-39,-33],[-81,16],[-62,-17],[-32,-39],[-67,8],[-89,-9],[-36,-44],[25,-94],[-22,-44],[10,-46],[63,-29],[184,-21],[66,-35],[-142,-108],[-53,-27],[-22,-70],[67,-37],[34,-45],[109,-57],[46,-55],[55,9],[50,-51],[118,-33],[-17,-110],[-74,-23],[-40,-70],[29,-36],[28,-129],[-78,-60],[-3,-56],[-37,-96],[-8,-77],[-43,-103],[-56,-49],[-22,-44],[-86,-18],[-40,-38]],[[74131,100153],[-124,28],[-59,0],[6,53],[-86,58],[-43,-8],[-74,49],[-96,41],[-68,9],[-41,-18],[-62,12],[-53,48],[-13,38],[-50,-6],[-44,65],[-154,99],[-27,78],[-64,10],[-44,-27],[-100,38],[-28,-38],[-48,-2],[-124,36],[19,55],[-74,101],[-49,25],[-12,-78],[-105,-81],[-11,-150],[24,-49],[-55,-48],[-29,-110],[3,-72],[-52,-30],[9,-75],[-146,52],[-176,-23],[-55,-30],[-80,20],[-56,49],[-106,-9],[-89,23],[-66,-48],[-23,-55],[-84,-28],[-6,-92],[40,-47],[3,-49],[-92,-12],[-87,-61],[-40,12],[-66,-40],[-29,-139],[-145,1],[-35,-45],[-85,-39],[-3,-25],[-66,-44],[-15,-34],[88,-131],[10,-119],[51,-32],[46,-123],[-83,-90],[-74,29],[-77,-39],[-65,-15],[-45,20],[-43,-22],[-58,15],[-167,12],[-54,-16],[-81,29],[-108,1],[-100,-32]],[[70136,99028],[-7,19],[-156,-44],[-1,52],[119,52],[94,-17],[-47,98],[-61,6],[144,135],[-36,72],[25,98],[4,70],[27,19],[-71,210],[-52,102],[-4,61],[-208,78],[-19,32],[85,98],[10,26],[-89,40],[-140,91],[-5,40],[40,55],[-31,80],[-4,64],[-62,-25],[-102,15]],[[69589,100555],[1,148],[-35,188],[9,107],[-57,17],[-61,71],[-8,184],[28,36],[116,10],[66,66],[132,52],[25,25],[2,78],[-79,76],[-4,41],[35,51],[45,-32],[61,-12],[48,54],[7,45],[-20,86],[29,34],[75,-12],[19,-116],[87,17],[34,27],[43,99],[-19,75],[31,38],[52,-13],[32,44],[11,65],[-10,63],[-28,44],[65,25],[44,-34],[-32,-149],[11,-67],[58,-64],[69,12],[7,55],[-17,92],[40,50],[111,21],[13,61],[-94,38],[-5,78],[22,27],[82,16],[108,-4],[62,20],[43,108],[-18,42],[-42,10],[-57,59],[28,54],[67,20],[31,-33],[85,-45],[58,60],[10,112],[51,32],[70,-40],[68,-3],[48,49],[38,-18],[40,246],[16,12],[-2,309],[-7,298],[-34,56],[-21,90],[12,50],[-26,28],[-111,51],[-100,33],[-15,-58],[-57,34],[-71,-24],[-45,-56],[-104,-39],[-53,-7],[-113,-84],[-9,4],[-32,-36],[2,-56],[-108,-15],[-42,-33],[-9,-60],[-40,-59],[12,-47],[-89,-41],[-58,17],[-34,30],[-75,-67],[-31,39],[69,118],[-96,77],[-81,123],[-47,-14],[-36,22],[-86,-35],[-27,58],[-44,34],[-67,18],[-72,-18],[-97,130],[-54,-4],[-31,6],[-13,57],[-144,93],[-55,-7],[-25,43],[-74,-8],[-69,25],[-44,65],[-28,2],[-108,103],[-43,5],[-137,-37],[-48,-56],[-56,5],[-21,33],[-56,-4],[-45,53],[-62,-24],[-33,18],[-166,34],[-72,-22],[-32,-36],[-55,-16],[-1,-43],[-54,-46],[-65,-8],[-67,19],[-112,101],[-78,6],[-91,-76],[-85,57],[-110,-6],[-140,9],[-44,-66],[-89,-13],[-144,5],[-52,37],[-70,-24],[-93,-11],[-54,-21],[-55,28]],[[66617,104199],[54,161],[49,60],[-15,58],[129,26],[80,56],[72,9],[49,44],[22,-27],[82,23],[45,35],[-9,38],[0,0],[0,1],[25,24],[0,1],[3,0],[28,-13],[16,-57],[55,3],[27,-25],[62,10],[1,0],[48,16],[59,81],[-9,60],[-64,35],[36,27],[1,0],[43,5],[41,10],[47,57],[101,24],[29,77],[45,69],[32,52],[-6,57],[-84,-1],[-82,-96],[-52,-16],[-46,58],[-34,8],[0,0],[-63,10],[-75,-103],[-9,70],[28,50],[112,4],[27,84],[-43,8],[-39,61],[-61,23],[-107,-51],[-15,-33],[-57,-38],[-32,118],[-85,39],[6,62],[63,27],[61,26],[63,-3],[-23,54],[25,29],[81,-42],[98,-20],[90,19],[91,40],[73,74],[54,73],[10,46],[-38,28],[-34,66],[23,75],[100,53],[74,-31],[86,30],[126,79],[23,60],[59,16],[25,76],[-19,42],[-1,11],[0,1],[0,7],[0,3],[-4,65],[2,5],[5,5],[0,0],[25,16],[29,-30],[38,-21],[13,-14],[48,-33],[57,-31],[0,-1],[0,0],[12,-6],[37,-54],[13,-7],[0,0],[6,-12],[-6,-12],[0,1],[-69,-61],[0,-38],[-41,-41],[-2,0],[4,-32],[50,-62],[-8,-26],[0,0],[28,-57],[1,-1],[-2,-2],[-1,-1],[54,-53],[82,-23],[145,-10],[37,22],[27,-1],[1,0],[0,-1],[1,0],[10,-3],[8,-3],[5,2],[0,0],[2,-2],[17,-8],[14,-17],[-41,-151],[-44,13],[-33,60],[-111,-31],[11,-36],[76,-60],[46,-15],[76,-80],[65,-19],[54,15],[7,9],[58,-33],[105,36],[76,50],[16,112],[92,5],[37,-53],[45,42],[103,-19],[92,-7],[34,16],[118,55],[42,39],[72,-26],[41,-95],[71,35],[-46,48],[-34,65],[50,25],[42,-82],[23,11],[48,18],[-57,57],[34,39],[55,168],[-13,61],[31,89],[37,14],[86,-28],[12,61],[-78,14],[-79,47],[192,93],[66,-18],[18,36],[-83,141],[67,50],[-21,80],[-116,-5],[-137,-58],[14,-71],[-62,-40],[-282,-65],[-76,-76],[-12,-108],[-42,-47],[-42,46],[-100,39],[-52,-29],[-83,120],[98,2],[102,17],[63,43],[134,38],[184,106],[120,93],[156,173],[-2,34],[8,29],[0,8],[10,36],[0,0],[25,33],[-1,0],[109,7],[140,98],[104,123],[86,195],[14,48],[18,178],[-47,127],[-67,59],[-40,-56],[-38,-13],[-42,65],[0,53],[50,68],[-45,83],[-22,68],[42,15],[27,-62],[135,8],[34,28],[59,90],[37,109],[22,121],[-21,83],[21,30],[56,-27],[73,12],[147,53],[94,69],[64,113],[15,85],[-5,76],[107,-1],[21,14],[75,6],[110,6],[66,-109],[70,-21],[130,-6],[142,10],[221,50],[56,24],[147,74],[112,99],[-11,135],[104,59],[86,62],[30,88],[-26,57],[44,-33],[69,35],[64,11],[148,-11],[46,-32],[64,-3],[31,-61],[52,-21],[16,80],[32,51],[89,4],[0,67],[151,23],[1,-74],[-82,-11],[1,-63],[81,0],[0,-53],[-161,-65],[32,-32],[19,0],[171,75],[21,79],[81,-8],[1,0],[198,-26],[105,-91],[-40,-230],[-64,-27],[-67,-78],[-42,-26],[-97,6],[-16,-55],[-282,-86],[-32,13],[-55,93],[51,-152],[304,89],[0,-42],[24,49],[117,33],[59,55],[11,-100],[-44,-68],[54,2],[27,35],[-17,67],[-11,76],[97,62],[-3,27],[65,43],[-11,79],[30,108],[190,81],[94,18],[16,-36],[30,-29],[-109,-48],[21,-48],[151,61],[24,-33],[-161,-82],[-8,-39],[194,104],[116,-119],[-123,-64],[23,-25],[134,54],[49,-64],[-46,-31],[-3,-55],[40,-4],[25,45],[60,-15],[41,38],[90,17],[19,4],[139,129],[70,164],[29,101],[35,73],[79,41],[73,62],[-7,100],[13,60],[73,-8],[34,-26],[167,29],[93,90],[28,-51],[53,2],[120,-61],[-9,-52],[-40,-69],[34,-23],[0,-1],[-8,-54],[-97,0],[-27,-84],[25,-44],[-86,-64],[35,-36],[35,19],[53,-41],[-12,-38],[-75,-6],[-31,-63],[23,-62],[-101,-19],[-47,-22],[21,-50],[105,-41],[18,-28],[-40,-176],[-53,17],[11,110],[-44,6],[-37,-46],[3,-102],[17,-39],[89,-5],[-45,-191],[-52,-2],[-46,-58],[-52,-13],[-11,-111],[-123,42],[1,3],[-27,7],[-33,-107],[53,-107],[38,-113],[127,26],[11,-13],[37,-5],[249,104],[71,-164],[-32,-13],[-62,48],[-46,-19],[-35,-49],[-120,-59],[-9,-48],[39,-33],[23,60],[45,-33],[50,-91],[-6,-25],[-80,-68],[45,-62],[116,90],[57,-105],[-159,-118],[32,-82],[39,-66],[73,76],[30,-61],[-13,-70],[-29,-47],[58,-42],[39,-153],[51,-128],[38,-35],[44,-113],[60,-33],[54,-33],[73,-144],[25,-9],[36,-80],[14,-69],[51,-25],[72,-94],[34,-125],[25,-25],[71,-74],[55,-107],[84,1],[-10,63],[78,-8],[-12,81],[53,-1],[31,-45],[74,6],[120,-16],[27,-31],[59,-11],[75,-57],[41,5],[117,48],[58,-10],[7,-39]],[[73545,109463],[209,1],[84,34],[53,-64],[169,71],[120,-117],[-214,-98],[-73,42],[-44,-17],[-240,26],[-1,61],[-63,-1],[0,62]],[[73058,110270],[58,-31],[-28,-83],[-41,37],[-21,50],[32,27]],[[75908,108227],[-43,248],[91,15],[43,-248],[27,-159],[-90,-15],[-28,159]],[[69061,106624],[36,-20],[21,-22],[9,-22],[1,-4],[0,-2],[7,-15],[1,0],[8,-22],[15,-13],[6,-10],[10,-23],[17,-46],[1,-3],[-1,-6],[0,-1],[-1,-13],[0,-4],[25,-80],[-77,-27],[-65,10],[-21,2],[-2,2],[-4,11],[-14,19],[0,0],[-20,11],[-44,85],[-6,61],[-27,29],[8,11],[28,75],[62,14],[27,3]],[[70202,106470],[36,-38],[30,-74],[-19,-37],[-81,-40],[-32,35],[-149,-65],[-37,73],[70,57],[132,87],[50,2]],[[68977,106623],[-10,-6],[1,1],[7,5],[2,0]],[[69198,105805],[-1,0],[0,0],[1,-1],[-60,-73],[-62,-17],[-31,18],[-27,101],[25,26],[12,86],[0,0],[-3,12],[-5,29],[1,34],[10,21],[0,0],[6,8],[1,2],[1,0],[2,2],[12,7],[10,0],[0,0],[0,0],[0,0],[1,0],[7,-3],[14,-6],[21,-21],[0,0],[6,-33],[-2,-30],[56,-77],[-2,-27],[7,-53],[1,0],[-1,-5]],[[68480,106615],[0,0],[2,-11],[-1,-2],[0,-2],[-1,-1],[0,0],[-45,-48],[-52,43],[-26,49],[0,0],[-2,10],[43,30],[57,-18],[25,-50]],[[66595,108665],[4,-14],[0,-2],[15,-82],[-54,18],[5,12],[6,15],[1,5],[1,3],[3,24],[0,1],[0,12],[1,1],[8,7],[6,0],[4,0]],[[68313,106701],[-5,-7],[-3,1],[0,12],[8,-6]],[[68422,106725],[1,-1],[0,0],[3,-1],[0,0],[-6,0],[2,2]],[[69199,105803],[0,0],[0,1]],[[69199,105804],[0,-1]],[[69199,105804],[-1,0],[0,0],[0,1]],[[69198,105805],[1,-1],[0,0]],[[70448,109098],[-23,-42],[-116,-148],[-14,-82],[-45,-17],[-123,56],[-56,50],[1,87],[0,0],[-11,33],[3,1],[0,1],[0,0],[3,6],[-1,7],[102,38],[101,-31],[20,40],[125,26],[34,-25]],[[70839,109103],[72,-15],[22,-62],[70,-62],[-8,-43],[-41,-19],[-52,43],[-8,61],[-68,81],[13,16]],[[67303,112822],[3,-40],[-70,-74],[-65,25],[51,78],[81,11]],[[70659,108565],[17,-10],[1,1],[1,0],[12,-2],[1,-21],[-32,32]],[[70692,108554],[0,0],[-1,-1],[1,1]],[[66711,105369],[28,-8],[23,-29],[0,0],[-40,-75],[-50,34],[8,64],[5,11],[0,0],[0,0],[3,1],[23,2]],[[69662,107484],[85,-26],[33,-54],[-81,11],[-44,-64],[-33,78],[40,55]],[[69589,100555],[-141,12],[-323,51],[-167,7],[-43,103],[17,62],[-66,24],[-2,56],[-174,123],[-81,112],[40,77],[-16,60],[-70,4],[3,-123],[-125,27],[-21,-23],[9,-98],[-93,-202],[-302,-209],[21,-50],[-220,-131],[-178,-189],[-191,58],[-18,-158],[41,8],[35,-98],[45,-11],[48,-91],[-25,-74],[30,-29],[35,-107],[85,-73],[24,-63],[77,-43],[17,-172],[70,-65],[36,-184],[48,-22],[-4,-63],[76,-185],[48,34],[88,-61],[-7,-73],[55,5],[70,-68],[22,-77],[-6,-52],[-99,-31],[-33,-31],[-63,7]],[[68161,98529],[-23,21],[-129,-2],[-135,36],[-107,-10],[-61,24],[-51,-7],[-53,99],[-47,-34],[-76,-4],[-154,46],[-50,-8],[-58,33],[-152,2],[-9,48],[-79,61],[-13,31],[-139,-19],[-67,65],[-90,137],[-17,-2],[-45,53],[-93,41],[-6,87],[-116,-31],[-63,26],[-20,53],[-47,12],[-13,67],[-49,59],[-4,120],[-61,37],[-40,61],[-49,7],[-132,76],[-87,18],[-149,91],[7,39],[-42,38],[-19,79],[-101,24],[41,126],[-14,43],[71,59],[74,20],[100,-32],[50,91],[-4,115],[-69,60],[-14,101],[-24,34],[-32,151],[18,48],[-44,12],[-47,-23],[-53,8],[-96,-44],[-59,24],[-52,-45],[-68,-2],[-33,20],[-66,-40],[-19,59],[-67,6],[-59,35],[-31,43],[-109,21],[-40,59],[-100,6],[-52,-29],[-89,61],[-100,53],[-2,86],[-27,69],[-38,42],[-29,98],[25,82],[33,29],[-30,101],[39,66],[-4,74],[-34,-4],[-109,117],[-70,45],[-123,141],[-50,112],[-81,107],[-46,11],[24,63],[71,248],[63,119],[7,34],[52,47],[82,36]],[[64288,102766],[32,-35],[93,13],[28,-29],[-41,-41],[97,-167],[44,-22],[127,-204],[0,-31],[61,-61],[43,-17],[15,72],[65,-37],[26,41],[-67,82],[-72,38],[-73,-2],[-27,91],[72,-9],[3,40],[63,46],[-11,44],[50,43],[-57,57],[-67,-42],[-32,80],[163,85],[-36,56],[13,60],[53,59],[-17,63],[45,8],[48,44],[-2,39],[75,29],[-20,102],[39,73],[-37,16],[7,60],[27,26],[-43,107],[-38,-45],[-120,-9],[-132,91],[-88,-23],[-15,28],[26,106],[-57,5],[-32,28],[-36,90],[-83,11],[-9,47],[-57,37],[-40,-15],[-77,92],[11,59],[57,34],[122,-45],[46,42],[-21,34],[-72,19],[-44,96],[57,25],[37,50],[24,73],[60,-69],[25,44],[105,-46],[-28,-63],[22,-57],[107,-46],[14,-65],[-37,-83],[63,-17],[15,-49],[77,26],[-8,61],[57,64],[5,69],[-85,118],[-49,-49],[-73,11],[-6,44],[93,54],[-72,70],[34,82],[-101,117],[35,24],[-2,49],[-43,62],[20,26],[117,-26],[68,-56],[60,-11],[-75,47],[-7,73],[29,13],[50,108],[-79,52],[-7,106],[38,66],[62,-22],[4,-85],[61,-21],[8,-28],[70,-35],[41,6],[44,-150],[3,141],[33,64],[46,-1],[8,-43],[27,24],[-36,69],[63,34],[32,-42],[123,-33],[49,-3],[85,43],[21,-9],[-11,-91],[154,-95],[64,14],[51,-95],[-10,-39],[32,-33],[82,-34],[-42,-63],[-60,1],[-135,-142],[22,-61],[-20,-41],[-64,-24],[48,-78],[49,-24],[84,42],[28,77],[52,0],[56,-85],[-38,-62],[-67,-13],[58,-84],[4,-50],[37,-18],[75,2],[121,-74],[104,-23],[128,-3],[99,17],[115,64],[22,30],[-46,63],[25,90]],[[64005,105445],[75,-7],[45,-73],[-4,-38],[-66,-34],[-29,-58],[-71,2],[-47,56],[-95,44],[68,107],[61,-53],[63,54]],[[64965,105832],[18,-32],[-24,-94],[-27,-32],[26,-72],[42,3],[-18,-101],[-122,78],[-34,48],[40,84],[99,118]],[[65134,105278],[84,-104],[5,-66],[-88,-85],[-71,-2],[21,71],[-18,96],[67,90]],[[66004,105013],[40,-57],[-3,-55],[-34,-53],[-67,-16],[-21,22],[85,159]],[[65342,105636],[-55,-63],[-30,8],[1,2],[-4,19],[-5,7],[5,34],[46,31],[42,-38]],[[66172,104314],[25,-83],[-73,6],[-12,51],[60,26]],[[64765,105530],[19,15],[38,-15],[-34,-61],[-84,10],[16,43],[45,8]],[[68352,98541],[-12,-48],[-74,-17],[19,74],[67,-9]],[[68161,98529],[-24,-84],[21,-81],[-33,-43],[33,-69],[-13,-33],[-89,-7],[-51,-43],[-1,-116],[-66,0],[-61,24],[-52,-47],[-31,-56],[-76,-16],[13,-38],[-45,-32],[22,-62],[177,-260],[93,-137],[105,-106],[19,31],[77,12],[41,41],[139,52],[100,118],[79,50],[64,-31],[99,-14],[72,31],[63,4],[61,41],[66,-16],[76,49],[67,-21],[63,-59],[3,-40],[76,-41],[125,-64],[77,-64],[47,-170],[83,-176],[21,-78],[42,-16],[14,-58],[30,-20],[-3,-53],[66,-125],[41,-38],[13,-112],[-42,-60],[-31,-124],[60,-165],[-7,-79],[-19,-21],[-16,-7],[-30,-25],[-47,-87],[-124,-145],[-21,-55],[-32,-8],[28,-78],[82,-70],[-9,-61],[-34,-52],[-43,-117],[-115,-43],[-78,-75],[-52,18],[-29,-66],[-141,-72],[-2,-2],[-3,-1],[-93,-5],[-74,-2],[-115,24],[-133,-39],[60,-35],[-59,-57],[0,-87],[-39,-63],[-71,-33],[-27,38],[-63,-28],[-64,-119],[-14,-57],[-34,-3],[-76,-55],[-64,10],[-71,-23],[-18,45],[-107,11],[-7,-47],[55,-10],[5,-50],[-60,-11],[-80,-65],[-39,12],[-83,-29],[-23,76],[78,53],[2,87],[-27,25],[-15,70],[-76,86],[-45,-39],[-74,106],[-55,33],[-44,-6],[-83,58],[-20,104],[14,58],[-4,90],[38,197],[78,-2],[127,18],[35,27],[19,96],[45,-1],[71,96],[131,56],[17,62],[121,78],[-3,24],[69,119],[18,111],[-21,104],[-54,45],[-67,-14],[-71,99],[21,27],[-36,88],[71,62],[-2,27],[-60,67],[-72,61],[-225,-10],[-103,27],[-84,-70],[-102,-21],[-109,28],[-78,33],[-196,12],[-52,-51],[-99,-26],[-79,-68],[-41,-15],[-136,-142],[-78,-18],[-19,-44],[-54,-35],[-41,18],[-137,-23],[-14,26],[1,0],[-45,18],[-75,-91],[-30,60],[-56,42],[-69,-7],[-79,32],[-71,0],[-104,-69],[-3,-40],[14,-2],[-2,4],[26,-48],[20,-22],[32,-73],[-12,-18],[-6,-10],[-4,-1],[-1,-1],[-11,-37],[-67,-6],[-49,-45],[23,-65],[-37,-24],[-52,-73],[-62,7],[-13,-107],[-89,13],[-43,-73],[40,-43],[-51,-132],[-79,-79],[-13,-92],[-48,-51],[-5,-52],[-95,-85],[-60,-8],[-59,-35],[-58,-77],[-183,-63],[-48,42],[-59,-98],[1,-80],[28,-47],[-50,-31],[-23,-62],[-48,-30],[-1,0],[-23,-42],[-108,-93],[-46,-58],[-16,-23],[-118,-56],[-69,-33],[-35,5],[-11,-60],[17,-65],[-1,-2],[-3,3],[0,0],[-5,14],[0,1],[-12,4],[-1,-2],[-1,0],[1,-1],[-1,0],[0,0],[-7,44],[-94,63],[-120,-24],[-37,-68],[-9,0],[-55,-4],[-32,-50],[-37,53],[-16,67],[62,31],[35,51],[1,0],[2,4],[13,25],[0,0],[13,11],[3,1],[22,2],[45,-65],[10,80],[90,18],[121,98],[22,39],[-24,43],[100,39],[11,171],[52,50],[50,78],[19,85],[49,71],[41,-25],[29,21],[7,113],[-13,75],[28,145],[-42,17],[-21,-39],[-63,-28],[-102,39],[-10,44],[-27,38],[84,16],[49,-26],[51,20],[43,68],[20,79],[107,10],[-30,-127],[-55,-7],[79,-79],[84,17],[-39,88],[118,-4],[-39,56],[12,40],[45,4],[42,166],[45,16],[8,46],[68,68],[32,55],[-5,84],[-25,42],[-61,-82],[-21,-115],[-86,-56],[-21,-69],[-56,68],[-55,-14],[-63,-87],[-62,36],[-6,31],[59,96],[55,11],[-1,52],[-51,25],[35,46],[-59,21],[-67,-52],[-68,13],[-31,60],[85,91],[-33,28],[-34,-45],[-44,80],[-55,-18],[-5,55],[47,75],[-4,60],[-94,21],[-13,90],[-64,7],[-79,116],[-58,-16],[-17,34],[31,87],[53,100],[-53,42],[-29,-54],[-62,44],[-83,-4],[-50,29],[-53,-158],[-62,1],[-10,65],[-29,44],[-95,61],[-10,112],[-44,21],[-35,-26],[-90,1],[0,1],[4,89],[-78,28],[-4,32],[-70,72],[-4,58],[-65,94],[26,141],[-53,54],[-55,121],[-22,91],[-59,79],[10,51],[-55,61],[-25,105],[-83,18],[-22,-123],[-35,23],[-35,70],[5,77],[42,11],[-16,94],[-109,69],[37,40],[-1,113],[-21,58],[1,83],[56,98],[119,42],[4,-48],[53,-1],[13,49],[2,87],[50,51],[-43,14],[-2,68],[-53,66],[-9,42],[15,115],[-20,62],[30,53],[86,-24],[20,80],[-14,41],[35,47],[-12,69],[47,34],[61,11],[-38,25],[-79,17],[-1,25],[108,5],[10,55],[-78,12],[19,35],[49,-5],[31,57],[-28,84],[40,68],[121,-55],[59,-51],[135,-34],[67,-52],[-2,-62],[50,-51],[24,46],[36,-4],[58,-158],[-56,-35],[-25,-80],[39,-59],[35,25],[11,60],[110,75],[18,-47],[96,-42],[15,-65],[-95,-84],[-46,-1],[-30,-100],[-26,-16],[-64,-209],[8,-39],[54,-17],[-46,-53],[0,-42],[49,-35],[81,29],[28,65],[47,-12],[22,54],[-60,6],[-1,38],[48,19],[49,119],[51,-39],[13,-48],[70,9],[36,-69],[47,-15],[34,35],[60,-3],[136,-107],[38,-61],[-25,-36],[35,-59],[50,-16],[-2,-55],[25,-72],[-57,15],[4,-57],[-63,14],[-45,-88],[79,-68],[30,-93],[-27,-61],[10,-56],[7,-39],[-28,-53],[19,-28],[-32,-56],[-57,-49],[-80,62],[-7,48],[32,27],[-12,68],[-40,46],[10,92],[31,43],[-77,8],[-58,-47],[-22,-74],[7,-140],[44,-55],[-11,-94],[-38,-78],[45,-65],[27,52],[142,11],[-23,-72],[14,-85],[40,-49],[-68,-71],[-59,-4],[-47,34],[-24,-153],[45,22],[36,-29],[25,-80],[42,-8],[70,20],[44,-48],[44,-8],[39,-47],[174,-143],[-29,-17],[29,-60],[32,3],[17,64],[53,35],[-35,68],[15,109],[56,-65],[-27,-49],[28,-45],[80,0],[2,47],[53,87],[61,54],[16,66],[-24,55],[3,60],[47,-5],[-6,-53],[57,-3],[9,-35],[35,-31],[29,109],[62,-2],[15,-64],[65,-66],[53,26],[90,-84],[60,-38],[66,49],[84,-8],[76,-67],[-18,-73],[16,-21],[76,1],[43,32],[84,-68],[13,-34],[124,15],[1,-23],[101,8],[-13,38],[-27,40],[-60,12],[-5,48],[-39,70],[-62,26],[-29,63],[-70,51],[-32,-6],[-58,50],[18,97],[72,13],[-31,60],[-95,-13],[-37,66],[-51,-6],[0,0],[28,42],[12,64],[-177,170],[-45,66],[-13,102],[1,101],[27,135],[-23,26],[26,74],[-36,29],[70,76],[61,-9],[33,88],[38,27],[-6,61],[-9,57],[-35,30],[-5,68],[17,115],[-159,139],[-45,61],[-61,-8],[-58,61],[-66,15],[-46,123],[-61,69],[-27,7],[-124,77],[-56,6],[-17,-38],[-56,14],[-80,-3],[-62,-95],[-80,28],[-60,-168],[-51,-49],[-48,-2],[-23,69],[21,73],[-11,38],[126,37],[28,35],[-115,70],[-12,21],[-58,-53],[-60,61],[-76,-5],[17,83],[-98,94],[15,89],[-78,121],[76,92],[5,37],[-29,117],[41,71],[-36,76],[-57,6],[-27,48],[-129,-1],[-98,11],[-46,-29],[-22,36],[-49,-12],[-16,-81],[-64,-47],[-41,46],[-72,-36],[-71,65],[19,79],[-12,88],[73,14],[-1,40],[-46,58],[-45,-33],[-19,59],[-33,2],[-111,-38],[-25,-35],[58,-47],[17,-88],[-6,-72],[29,-33],[-3,-99],[13,-54],[-98,-9],[110,-67],[-132,-52],[-49,48],[-25,-22],[-96,-16],[-53,66],[-21,-15],[22,-78],[-15,-57],[-56,-56],[-15,102],[-33,22],[-32,101],[31,40],[100,29],[71,-18],[-2,46],[122,110],[-67,45],[-65,122],[8,40],[-78,89],[-79,-26],[-7,72],[-89,7],[-14,20],[-104,-45],[-1,62],[34,46],[90,21],[-13,51],[20,32],[-77,77],[-9,77],[52,57],[-45,-5],[-73,191],[-4,-80],[25,-25],[1,-110],[-47,-103],[-52,-34],[-14,-59],[-84,81],[31,109],[-40,48],[-40,-62],[0,0],[-29,35],[-49,-32],[-41,38],[40,44],[25,116],[-53,-42],[-19,-61],[-161,7],[-32,46],[-26,-10],[-10,-6],[3,-5],[0,-11],[-3,1],[0,0],[-7,6],[-3,8],[-6,16],[-22,-12],[-40,25],[-100,-26],[-5,95],[100,58],[12,146],[-51,-36],[-61,19],[15,66],[76,12],[-6,88],[35,37],[12,84],[75,-9],[34,52],[70,6],[-28,95],[19,58],[-28,70],[95,63],[47,117],[75,38],[0,37],[-90,-32],[-66,-86],[-42,7],[-59,64],[-36,-36],[-55,89],[-86,104],[-6,64],[20,28],[80,-21],[-4,163],[25,36],[4,70],[25,79],[-79,91],[12,65],[42,11],[32,23],[39,-30],[57,9],[39,35],[43,-22],[-60,-51],[42,-51],[35,44],[63,-61],[60,58],[145,-117],[52,-10],[26,64],[85,-33],[15,74],[68,-13],[35,26],[5,54],[67,38],[26,58],[-39,41],[16,46],[69,55],[50,-102],[66,-13],[1,-43],[-55,-17],[-35,18],[-22,-191],[-46,-23],[54,-43],[-1,-49],[35,-49],[86,17],[-1,77],[95,-2],[-3,-82],[45,-23],[16,-52],[81,6],[98,32],[56,54],[31,62],[58,-6],[16,47],[57,25],[86,-11],[56,-66],[24,-63],[75,1],[-2,46],[39,24],[-7,83],[21,40],[64,10],[50,-14],[27,-46],[-25,-106],[39,-55],[-4,-106],[-17,-32]],[[64283,94155],[-7,-62],[-82,-22],[-63,-42],[0,86],[12,84],[30,30],[98,8],[12,-82]],[[65990,96354],[44,-5],[23,-82],[24,-44],[-85,19],[-48,32],[-14,77],[56,3]],[[64001,95835],[0,12],[140,-54],[47,-48],[-67,-39],[-108,83],[-12,46]],[[63923,95294],[73,-8],[-40,-57],[29,-42],[-37,-48],[-77,124],[52,31]],[[62551,97758],[2,0],[0,0],[1,0],[0,0],[1,0],[-38,-68],[-104,-8],[14,50],[88,67],[36,-41]],[[64215,95660],[-9,-9],[32,-46],[-35,-22],[-51,22],[3,11],[1,0],[-9,30],[-6,8],[-26,43],[76,13],[24,-50]],[[62796,97541],[-1,0],[-21,13],[21,-4],[1,-9]],[[63859,99753],[0,0],[-15,61],[-38,59],[-9,53],[-43,75],[0,42],[-48,66],[22,37],[75,-13],[70,-42],[57,39],[-12,74],[-63,40],[-9,102],[31,43],[44,-14],[27,-110],[39,2],[-14,64],[14,90],[117,-31],[-55,68],[-70,-3],[1,38],[63,50],[21,40],[64,-20],[61,7],[68,-40],[59,-6],[19,-59],[-32,-61],[21,-88],[-10,-87],[-67,-75],[81,-142],[-16,-96],[-66,7],[-25,-54],[-101,-6],[-61,22],[-35,40],[61,100],[-103,-47],[-4,-85],[66,-70],[67,-17],[-8,-76],[69,3],[22,-53],[-112,-8],[-40,-23],[4,-56],[-92,19],[2,84],[-118,-10],[21,67]],[[58075,102344],[68,-16],[33,-61],[-19,-24],[45,-108],[-21,-51],[92,-98],[-112,-86],[-73,-9],[-14,-56],[41,-39],[-29,-40],[-63,-31],[-127,7],[-19,22],[-70,0],[-53,33],[-18,81],[-45,12],[-27,41],[-65,2],[-77,76],[129,75],[46,76],[42,33],[38,-16],[47,32],[55,10],[58,-27],[105,77],[-15,72],[48,13]],[[61971,100680],[65,-83],[-8,-87],[-96,15],[-34,-74],[-64,12],[-40,47],[-64,-7],[-51,30],[101,78],[112,44],[48,-8],[31,33]],[[62411,101146],[30,-25],[-4,-88],[-16,-39],[17,-54],[-18,-43],[-3,-89],[-77,-29],[7,84],[60,4],[-10,47],[-77,62],[-17,44],[19,110],[89,16]],[[57492,101909],[-39,-41],[42,-56],[54,11],[24,-78],[-59,-40],[-9,45],[-58,-15],[-32,111],[77,63]],[[64194,99853],[22,-7],[30,-88],[-35,-17],[-40,85],[23,27]],[[63201,100587],[52,-24],[-11,-52],[-55,47],[14,29]],[[62599,101191],[19,-96],[-40,5],[21,91]],[[62296,101308],[-17,-9],[-1,48],[18,-39]],[[62258,101350],[0,-3],[0,-1],[-6,4],[2,4],[4,-4]],[[69802,96517],[-1,-1],[-1,-2],[1,-1],[1,-3],[-13,-4],[5,13],[10,-1],[1,0],[-1,0],[-1,-1],[-1,0]],[[65330,98218],[20,1],[99,-110],[26,20],[80,-88],[8,-57],[-79,-47],[-112,137],[7,52],[-61,67],[12,25]],[[62078,103496],[35,-79],[-29,-27],[54,-60],[-31,-38],[41,-68],[-51,-86],[30,-109],[37,-26],[2,-3],[15,-72],[-53,7],[-75,-56],[-63,-19],[7,-80],[-94,-95],[-152,-37],[-41,-47],[59,-54],[31,-71],[56,-42],[-73,-86],[-55,19],[-59,-32],[-33,21],[-37,-34],[16,-77],[59,-38],[-76,-48],[-32,9],[-56,-43],[-58,67],[-29,-45],[48,-70],[63,1],[68,-75],[-27,-52],[-4,-82],[-68,-75],[-58,-14],[-28,-108],[-78,-102],[-38,-23],[-52,-130],[-32,-50],[-63,11],[-119,-125],[-6,-52],[-89,-87],[-105,-35],[-71,-58],[-96,-19],[-71,-64],[-210,-70],[-133,99],[-98,40],[80,119],[-26,69],[-44,41],[52,57],[55,-47],[8,-47],[86,-155],[133,-2],[31,24],[52,-57],[64,37],[-5,59],[38,35],[-3,48],[-53,19],[-68,-27],[-105,109],[-16,189],[49,64],[45,8],[42,83],[44,23],[84,2],[33,-23],[115,-130],[21,22],[-47,61],[-3,19],[83,-14],[19,52],[-83,28],[40,43],[-86,34],[-72,5],[15,128],[-77,55],[38,27],[-34,40],[47,56],[43,-5],[67,25],[20,117],[130,37],[57,-36],[36,87],[-135,193],[40,37],[0,69],[45,3],[18,78],[-47,141],[-12,34],[60,32],[129,-4],[112,50],[80,-30],[58,48],[168,15],[43,103],[-15,51],[26,90],[30,24],[92,-42],[-28,-45],[7,-99],[-42,-73],[24,-45],[57,-1],[24,96],[63,72],[-17,79],[158,4],[47,46],[-18,81],[-49,20],[-73,-23],[-140,-10],[-37,51],[78,9],[-62,97],[36,37],[53,3],[52,-33],[74,78],[118,-26]],[[60945,103875],[-3,-129],[-52,-26],[-7,-50],[50,-37],[-46,-105],[65,-60],[14,-83],[-52,-122],[-5,-117],[61,-99],[-52,-51],[32,-70],[-141,-40],[-180,83],[-26,35],[57,32],[41,112],[45,181],[-8,75],[86,115],[-1,79],[18,59],[-27,121],[131,97]],[[62188,104543],[74,-53],[51,9],[-16,-92],[-35,-56],[-119,-117],[-75,19],[-4,-60],[-179,58],[2,35],[-71,76],[-29,-26],[-55,14],[1,-133],[-43,9],[-62,19],[-40,-30],[-44,14],[48,81],[56,31],[163,148],[8,36],[143,59],[86,55],[37,-64],[-20,-51],[-1,-112],[71,-17],[66,97],[-13,51]],[[61846,104027],[19,-66],[66,-30],[-23,-97],[-46,14],[-177,-79],[2,-55],[-59,-22],[-23,41],[18,82],[137,57],[49,81],[4,57],[33,17]],[[62333,102367],[-1,1],[-29,12],[-3,9],[26,-7],[7,-15]],[[64758,103041],[-51,-30],[-64,14],[-58,-32],[-24,-58],[-75,-81],[-50,56],[32,31],[-61,66],[69,81],[3,83],[-20,56],[43,10],[-48,65],[-9,51],[56,62],[-45,49],[-107,83],[78,8],[34,-19],[98,8],[97,-43],[34,-77],[-46,-93],[48,-84],[104,23],[58,-1],[68,-49],[3,-65],[-74,-61],[-58,14],[-66,-20],[31,-47]],[[64252,103791],[40,-7],[-17,-81],[-183,43],[-55,1],[-64,-103],[-99,3],[38,-78],[-52,-60],[-131,-13],[-42,39],[-4,49],[-67,-3],[-4,51],[62,45],[53,8],[22,47],[89,7],[12,71],[-47,33],[102,67],[-5,73],[49,47],[-40,140],[28,33],[43,-60],[39,13],[85,-63],[-31,-45],[54,-17],[-44,-71],[19,-60],[55,-42],[18,-54],[77,-13]],[[63315,103681],[-8,-60],[36,-51],[-8,-56],[-40,-22],[-51,51],[60,65],[-35,68],[46,5]],[[63614,104131],[60,-35],[8,-73],[-63,3],[-39,54],[34,51]],[[64163,103441],[67,-55],[-63,-29],[-37,74],[33,10]],[[61131,117805],[4,-46],[86,16],[125,-53],[21,-38],[-45,-47],[31,-85],[79,-22],[8,87],[54,-3],[-82,-114],[10,-69],[47,-21],[48,15],[-124,-86],[-2,-52],[-109,51],[-13,-31],[58,-28],[1,-63],[143,-48],[-78,-160],[-52,10],[-53,-18],[11,-40],[74,-50],[-8,-21],[-207,-20],[-33,113],[-39,-1],[18,-98],[-149,28],[12,-71],[35,-8],[76,25],[23,-56],[106,-43],[72,18],[4,-74],[33,-21],[-2,-45],[52,-3],[-75,-79],[43,-29],[-44,-108],[40,-29],[-59,-34],[23,-93],[-20,-38],[19,-49],[-119,-6],[14,-170],[-42,-58],[-57,-23],[8,-64],[-116,-95],[-27,-46],[15,-42],[-109,-95],[-85,-83],[-34,-14],[-127,-147],[-21,-47],[-70,-63],[-27,-95],[-89,-60],[-48,40],[-24,-50],[54,-76],[-9,-23],[64,-50],[1,-53],[36,-50],[-11,-51],[-86,77],[-38,37],[-46,-26],[15,-142],[71,73],[27,-68],[-6,-109],[-11,-32],[-65,-9],[-31,-92],[-78,-34],[57,-36],[37,-1],[81,73],[127,29],[4,42],[48,65],[14,-46],[-37,-97],[7,-60],[-54,-22],[-8,-83],[-58,65],[-48,-34],[48,-67],[35,-86],[44,-24],[-33,-46],[73,-34],[1,-28],[-56,-104],[5,-108],[45,-45],[-74,-68],[-52,56],[-69,21],[-28,-51],[43,-17],[40,-78],[-27,-46],[35,-24],[7,-55],[-130,-21],[1,-53],[-82,-59],[-30,-56],[-31,17],[-35,62],[-99,42],[24,60],[-38,6],[17,32],[-32,35],[93,57],[21,41],[51,34],[-22,72],[70,20],[-55,100],[-10,58],[-72,57],[75,58],[-61,36],[-98,17],[15,48],[46,44],[-21,32],[-79,-107],[-43,-30],[48,-84],[-37,-5],[10,-93],[-96,-28],[-16,-88],[-78,22],[-34,-12],[-21,92],[45,10],[21,55],[-33,42],[2,83],[-39,38],[38,59],[53,32],[40,59],[-39,24],[-35,-42],[-100,-74],[-98,94],[6,-70],[52,-43],[-14,-72],[-40,-78],[71,-16],[29,-62],[-36,-90],[-117,56],[-28,52],[-129,3],[-67,-30],[-104,-6],[-99,16],[-40,46],[-11,67],[43,31],[107,-14],[45,-97],[48,56],[-23,46],[106,14],[73,89],[53,25],[7,71],[-86,24],[39,54],[24,156],[-26,99],[22,59],[-33,79],[39,38],[-25,74],[57,87],[71,-5],[84,-64],[-20,80],[16,21],[31,17],[45,81],[55,-4],[6,91],[-81,-67],[-57,-67],[-74,-22],[-116,78],[42,76],[-48,29],[62,105],[11,57],[60,28],[32,52],[28,101],[23,18],[3,88],[43,72],[24,77],[38,61],[28,-45],[63,83],[70,9],[39,-23],[67,39],[18,74],[-42,-5],[-39,-50],[-39,203],[-49,-40],[-48,39],[16,31],[-87,69],[20,30],[-49,50],[-54,-103],[-33,-25],[-61,1],[-27,73],[10,71],[81,51],[4,4],[26,114],[70,51],[10,87],[-17,70],[73,121],[2,77],[41,52],[12,117],[20,62],[-14,52],[103,45],[29,-13],[17,-128],[41,28],[21,53],[99,50],[46,-5],[44,-36],[29,-86],[84,93],[43,-47],[47,1],[65,-33],[-70,92],[39,55],[69,54],[22,67],[49,0],[11,83],[33,45],[11,31],[102,-30],[5,44],[-46,31],[38,62],[-27,19],[24,65],[93,-23],[28,-27],[93,58],[8,55],[53,32],[61,-41]],[[59294,113335],[11,-60],[66,158],[118,11],[29,-31],[-37,-63],[66,-27],[-30,-61],[34,-47],[35,100],[-55,36],[-11,89],[-78,47],[-4,44],[-66,94],[68,-13],[66,16],[-7,-74],[77,18],[49,-11],[-10,-61],[82,-16],[24,-58],[-31,-87],[12,-56],[-31,-51],[5,-50],[39,-18],[33,35],[75,6],[-7,75],[23,25],[79,9],[53,43],[87,-38],[61,-7],[37,-46],[-37,-35],[42,-59],[-21,-38],[-77,-7],[-43,-62],[-50,45],[-57,-90],[9,-63],[-17,-66],[-49,-17],[-30,-131],[61,-74],[37,-110],[-38,-4],[-82,-47],[-11,-34],[-59,-24],[-26,72],[-52,-27],[-14,-51],[75,-45],[-29,-40],[1,-67],[-34,-92],[-52,41],[-1,-1],[-56,-87],[60,11],[39,-119],[10,-78],[-10,-119],[-52,7],[-40,36],[-42,-25],[21,-38],[-33,-48],[15,-114],[-27,-5],[-16,-40],[29,-76],[-11,-40],[-147,-49],[-22,18],[-69,-29],[81,-37],[-16,-83],[-62,-54],[-41,33],[-46,-33],[6,-43],[-73,-2],[-20,80],[-51,0],[4,-98],[-13,-101],[-73,30],[-31,-27],[18,-71],[-73,-41],[49,171],[-56,52],[38,79],[-42,2],[-15,-62],[-57,-31],[-64,20],[-6,81],[-127,54],[-1,-45],[-49,-7],[-34,-81],[-65,-22],[39,83],[-7,81],[15,47],[-39,75],[15,182],[50,40],[-18,68],[14,131],[42,5],[-21,86],[31,97],[-14,42],[11,190],[12,57],[-9,95],[19,78],[75,51],[15,45],[-56,117],[10,54],[53,90],[33,106],[-11,59],[33,93],[-27,43],[12,92],[24,78],[-25,129],[18,61],[49,50],[8,66],[119,-28],[48,36],[55,-64],[12,-60],[-58,-103],[2,-151],[79,-40],[26,10],[19,73],[68,-24],[60,87],[89,-55],[-8,-46]],[[60354,113339],[19,65],[132,5],[41,-22],[11,-46],[-48,-41],[-37,-74],[-150,-88],[-83,-86],[-58,81],[-22,59],[21,50],[-19,56],[52,57],[68,-3],[47,51],[26,-64]],[[59659,113787],[52,-69],[62,0],[32,-48],[41,-5],[8,54],[78,60],[19,-76],[-1,-139],[70,-9],[-18,-36],[0,-67],[-116,25],[-38,39],[-11,54],[-43,82],[-22,-41],[-56,1],[-53,84],[-58,-11],[54,102]],[[60586,114038],[75,-85],[31,-155],[-104,-15],[-70,38],[26,151],[42,66]],[[60577,113636],[-18,-75],[-48,42],[66,33]],[[60738,114076],[-10,-106],[-51,-32],[-17,114],[39,-18],[39,42]],[[59943,113450],[19,-27],[-66,-51],[-14,32],[61,46]],[[64043,108136],[-16,-88],[-27,-21],[36,-51],[-58,4],[-21,-62],[78,-35],[3,-28],[65,-52],[54,-6],[90,-86],[116,12],[-26,-103],[-108,73],[-30,-17],[-80,19],[-82,-20],[-50,-61],[-1,-55],[69,-72],[56,12],[1,47],[72,-2],[69,-37],[39,-65],[72,-18],[-46,-65],[-58,-9],[-17,-120],[19,-25],[-59,15],[-29,-31],[-117,-2],[-36,-20],[-48,56],[-40,-36],[-136,-24],[-38,14],[-24,-144],[-99,-99],[-2,-4],[0,0],[-56,-110],[-59,40],[-77,5],[-79,60],[37,63],[-42,23],[-36,-24],[-36,15],[0,0],[-1,1],[-2,8],[-67,44],[38,83],[37,28],[-15,50],[-21,46],[-88,81],[-33,-9],[-31,-59],[-2,3],[-3,3],[0,0],[-19,-23],[-78,1],[-60,70],[48,99],[-24,-3],[-2,4],[-45,27],[-14,58],[-2,7],[31,32],[37,2],[123,-70],[95,10],[78,-79],[-17,122],[-49,9],[-5,4],[4,35],[-137,-7],[-42,58],[9,73],[35,6],[-26,68],[4,55],[58,-6],[3,43],[-57,9],[-53,35],[13,68],[71,6],[3,-4],[88,-86],[57,2],[58,-3],[25,19],[0,0],[17,7],[-23,14],[-18,32],[-25,-4],[-54,89],[-15,-14],[-10,17],[0,5],[23,33],[0,1],[-23,34],[-13,133],[29,62],[0,0],[11,6],[0,0],[0,0],[155,131],[91,53],[90,-64],[48,20],[43,-13],[30,-57],[175,-34],[100,-3],[100,-28],[38,20],[44,-47],[-76,-90],[15,-56],[-17,-33]],[[62770,107115],[12,34],[-20,58],[0,0],[146,-3],[-2,-49],[-56,-32],[-80,-8]],[[63272,108606],[58,-23],[-46,-44],[-12,67]],[[62949,107081],[53,-59],[-62,-81],[9,140]],[[62828,107059],[-4,-29],[-10,-4],[-58,16],[14,38],[58,-21]],[[63059,108223],[6,-39],[-18,1],[12,38]],[[63156,107506],[0,0],[1,0],[-1,0]],[[64369,107722],[1,0],[-1,0],[0,0],[-1,0],[1,0]],[[63154,107507],[1,0],[-1,0],[-1,0],[1,0]],[[53992,94620],[-48,-12],[-94,54],[-41,-14],[-79,25],[-67,-40],[-31,-57],[53,-56],[-37,-41],[-105,44],[-46,-25],[-80,84],[-19,53],[-57,42],[-87,-4],[-43,31],[-112,14],[20,76],[43,65],[39,38],[-13,77],[26,67],[-1,0],[43,43],[39,-66],[-39,-93],[38,-5],[194,-231],[44,27],[28,-62],[78,67],[-49,81],[64,66],[81,13],[-11,64],[-109,-39],[-32,-44],[-61,-30],[-57,31],[-10,88],[48,24],[36,75],[2,96],[185,-42],[-18,66],[-88,8],[45,61],[40,-20],[22,99],[78,24],[-30,40],[-86,-8],[-21,48],[-61,18],[-30,35],[42,43],[-5,71],[-48,99],[30,27],[83,12],[-1,78],[-71,46],[-53,54],[-15,51],[26,138],[48,28],[-9,78],[-52,54],[13,66],[-72,42],[56,33],[8,54],[100,129],[0,0],[55,29],[22,-26],[74,-2],[74,-21],[-8,-68],[29,-25],[54,-30],[71,-15],[8,-67],[-15,-72],[18,-64],[-43,-31],[-17,-52],[55,-34],[84,12],[-16,71],[75,25],[55,63],[66,30],[31,-44],[-42,-51],[150,42],[50,72],[53,27],[14,71],[51,27],[34,-129],[58,-42],[8,-51],[-14,-78],[20,-72],[59,2],[15,43],[-27,125],[55,67],[83,32],[45,49],[-122,-18],[-55,-66],[-67,9],[-31,38],[35,47],[12,8],[32,71],[53,67],[62,-33],[62,23],[-13,60],[11,74],[119,37],[26,-18],[16,-186],[33,-49],[60,-33],[49,-110],[-78,18],[-64,-18],[6,-51],[41,-15],[134,38],[-23,28],[83,42],[13,-32],[-91,-90],[-19,-81],[61,17],[-26,59],[41,33],[59,-49],[54,41],[63,-10],[28,-67],[-114,-28],[15,-41],[-13,-76],[-30,-71],[23,-116],[-11,-56],[27,-40],[67,-53],[-34,-46],[63,-53],[35,-62],[142,-89],[127,-156],[-25,-25],[28,-66],[48,9],[46,-28],[7,-36],[-38,-71],[-102,-53],[-101,-5],[-10,50],[-64,-16],[-80,2],[-98,-20],[-57,-36],[-121,-19],[-72,33],[-24,83],[-53,20],[14,62],[-48,21],[-97,-38],[-48,-40],[-43,6],[-45,-47],[-108,1],[-39,-69],[4,-142],[-45,-19],[13,-63],[60,0],[60,-60],[31,6],[92,-84],[37,-79],[4,-80],[-42,-37],[-61,-6],[-87,-144],[-72,13],[-116,42],[-13,125],[-88,99],[-50,81],[-80,5],[-116,-38],[-96,13],[-114,-18]],[[55489,97141],[42,54],[53,-61],[-6,-54],[24,-34],[-29,-46],[38,-118],[-33,-70],[63,6],[66,-52],[6,58],[-35,60],[50,28],[-1,77],[-80,22],[-36,73],[21,43],[-21,21],[-10,135],[52,-29],[31,-43],[89,-45],[24,-98],[92,-3],[46,-34],[-3,-79],[52,-13],[-26,-45],[6,-76],[65,-44],[-60,-24],[-17,-86],[-82,-37],[-32,-73],[-40,-29],[-28,-123],[-159,-15],[-57,35],[-7,44],[-42,18],[-47,74],[-76,24],[-52,-20],[18,118],[-30,69],[29,89],[13,107],[-21,37],[4,141],[-23,62],[26,30],[58,-53],[45,13],[40,-34]],[[56463,97247],[-25,-81],[33,-56],[-21,-2],[-98,44],[-37,-88],[70,-121],[-33,-62],[1,-62],[-46,-31],[-10,110],[-7,146],[-58,-57],[-81,12],[-18,37],[65,21],[-9,90],[-44,30],[-40,92],[-47,-10],[-29,58],[-74,35],[5,55],[-139,80],[13,-75],[-78,-34],[-30,101],[11,62],[81,-24],[-3,69],[-2,37],[61,36],[51,-85],[107,16],[50,-23],[98,-188],[6,-115],[50,37],[30,49],[-42,72],[3,40],[-70,60],[-16,45],[29,35],[90,-130],[5,-71],[65,-67],[8,91],[-14,26],[41,67],[26,77],[-24,62],[17,33],[93,-135],[35,-98],[8,-117],[-64,11],[-22,-47],[29,-57]],[[56852,96647],[84,-186],[-46,-40],[22,-47],[-18,-61],[13,-69],[-105,-1],[-26,54],[-50,-72],[25,-49],[-44,-18],[-34,37],[-58,-8],[-27,26],[-25,-14],[-13,-5],[-31,54],[60,51],[94,55],[69,-30],[25,26],[-10,85],[-23,73],[12,82],[49,107],[57,-50]],[[53481,95306],[-80,-59],[47,-22],[-17,-7],[18,-121],[-124,-101],[-53,98],[-15,95],[25,69],[83,94],[17,75],[56,36],[57,-79],[-61,-37],[47,-41]],[[53120,96102],[10,26],[72,-3],[-7,-74],[-77,-45],[29,-117],[-47,-83],[-72,25],[-3,153],[95,118]],[[51363,88501],[6,-34],[-44,-28],[-38,-80],[-27,38],[-18,17],[-78,-36],[-41,12],[51,97],[-3,60],[81,-49],[49,-12],[62,15]],[[56472,96537],[44,-66],[44,-28],[-20,-77],[-91,29],[-19,93],[42,49]],[[55981,94262],[19,-52],[-18,-47],[-87,-15],[-45,70],[60,43],[71,1]],[[50808,87821],[-61,43],[23,51],[-60,76],[127,37],[9,-44],[-59,-64],[21,-99]],[[55374,94605],[10,-41],[-35,-35],[-90,22],[-21,36],[48,55],[88,-37]],[[55913,95817],[70,-74],[-69,-80],[-46,86],[14,60],[31,8]],[[55738,96247],[15,-20],[-49,-112],[-68,23],[11,54],[91,55]],[[56090,97863],[17,-28],[-24,-87],[-63,-7],[23,94],[47,28]],[[56108,94540],[71,0],[8,-50],[-67,-4],[-12,54]],[[53870,96906],[20,-70],[-49,-16],[-25,35],[54,51]],[[55581,96033],[0,-114],[-50,67],[50,47]],[[56251,96876],[22,-78],[-71,-4],[49,82]],[[48497,90693],[0,0],[0,-1],[0,0],[-1,0],[1,1]],[[62580,99725],[19,-40],[135,-19],[40,44],[66,-20],[2,-38],[-58,-3],[-4,-56],[41,-28],[-47,-81],[-4,-41],[-39,-75],[-112,13],[-44,-113],[-53,19],[-40,-24],[-43,42],[-62,5],[-7,77],[50,133],[92,46],[29,65],[8,68],[31,26]],[[62524,98454],[-40,-28],[11,-55],[53,-46],[43,7],[27,39],[103,-62],[8,-31],[-18,-107],[-59,-83],[-106,10],[-57,50],[-30,101],[-40,34],[64,143],[41,28]],[[59279,99228],[12,-49],[-23,-72],[-26,-19],[14,-87],[-80,-70],[-126,80],[-47,-4],[-9,42],[39,27],[20,49],[80,89],[75,-64],[47,8],[24,70]],[[62335,99140],[-51,-30],[-54,-3],[-85,-95],[-71,28],[21,60],[97,65],[-70,130],[23,43],[50,-1],[61,-29],[87,0],[64,-64],[-72,-104]],[[60199,99223],[-1,-15],[-3,-28],[2,-2],[6,-33],[17,-96],[-56,-14],[-15,-59],[-42,3],[4,57],[-44,48],[30,35],[-16,52],[26,27],[92,25]],[[62796,99440],[52,47],[9,-94],[-89,-84],[-19,52],[47,79]],[[62969,99109],[12,-56],[-25,-43],[36,-109],[-8,-38],[-48,2],[14,186],[19,58]],[[60271,99042],[2,-4],[0,-2],[-2,6]],[[57602,101337],[18,-13],[73,56],[93,4],[-2,-84],[-60,33],[-67,-27],[-39,-1],[27,-140],[69,-27],[-12,-78],[-67,45],[-79,-25],[-48,66],[-77,-15],[-20,-66],[-30,-21],[-81,-1],[-11,57],[18,68],[-136,-8],[-37,65],[76,79],[56,17],[51,42],[53,5],[119,-65],[45,42],[68,-8]],[[58156,101086],[-56,-34],[-2,-49],[32,-77],[6,-84],[-31,-85],[-71,46],[-8,111],[-31,46],[7,81],[33,38],[-20,70],[-50,73],[-19,80],[34,45],[67,1],[78,-132],[8,-38],[81,-47],[-18,-57],[-40,12]],[[57068,101214],[-61,10],[-11,-4],[-16,66],[26,57],[101,11],[13,-49],[-27,-85],[-25,-6]],[[56737,101083],[0,-1],[-25,53],[65,6],[28,-56],[-68,-2]],[[57096,100943],[21,-76],[-39,-27],[-51,1],[12,56],[57,46]],[[57495,101525],[38,-26],[12,-50],[-56,-16],[-42,69],[48,23]],[[58128,101523],[61,-54],[-61,-36],[-41,32],[41,58]],[[57076,100986],[-73,10],[33,43],[50,8],[-10,-61]],[[58561,98682],[-64,-5],[-31,-50],[-76,-46],[-59,-19],[-71,-45],[-5,-37],[-46,-65],[-24,-103],[-37,2],[-52,81],[-23,-61],[-96,-11],[-91,173],[-15,-42],[42,-101],[-20,-161],[-57,13],[-109,-65],[41,-45],[-29,-81],[7,-74],[-84,1],[-17,-108],[49,-4],[40,-55],[-48,-95],[67,-37],[38,-103],[17,-82],[-92,-57],[-120,72],[-75,-2],[-33,13],[-15,-91],[-31,-105],[63,-81],[11,-65],[-44,-50],[18,-32],[-27,-80],[-65,29],[-68,-1],[-57,32],[6,29],[55,113],[-33,56],[-10,97],[0,0],[28,52],[-16,68],[8,94],[-22,27],[-39,27],[17,20],[-2,19],[1,5],[47,-10],[46,27],[-64,55],[102,35],[3,42],[-54,4],[-28,44],[-45,-26],[-28,37],[8,49],[9,21],[-2,38],[50,-37],[57,51],[0,-1],[52,-4],[20,-114],[40,24],[-36,111],[-84,21],[-32,93],[-76,40],[-49,-15],[-47,-28],[-39,41],[79,81],[55,21],[-23,92],[-117,-62],[-46,9],[-37,47],[-18,94],[-78,-83],[-99,10],[67,50],[17,57],[-46,81],[-24,92],[37,31],[81,26],[10,47],[117,-28],[-7,-60],[73,-75],[19,67],[69,103],[78,-23],[-7,-45],[33,-55],[10,149],[-9,58],[-42,-5],[-38,78],[65,53],[-48,31],[-33,55],[11,148],[-1,121],[72,95],[78,49],[72,-10],[40,-227],[55,27],[94,9],[-49,79],[-15,50],[28,95],[-16,83],[-42,29],[11,70],[49,-4],[30,183],[35,35],[115,16],[58,92],[-7,21],[-14,30],[41,63],[-18,45],[-62,4],[-30,36],[58,62],[-95,104],[40,47],[-31,40],[52,43],[12,105],[45,72],[3,101],[30,57],[73,-23],[-4,-53],[-59,-71],[12,-131],[-54,-126],[-35,-24],[81,-106],[42,1],[42,-94],[-27,-128],[-7,-109],[-36,-6],[-9,-81],[-35,-104],[3,-48],[-43,-33],[-56,-91],[16,-67],[-20,-55],[-63,-32],[19,-72],[34,-17],[7,-64],[-77,-77],[38,-111],[-7,-52],[31,-41],[-34,-52],[-12,-62],[33,-31],[28,-66],[96,47],[28,-28],[45,71],[57,-7],[93,33],[47,93],[44,1],[58,41],[55,-34],[67,25],[5,51],[140,7],[68,-60],[-47,-24],[-6,-91],[46,-154],[-19,-73]],[[57134,97924],[42,-82],[-16,-56],[-38,-51],[18,-86],[-31,-35],[32,-50],[-48,-65],[52,-150],[-19,-26],[-22,-25],[-67,28],[10,66],[27,19],[-91,47],[51,25],[-25,42],[-105,-27],[-2,7],[-14,16],[-41,19],[-69,-15],[-44,1],[-49,-88],[-38,15],[42,69],[-4,64],[-132,1],[70,42],[10,28],[-51,53],[-80,179],[6,48],[92,-2],[-9,-62],[32,-23],[54,13],[35,-26],[-2,-62],[32,-99],[12,39],[-20,63],[45,56],[31,-6],[3,-60],[48,12],[-20,49],[-99,59],[-49,53],[18,59],[39,4],[-90,100],[84,16],[26,40],[-38,60],[39,43],[79,-61],[23,-82],[48,17],[49,47],[44,-23],[10,-49],[44,-25],[23,-55],[-4,-94],[47,-14]],[[56253,98134],[14,38],[77,-8],[13,4],[25,-57],[39,-7],[16,-29],[21,0],[7,10],[1,26],[10,31],[-10,45],[28,53],[84,-14],[-39,-126],[-49,-24],[-24,2],[-2,-19],[-10,15],[-17,0],[8,-71],[18,-19],[69,44],[-21,-82],[-51,32],[-22,27],[-64,-45],[-51,48],[-32,-7],[-52,53],[-27,59],[41,21]],[[56836,98564],[3,-3],[-5,-19],[-16,-34],[0,-1],[-57,-29],[0,-5],[-6,-12],[-21,13],[-23,-62],[-41,2],[14,60],[-26,71],[55,15],[108,39],[15,-35]],[[58562,99088],[-41,16],[-17,50],[69,4],[102,47],[37,-42],[-4,-72],[-52,-16],[-49,27],[-45,-14]],[[57167,99167],[-24,-55],[-37,-21],[-83,8],[-45,-59],[-65,-6],[52,79],[51,44],[60,-16],[91,26]],[[57196,97705],[-5,-97],[-45,-11],[14,77],[36,31]],[[58648,98170],[64,-41],[-52,-39],[-62,12],[50,68]],[[74131,100153],[0,-42],[55,-89],[18,17],[153,14],[29,-48],[91,14],[89,-49],[33,-43],[8,-87],[58,-31],[31,-98],[63,10],[92,-104],[64,-40],[49,3],[61,32],[17,-29],[93,4],[95,-63],[20,-37],[1,-73],[104,-148],[63,13],[130,-13],[69,50],[48,50],[14,77],[65,36],[26,51],[-17,53],[15,72],[32,52],[-66,68],[35,109],[43,12],[47,75],[-54,72],[-87,160],[-41,18],[-40,68],[-59,34],[-23,115],[-66,53],[-57,84],[56,19],[-27,44],[25,49],[-22,42],[30,55],[3,81],[33,84],[37,15],[13,71],[83,-36],[25,-31],[101,2],[110,94],[72,21],[27,64],[202,11],[67,-41],[136,-29],[126,-40],[38,30],[110,-51],[41,-33],[26,-110],[27,-29],[72,-8],[37,-28],[10,-49],[37,-6],[94,-49],[1,-58],[91,-89],[33,-11],[54,-133],[-9,-101],[-22,-34],[25,-60],[64,-71],[16,-87],[-24,-78],[21,-74],[108,-102],[67,42],[51,-47],[-18,-26],[123,-146],[65,-48],[-7,-27],[35,-131],[14,-102],[41,-69],[-18,-73],[45,-59],[65,-36],[48,-90],[68,-57],[-15,-73],[10,-68],[89,-23],[61,-36],[-21,-85],[-46,-67],[-81,-1],[-11,-28],[52,-43],[-43,-40],[11,-59],[40,-16],[-62,-68],[21,-98],[44,-77],[8,-175],[-5,-118],[39,-117],[60,-89],[90,25],[-17,-52],[17,-66],[57,-11],[141,-143],[147,-46],[115,-96],[6,-39],[60,-85]],[[78725,97156],[-62,-48],[-131,-5],[-69,15],[-94,-19],[-51,40],[-94,-30],[-32,-51],[-68,26],[-27,-88],[-44,-4],[-28,-98],[4,-51],[-81,-63],[-15,-54],[3,-83],[-75,-23],[-26,-39],[24,-43],[87,-85],[-46,-104],[-41,-17],[-28,-55],[8,-101],[-33,-3],[-184,-170],[-54,16],[-104,-53],[-48,-37],[-100,-135],[25,-42],[-15,-65],[-50,-74],[5,-70],[-29,-26],[26,-59],[-4,-84],[-110,-1],[-47,65],[-63,27],[-77,-46],[1,-64],[-29,-60],[-91,-75],[-31,-41],[-33,-105],[-70,-22],[-6,-80],[40,-70],[-36,-90],[2,-127],[40,-44],[-9,-74],[-57,-82],[-69,-25],[20,-78],[-30,-27],[-53,-13],[-108,9],[-87,28],[-39,33],[-57,-9],[-53,25],[-99,16],[-84,-59],[-8,-88],[-26,-33],[-17,-74],[25,-43],[-14,-71],[-141,-12],[-42,-45],[-3,-85],[41,-60],[13,-51],[-2,-125],[-59,-7],[-30,-41],[-54,-5],[3,-69],[-26,-212],[34,-78],[31,-33],[23,-74],[-19,-116],[22,-27],[-1,-140],[53,-117],[82,-117],[18,-64],[72,-66],[31,-73],[114,-13],[112,7],[18,-87],[28,-40],[4,-54],[-37,-30],[0,-47],[46,-16],[53,-95],[-55,-92],[3,-55],[35,-65],[120,-61],[44,14],[36,-102],[21,8],[53,-99],[43,-40],[-54,-59],[-46,-140],[-48,-71],[-52,-125],[-107,-103],[-5,-39],[-76,-8],[-28,31],[-81,40],[-73,-6],[-12,-33],[44,-129],[-3,-52],[-91,-43],[-27,-57],[10,-108],[42,-43],[93,18],[90,-73],[40,-50],[-17,-105],[44,-12],[41,-53],[3,-43],[54,-103],[96,-14],[57,-38],[-4,-60],[39,-45],[-20,-63],[13,-48],[-20,-98],[58,-78],[13,-65],[-64,-25],[-55,-61],[-121,25],[-124,55],[-23,-26],[-77,-14],[-69,26],[-27,51],[-37,-19],[-68,95],[-110,17],[-72,-17],[-52,50],[-88,-54],[-54,-89],[-53,-39],[32,-22],[-29,-87],[-86,-53],[-83,-72],[-20,-95],[19,-80],[-123,-10],[-75,-51],[-87,47],[-109,-36],[-48,67],[-104,30],[-28,58],[-69,35],[-50,-13],[-32,-71],[-178,-52],[-18,-50],[-66,-19],[-65,-146],[-50,-24],[-74,51],[-44,-3],[-52,35],[-75,-26],[-76,-56],[-20,-53],[-121,48],[-179,-3],[-88,5],[-117,22],[-70,-51],[-56,73],[-138,-24],[10,40],[-60,38],[-55,-72],[-66,-11]],[[73012,89061],[-61,35],[-141,33],[-84,89],[-58,40],[-127,114],[-30,-10],[-43,52],[-71,32],[3,56],[-35,117],[-98,7],[-41,33],[-133,13],[-48,77],[-21,145],[-45,116],[-176,-8],[32,-27],[15,-84],[-73,-89],[-59,-143],[-236,-9],[-107,-53],[-55,-132],[-122,-3],[-94,-14],[-75,52],[-96,-56],[-62,-20],[-51,18],[-44,48],[-51,-7],[-10,-184],[-22,-41],[-60,-33],[-35,35],[-82,-55],[-48,31],[-78,-30],[-101,11],[-52,22],[-126,16],[-82,20],[6,46],[-106,108],[-42,98],[-8,49],[-63,35],[-75,98],[-87,67],[-18,34]],[[69636,89810],[22,59],[-25,93],[68,-11],[18,-38],[79,-16],[-3,65],[-30,21],[46,103],[-71,86],[12,37],[55,11],[72,89],[15,52],[55,100],[42,8],[35,80],[47,-47],[72,19],[70,58],[91,-78],[25,23],[6,88],[-38,-3],[-69,98],[65,36],[17,116],[60,82],[33,-26],[73,44],[-21,39],[39,57],[-35,72],[91,26],[49,-146],[23,36],[0,1],[17,59],[-22,121],[113,-105],[81,108],[0,0],[-1,0],[0,0],[-1,2],[-1,0],[0,1],[1,0],[1,-1],[15,7],[0,0],[0,1],[0,0],[0,0],[0,1],[1,0],[0,0],[3,-2],[0,-1],[18,28],[-60,2],[-108,13],[-6,161],[-50,61],[50,58],[19,54],[63,-51],[34,27],[7,49],[-45,17],[28,74],[68,48],[35,46],[48,6],[80,41],[2,37],[-112,47],[-68,-20],[7,64],[71,73],[139,161],[19,51],[56,17],[76,86],[86,71],[11,26],[29,21],[59,113],[24,5],[59,7],[68,71],[69,63],[14,70],[-69,156],[40,92],[-39,42],[-1,87],[-148,13],[-40,21],[-23,60],[-3,101],[44,73],[51,7],[98,-25],[22,76],[-116,45],[-203,116],[17,29],[326,-176],[53,31],[-94,31],[-77,51],[-178,98],[72,137],[27,-23],[46,56],[41,19],[61,-55],[127,226],[130,197],[177,187],[68,-52],[26,35],[132,117],[11,13],[-137,129],[-12,47],[49,30],[67,8],[100,8],[118,-117],[28,61],[-31,97],[76,53],[-63,38],[-28,79],[-141,-81],[-91,-30],[-108,-8],[-164,-76],[-60,15],[-46,-34],[-74,-18],[-144,28],[-55,-15],[-121,-2],[-35,22],[-45,-60],[-34,26],[-105,-46],[-23,-46],[-87,-17],[-62,30],[-17,-28],[-143,10],[-65,-46],[-56,3],[-58,-46],[-71,36],[19,104],[-81,104],[83,83],[149,56],[47,60],[57,21],[102,82],[100,14],[43,42],[86,49],[132,17],[34,39],[108,201],[107,80],[32,59],[64,29],[129,27],[79,77],[96,18],[4,31],[-23,66],[12,100],[-25,5],[34,125],[-29,115],[18,15],[-25,29],[-38,110],[-9,125],[44,6],[2,64],[38,61],[65,29],[-18,35],[-78,59],[8,51],[-31,52],[-60,5],[-27,144],[-43,34],[-56,-5],[0,63],[-39,80],[11,22],[-69,81],[-29,-59],[-33,-16],[-339,99],[-56,26],[1,184],[35,79],[-32,42],[-98,45],[2,19],[-128,71],[-43,0],[-146,119],[-26,12],[-53,-50],[-49,40],[-28,-29],[-52,44],[60,72],[-31,80],[2,-29],[-82,-82],[-69,62],[-42,68],[32,77],[-21,20],[-30,135],[-41,141],[-26,190],[-6,169],[-27,1],[-14,73],[-68,-5],[-40,99]],[[71815,96445],[-19,-63],[-167,-1],[8,62],[178,2]],[[69917,93492],[37,-17],[29,66],[84,107],[138,83],[43,-55],[112,104],[33,10],[51,-64],[82,-2],[3,-85],[-44,-50],[10,-32],[-86,-160],[-52,-75],[-8,-138],[0,-55],[-50,-50],[-24,-99],[-103,-66],[-34,-98],[-58,-77],[106,-41],[-38,-81],[-109,-6],[68,-73],[-74,-113],[-27,-79],[-108,-59],[-63,-60],[-19,-54],[-30,78],[-93,5],[-42,-43],[-8,-58],[-49,-41],[-10,62],[-48,103],[-30,48],[-8,-10],[0,0],[13,31],[33,49],[28,28],[-29,141],[-46,-9],[5,-45],[-44,-73],[-72,-32],[-45,-47],[-195,-35],[-73,34],[-101,22],[-35,-21],[-74,40],[-34,102],[-121,-17],[-12,-74],[-77,-117],[0,-63],[-85,-34],[-84,6],[-2,26],[110,105],[-19,53],[0,119],[-29,34],[-85,-4],[-62,-34],[-55,121],[-83,92],[-4,61],[-42,57],[-9,104],[55,15],[57,49],[128,51],[31,-14],[63,60],[101,48],[27,55],[49,41],[84,8],[47,37],[83,11],[119,93],[-5,61],[161,139],[43,78],[96,13],[83,34],[4,-46],[76,44],[152,62],[94,-30],[-8,-72],[195,-44],[19,-72],[-7,-66]],[[70527,94460],[-8,-15],[37,-9],[-63,-124],[-88,-72],[72,-32],[-19,-126],[-25,-51],[-49,36],[-15,-61],[-77,-9],[-181,51],[-56,-12],[-13,45],[29,57],[8,76],[65,74],[41,14],[-22,68],[-109,28],[-63,-11],[-47,65],[0,0],[-1,0],[13,18],[93,82],[68,92],[73,26],[-3,95],[47,12],[5,-1],[13,-1],[1,-3],[1,-2],[47,2],[71,84],[58,-4],[32,-65],[57,-43],[19,-44],[-86,-81],[-48,-7],[54,-136],[53,16],[-14,-14],[30,-18]],[[70700,94445],[3,-20],[89,-117],[32,-57],[-159,-221],[1,-41],[-45,-65],[-28,10],[23,56],[5,55],[-8,25],[-5,12],[0,15],[0,14],[0,0],[-1,0],[-2,1],[-8,23],[-7,32],[-2,2],[-2,14],[11,9],[10,3],[-34,104],[18,61],[33,33],[38,35],[5,-1],[10,9],[1,1],[22,8]],[[70144,92360],[22,-35],[53,-23],[18,-88],[-8,-47],[44,-27],[-6,-41],[-66,-84],[-45,16],[47,100],[-111,59],[18,143],[34,27]],[[70139,93914],[-74,70],[51,15],[110,-62],[-54,-43],[-33,20]],[[69419,94654],[57,-34],[-21,-49],[-64,5],[-39,63],[67,15]],[[70020,93955],[44,2],[14,-54],[-40,-31],[-90,47],[34,41],[38,-5]],[[69304,92159],[-18,-39],[21,-51],[-62,-24],[3,82],[56,32]],[[69879,94361],[-15,-7],[-25,5],[-10,9],[-7,2],[-1,1],[0,1],[0,1],[0,0],[0,1],[-2,0],[0,3],[1,1],[-3,1],[0,0],[0,1],[0,1],[0,1],[1,1],[5,11],[0,0],[4,6],[77,37],[31,-37],[-56,-39]],[[70241,93719],[-15,49],[72,-4],[-21,-60],[-36,15]],[[70379,93840],[-11,-23],[-37,28],[48,-5]],[[70536,94244],[-5,-6],[-17,-19],[22,25]],[[70881,94688],[114,-33],[33,4],[11,-91],[-9,-79],[-75,-60],[-19,-40],[-68,-72],[-31,-2],[-22,73],[57,77],[-57,28],[-60,-19],[9,71],[-17,40],[-49,31],[118,59],[65,13]],[[67357,93956],[30,35],[85,-10],[76,6],[85,36],[133,13],[86,-1],[162,-24],[67,-181],[-19,-77],[20,-71],[-27,-17],[43,-70],[10,-68],[-52,-95],[42,-90],[84,-104],[-26,-35],[51,-35],[-32,-89],[-76,-63],[57,-53],[-10,-51],[27,-86],[30,-41],[12,-79],[64,-98],[-78,4],[19,-88],[-71,-34],[-42,-61],[26,-42],[7,-106],[-66,-53],[48,-24],[50,109],[41,11],[96,-38],[35,-73],[-60,-63],[43,-37],[40,-89],[-66,-44],[-22,-62],[-41,-42],[-43,-98],[9,-129],[-45,-23],[-34,-112],[-43,15],[-90,-112],[-60,-37],[-61,-1],[-43,70],[1,103],[83,103],[-21,43],[-97,-111],[-63,56],[-18,-43],[27,-71],[-64,-21],[47,-94],[-38,-24],[-48,6],[-67,-46],[14,-22],[-19,-89],[35,-12],[40,57],[44,8],[100,-12],[29,-62],[-53,-69],[-108,-74],[-59,9],[-49,57],[-31,1],[-21,-35],[-90,-83],[-74,-115],[-36,-8],[8,-56],[-46,-94],[-34,20],[-98,-14],[10,-81],[38,-12],[46,35],[-22,-191],[-103,-38],[-26,105],[25,58],[-84,1],[-18,-89],[34,-54],[-92,-59],[78,-71],[-22,-46],[-57,-31],[-133,-2],[-24,-38],[-62,-25],[-41,-42],[-40,80],[-36,-12],[-41,66],[-25,-51],[29,-102],[-42,-70],[-64,-13],[16,-42],[-93,9],[-4,106],[-100,-66],[-56,38],[-35,50],[45,36],[27,150],[90,13],[48,36],[-20,142],[-32,52],[-36,-43],[-105,-2],[7,34],[-57,23],[47,41],[-51,-19],[-47,36],[-77,-68],[-52,31],[9,53],[105,232],[43,27],[13,61],[57,69],[101,66],[60,105],[29,18],[104,15],[10,-160],[37,-18],[25,-65],[46,-3],[-7,68],[-63,89],[62,91],[106,13],[32,-20],[-52,-74],[52,-79],[2,-92],[104,-2],[0,68],[41,43],[-54,85],[49,2],[45,44],[-54,59],[-71,-28],[-37,69],[-150,38],[-13,-88],[-57,-20],[-22,64],[-98,9],[-1,47],[-118,-32],[-17,-27],[-15,2],[-76,-16],[14,81],[-26,94],[-49,-14],[-60,35],[-5,46],[-8,48],[15,91],[-31,43],[-27,110],[44,114],[78,104],[56,15],[1,65],[-32,46],[54,49],[22,81],[-5,55],[58,79],[-15,38],[37,153],[107,124],[45,73],[50,109],[92,120],[4,92],[-30,20],[50,146],[64,13],[-20,90],[-49,115],[-41,18],[-2,69],[-26,35],[-52,-4],[-137,101],[123,93],[48,4],[66,-24],[-47,-106],[13,-51],[88,-75],[211,10],[54,54],[98,32],[92,61],[47,52],[104,64],[46,4],[46,39]],[[69338,91312],[-67,35],[-39,-22],[-55,4],[12,63],[1,0],[30,-4],[49,67],[114,1],[-32,107],[-6,69],[71,46],[68,125],[108,31],[76,-63],[71,44],[22,-77],[-95,-87],[-36,-99],[-143,-153],[-70,-7],[-79,-80]],[[69189,91977],[66,-18],[98,-49],[24,-42],[70,-32],[-13,-50],[-90,6],[-78,-82],[-70,42],[21,47],[-72,31],[-62,-7],[-21,95],[39,45],[68,-61],[20,75]],[[66563,89995],[14,-7],[48,-44],[-34,-49],[73,-49],[43,-50],[-36,-93],[-67,85],[-3,33],[-48,62],[-35,-4],[-42,-52],[-16,-97],[-42,12],[-24,102],[35,88],[33,30],[-27,43],[68,53],[46,-1],[14,-62]],[[67575,91016],[69,-35],[20,-61],[-39,-42],[-59,-27],[-50,0],[-26,37],[15,67],[70,61]],[[69541,92058],[38,-90],[-52,-35],[-74,66],[6,51],[82,8]],[[68463,92155],[1,-139],[-60,-18],[-9,66],[13,53],[55,38]],[[66983,90176],[36,-40],[-32,-32],[-80,9],[76,63]],[[65980,90204],[5,11],[2,3],[-7,-14]],[[83944,96193],[-16,9],[-98,-69],[-113,-3],[-33,-28],[-103,-19],[-4,69],[-23,61],[53,91],[-7,95],[-20,20],[-24,117],[39,69],[8,81],[48,62],[-8,24],[61,87],[-12,169],[-35,20],[-65,-59],[-68,23],[-60,-3],[-27,43],[-53,30],[-14,40],[-97,-39],[-70,-47],[-80,31],[-40,-33],[-57,66],[-5,63],[-174,37],[-138,-6],[-63,-37],[-56,14],[-53,-36],[8,-62],[-18,-82],[-34,-23],[-29,-206],[-91,-72],[-29,-61],[2,-57],[-27,-73],[-53,-22],[-99,34],[-50,-31],[-110,-20],[-28,-18],[-144,8],[-118,29],[-72,-16],[-102,17],[-42,30],[-69,-16],[-117,9],[-44,-19],[-39,32],[-62,-11],[-19,-40],[-83,-105],[-96,-75],[-33,14],[-93,-1],[-78,31],[-102,8],[-35,44],[-80,11],[-112,64],[-34,51],[-3,80],[24,95],[26,24],[37,94],[-91,56],[-54,51],[12,36],[-92,24],[-91,103],[-81,133],[-112,-67],[-84,-24],[-100,11],[-62,-15],[-54,-113],[-53,-23],[-41,-49],[-49,15],[-97,-12],[-51,15],[-51,-27],[-57,8],[-45,-31],[-53,5],[-135,-67],[-70,18],[-73,62],[19,69],[-8,83],[-26,40],[-64,60],[-101,-5]],[[77375,105823],[53,8],[129,-7],[109,-89],[-26,-41],[79,-5],[77,-33],[77,-4],[63,107],[53,-46],[33,62],[3,1],[3,0],[3,0],[20,0],[9,-102],[-26,-48],[115,-71],[50,-100],[52,-30],[112,-20],[42,23],[77,-4],[70,15],[59,-13],[31,23],[133,-24],[4,-52],[38,-31],[93,-4],[84,47],[334,-10],[111,-45],[67,15],[70,-4],[9,-46],[69,-13],[57,27],[-95,136],[-4,102],[359,302],[62,-55],[46,72],[12,109],[87,71],[-39,24],[54,55],[9,46],[72,-51],[30,21],[-24,99],[92,22],[-76,80],[29,83],[52,0],[19,38],[71,-60],[138,53],[-27,82],[82,-51],[15,33],[68,-28],[32,14],[69,78],[59,9],[45,-130],[86,4],[-21,60],[2,69],[78,59],[43,1],[70,-58],[74,-15],[54,15],[-3,-92],[100,-21],[63,-26],[53,-1],[3,56],[49,32],[67,-105],[49,-17],[-10,-92],[43,-25],[24,63],[62,38],[61,-68],[-8,-38],[45,-28],[26,-87],[94,-112],[50,22],[35,-18],[40,-125],[34,-164],[50,-90],[77,-13],[102,-174],[43,-13],[34,-75],[-9,-68],[33,-85],[39,-56],[5,-172],[34,-35],[-17,-66],[-33,-25],[-64,-203],[-31,-174],[14,-104],[79,27],[-3,-320],[-107,12],[-42,-106],[-4,-62],[-33,-32],[-50,-66],[-34,-73],[-38,-123],[-19,-165],[-22,-38],[-140,3],[-50,35],[-90,37],[0,50],[-105,59],[-65,-30],[-118,16],[-50,23],[-9,-84],[-70,-53],[97,-50],[6,-84],[80,-73],[-3,-106],[-21,-81],[-70,5],[-23,-25],[-106,12],[-55,-28],[-24,-11],[-114,2],[-40,-13],[-20,-77],[28,-39],[-19,-109],[-112,-34],[-94,18],[-121,42],[-87,-26],[-88,57],[-41,116],[-151,22],[-159,-65],[-66,-13],[-4,-113],[-19,-42],[9,-77],[-14,-106],[78,-218],[-10,-97],[52,-288],[37,-86],[48,-23],[59,0],[145,-87],[112,2],[89,-26],[91,-43],[122,-35],[53,-29],[38,50],[79,32],[-15,38],[132,62],[98,24],[317,98],[23,3],[56,-171],[52,25],[-23,69],[-1,0],[0,2],[0,0],[-27,90],[85,35],[33,-109],[50,-21],[-39,143],[105,3],[125,-53],[95,-70],[-52,-69],[28,-25],[54,74],[149,-108],[0,-41],[67,-44],[91,-8],[-42,-49],[72,-26],[1,120],[109,-1],[32,-23],[-1,-58],[86,35],[45,-36],[124,-29],[112,7],[17,8],[3,0],[26,9],[15,9],[19,2],[4,4],[0,0],[115,27],[7,0],[0,0],[15,-3],[89,10],[5,33],[71,2],[64,41],[37,-36],[97,-41],[-34,109],[153,74],[124,28],[53,1],[7,-68],[-99,-135],[-7,-46],[-59,-21],[-61,8],[-30,-63],[-2,0],[-24,-20],[0,0],[-17,-49],[35,-38],[13,9],[8,-38],[-4,-16],[-2,-10],[-10,-22],[0,1],[-13,-5],[-40,-67],[0,0],[-12,-13],[-1,-3],[-24,-11],[-49,-94],[53,-18],[11,9],[7,-7],[8,-11],[-19,-28],[-4,0],[-39,-50],[-52,8],[0,0],[-1,-1],[-12,-8],[-61,-74],[-5,-3],[-88,-16],[-11,-40],[-48,-18],[6,-39],[-39,-36],[-71,-136],[48,-32],[-1,-80],[-50,-38],[-23,-47],[-91,-69],[4,-40],[-85,-96],[93,17],[27,-66],[73,16],[61,-14],[48,39],[56,-24],[-33,-43],[98,-45],[130,93],[19,51],[67,32],[86,-3],[-33,-76],[80,-21],[92,30],[62,50],[108,-28],[34,-38],[-131,-57],[-32,-35],[-1,-53],[-34,-33],[-98,25],[-64,-35],[3,-68],[-76,-41],[4,-30],[0,-1],[0,0],[0,0],[1,-1],[0,0],[0,0],[0,0],[0,-1],[1,0],[0,0],[1,-2],[0,0],[1,0],[0,0],[0,0],[1,1],[0,0],[0,0],[-1,-1],[0,-1],[1,0],[0,0],[0,-2],[0,0],[0,0],[0,-1],[0,0],[0,0],[0,-1],[-1,0],[0,0],[0,-1],[0,0],[0,0],[0,-1],[0,0],[0,-1],[1,0],[0,0],[0,-1],[0,0],[0,0],[0,-1],[0,0],[0,-1],[0,-1],[0,0],[0,0],[0,-1],[0,0],[0,0],[0,-1],[0,-1],[0,-1],[0,0],[0,0],[0,-1],[0,0],[0,0],[0,-1],[0,0],[0,0],[0,-1],[0,0],[1,-1],[0,0],[0,0],[0,-1],[0,0],[0,0],[0,-1],[1,-1],[0,-1],[0,0],[0,-1],[-1,-1],[0,0],[0,0],[-1,-1],[0,0],[0,0],[0,-1],[0,0],[-1,0],[-3,-2],[0,0],[-1,0],[-2,0],[-1,0],[-3,2],[-99,-13],[3,-48],[76,-17],[0,1],[3,-1],[0,0],[1,0],[2,-2],[1,0],[3,0],[0,1],[1,0],[0,0],[1,1],[0,-4],[-7,-2],[-3,-1],[-54,-14],[9,-47],[62,-11],[62,25],[106,-62],[-45,55],[5,53],[0,1],[0,0],[3,2],[51,-3],[1,0],[2,-3],[60,-59],[53,-8],[22,-12],[47,67],[57,-51],[-12,-113],[68,36],[22,-35],[64,13],[9,69],[49,86],[-27,130],[55,-7],[-3,-130],[20,-53],[39,-32],[4,-52],[36,-26],[58,-2],[13,63],[115,-6],[-16,-67],[24,-33],[58,2],[134,63],[0,61],[-38,62],[39,63],[-2,69],[94,-5],[-26,-60],[2,-78],[41,-30],[18,-64],[39,-101],[97,4],[-24,-44],[-86,-17],[-29,-15],[-60,24],[-74,-31],[-21,-54],[-51,-24],[-152,16],[-72,37],[-63,-17],[-66,43],[-55,-59],[-47,52],[-96,-90],[-11,-73],[11,-64],[-22,-77],[-59,-48],[-111,-123],[67,-108],[-25,-57],[-74,40],[-70,-53],[26,-61],[48,-2],[-9,-75],[141,-80],[56,19],[79,-35],[-26,-89],[110,-34],[10,-87],[77,16],[12,51],[124,-150],[51,27],[-15,55],[98,-38],[-16,-44],[50,-57],[43,-20],[37,39],[60,29],[6,93],[41,-5],[26,-96],[-26,-79],[90,-25],[31,-30],[64,32],[55,52],[31,-22],[76,17],[-4,138],[97,-58],[95,3],[45,-21],[114,28],[39,-43],[35,6],[28,-16],[2,-74],[22,-54],[-79,-2],[-77,60],[-43,-26],[-46,18],[-109,1],[25,-45],[-43,-66],[-50,12],[13,72],[-55,34],[-85,-16],[-22,-41],[-54,-7],[-22,-82],[-67,-24],[13,-173],[-55,41],[-48,2],[-51,56],[11,69],[-144,7],[46,-91],[11,-75],[-8,-79],[33,-17],[-22,-79],[31,-8],[81,87],[10,-35],[64,-63],[-45,-41],[0,-75],[-50,-9],[-82,-84],[0,-52],[-32,-32],[-41,51],[-27,-41],[-5,-74],[-34,-1],[-94,-109],[-113,90],[-2,-49],[44,-59],[-9,-55],[62,-76],[-4,-52],[20,-86],[29,-7],[52,116],[111,-64],[51,70],[-39,58],[-68,52],[38,38],[59,15],[107,-87],[95,-15],[24,-23],[-24,-89],[-56,-49],[-149,-68],[-20,-43],[-70,-42],[-44,-65],[44,-33],[-3,-54],[-44,-32],[-78,27],[29,88],[-52,51],[-61,14],[-75,-44],[23,-80],[-47,-77],[-68,-61],[-68,18],[-20,58],[-33,32],[-34,-30],[0,-66],[-66,34],[-9,36],[-51,15],[-35,-91],[-75,39],[52,70],[-7,81],[-102,13],[-31,-147],[87,-123],[-54,-24],[-45,43],[-36,115],[-52,-7],[-16,-48],[29,-79],[-71,-45],[30,-60],[31,-10],[44,-69],[-55,-145],[112,-12],[-1,-24]],[[84602,102071],[-29,-32],[0,0],[-1,-1],[-56,-34],[0,-1],[-17,5],[-7,9],[-1,6],[-35,38],[-14,8],[15,9],[31,-1],[100,4],[1,0],[13,-10]],[[84020,101645],[-6,-38],[-15,28],[5,1],[16,9]],[[83698,101127],[0,-1],[-1,0],[-1,-4],[-3,4],[5,1]],[[84410,99180],[79,-7],[-18,-49],[-100,-102],[21,-37],[68,5],[24,-23],[-80,-63],[-34,-8],[-58,-89],[-76,-10],[-46,29],[-13,60],[81,60],[53,57],[-12,129],[59,51],[52,-3]],[[85754,98620],[4,-45],[-74,-68],[-37,41],[1,61],[59,39],[33,73],[31,-48],[-17,-53]],[[84161,96577],[66,-44],[70,-15],[1,-61],[-114,-8],[-23,128]],[[84333,95984],[20,-3],[4,-106],[-36,-29],[-42,59],[54,79]],[[85120,100235],[53,-52],[-47,-60],[-49,25],[-24,44],[67,43]],[[84944,100897],[-38,-55],[-51,35],[89,20]],[[83951,99936],[-2,0],[1,1],[1,1],[0,-2]],[[81935,107171],[109,-21],[68,-50],[-51,-45],[-83,-31],[-51,-81],[-47,-15],[-71,49],[-113,5],[-121,-54],[-19,44],[65,30],[66,77],[92,-3],[61,72],[57,39],[38,-16]],[[77138,81996],[38,130],[-11,116],[23,54],[51,56],[-20,29],[29,59],[66,47],[50,8],[117,51],[36,68],[-6,58],[13,90],[-39,86],[15,27],[-29,59],[-4,62],[-57,54],[117,111],[34,141],[-75,169],[-96,92],[-18,73],[37,92],[2,41],[-10,27],[-77,18],[-14,40],[-82,40],[-13,42],[-90,-2],[-102,-72],[-55,-4],[-32,-28],[-103,-14],[-52,45],[-68,2],[-15,48],[-51,28],[-65,79],[-51,18],[-59,80],[-57,28],[-38,45],[-63,-23],[-33,-91],[-36,-28],[-102,-153],[-20,74],[-43,21],[6,40],[-20,74],[-87,104],[-56,12],[-62,124],[22,92],[-26,31],[-1,72],[46,63],[-95,86],[-51,87],[29,45],[14,80],[-16,190],[18,40],[-25,40],[-79,4],[-83,-36],[-67,58],[-115,4],[-4,81],[41,48],[56,25],[31,63],[-10,62],[-35,37],[-63,-18],[-33,43],[-50,24],[-44,-33],[-349,53],[-39,54],[4,33],[-73,102],[-27,16],[-54,-46],[-79,3],[-98,60],[-56,-11],[-40,104],[-31,10],[12,145],[33,51],[-52,118],[77,15],[45,69],[-14,101],[54,124],[10,65],[74,71],[109,15],[-2,2],[-25,19],[-97,-21],[-29,31],[-67,166],[-72,127],[-6,68],[-38,11],[-118,130],[-40,0],[-37,45],[-100,24],[-59,28],[-31,-11],[-195,-6],[-104,95],[-54,4],[14,118],[-48,62],[-13,76],[-97,64],[-21,44],[-8,101],[-23,64],[-4,173],[-13,31],[-76,41],[-69,56],[-28,89],[-55,0],[-48,33],[-41,61],[-71,71],[-297,105],[-5,9],[2,206],[20,31],[62,19],[35,45],[18,100],[25,67]],[[83944,96193],[-79,-73],[-12,-63],[-134,11],[-38,-57],[62,-121],[-58,5],[-26,36],[-50,-38],[-36,-104],[20,-62],[62,-19],[6,-39],[-61,-30],[-57,-59],[-37,32],[-11,48],[-58,24],[-47,74],[-92,-41],[35,-61],[-31,-24],[-8,-27],[10,-7],[-20,-57],[-45,3],[-82,-38],[-72,-65],[-21,-25],[-20,-150],[-36,19],[-10,119],[-69,-35],[-52,-56],[-4,-73],[-81,-11],[0,-50],[41,-79],[-9,-67],[67,-3],[-3,-72],[-41,-16],[-38,-49],[-35,-89],[33,-44],[-64,-73],[-16,-64],[-79,-28],[-49,-104],[-225,-24],[-49,7],[-58,-55],[-114,-176],[-51,-105],[-65,-217],[-2,-76],[54,-110],[-16,-71],[-31,-45],[15,-43],[73,-18],[-24,70],[0,0],[30,10],[3,-2],[2,-4],[5,-4],[-1,-13],[8,-14],[0,0],[51,63],[9,10],[13,3],[14,1],[9,-9],[1,-8],[20,-1],[15,2],[0,0],[52,31],[4,-5],[-23,-40],[-7,-22],[4,-12],[-5,-36],[1,-1],[5,-19],[0,-1],[-12,-14],[0,0],[2,-5],[0,-1],[0,0],[2,0],[0,-2],[-4,-6],[0,0],[-4,-6],[-2,-7],[14,-24],[53,-5],[1,1],[0,0],[0,0],[2,0],[0,0],[14,1],[4,1],[1,0],[5,2],[0,-1],[6,1],[0,0],[6,-2],[3,-1],[13,-5],[4,-1],[0,0],[8,-3],[4,-5],[30,-33],[0,-4],[-15,-13],[0,0],[-2,-1],[0,-5],[-1,-2],[-11,-27],[-1,1],[-5,-16],[4,-4],[1,-2],[-8,-14],[-14,-12],[-84,-11],[29,-52],[-26,-10],[-4,2],[-37,10],[-5,-4],[12,-19],[2,-15],[-8,-2],[0,0],[0,1],[-8,-6],[-1,0],[-6,-6],[-9,-6],[-3,0],[-8,2],[0,0],[-1,-10],[-8,-3],[-8,-1],[-13,-9],[1,-8],[0,0],[-4,-2],[-34,9],[-4,-39],[-21,-27],[0,0],[-78,-7],[-100,71],[29,45],[-23,46],[-54,-36],[-115,37],[-29,-38],[-7,-76],[17,-44],[-55,-27],[-13,-102],[17,-67],[40,-48],[-63,-66],[-71,-30],[81,-42],[14,54],[88,92],[28,5],[0,0],[17,-60],[-42,-71],[129,73],[42,-42],[14,-62],[-40,-46],[-80,24],[-135,-31],[2,-22],[147,16],[39,-70],[76,30],[31,-26],[-15,-45],[-16,-2],[-110,-24],[-4,4],[-53,-60],[-70,23],[-53,-3],[-69,-51],[-94,-233],[-23,-91],[27,-33],[7,-24],[2,-11],[-11,-23],[-12,-3],[-10,8],[-58,-64],[-36,-94],[7,-28],[14,-4],[9,-11],[0,-1],[2,-2],[2,-2],[2,-3],[7,-27],[0,-6],[11,0],[1,-1],[-3,-9],[2,3],[0,-9],[4,-1],[-2,-1],[-6,-9],[-1,-6],[-5,-11],[8,-1],[1,-22],[8,-11],[-1,-1],[-58,-6],[-121,-132],[-51,-40],[-57,-89],[-58,-131],[-66,-162],[-73,-227],[-4,-112],[-47,-86],[35,-47],[-2,-84],[-22,-35],[-1,-40],[-40,-53],[-53,-134],[-93,-317],[-4,-106],[-86,-240],[-40,-229],[9,-51],[-30,-66],[-19,-92],[-86,-179],[-54,-158],[-60,-202],[-41,-205],[-27,-45],[-91,-284],[-137,-478],[-90,-346],[-31,-197],[35,-35],[-48,-28],[-21,-43],[-53,-32],[-19,-109],[31,-57],[27,139],[47,-10],[-42,-182],[-32,4],[-31,-71],[-5,-74],[47,-87],[-49,-15],[-29,-61],[-10,-80],[-11,-297],[31,-196],[24,-50],[68,-80],[63,-23],[-16,-57],[55,-42],[69,-93],[51,-2],[-74,-177],[-38,-73],[-1,-57],[-49,8],[-32,-106],[33,-56],[-28,-60],[-49,-48],[39,-63],[5,-81],[-45,-28],[-45,-97],[10,-75],[-36,-67],[27,-39],[67,-27],[25,-48],[-160,-56],[23,-50],[-14,-82],[82,-5],[22,-82],[-3,-97],[40,-9],[12,-75],[-99,14],[-48,-94],[86,-51],[-45,-85],[-43,-5],[-62,-86],[-94,-33],[-38,-36],[-56,-8],[-51,-38],[-39,-62],[-52,-114],[-13,-68],[28,-26],[-11,-56],[11,-81],[-54,-30],[-3,57],[32,16],[-28,85],[-68,-36],[3,-85],[-25,-50],[-20,-100],[-54,32],[-46,-21],[-33,-55],[9,-93],[33,-45],[-4,-94],[-38,-54],[42,-92],[-67,6],[-53,-22],[37,-62],[-26,-71],[106,-33],[12,-45],[-30,-51],[47,-44],[7,-56],[-49,-58],[-76,-14],[-119,-73],[-9,-50],[9,-103],[78,-99],[-7,-44],[20,-96],[-15,-92],[-32,-21],[-20,-62],[-112,-37],[-98,-61],[-17,-69],[24,-69],[-94,-9],[-13,-101],[31,-101],[83,-40],[55,-52],[-36,-93],[-94,-28],[-125,50],[-65,82],[-15,144],[-41,49],[-129,-51],[-54,37],[-22,-47],[-58,-38],[-49,7],[-133,-29],[-83,16],[-76,60],[-51,95],[-33,146],[-2,72],[67,57],[-12,81],[-79,38],[-51,-65],[-25,81],[-62,88],[-94,51],[-40,38],[13,54],[-96,30],[-140,13],[-74,-69],[-53,82],[-71,44]],[[83316,95386],[34,-46],[59,-7],[65,31],[9,-49],[-69,-50],[-23,-70],[-139,30],[-24,135],[88,26]],[[82318,93631],[-2,0],[0,2],[2,-2]],[[79487,82885],[54,-116],[-30,-48],[25,-59],[-51,-32],[-66,127],[68,128]],[[81531,91770],[0,-2],[-6,-2],[-3,2],[9,2]],[[81698,92369],[0,0],[2,-3],[0,0],[-2,3]],[[79187,81938],[-5,-87],[-45,16],[3,48],[47,23]],[[63755,81849],[-18,0],[11,10],[7,-10]],[[63757,81837],[0,-2],[-1,-1],[1,3]],[[77138,81996],[-118,69],[-34,1],[-34,-43],[-67,54],[-77,22],[-68,38],[-96,-7],[-21,-63],[-59,-89],[-40,-36],[-68,51],[-35,-59],[54,-58],[-44,-33],[-64,113],[-100,-72],[-66,-62],[-120,-134],[-63,-83],[-80,-126],[-113,-222],[-41,-167],[13,-69],[-18,-35],[9,-128],[64,-51],[128,-28],[103,-35],[36,-34],[98,-46],[128,-8],[64,-46],[109,-23],[46,-25],[61,15],[-4,-118],[-24,-41],[44,-38],[-98,-95],[-56,-21],[-42,-88],[-122,-64],[4,-75],[21,-54],[70,-56],[74,47],[111,-17],[36,-20],[124,72],[11,50],[81,-21],[14,-52],[-18,-35],[-72,-65],[-104,-58],[-27,-70],[-80,-22],[-34,-39],[-90,-47],[-59,-55],[-28,-69],[-100,-117],[-132,-19],[-22,-16],[-75,40],[-58,-25],[-71,20],[-105,5],[-74,-89],[-26,-61],[33,-44],[-1,-64],[-52,-72],[-10,-96],[-63,-47],[-39,-8],[-69,-69],[23,-60],[55,-49],[-146,2],[-49,-27],[-8,-70],[65,-33],[0,-69],[-149,-139],[-114,-59],[-29,-3],[-73,-58],[-103,-45],[-66,19],[-54,-129],[-49,-11],[-90,7],[-224,-158],[-32,-42],[-75,3],[-96,-40],[-102,-21],[-134,44],[-19,-42],[-63,-29],[-83,21],[-44,-22],[-13,-70],[-44,35],[-39,-3],[-51,-54],[-2,-52],[-84,-30],[-51,-60],[-100,-2],[-82,-97],[-56,47],[-67,-17],[-27,-54],[-150,-101],[-87,-5],[-14,-34],[28,-97],[-39,-49],[-69,25],[-32,-40],[-39,6],[-23,-56],[-48,-8],[-29,33],[-49,-4],[44,-116],[-40,-62],[-13,-57],[-90,62],[-46,-11],[-17,-124],[-44,6],[-52,60],[3,41],[78,53],[-14,39],[126,208],[0,96],[-20,20],[22,87],[-34,45],[44,56],[-83,76],[-106,32],[4,51],[88,103],[140,41],[24,68],[156,77],[114,142],[80,-2],[78,23],[38,40],[60,109],[26,13],[90,216],[46,183],[76,144],[-11,74],[-32,66],[-46,36],[-38,74],[4,97],[35,43],[35,12],[62,93],[8,32],[41,115],[143,111],[20,58],[-22,30],[12,110],[36,126],[-7,56],[25,23],[7,72],[-25,45],[-25,108],[46,61],[-6,48],[50,76],[33,114],[-5,49],[-87,136],[-36,126],[-46,25],[-55,114],[19,18],[-43,111],[-56,43],[5,47],[-51,162],[-51,70],[-46,131],[-31,22],[-72,105],[-69,58],[-15,50],[-56,54],[-123,49],[-95,20],[-65,39],[-23,77],[-10,101],[-40,6],[-3,119],[50,60],[-5,33]],[[72781,82391],[4,-5],[3,6],[0,2],[0,1],[0,1],[12,30],[-27,102],[22,82],[0,0],[17,140],[52,10],[7,1],[6,5],[7,107],[-27,79],[-54,82],[-37,-35],[-56,-11],[-61,-78],[-48,5],[-20,67],[-87,27],[-106,-30],[-38,-13],[-103,-49],[-30,14],[-24,72],[-35,35],[-51,-43],[-35,34],[1,66],[-76,12],[3,53],[-40,71],[-54,-1],[0,0],[-57,63],[-43,20],[-9,88],[19,29],[62,13],[-11,46],[72,6],[46,122],[70,57],[70,75],[62,16],[92,-13],[102,48],[149,26],[56,-25],[43,42],[42,-81],[74,33],[70,-39],[6,-49],[125,-178],[-20,-50],[59,-41],[2,-52],[-73,-82],[55,-60],[-19,-20],[20,-89],[-2,-57],[-85,-27],[172,1],[101,18],[152,-7],[139,58],[14,45],[83,56],[52,106],[42,40],[8,95],[-14,100],[45,35],[42,66],[-2,62],[50,150],[82,104],[81,42],[33,63],[11,99],[-30,58],[-23,104],[-38,36],[-20,66],[-79,56],[-62,6],[36,67],[-24,49],[-48,36],[-100,-7],[-146,53],[-118,-7],[-39,25],[-99,16],[-12,-38],[-68,35],[-21,88],[-78,29],[-32,53],[-94,1],[-112,44],[-7,34],[-73,28],[-129,-77],[-61,22],[-51,-16],[-129,-89],[-64,-74],[-58,-30],[-55,28],[-75,-89],[-52,-100],[11,-49],[-39,-55],[-17,-80],[19,-78],[17,-82],[46,-103],[-63,-8],[-75,-114],[-10,-145],[-84,-74],[-67,-35],[-96,-75],[-32,-132],[-92,-69],[7,-67],[56,-131],[-6,-100],[-63,-151],[-31,-111],[-48,-1],[-58,32],[-26,-48],[31,-47],[-52,-14],[-63,-113],[31,-11],[-5,-67],[-51,-166],[-110,23],[-11,-54],[129,-35],[-24,-187],[-54,7],[-13,62],[-33,20],[-67,-17],[11,-91],[42,-122],[127,-17],[-6,-85],[-157,20],[-17,-61],[47,-108],[-1,-98],[-1,0],[0,0],[0,-1],[0,0],[0,0],[0,-1],[38,-135],[22,-30],[-9,-71],[35,-123],[27,-16],[25,-86],[36,-12],[19,-69],[104,63],[76,-115],[-95,-70],[-18,-57],[11,-54],[66,-200],[26,-49],[17,-86],[54,-187],[100,-142],[83,-58],[56,-31],[39,-70],[46,-30],[74,10],[73,-92],[59,-94],[63,-35],[145,-28],[146,1],[9,-47],[63,1],[-89,-116],[-38,-103],[-1,-66],[0,-11],[-26,-69],[72,-149],[-30,-36],[-83,-11],[-45,9],[-107,-69],[3,-99],[69,67],[63,-17],[17,-42],[-16,-59],[-36,-29],[1,-45],[-52,-60],[-42,-3],[-40,-42],[-117,24],[-115,-9],[-51,-28],[-61,-67],[-15,-55],[46,-65],[-65,-24],[-119,109],[-88,61],[-93,25],[-129,-124],[-93,-41],[-113,27],[-89,102],[10,85],[-13,120],[69,53],[-66,166],[-55,86],[-155,176],[-111,90],[-140,67],[-48,-11],[-95,26],[-58,-17],[-66,-50],[-50,32],[-30,-29],[-43,38],[-43,-20],[-97,56],[-38,-30],[-41,25],[-66,-25],[-51,21],[-127,-10],[-168,-10],[-90,53],[-169,-6],[-63,21],[-61,93],[-27,13],[-80,-34],[-55,28],[-79,14],[-24,-69],[7,-76],[-67,-58],[-122,79],[-84,6],[-41,-37],[-46,-3],[-44,69],[-72,-36],[-51,-64],[-28,40],[-59,-46],[-37,54],[11,72],[58,22],[-11,43],[85,44],[-73,27],[81,60],[-27,47],[-89,-1],[-27,77],[-67,-84],[-44,41],[-29,60],[39,50],[94,33],[44,38],[38,-19],[42,54],[-13,43],[-50,36],[-45,90],[-71,11],[-31,-47],[-134,-12],[-11,56],[-81,29],[-18,58],[125,29],[43,-29],[41,52],[58,30],[-6,53],[33,14],[0,57],[-84,56],[-49,51],[-47,-30],[4,127],[-54,-13],[-94,10],[-27,79],[-65,9],[-46,79],[-96,90],[-53,107],[-6,33],[-52,60],[-136,96],[-58,-1],[-100,-37],[29,96],[57,26],[61,-6],[116,-74],[44,15],[105,142],[33,0],[38,93],[84,-49],[19,-49],[17,-110],[64,15],[55,-42],[29,-86],[143,-25],[24,-24],[195,-38],[81,81],[177,96],[30,-4],[146,96],[51,87],[76,101],[39,27],[25,76],[145,279],[53,138],[62,155],[65,231],[36,176],[32,234],[11,186],[-5,220],[-21,175],[-28,151],[-48,165],[-79,162],[-41,24],[-3,0],[0,0],[-15,10],[-12,2],[0,0],[-2,2],[-67,0],[0,-1],[-1,0],[-1,1],[-16,-5],[-3,1],[7,91],[-72,163],[-150,226],[-62,29],[-52,-7],[1,87],[-32,75],[-73,5],[-36,101],[-84,24],[-85,72],[-41,70],[-140,109],[-116,-19],[-31,-66],[-36,-22],[-53,30],[27,87],[-25,46],[-7,102],[-47,47],[-3,46],[-77,66],[-49,111],[61,67],[11,78],[-11,76],[64,37],[55,131],[15,71],[73,82],[33,107],[-26,43],[24,71],[51,54],[52,31],[49,108],[-7,15],[31,55],[7,66],[30,22],[28,167],[-46,70],[6,127],[-3,47],[-36,86],[6,92],[-25,95],[-1,3],[-35,127],[0,1],[-12,34],[-69,56],[-13,53],[-41,78],[-66,2],[-90,127],[17,76],[-13,85],[96,13],[5,18],[7,-4],[4,-12],[25,82],[-28,59],[33,67],[81,28],[21,97],[-16,70],[36,54],[-29,123],[-49,85],[-31,-28],[-1,0],[-1,-1],[0,-1],[-1,1],[0,0],[0,1],[-2,0],[-3,2],[-24,22],[-4,70],[-89,-46],[11,-88],[-115,80],[-2,110],[35,32],[8,165],[50,51],[80,4],[16,55],[186,103],[47,-7],[98,47],[62,-7],[94,7],[82,-10],[34,-15],[84,-73],[17,97],[65,-28],[-18,-104],[113,-74],[30,-9],[213,-12],[21,42],[38,55],[110,50],[20,25],[70,13],[36,45],[47,14],[61,63],[19,100],[80,73],[0,32],[-42,85],[22,71]],[[72607,79991],[41,-33],[-42,-55],[-47,30],[48,58]],[[75157,72861],[-29,84],[-40,53],[55,192],[-71,37],[64,110],[76,62],[27,74],[51,33],[23,53],[78,115],[-1,44],[46,136],[32,14],[0,0],[80,-38],[27,44],[-40,105],[16,51],[53,20],[63,96],[-8,36],[57,122],[-11,113],[-44,66],[14,37],[58,35],[24,65],[90,96],[85,126],[7,104],[76,-25],[55,85],[82,102],[64,-45],[-4,-105],[24,-16],[-4,-88],[74,-41],[10,-34],[-11,-130],[75,-28],[28,-65],[8,-69],[-19,-59],[-69,-49],[-23,-56],[11,-121],[-8,-183],[18,-72],[-9,-179],[19,-44],[2,-81],[20,-24],[5,-96],[-41,-36],[-59,-2],[-12,-63],[-37,-36],[15,-85],[-68,-51],[-48,-158],[-12,-108],[58,-12],[26,-59],[-55,-124],[1,-104],[-16,-83],[36,-81],[-70,-110],[-64,-19],[-74,-63],[0,-65],[11,-84],[-25,-99],[-32,-62],[-47,-49],[-75,-49],[-24,-17],[-67,22],[-56,-33],[-16,-38],[-22,-79],[-2,-73],[-95,-71],[-56,-104],[3,-74],[-4,-73],[-48,-101],[-92,-111],[-13,-45],[61,-93],[-5,-61],[-75,-20],[-16,-37],[41,-76],[108,-78],[-23,-46],[59,-36],[-9,-57],[-44,-40],[-49,-83],[6,-79],[34,-72],[65,-62],[-127,-111],[-24,-96],[29,-99],[-60,-40],[-30,27],[-142,25],[-275,-96],[-175,-104],[-58,-62],[-25,-87],[-1,-2],[-2,-5],[-1,-4],[-12,3],[-4,1],[-16,3],[-10,7],[-21,-2],[-68,26],[-12,64],[-75,96],[-10,59],[-21,52],[15,87],[44,100],[0,1],[-1,8],[1,1],[11,56],[1,1],[7,41],[5,52],[-3,51],[-2,31],[1,51],[-25,100],[-37,97],[-51,99],[-24,75],[18,35],[-6,69],[-36,80],[22,35],[174,-47],[45,45],[37,122],[29,29],[17,63],[118,72],[88,128],[96,160],[180,347],[99,220],[64,182],[3,81],[-2,5],[-9,39],[-14,57],[2,34],[6,280],[-12,35]],[[74298,74300],[28,-38],[-9,-59],[14,-67],[32,-24],[32,-86],[-34,-113],[-72,-60],[-113,21],[-59,-3],[12,139],[32,76],[-7,27],[70,89],[29,67],[45,31]],[[72781,82391],[-1,3],[1,-2],[0,-1]],[[63064,84071],[-21,107],[86,40],[32,-30],[69,8],[37,41],[-46,27],[43,45],[32,75],[-12,30],[57,100],[32,32],[-22,116],[93,38],[-12,84],[54,51],[6,47],[103,51],[69,0],[143,53],[23,39],[67,22],[133,-2],[25,65],[74,-35],[18,61],[29,14],[8,79],[54,69],[34,91],[-68,56],[39,134],[100,-39],[-33,-62],[37,-46],[-6,-55],[50,-40],[-26,-30],[-54,3],[-38,-43],[1,-74],[-69,-41],[-37,-40],[14,-89],[-56,-115],[-21,-107],[-36,-37],[-89,-22],[-12,75],[-80,3],[-82,-125],[-3,-88],[44,-14],[-2,-106],[-51,-3],[-28,-69],[-63,-51],[-28,-54],[12,-114],[109,-50],[-13,-29],[-101,-61],[20,-54],[-86,-41],[-22,-56],[-49,-12],[46,-60],[-58,-18],[1,93],[-40,30],[-47,-9],[-39,-45],[23,-79],[-28,-29],[-109,1],[-2,73],[-111,82],[-57,-19],[-6,64],[-54,94]],[[65550,85952],[-59,-30],[-25,47],[-82,10],[-39,-22],[-40,-69],[-91,-30],[-146,-20],[-26,38],[22,83],[-36,23],[-45,-33],[-73,32],[40,49],[9,101],[-47,16],[-51,-47],[-39,-4],[10,110],[-48,39],[2,61],[120,7],[5,44],[-70,-18],[-69,58],[-79,-69],[-6,-70],[27,-93],[-43,-4],[-46,58],[-50,-9],[1,59],[-41,147],[57,21],[43,49],[66,151],[167,15],[95,-63],[102,-102],[74,-118],[45,-30],[56,0],[40,-26],[18,-55],[115,-48],[61,46],[-2,54],[-79,45],[12,102],[52,21],[98,-6],[-19,-57],[54,-27],[-15,-32],[29,-64],[-82,-31],[-26,-46],[10,-45],[81,-8],[7,-159],[-44,-51]],[[64668,85659],[-58,-35],[9,-51],[39,-48],[-6,-61],[-63,-3],[-51,45],[5,54],[-42,148],[48,45],[18,122],[65,36],[114,35],[32,-49],[-66,-102],[73,-53],[-18,-45],[-59,10],[-40,-48]],[[61061,79099],[65,-26],[-24,-62],[-34,-16],[-3,-137],[-55,25],[-16,73],[43,11],[24,132]],[[67839,80916],[-28,-44],[6,-60],[-67,9],[26,45],[63,50]],[[62224,47538],[-79,-139],[-85,3],[-45,-35],[-31,10],[-80,-3],[-38,-72],[114,-130],[-67,-64],[-70,-23],[-41,9],[-66,-49],[-34,8],[-76,-35],[-67,0],[-75,-38],[-54,-59],[-56,-4],[-60,64],[-113,26],[-63,-61],[22,-43],[-28,-118],[51,-101],[-14,-40],[-49,-2],[-41,-34],[-53,-115],[-4,-57],[-62,-2],[-23,32],[-139,6],[-104,16],[92,-87],[83,-11],[23,-49],[36,20],[20,-17],[1,-1],[85,-85],[73,3],[-3,35],[41,-5],[21,-38],[127,-87],[-3,-23],[35,-21],[16,-74],[-31,-9],[-23,-16],[-15,43],[-84,-6],[-43,-37],[-22,-97],[-37,-24],[-49,18],[-26,-35],[-78,33],[-30,-60],[-31,-14],[-11,1],[0,0],[-66,-54],[-30,19],[-36,26],[-49,24],[-35,-78],[62,-50],[-1,-2],[-10,-9],[-6,-67],[-23,-163],[-30,-45],[-47,30],[-97,37],[-27,29],[-69,-14],[-75,21],[-87,42],[-76,53],[-129,-77],[107,-89],[59,-29],[25,-73],[56,-11],[97,-146],[-18,-65],[41,-32],[26,-23],[-15,-61],[16,-16],[-4,-25],[12,-15],[0,-22],[-3,-7],[-6,-13],[6,0],[-14,-9],[-12,19],[-34,17],[-105,81],[18,32],[-33,41],[0,90],[-41,17],[-72,-59],[-32,83],[-66,-21],[0,-49],[-45,-35],[-21,60],[-44,10],[-40,-33],[-56,118],[-70,20],[-60,57],[-100,37],[54,50],[-4,35],[-90,21],[90,54],[6,41],[-57,16],[30,56],[-35,37],[-57,-26],[-14,34],[39,33],[19,49],[-70,10],[-20,-35],[-50,-11],[-8,-51],[-49,-1],[-53,36],[28,50],[-12,42],[78,68],[1,87],[68,11],[41,52],[101,73],[-50,33],[-90,-14],[-63,-58],[-62,-16],[-47,9],[63,36],[6,38],[65,31],[1,84],[-73,-48],[-57,7],[-4,36],[-85,2],[-11,-51],[22,-91],[-46,-80],[71,-24],[2,-54],[-56,-17],[-52,10],[-31,51],[-4,85],[-26,28],[-70,18],[-17,-21],[-75,35],[-26,72],[-48,-16],[-23,-89],[-1,0],[-57,-7],[-66,81],[-65,10],[-53,-55],[-52,23],[-12,1],[-27,35],[-25,134],[-33,39],[-64,3],[-44,-55],[-57,-14],[-18,100],[-66,20],[4,44],[-52,4],[-31,35],[64,25],[228,-15],[18,73],[100,72],[69,-73],[126,-5],[26,-68],[93,-37],[34,68],[-20,109],[53,-3],[76,57],[39,-6],[45,-40],[-8,-46],[75,21],[38,-43],[-21,-69],[63,-29],[0,68],[30,53],[73,-43],[17,66],[86,-67],[43,165],[96,15],[59,-49],[16,54],[-30,24],[0,49],[-78,-19],[-64,11],[-50,-13],[-51,64],[-32,-21],[-9,-50],[21,-76],[-50,-29],[-84,25],[-109,111],[-37,-30],[-129,128],[-87,97],[97,41],[51,42],[62,-20],[41,48],[59,4],[94,55],[32,60],[81,34],[73,-7],[122,25],[48,-8],[108,30],[79,64],[-21,72],[50,61],[93,24],[25,87],[63,49],[31,68],[59,9],[60,-53],[6,-43],[132,-67],[32,11],[59,91],[84,66],[23,44],[77,-62],[37,-138],[54,46],[8,150],[-19,49],[-90,80],[27,8],[68,-36],[48,14],[24,40],[39,-21],[65,38],[47,-7],[22,-57],[48,-18],[130,8],[-25,69],[54,71],[1,0],[22,159],[30,27],[0,0],[47,15],[58,-31],[11,-30],[-30,-61],[106,-21],[63,70],[18,51],[57,-36],[27,-53],[-13,-172],[41,-51],[33,101],[41,79],[67,-7],[29,57],[-54,44],[-1,79],[7,0],[17,103],[41,23],[-24,100],[47,106],[73,11],[61,46],[-8,46],[49,15],[12,44],[28,33],[89,-78],[43,-83],[26,61],[83,45],[27,68],[81,49],[64,-13],[64,88],[49,-5],[119,19],[23,15],[57,-107],[-62,-25],[-52,-108],[-42,-49],[0,-61],[23,-69],[-9,-44],[-94,1],[5,-76],[-42,-30],[18,-48],[-45,-89],[39,-13],[77,30],[-5,93],[15,89],[75,38],[10,-36],[55,4],[16,77],[-42,80],[53,39],[39,-6],[39,-153],[-82,-66],[-19,-59],[18,-67],[82,-42],[100,25],[34,97],[1,77],[27,-48],[88,-39],[30,83],[-63,100],[-6,65],[-31,18],[35,91],[-25,28],[-1,101],[40,-3],[10,-80],[33,-17],[32,-110],[-7,-36],[62,-83],[51,40],[-64,55],[15,79],[56,37],[-23,61],[6,51],[-52,78],[-90,71],[-9,81],[-49,67],[-42,29],[20,67],[87,-39],[25,65],[43,44],[116,184],[122,47],[4,-68],[31,-160],[-32,-81],[53,-117],[3,-42],[73,-124],[59,-3],[65,-68],[1,-82],[35,-20],[-4,-82],[-65,-81],[5,-45],[45,-40],[-94,-199],[-49,31],[-16,-38],[-74,-78],[-74,-1],[-36,-32],[-87,2],[-62,-61],[-7,-68],[-109,-6],[-22,43],[-92,14],[-77,28],[-50,9],[-139,-66],[-53,-139],[-43,-20],[-56,-66],[-28,-57],[-13,-97],[-89,-37],[0,-41],[-67,-58],[-16,-71],[-37,-29]],[[65680,75247],[32,-73],[87,-29],[40,-64],[71,-11],[8,-59],[-108,-130],[-147,-68],[-73,-2],[-116,60],[-57,70],[7,43],[-66,40],[-4,59],[32,23],[72,6],[88,111],[65,-4],[69,28]],[[69099,74771],[44,-54],[47,-8],[50,-49],[28,-77],[-19,-69],[-56,-47],[-76,14],[-161,-37],[-66,-6],[-149,8],[-36,45],[35,28],[-2,66],[36,19],[67,-18],[57,63],[201,122]],[[70264,74896],[32,-46],[64,-50],[76,-13],[-40,-106],[-76,45],[-76,7],[-131,59],[-49,-29],[11,99],[22,21],[105,-39],[62,52]],[[64860,64547],[153,-25],[0,-47],[171,-53],[57,-57],[44,-76],[-35,-74],[18,-107],[93,-103],[73,-51],[51,-71],[-27,-31],[-117,-1],[-53,16],[-85,1],[-87,-61],[-106,11],[-68,46],[-73,133],[-6,52],[-66,32],[-50,43],[-13,77],[-40,84],[18,77],[33,19],[10,85],[89,57],[16,24]],[[63812,62204],[27,-27],[-5,-60],[-28,-54],[-13,-106],[21,-36],[-10,-66],[-48,-91],[-6,-49],[-93,-52],[-57,-73],[-55,-40],[8,-72],[-56,-43],[-80,11],[-10,88],[-39,41],[-29,77],[6,124],[-16,56],[-43,43],[44,72],[-48,37],[89,91],[61,-16],[40,62],[87,43],[78,22],[75,-27],[17,30],[83,15]],[[65469,65914],[55,-203],[76,-99],[25,-66],[79,-48],[51,-109],[-28,-80],[-91,-41],[-56,15],[-40,45],[-99,35],[-83,86],[15,81],[-53,16],[61,132],[69,60],[-8,47],[-42,60],[24,51],[45,18]],[[62454,60051],[132,-54],[36,-123],[51,-59],[14,-62],[-70,-54],[-155,1],[-23,27],[19,85],[-85,48],[-10,41],[31,73],[60,77]],[[58756,56535],[26,-33],[69,33],[68,-6],[37,-74],[-37,-71],[1,-108],[31,-68],[-18,-31],[-83,77],[-103,56],[-128,162],[81,57],[56,6]],[[61905,64908],[124,-97],[41,-108],[-20,-44],[-42,-9],[-147,31],[-19,175],[63,52]],[[56814,52644],[47,-15],[40,-71],[-17,-63],[-64,-16],[-76,49],[-81,-35],[-42,75],[123,15],[70,61]],[[61883,62482],[44,-27],[6,-89],[-23,-92],[-104,59],[-9,43],[24,66],[62,40]],[[59936,57307],[43,-49],[-44,-71],[-70,48],[-4,25],[75,47]],[[56893,52969],[13,-88],[-43,-1],[-12,74],[42,15]],[[62701,64553],[24,-21],[-22,-60],[-35,16],[33,65]],[[68106,90133],[17,-27],[-103,-94],[-40,-83],[28,-143],[52,-28],[39,46],[89,-60],[28,-99],[-40,-54],[-114,-14],[-74,-85],[-54,-30],[-19,-101],[-9,-138],[-90,-201],[6,-51],[-97,-35],[-80,48],[20,65],[-46,73],[-38,24],[-35,-37],[-60,52],[-30,58],[-87,32],[-17,58],[-41,24],[1,52],[32,94],[-25,27],[29,102],[-66,116],[-11,108],[-34,37],[-52,8],[-30,115],[48,86],[159,89],[-103,28],[37,40],[-53,28],[0,44],[59,32],[81,-45],[48,40],[53,5],[167,-93],[-32,102],[60,18],[32,82],[30,-15],[6,-59],[45,-53],[29,43],[-27,37],[108,74],[-2,-83],[61,-33],[41,-60],[-13,-38],[60,-131],[57,3]],[[68515,90783],[-55,-7],[-85,67],[-122,-106],[-37,28],[45,94],[7,106],[24,56],[-37,21],[50,97],[38,45],[60,-47],[28,38],[9,86],[135,18],[9,24],[170,-80],[-16,-40],[38,-113],[-15,-33],[-73,19],[-18,-66],[-97,-45],[-4,-37],[-77,-32],[-33,-39],[56,-54]],[[67978,90775],[-80,-92],[10,-101],[-53,-94],[-68,-3],[-34,92],[42,28],[31,102],[59,80],[25,-33],[106,116],[15,-35],[-53,-60]],[[68197,90361],[40,-45],[-14,-47],[-72,55],[-42,-58],[-56,135],[41,52],[-33,160],[22,35],[59,-53],[-4,-105],[23,-44],[40,-3],[-4,-82]],[[75872,80905],[-47,14],[19,138],[94,8],[21,-29],[7,-79],[1,-38],[-95,-14]],[[75255,69897],[-1,0],[-5,-1],[-6,9],[12,-8]],[[75379,69943],[0,0],[-1,0],[1,0]],[[74302,69906],[-1,-2],[-1,-2],[0,2],[0,0],[2,2]],[[74312,69889],[-2,-3],[0,0],[0,1],[2,2]],[[74315,69870],[0,0],[0,0],[0,-1],[-1,1],[1,0]],[[74303,69906],[0,0],[0,-1],[0,1]],[[70923,71024],[9,-99],[46,-83],[65,32],[73,-31],[30,-68],[203,2],[35,-58],[49,7],[47,-52],[127,-62],[22,-69],[64,-13],[117,-75],[50,-7],[-9,-48],[23,-36],[85,-34],[26,9],[175,-71],[84,1],[229,-169],[48,-59],[31,-97],[-51,-161],[10,-93],[-34,-105],[-13,-182],[-18,-68],[-45,-39],[32,-37],[-49,-116],[-81,-53],[-55,-53],[-48,-83],[-53,-20],[-53,-88],[-68,-66],[-37,-12],[-66,-83],[2,-53],[-69,-48],[-55,0],[-56,-94],[-44,-1],[-39,-31],[-68,4],[-150,-34],[-76,-51],[-70,-3],[-52,47],[-31,-47],[-70,-36],[-28,43],[-62,15],[-129,-12],[-27,-41],[-62,5],[-113,75],[-56,-12],[-262,40],[-60,42],[-49,101],[-3,60],[-38,18],[-56,120],[-63,38],[-21,114],[17,74],[-28,64],[-52,207],[-20,37],[-63,15],[-41,48],[-36,136],[-5,68],[-31,37],[-32,86],[17,82],[-29,24],[3,52],[-31,113],[7,75],[37,122],[59,-15],[27,49],[145,10],[124,-16],[108,104],[77,104],[2,62],[47,30],[29,60],[49,45],[71,-5],[40,55],[20,102],[-31,85],[54,36],[25,45],[163,-34],[32,-48],[40,21],[-29,119],[42,31]],[[67629,71254],[82,-58],[90,54],[7,-59],[145,-9],[43,-84],[47,-48],[50,45],[37,59],[66,-33],[56,-58],[77,6],[66,-58],[64,18],[72,-113],[37,-2],[59,-66],[90,-64],[28,-88],[-20,-66],[-27,-9],[-69,62],[-178,-40],[-8,-48],[-71,-74],[-151,15],[-64,30],[-21,57],[-78,64],[-2,56],[-29,61],[5,44],[58,30],[-3,56],[-39,23],[-85,-74],[-45,-13],[-84,25],[17,40],[-41,99],[-107,78],[-45,16],[-5,48],[-36,26],[12,52]],[[58598,47100],[134,-60],[55,12],[74,-34],[46,-60],[31,-86],[-74,12],[-50,-44],[-75,47],[-94,-2],[-4,52],[-99,71],[56,92]],[[58937,45833],[105,81],[104,-117],[-33,-33],[-86,78],[-60,-11],[-83,-38],[-42,-40],[-49,-5],[-16,-44],[71,-29],[33,-37],[-42,-70],[92,-64],[66,-67],[89,-19],[38,-34],[46,13],[95,81],[10,40],[-28,107],[37,-1],[-4,-98],[41,24],[11,56],[82,-74],[29,-65],[4,-77],[-64,18],[-106,-12],[-58,17],[-26,-60],[25,-60],[-78,-52],[10,-41],[54,2],[7,-38],[-36,-30],[-6,-65],[76,19],[26,69],[103,62],[74,71],[4,-87],[-42,-43],[11,-104],[-9,-64],[35,-22],[35,24],[35,79],[63,4],[-28,-66],[43,-92],[38,-10],[33,33],[39,128],[42,-76],[143,-125],[77,71],[65,-1],[36,39],[66,-64],[51,10],[-16,-93],[-96,-173],[-13,-94],[-119,-44],[-39,-44],[-73,28],[8,59],[41,121],[43,27],[-45,78],[-56,-4],[-8,-43],[-93,-64],[-25,29],[-91,14],[-9,-60],[-55,-18],[32,-87],[-33,-19],[14,-79],[-24,-44],[-138,80],[-11,32],[-60,59],[37,54],[-4,72],[-31,11],[3,95],[-28,84],[-81,49],[-35,-35],[21,-91],[-75,2],[-110,-121],[2,-41],[-67,-84],[-61,-11],[-3,103],[46,21],[40,118],[-31,132],[-51,21],[12,82],[-25,69],[12,92],[41,48],[-54,32],[-40,52],[-64,-34],[-37,19],[-5,66],[-30,41],[-67,22],[-30,187],[-65,50],[-18,93],[129,11],[23,72],[112,60],[44,-26],[30,-52],[78,-15]],[[58875,44327],[118,-127],[48,-70],[-10,-34],[49,-33],[68,23],[44,70],[48,-29],[14,-71],[48,11],[59,56],[34,-45],[4,-71],[-34,-63],[30,-33],[-43,-73],[-71,-62],[-37,99],[-39,35],[-88,15],[-44,51],[-87,22],[-134,-26],[-11,78],[-45,49],[4,78],[55,45],[20,105]],[[58486,44481],[-25,-74],[67,-160],[-46,11],[-56,-28],[-7,-39],[44,-58],[-49,-77],[-9,-68],[15,-32],[-57,-44],[-53,10],[-57,-48],[-35,103],[21,105],[29,36],[12,126],[57,50],[20,86],[51,21],[18,69],[60,11]],[[58413,45078],[60,-35],[-1,-54],[-79,13],[-30,55],[50,21]],[[59439,44018],[50,-82],[-69,8],[19,74]],[[58469,45913],[-6,-74],[-45,34],[51,40]],[[65475,47224],[27,35],[27,41],[44,9],[85,11],[12,20],[106,9],[128,96],[42,44],[64,19],[44,68],[41,21],[49,57],[51,88],[81,48],[63,90],[90,25],[79,-44],[55,-59],[18,-84],[-48,-107],[-67,-37],[-9,-61],[-40,-58],[-82,-21],[-57,-46],[-32,-139],[-64,-66],[-55,-95],[6,-23],[-91,-161],[-45,-46],[-79,-40],[-48,-5],[-51,-44],[-96,-16],[-57,41],[-71,156],[-98,-18],[-42,66],[-19,170],[39,56]],[[65827,47394],[0,1],[0,1],[0,0],[0,-2]],[[56005,42532],[42,-1],[141,-43],[84,35],[120,-22],[190,34],[-7,-72],[66,-152],[-100,-17],[-86,-91],[6,-38],[44,-15],[67,5],[29,-37],[-16,-111],[-41,-45],[41,-38],[12,-69],[-28,-11],[-17,-74],[42,-85],[97,-42],[45,-87],[104,16],[8,-40],[109,-100],[49,-74],[1,-61],[74,-51],[94,-12],[46,-77],[-9,-124],[-44,-102],[-57,-70],[-43,-12],[9,-11],[7,-33],[-37,-133],[24,-67],[-40,-47],[-60,-7],[-73,-98],[19,-44],[-66,-53],[17,-57],[-23,-68],[-91,-148],[-54,-29],[-69,0],[-85,27],[-50,-51],[-73,-30],[-154,-29],[-98,55],[-49,92],[6,63],[-13,92],[-30,88],[-55,54],[-52,19],[-65,61],[-45,-4],[-117,158],[41,25],[59,71],[76,56],[0,98],[32,91],[30,79],[-2,58],[-87,70],[-17,63],[3,65],[-52,37],[-16,88],[18,18],[-26,118],[31,46],[9,91],[-38,3],[-79,75],[23,221],[23,-77],[75,144],[-10,42],[21,56],[-46,41],[18,91],[-13,40],[76,154],[40,27],[65,-8]],[[52905,37098],[125,-18],[61,13],[58,41],[50,4],[38,48],[76,-46],[50,37],[79,12],[188,156],[56,-3],[54,35],[113,41],[45,39],[7,37],[67,42],[117,-2],[69,-19],[23,-45],[-117,-121],[-105,-58],[-27,-29],[-93,-20],[-87,-116],[-28,-8],[-20,-81],[-33,-1],[-26,-65],[-77,-99],[-115,-171],[-42,0],[-72,-33],[-65,-67],[-41,-75],[-35,-3],[-19,-49],[-101,-55],[-34,-32],[-229,-77],[-78,-9],[-90,37],[-65,53],[-111,126],[-17,61],[-46,92],[-44,119],[33,197],[56,121],[70,35],[39,-56],[69,-29],[97,-19],[177,60]],[[51538,33416],[79,-25],[59,-66],[79,-135],[-16,-80],[37,-186],[-113,-51],[-30,26],[-76,0],[-104,21],[-47,68],[-51,-12],[-29,69],[-36,41],[-77,8],[-17,100],[33,36],[78,-44],[38,3],[40,111],[-5,25],[57,67],[101,24]],[[46011,26441],[8,-62],[-32,-52],[-90,50],[-39,-96],[33,-46],[74,-3],[-14,-47],[24,-48],[80,-83],[32,-7],[84,-46],[21,-52],[44,-41],[40,-11],[94,-129],[-61,-29],[5,-73],[-22,-57],[20,-54],[98,-135],[24,-45],[52,-32],[31,-42],[83,-37],[92,-98],[75,-220],[-43,-72],[0,0],[-30,-14],[-42,63],[-113,50],[-89,84],[-48,78],[-37,28],[-39,63],[-48,42],[-24,54],[-59,93],[-58,-18],[-67,-62],[-63,-29],[-42,-37],[-32,-59],[70,-65],[41,-4],[10,-59],[-102,2],[-70,-15],[40,-86],[76,24],[48,-40],[-88,-39],[-35,45],[-46,-4],[-56,-12],[-61,23],[-47,-73],[30,-94],[24,-73],[-7,-67],[-64,-24],[-107,-108],[-18,-73],[-62,-114],[-2,-139],[-16,-45],[-2,-64],[-43,-13],[-48,-91],[-84,-73],[13,-29],[-41,-30],[32,-49],[13,-83],[52,-46],[26,-62],[-26,-33],[32,-47],[-15,-37],[119,-14],[6,108],[36,51],[177,62],[68,5],[13,-33],[-11,-71],[63,-31],[29,-35],[-14,-120],[-47,-4],[-60,-85],[-86,-49],[12,-46],[-71,-22],[-93,-131],[-53,-23],[-34,14],[-77,10],[-48,-29],[0,0],[-28,-69],[-48,-2],[-60,-68],[-78,-17],[-76,-97],[-13,-34],[0,0],[0,-1],[0,0],[-2,-7],[-8,-26],[-20,-17],[0,0],[-30,-40],[-33,-10],[-20,-63],[-110,-45],[-21,6],[-47,22],[-191,-95],[-51,-69],[-36,-7],[-37,42],[-3,0],[-1,1],[-58,7],[-1,1],[-87,27],[15,131],[-1,100],[52,133],[-28,20],[30,84],[-42,142],[-63,-17],[22,-89],[-28,-13],[-46,213],[88,24],[112,52],[-31,56],[-17,18],[-21,12],[-14,22],[-11,-6],[-39,8],[-61,76],[-3,53],[-42,40],[-1,125],[-81,129],[9,-245],[-45,6],[5,35],[-12,268],[42,-29],[65,3],[5,54],[61,88],[63,-11],[19,-24],[70,89],[54,-7],[96,62],[-16,151],[-40,0],[-14,-88],[-61,0],[0,60],[48,10],[-34,83],[3,50],[56,-2],[1,-48],[16,-7],[30,-13],[10,-4],[17,-7],[22,-8],[-14,32],[0,114],[68,-7],[87,117],[37,17],[24,65],[121,16],[44,-19],[69,63],[12,40],[74,15],[31,43],[60,28],[22,64],[39,-8],[3,74],[26,90],[-43,11],[-28,123],[-60,9],[-31,91],[42,96],[-13,33],[-7,97],[-35,-13],[-29,128],[-65,143],[-12,61],[-132,253],[-10,67],[-14,87],[17,147],[14,36],[-24,81],[90,-8],[64,-100],[1,0],[0,-4],[1,-1],[51,-93],[53,-1],[93,87],[44,14],[56,57],[0,0],[60,76],[28,12],[44,-48],[89,-58],[65,28],[57,1],[41,61],[-30,23],[22,4],[-16,51],[27,52],[54,21],[29,73],[115,44],[59,46],[40,84],[48,-9],[40,25],[5,69],[-37,113],[23,76],[63,17],[48,-58],[101,101],[64,21],[12,-32],[85,-63],[58,24],[15,74],[68,17],[68,55],[101,-23],[46,82],[-3,55],[57,-1],[19,36],[47,79],[-14,29],[41,5],[0,0],[-5,-38],[47,-27],[63,38],[39,60],[36,18],[0,0],[36,-16],[38,-36],[33,114],[77,78],[40,83],[30,92],[-4,113],[-120,69],[-49,-4],[-119,64],[-82,68],[-32,-14],[-61,28],[-43,45],[-78,13],[-64,-86],[0,0],[-109,27],[-20,18],[-50,11],[-4,89],[-70,119],[-2,48],[-38,78],[-23,-6],[-14,115],[2,82],[63,60],[37,-6],[8,54],[-14,95],[-48,71],[-40,30],[-19,14],[0,0],[-8,7],[-16,9],[-7,84],[14,27],[41,102],[5,68],[41,-18],[43,-44],[133,-56],[47,4],[46,41],[42,-11],[145,9],[177,59],[73,-17],[86,-69],[-31,-27],[49,-45],[27,35],[47,-2],[41,-37],[125,-23],[82,-42],[23,-51],[-110,-69],[-34,-73],[5,-73],[-43,-92],[19,-40],[-20,-56],[98,-38],[43,-59],[-9,-49],[54,-36],[52,14],[99,-45],[142,102],[87,-25],[98,38],[117,73],[80,16],[71,52],[85,127],[56,24],[95,-24],[40,-33],[54,12],[-17,85],[-66,39],[-90,19],[-47,39],[-8,49],[132,164],[30,66],[160,31],[110,57],[17,39],[75,50],[49,62],[5,71],[-45,114],[-37,5],[7,46],[56,-22],[63,6],[63,41],[111,28],[37,47],[18,76],[146,96],[-7,46],[180,171],[25,91],[47,2],[-3,83],[81,173],[42,52],[48,134],[40,59],[-1,89],[-65,42],[-21,45],[23,102],[95,79],[64,-9],[-15,-86],[61,-67],[94,-51],[54,-85],[52,-19],[28,-54],[49,54],[54,-5],[27,-27],[-3,-102],[-15,-40],[43,-71],[42,-31],[61,-99],[2,0],[-2,-1],[-3,-7],[0,0],[-6,-5],[-5,-10],[-8,-48],[30,-120],[-35,-10],[85,-146],[0,-1],[-4,-37],[-1,-1],[-22,-48],[8,-51],[0,0],[0,-1],[1,0],[0,0],[0,0],[0,0],[0,-1],[-7,-58],[-24,-72],[51,-46],[-82,-102],[10,-93],[-117,-54],[-28,-91],[-48,-13],[0,0],[8,-97],[-78,-41],[25,-58],[-23,-36],[-106,-88],[-5,-140],[-50,-90],[-87,-34],[-8,-93],[-71,-2],[-9,-52],[-42,-41],[11,-53],[-59,-56],[0,-1],[0,0],[-89,-107],[0,0],[-73,2],[-50,-28],[-59,4],[-38,-32],[-118,-2],[-153,-22],[-39,6],[-62,35],[-101,11],[-28,24],[-107,-17],[-24,-78],[73,-99],[19,-57],[-40,-90],[-88,-6],[-164,29],[42,-105],[51,-35],[33,-48],[40,-100],[60,-82],[-94,-23],[13,-127],[-124,2],[-95,-42],[-51,-5],[-80,-62],[-18,-31],[-57,-15],[-30,-53],[-93,50],[-16,36],[-61,51],[-117,31],[-70,-41],[-80,-1],[-47,51],[-34,-41],[56,-112],[25,-22],[18,-86],[62,-85],[-129,-5],[-72,-14],[0,0],[7,-68],[-63,-30],[-78,11],[-64,35],[-51,-41],[-27,-55],[-43,40],[-57,-60],[26,-60],[53,-50],[23,-55],[-17,-73],[-58,-28],[-31,-57],[-101,-41],[-140,-35],[-33,56],[-100,-8],[-3,-67],[-40,-18],[8,-65],[-41,-95],[-5,-98],[-174,-27],[-66,39],[-6,48],[-92,26],[-93,12],[-55,56],[-73,10],[-59,-22],[-51,36],[-70,-18],[-94,-51],[-47,-62],[-4,-35],[-51,-59]],[[12927,6258],[10,-15],[1,-4],[36,-28],[161,-29],[-5,-36],[0,-1],[0,0],[-16,-85],[32,-85],[-37,-65],[-18,-102],[-43,-53],[-55,-31],[-24,-48],[-88,-41],[-72,-99],[-12,-94],[54,-73],[-126,-186],[-110,-70],[-20,-55],[-2,-144],[-87,-48],[-112,-98],[-73,-113],[-14,-46],[6,-129],[58,-64],[0,0],[-25,-68],[-36,-20],[-12,-78],[48,-87],[28,-111],[-47,-151],[-12,-83],[2,-95],[19,-26],[-39,-138],[-1,-92],[-68,-111],[-61,-48],[-66,6],[-75,42],[-55,65],[-116,-6],[-34,-21],[-7,-50],[23,-57],[-33,-22],[-47,-67],[-84,-44],[-114,-1],[-79,34],[-50,41],[-95,13],[20,47],[-50,68],[-115,68],[-59,7],[-71,48],[-63,73],[46,80],[66,50],[35,-11],[96,84],[36,76],[-13,94],[34,56],[9,53],[-28,42],[-75,24],[-6,54],[-79,74],[-35,69],[-56,-33],[-109,21],[-142,-113],[-21,-58],[0,-1],[1,-5],[0,0],[-3,-11],[-1,0],[-1,-4],[-7,4],[-17,27],[-52,81],[-43,8],[-31,48],[26,26],[4,55],[44,22],[44,129],[94,12],[8,3],[93,-30],[33,-66],[43,-8],[74,21],[-18,98],[13,64],[35,50],[0,0],[26,12],[4,65],[-69,56],[-43,16],[44,40],[77,-45],[76,-28],[1,-4],[12,-10],[77,-93],[3,-46],[-43,-60],[-15,-70],[-31,-27],[56,-59],[115,134],[161,-55],[84,-8],[52,32],[0,0],[0,0],[0,1],[35,45],[44,20],[134,-10],[91,-9],[1,0],[1,-2],[57,-4],[32,56],[-1,0],[-14,83],[-37,7],[33,148],[50,83],[-3,111],[1,0],[1,0],[0,0],[88,-8],[56,58],[15,48],[92,112],[24,10],[51,-32],[100,-131],[21,50],[26,128],[58,116],[-4,51],[29,39],[45,5],[2,93],[0,1],[-16,28],[-75,56],[-15,47],[93,85],[48,24],[50,129],[0,0],[52,62],[30,81],[-5,63],[1,0],[5,101],[50,26]],[[5040,18862],[97,-26],[63,-71],[-47,-28],[-93,9],[-136,-74],[-43,7],[-15,45],[21,51],[90,67],[63,20]],[[6974,20819],[45,-48],[-14,-53],[-63,2],[-30,40],[62,59]],[[11421,3176],[-20,-51],[-120,-12],[-9,54],[118,25],[31,-16]],[[11345,4602],[40,-74],[-35,-14],[-28,48],[23,40]],[[47673,29130],[26,-131],[37,-65],[44,-40],[37,-94],[-68,-3],[-130,78],[-45,-36],[-115,21],[-36,45],[9,65],[55,95],[78,6],[15,45],[57,-9],[36,23]],[[46130,25213],[-20,-19],[-130,34],[-23,21],[56,54],[57,26],[56,53],[61,24],[62,-85],[15,-67],[-61,4],[-47,36],[-30,-28],[4,-53]],[[44245,23384],[50,1],[44,-28],[27,-51],[-75,-23],[-92,15],[4,76],[42,10]],[[47424,25658],[-26,-82],[0,0],[-30,9],[-63,-48],[-96,-2],[-12,135],[-2,4],[36,75],[-3,5],[1,6],[5,4],[0,0],[0,0],[17,15],[7,7],[3,2],[2,1],[6,3]],[[47269,25792],[21,9],[1,0],[0,0],[43,13],[34,45],[1,4],[9,-21],[0,-1],[0,0],[18,-37],[-4,-53],[18,-2],[8,-15],[0,0],[2,-9],[1,-7],[1,-8],[2,-8],[1,-4],[5,-25],[-7,-11],[0,-4],[1,0]],[[47162,25643],[35,-39],[6,-73],[43,-11],[-3,-43],[-108,-111],[-31,-20],[-101,19],[-52,56],[29,62],[-22,67],[71,11],[37,-14],[113,66],[-17,30]],[[47110,25025],[-37,16],[0,0],[-28,39],[-17,116],[54,47],[97,-68],[-10,-44],[-57,-35],[-2,-71]],[[46963,24335],[-14,-46],[-24,-10],[-61,68],[0,0],[5,13],[38,43],[-1,76],[54,29],[26,-67],[-3,-92],[-20,-14]],[[47511,26021],[0,0],[1,-1],[0,0],[1,1],[-17,-92],[-23,-49],[0,0],[0,-1],[-8,-49],[-48,15],[-17,32],[-1,0],[-11,48],[0,0],[55,98],[8,2],[0,-1],[0,0],[14,0],[8,1],[38,-4]],[[46806,25128],[2,-3],[0,0],[2,-7],[3,-10],[0,0],[16,-34],[0,-1],[-69,44],[-47,54],[54,10],[39,-53]],[[47424,25658],[0,0],[0,0],[1,0],[-1,-1],[0,1]],[[47247,25782],[-1,0],[1,0],[0,0]],[[47269,25792],[-1,1],[1,0],[0,-1]],[[22196,9058],[0,-2],[9,-32],[0,0],[-7,-73],[11,-72],[34,-76],[74,-99],[165,-120],[-30,-45],[-13,-82],[6,-62],[37,-30],[7,-49],[122,-39],[28,-47],[47,-19],[75,9],[40,35],[144,-63],[39,-38],[18,-86],[116,-104],[44,7],[43,-35],[128,-38],[68,9],[59,-57],[31,-101],[107,-134],[3,-44],[-44,-14],[-3,-41],[-45,-1],[-24,32],[-83,12],[-81,-35],[-67,25],[-106,16],[-129,-10],[-133,-40],[0,0],[-40,19],[-4,6],[-38,14],[-62,-46],[-62,-6],[-127,-52],[-13,-28],[-63,20],[-61,8],[-67,-23],[-32,-48],[-85,-18],[-175,125],[-178,72],[-19,34],[-72,30],[-21,107],[-63,128],[74,34],[72,-93],[37,34],[90,-42],[35,30],[-19,42],[-8,83],[-38,68],[-20,24],[-56,88],[0,0],[-6,7],[-6,15],[-66,-2],[-30,27],[-21,52],[-4,52],[34,16],[75,64],[41,18],[28,37],[31,76],[22,-2],[-18,115],[11,42],[-27,56],[1,47],[45,51],[36,0],[88,-59],[-10,64],[21,40],[-10,45],[-55,88],[-36,6],[-8,67],[-61,95],[3,37],[-59,56],[-10,134],[-63,56],[-27,52],[98,-9],[103,-113],[19,-103],[107,-61],[79,-133]],[[21269,8860],[10,-2],[0,0],[47,-36],[29,-101],[-6,10],[36,-72],[26,-70],[1,-98],[-48,-78],[-101,-31],[-96,17],[-104,66],[-62,4],[-13,31],[-39,26],[-23,45],[-31,16],[-5,16],[-11,9],[1,15],[-14,2],[-12,35],[-61,85],[42,31],[-24,179],[15,61],[56,40],[93,-40],[39,-1],[94,-77],[100,-43],[61,-39]],[[20611,8627],[-6,97],[79,71],[19,-81],[80,-28],[34,10],[7,-28],[18,-5],[16,-30],[25,-27],[9,-24],[22,-12],[5,-28],[63,-49],[-7,-69],[-40,-46],[-81,-12],[-153,58],[-51,120],[-10,58],[-29,25]],[[21704,7532],[0,0],[51,-70],[-12,-59],[-67,-26],[-73,29],[-25,71],[14,95],[38,7],[74,-47]],[[21580,9873],[55,-9],[64,-61],[34,-91],[-43,2],[-70,-29],[-21,32],[-77,56],[-9,67],[67,33]],[[21831,8383],[-65,-92],[-15,59],[80,33]],[[46447,23403],[0,0],[78,39],[30,23],[77,13],[-130,-103],[-67,-65],[-30,51],[42,42]],[[50473,30544],[0,1],[1,0],[-1,-1]],[[47577,29379],[-15,53],[41,69],[54,3],[82,-36],[2,-89],[-52,-95],[-71,25],[-41,70]],[[46278,28816],[0,0],[28,-35],[-34,-91],[-60,-59],[-21,-65],[-34,23],[-1,7],[-1,2],[8,31],[2,18],[-34,83],[1,5],[-10,39],[63,52],[62,8],[31,-18]],[[45751,28806],[50,-43],[-29,-37],[-43,49],[22,31]],[[46339,29474],[0,0],[5,-4],[-5,4]],[[45897,29571],[4,-36],[-32,-79],[-168,-45],[-168,41],[-61,3],[-88,-17],[-136,1],[-73,34],[-41,72],[-4,54],[50,136],[55,28],[83,-8],[70,-35],[107,-4],[193,63],[95,-70],[20,-43],[72,-50],[22,-45]],[[41363,23454],[-50,35],[-10,91],[-18,42],[80,39],[-28,49],[6,127],[43,64],[-17,34],[60,65],[-17,99],[63,-3],[66,-32],[52,-77],[16,-146],[-39,-9],[15,-73],[-19,-56],[-46,-57],[-37,-15],[-7,-89],[34,-203],[-107,-12],[-24,-58],[-43,42],[2,62],[25,81]],[[42350,24089],[22,-72],[-52,-65],[-25,-101],[-62,10],[65,162],[52,66]],[[41563,24225],[39,-73],[-45,-22],[-20,40],[26,55]],[[41011,24392],[9,-48],[143,-34],[58,-49],[-101,-93],[-15,91],[-86,-28],[31,-111],[-102,-84],[-28,81],[-42,-39],[-42,39],[-81,5],[-5,68],[78,-1],[27,22],[26,72],[56,-47],[46,28],[-8,70],[36,58]],[[40737,23945],[117,-190],[-58,-12],[-76,-46],[-44,30],[17,36],[-80,18],[27,108],[97,56]],[[40323,23627],[70,-81],[-21,-22],[-10,-120],[-46,21],[-28,127],[41,47],[-6,28]],[[40442,24072],[3,-80],[-62,-83],[-37,33],[16,111],[80,19]],[[40813,23681],[37,-18],[15,-78],[-77,-32],[-38,73],[63,55]],[[40852,23542],[29,-28],[4,-60],[-37,-55],[-48,49],[52,94]],[[41004,23992],[16,-77],[57,-46],[-35,-76],[-36,30],[8,46],[-17,67],[7,56]],[[40272,28263],[82,-23],[55,-83],[21,-68],[-62,-98],[-41,-9],[-24,36],[-161,-28],[-50,-27],[-38,12],[31,108],[48,76],[64,45],[37,48],[38,11]],[[39479,25830],[41,-23],[-46,-91],[32,-95],[36,-22],[75,30],[-14,-57],[-127,-75],[-52,44],[8,41],[-45,69],[46,115],[46,64]],[[77892,20196],[104,-5],[60,-17],[66,-39],[59,-94],[17,-65],[-55,-154],[0,-95],[-36,-73],[-61,-66],[-124,-41],[-97,-13],[-83,30],[-105,84],[35,91],[0,186],[36,119],[-4,87],[53,41],[135,24]],[[78316,21175],[192,-59],[122,8],[108,-35],[12,-24],[-63,-131],[-21,-81],[-40,-32],[-127,-6],[-104,58],[-57,81],[-30,81],[-10,105],[18,35]],[[77340,4715],[89,-11],[35,-33],[-27,-57],[-67,-4],[-40,90],[10,15]],[[47679,33708],[11,-48],[-57,-13],[-96,-101],[-42,-57],[-42,-121],[20,-26],[-28,-103],[-42,-87],[-74,-44],[-49,13],[-52,-14],[-75,-59],[-11,-54],[30,-51],[-32,-38],[-68,5],[-102,-36],[-32,-41],[-12,-113],[-60,62],[-16,37],[7,86],[118,127],[52,128],[82,58],[66,77],[27,64],[116,83],[47,47],[62,100],[17,56],[120,15],[115,48]],[[46773,32672],[28,-21],[-23,-65],[-38,-42],[-45,23],[-29,43],[107,62]],[[46899,32173],[92,-51],[74,-59],[17,-118],[-26,-57],[-32,-13],[-7,-53],[16,-115],[-122,-18],[-40,28],[-42,-7],[-25,35],[-57,23],[-14,81],[21,53],[-40,43],[-56,19],[73,123],[145,54],[23,32]],[[46754,31585],[81,-119],[-82,26],[1,93]],[[36001,25933],[27,-3],[69,-58],[46,-68],[63,-123],[63,22],[55,-79],[17,-54],[48,-64],[37,-17],[23,-53],[-91,-79],[13,-44],[-55,-42],[-40,-84],[15,-43],[-29,-141],[58,-52],[2,-51],[30,-48],[-33,-28],[-96,28],[-59,69],[-121,56],[-36,41],[-6,64],[-74,84],[17,49],[-50,48],[-12,41],[-78,46],[-84,80],[-124,20],[-98,29],[-49,33],[-74,157],[32,53],[41,26],[95,-1],[121,42],[175,121],[162,23]],[[49574,42451],[38,-21],[8,-59],[45,-42],[38,-87],[-23,-66],[-104,74],[-15,70],[-36,48],[49,83]],[[36492,25396],[60,-68],[-94,-10],[-7,48],[41,30]],[[36590,25406],[32,-58],[-48,-22],[16,80]],[[45023,22772],[0,0],[0,0],[0,-1],[0,1]],[[16622,6982],[-13,-34],[99,-33],[61,-50],[16,-71],[-21,-109],[-98,-96],[-69,-40],[-143,-1],[-116,27],[-49,31],[-43,141],[20,101],[90,89],[135,41],[90,-14],[41,18]],[[16473,7917],[57,-82],[28,-2],[23,-88],[-28,-12],[-185,130],[45,49],[60,5]],[[7907,4328],[97,-113],[69,-52],[13,-75],[101,-48],[-12,-144],[60,-79],[41,6],[10,48],[66,35],[28,93],[63,-44],[49,-14],[38,24],[60,-21],[-2,-39],[66,-47],[54,36],[25,72],[104,-57],[-3,-75],[14,-44],[43,-43],[42,31],[78,-42],[29,20],[133,-79],[12,-75],[41,-56],[149,-11],[20,-56],[-23,-21],[-19,-100],[-77,-55],[4,-74],[-15,-45],[28,-64],[-44,-19],[7,-53],[-27,-38],[-41,65],[-71,0],[-6,-50],[-77,-123],[-29,-81],[41,-138],[-3,-105],[-22,-58],[-92,74],[-93,-1],[30,-117],[-29,-58],[13,-37],[-18,-55],[-62,-12],[-108,13],[-99,62],[-67,63],[-108,48],[-133,-17],[-72,7],[-54,-16],[-150,61],[-79,14],[-73,-2],[-175,38],[-52,49],[-82,51],[3,19],[-72,64],[-95,38],[-29,-110],[15,-33],[-24,-93],[-29,-8],[-120,18],[-64,48],[-51,-19],[-100,16],[-99,148],[-18,53],[-58,77],[84,62],[59,-25],[47,-44],[49,30],[-66,129],[29,96],[32,21],[52,-49],[81,-28],[37,-79],[37,56],[-54,108],[-20,72],[50,-1],[74,-81],[101,92],[44,9],[-10,-87],[88,-49],[17,-87],[55,-34],[30,-78],[28,14],[-33,106],[-5,102],[25,76],[-52,48],[83,116],[-14,67],[-51,1],[-33,100],[67,30],[26,65],[-41,50],[-24,81],[61,28],[12,71],[-24,39],[18,42],[50,35],[25,67],[59,31],[50,5],[14,52],[-17,48],[-79,41],[58,72],[111,5]],[[7955,286],[85,-17],[102,-41],[29,-35],[-3,-52],[-64,-108],[-39,1],[-33,-34],[-100,1],[-26,21],[-66,-11],[-136,18],[-69,51],[11,108],[47,7],[164,88],[98,3]],[[9992,2300],[-5,-18],[118,-58],[88,26],[28,-44],[15,-84],[-32,-83],[-122,-98],[-57,-12],[-60,42],[-27,69],[-69,121],[-1,66],[69,74],[55,-1]],[[9712,3416],[87,-30],[81,-59],[-25,-65],[50,-53],[70,-37],[2,-65],[-85,-37],[-44,11],[-4,49],[-48,23],[-191,18],[-40,32],[93,32],[5,52],[-53,58],[11,32],[91,39]],[[10767,3258],[57,-41],[57,-87],[28,-89],[-88,-80],[-74,-21],[-42,18],[-34,80],[-6,51],[30,31],[13,89],[59,49]],[[7430,3507],[43,-46],[34,-6],[42,-48],[7,-66],[-25,-25],[-109,78],[-59,70],[1,59],[66,-16]],[[9489,2178],[35,-60],[-119,-129],[-50,29],[24,69],[90,86],[20,5]],[[9343,1915],[8,-79],[-34,-34],[-63,26],[-45,69],[41,37],[86,8],[7,-27]],[[7373,3696],[-44,-82],[-18,-84],[-66,61],[-4,37],[32,43],[100,25]],[[8238,4769],[56,-14],[29,-47],[-18,-41],[-71,14],[-28,45],[32,43]],[[9947,3549],[46,-55],[-30,-18],[-44,23],[28,50]],[[717,4707],[0,-1],[40,-4],[215,-119],[-74,-33],[-11,-47],[-128,-83],[-78,-91],[-79,38],[0,0],[-49,-11],[-129,35],[-24,-54],[-77,-11],[-67,6],[-31,26],[-143,47],[-74,-1],[-8,43],[31,42],[-9,56],[0,0],[125,56],[2,51],[2,3],[3,4],[64,59],[48,-32],[112,-13],[145,51],[38,-35],[53,47],[74,-6],[29,-23]]],"transform":{"scale":[0.00010657494559210207,0.0000904432652443383],"translate":[122.93934999999999,24.045869999999997]},"objects":{"japan":{"type":"GeometryCollection","geometries":[{"arcs":[[[0]],[[1]],[[2]],[[3]],[[4]],[[5]],[[6]],[[7]],[[8]],[[9]],[[10]],[[11]],[[12]],[[13]],[[14]],[[15]],[[16]],[[17]],[[18]],[[19]],[[20]],[[21]],[[22]]],"type":"MultiPolygon","properties":{"pref":"北海道","code5":"01000","code6":"010006"}},{"arcs":[[[23,24,25]],[[26]]],"type":"MultiPolygon","properties":{"pref":"青森県","code5":"02000","code6":"020001"}},{"arcs":[[[27,28,-24,29,30]],[[31]],[[32]],[[33]],[[34]],[[35]],[[36]],[[37]],[[40]],[[41]],[[42]],[[43]]],"type":"MultiPolygon","properties":{"pref":"岩手県","code5":"03000","code6":"030007"}},{"arcs":[[[45,-28,46,47,48,49,50]],[[52]],[[53]],[[54]],[[55]],[[56]],[[57]],[[58]],[[59]],[[61]],[[62]],[[64]],[[65]],[[66]],[[68]],[[69]],[[71]],[[72]],[[73]],[[75]],[[79]]],"type":"MultiPolygon","properties":{"pref":"宮城県","code5":"04000","code6":"040002"}},{"arcs":[[[-25,-29,-46,80,81]],[[82]]],"type":"MultiPolygon","properties":{"pref":"秋田県","code5":"05000","code6":"050008"}},{"arcs":[[[85,86,87,-81,-51]],[[88]]],"type":"MultiPolygon","properties":{"pref":"山形県","code5":"06000","code6":"060003"}},{"arcs":[[[89,90,91,92,93,-86,-50]],[[94]]],"type":"MultiPolygon","properties":{"pref":"福島県","code5":"07000","code6":"070009"}},{"arcs":[[95,96,97,-91,98]],"type":"Polygon","properties":{"pref":"茨城県","code5":"08000","code6":"080004"}},{"arcs":[[-92,-98,99,100]],"type":"Polygon","properties":{"pref":"栃木県","code5":"09000","code6":"090000"}},{"arcs":[[101,-93,-101,102,103]],"type":"Polygon","properties":{"pref":"群馬県","code5":"10000","code6":"100005"}},{"arcs":[[-100,-97,104,105,106,107,-103]],"type":"Polygon","properties":{"pref":"埼玉県","code5":"11000","code6":"110001"}},{"arcs":[[[108]],[[109,-105,-96,110]],[[111]],[[112]]],"type":"MultiPolygon","properties":{"pref":"千葉県","code5":"12000","code6":"120006"}},{"arcs":[[[113]],[[114]],[[115,116,-106,-110,117]],[[118]],[[119]],[[120]],[[121]],[[122]],[[123]],[[124]],[[125]],[[126]],[[127]],[[128]],[[129]],[[130]],[[131]],[[132]],[[133]],[[134]],[[135]],[[136]],[[137]],[[138]],[[139]],[[140]],[[141]],[[142]],[[143]],[[144]],[[145]],[[146]],[[147]],[[148]],[[149]],[[150]],[[151]],[[152]],[[153]],[[154]],[[155]],[[156]],[[157]],[[158]],[[159]],[[160]],[[161]],[[162]]],"type":"MultiPolygon","properties":{"pref":"東京都","code5":"13000","code6":"130001"}},{"arcs":[[[163,164,-116,165]],[[166]],[[167]],[[168]],[[169]],[[170]],[[171]],[[172]],[[173]],[[174]],[[175]],[[177]]],"type":"MultiPolygon","properties":{"pref":"神奈川県","code5":"14000","code6":"140007"}},{"arcs":[[[-87,-94,-102,178,179,180]],[[181]],[[182]]],"type":"MultiPolygon","properties":{"pref":"新潟県","code5":"15000","code6":"150002"}},{"arcs":[[[183,184,185,-180,186]],[[187]]],"type":"MultiPolygon","properties":{"pref":"富山県","code5":"16000","code6":"160008"}},{"arcs":[[[188,189,190,-185]],[[191]],[[192]]],"type":"MultiPolygon","properties":{"pref":"石川県","code5":"17000","code6":"170003"}},{"arcs":[[[-190,193,194,195,196]],[[197]]],"type":"MultiPolygon","properties":{"pref":"福井県","code5":"18000","code6":"180009"}},{"arcs":[[-107,-117,-165,198,199]],"type":"Polygon","properties":{"pref":"山梨県","code5":"19000","code6":"190004"}},{"arcs":[[-104,-108,-200,200,201,202,-187,-179]],"type":"Polygon","properties":{"pref":"長野県","code5":"20000","code6":"200000"}},{"arcs":[[203,-194,-189,-184,-203,204,205]],"type":"Polygon","properties":{"pref":"岐阜県","code5":"21000","code6":"210005"}},{"arcs":[[[-199,-164,206,207,-201]],[[208]],[[209]],[[210]],[[211]]],"type":"MultiPolygon","properties":{"pref":"静岡県","code5":"22000","code6":"220001"}},{"arcs":[[[212]],[[213,-205,-202,-208,214]],[[215]],[[216]],[[217]],[[218]],[[219]],[[220]],[[221]],[[222]],[[223]],[[224]],[[225]],[[226]],[[227]]],"type":"MultiPolygon","properties":{"pref":"愛知県","code5":"23000","code6":"230006"}},{"arcs":[[[228,229,230,231,232,233,234,235,-206,-214,236]],[[237]],[[239]],[[240]],[[241]],[[242]],[[243]],[[244]],[[245]],[[246]],[[247]],[[248]],[[249]],[[250]]],"type":"MultiPolygon","properties":{"pref":"三重県","code5":"24000","code6":"240001"}},{"arcs":[[-195,-204,-236,251]],"type":"Polygon","properties":{"pref":"滋賀県","code5":"25000","code6":"250007"}},{"arcs":[[[-235,252,253,254,255,-196,-252]],[[256]]],"type":"MultiPolygon","properties":{"pref":"京都府","code5":"26000","code6":"260002"}},{"arcs":[[[257,-254,258,259,260]],[[261]],[[262]],[[263]],[[264]],[[265]],[[266]],[[267]],[[268]],[[269]],[[270]]],"type":"MultiPolygon","properties":{"pref":"大阪府","code5":"27000","code6":"270008"}},{"arcs":[[[271,272,273,274,-255,-258,275]],[[276]],[[277]],[[278]],[[279]],[[280]],[[281]],[[282]],[[283]],[[284]],[[285]],[[286]],[[287]],[[288]],[[289]],[[290]],[[291]],[[292]],[[293]],[[294]],[[295]],[[296]],[[297]],[[298]],[[299]],[[300]],[[301]],[[302]],[[303]],[[304]],[[305]],[[306]],[[307]],[[308]],[[309]],[[311]],[[312]],[[313]],[[314]],[[315]],[[316]],[[317]],[[318]],[[319]],[[320]],[[321]],[[322]],[[323]],[[324]]],"type":"MultiPolygon","properties":{"pref":"兵庫県","code5":"28000","code6":"280003"}},{"arcs":[[-234,325,-232,326,-230,327,-259,-253]],"type":"Polygon","properties":{"pref":"奈良県","code5":"29000","code6":"290009"}},{"arcs":[[[328]],[[-328,-229,329,-260]],[[330]],[[331]],[[332]],[[334]],[[-231,-327]],[[-233,-326]],[[335]]],"type":"MultiPolygon","properties":{"pref":"和歌山県","code5":"30000","code6":"300004"}},{"arcs":[[337,338,339,340,-273]],"type":"Polygon","properties":{"pref":"鳥取県","code5":"31000","code6":"310000"}},{"arcs":[[[-340,341,342,343,344]],[[346]],[[347]],[[348]],[[349]],[[350]]],"type":"MultiPolygon","properties":{"pref":"島根県","code5":"32000","code6":"320005"}},{"arcs":[[[351,-338,-272,352]],[[353]],[[354]],[[355]],[[356]],[[357]],[[358,359]],[[360]],[[361]],[[362]],[[363]],[[364]],[[365]],[[366]],[[367]],[[368]],[[369]],[[370]],[[371]],[[372]],[[373]],[[374]]],"type":"MultiPolygon","properties":{"pref":"岡山県","code5":"33000","code6":"330001"}},{"arcs":[[[375,-342,-339,-352,376]],[[377]],[[378]],[[379]],[[380]],[[381]],[[382]],[[383]],[[384]],[[385]],[[386]],[[387]],[[388]],[[389]],[[390]],[[391]],[[392]],[[393]],[[394]],[[395]],[[396]],[[397]],[[398]],[[399]],[[400]],[[401]],[[402]],[[403]],[[404]],[[405]],[[406]],[[407]],[[408]],[[409]],[[410]],[[411]],[[412]],[[413]],[[414]],[[415]],[[416]],[[417]],[[418]],[[419]],[[420]],[[421]],[[422]]],"type":"MultiPolygon","properties":{"pref":"広島県","code5":"34000","code6":"340006"}},{"arcs":[[[-343,-376,423]],[[424]],[[425]],[[426]],[[427]],[[428]],[[429]],[[430]],[[431]],[[432]],[[433]],[[434]],[[435]],[[436]],[[437]],[[438]],[[439]],[[440]],[[441]],[[442]],[[443]],[[444]],[[445]],[[446]],[[447]],[[448]],[[449]],[[450]],[[451]],[[452]],[[453]],[[454]],[[455]],[[456]],[[457]],[[458]],[[459]],[[460]],[[461]],[[462]],[[463]],[[464]]],"type":"MultiPolygon","properties":{"pref":"山口県","code5":"35000","code6":"350001"}},{"arcs":[[[465,466,467,468,469,470]],[[471]],[[472]],[[473]],[[474]],[[475]],[[476]],[[477]],[[479]],[[480]],[[481]],[[482]],[[483]],[[484]],[[485]],[[486]],[[487]],[[489]],[[490]],[[491]],[[494]],[[496]],[[497]],[[500]],[[502]],[[504]],[[505]]],"type":"MultiPolygon","properties":{"pref":"徳島県","code5":"36000","code6":"360007"}},{"arcs":[[[506,507,-470]],[[508]],[[509]],[[510]],[[511]],[[512]],[[513]],[[514]],[[515]],[[516]],[[517]],[[518]],[[519]],[[520]],[[521]],[[522]],[[523]],[[524]],[[525]],[[526]],[[-359,527]],[[528]],[[529]],[[530]],[[531]],[[532]]],"type":"MultiPolygon","properties":{"pref":"香川県","code5":"37000","code6":"370002"}},{"arcs":[[[-507,-469,533,534]],[[535]],[[536]],[[537]],[[538]],[[539]],[[540]],[[541]],[[542]],[[543]],[[544]],[[545]],[[546]],[[547]],[[548]],[[549]],[[550]],[[551]],[[552]],[[553]],[[554]],[[555]],[[556]],[[557]],[[559]],[[560]],[[561]],[[562]],[[563]],[[564]],[[565]],[[566]],[[567]],[[568]],[[569]],[[570]],[[571]],[[572]],[[573]],[[574]],[[575]],[[576]],[[577]],[[578]]],"type":"MultiPolygon","properties":{"pref":"愛媛県","code5":"38000","code6":"380008"}},{"arcs":[[[-534,-468,579]],[[580]],[[581]],[[582]],[[583]],[[584]],[[586]]],"type":"MultiPolygon","properties":{"pref":"高知県","code5":"39000","code6":"390003"}},{"arcs":[[[587]],[[588,589,590,591,592]],[[593]],[[594]],[[595]],[[596]],[[597]],[[598]],[[599]],[[600]],[[601]],[[602]],[[603]],[[606,607]],[[608]],[[609]],[[610]],[[611]],[[613]],[[614]]],"type":"MultiPolygon","properties":{"pref":"福岡県","code5":"40000","code6":"400009"}},{"arcs":[[[615,616,617,-592]],[[618]],[[619]],[[620]],[[621]],[[622]],[[623]],[[624]],[[625]]],"type":"MultiPolygon","properties":{"pref":"佐賀県","code5":"41000","code6":"410004"}},{"arcs":[[[-617,626]],[[627]],[[628]],[[629]],[[630]],[[631]],[[632]],[[633]],[[634]],[[635]],[[636]],[[637]],[[638]],[[639]],[[640]],[[641]],[[642]],[[643]],[[644]],[[645]],[[646]],[[647]],[[648]],[[649]],[[650]],[[651]],[[652]],[[653]],[[654]],[[655]],[[656]],[[657]],[[658]],[[659]],[[660]],[[661]],[[662]],[[663]],[[664]],[[665]],[[666]],[[667]],[[668]],[[669]],[[673]],[[674]],[[675]],[[676]],[[677]],[[678]],[[679]],[[680]],[[681]],[[682]],[[683]],[[684]],[[685]],[[686]],[[687]],[[688]],[[689]],[[690]],[[691]],[[692]],[[693]],[[694]],[[695]],[[696]],[[697]],[[698]],[[699]],[[700]],[[701]],[[702]],[[703]],[[704]],[[705]],[[706]],[[707]],[[708]],[[709]],[[710]],[[711]],[[712]],[[713]],[[714]],[[715]]],"type":"MultiPolygon","properties":{"pref":"長崎県","code5":"42000","code6":"420000"}},{"arcs":[[[-590,716,717,718,719]],[[720]],[[721]],[[722]],[[723]],[[724]],[[725]],[[726]],[[727]],[[728]],[[729]],[[730]],[[731]],[[732]],[[733]],[[734]],[[735]],[[736]],[[737]],[[738]],[[739]],[[740]],[[741]],[[742]]],"type":"MultiPolygon","properties":{"pref":"熊本県","code5":"43000","code6":"430005"}},{"arcs":[[[743,-717,-589,744]],[[745]],[[746]],[[747]],[[748]],[[749]],[[750]],[[751]],[[752]],[[753]],[[754]],[[755]]],"type":"MultiPolygon","properties":{"pref":"大分県","code5":"44000","code6":"440001"}},{"arcs":[[[756,-718,-744,757]],[[758]],[[759]],[[760]],[[761]],[[763]]],"type":"MultiPolygon","properties":{"pref":"宮崎県","code5":"45000","code6":"450006"}},{"arcs":[[[764]],[[765]],[[-719,-757,766,767]],[[768]],[[769]],[[770]],[[771]],[[772]],[[773]],[[774]],[[775]],[[776]],[[777]],[[778]],[[779]],[[780]],[[781]],[[782]],[[783]],[[784]],[[785]],[[786]],[[787]],[[788]],[[789]],[[790]],[[791]],[[792]],[[793]],[[794]],[[795]],[[796]],[[797]],[[799]],[[800]],[[801]],[[803]],[[804]],[[805]],[[806]],[[807]],[[808]],[[809]],[[810]],[[811]],[[812]],[[814]],[[815]],[[816]]],"type":"MultiPolygon","properties":{"pref":"鹿児島県","code5":"46000","code6":"460001"}},{"arcs":[[[817]],[[818]],[[819]],[[820]],[[821]],[[822]],[[823]],[[824]],[[825]],[[826,827]],[[828]],[[829]],[[830]],[[831]],[[832]],[[833]],[[835]],[[836]],[[837]],[[838]],[[839]],[[840]],[[841]],[[842]],[[843]],[[844]],[[845]],[[846]],[[848]],[[849]],[[850]],[[851]],[[852]],[[853]],[[854]],[[855]],[[856]],[[857]],[[858]],[[859]],[[860]],[[861]],[[862]],[[863]],[[864]],[[865]],[[866]],[[867]],[[868]],[[869]],[[870]],[[871]],[[873]],[[874]],[[875]],[[876]],[[877]],[[878]],[[879]],[[880]],[[881]],[[882]],[[883]],[[884]],[[885]],[[886]]],"type":"MultiPolygon","properties":{"pref":"沖縄県","code5":"47000","code6":"470007"}}]}}}