{"type":"Topology","arcs":[[[11804,4739],[85,86],[-71,74],[-44,65],[-40,104],[-55,21],[42,42]],[[11721,5131],[148,26],[133,49],[26,82],[65,74],[74,42],[92,21],[38,33],[38,147],[36,71],[-5,28],[71,104],[-7,56],[26,62],[13,94]],[[12469,6020],[90,-51],[36,70],[148,121],[64,94],[42,-32],[56,99],[39,25],[-24,75],[-2,177],[25,71],[64,63],[47,22],[80,78]],[[13134,6832],[27,-24],[66,-1],[56,-69],[36,-2],[86,-83],[85,-62],[22,-32],[8,-84],[40,-63],[72,-75],[48,-31],[37,-72],[8,-93],[62,-87],[74,-19],[41,-113],[61,-71],[194,-111],[105,-52],[110,-41],[18,-23],[77,-19],[86,18],[26,21],[115,-20],[88,-39],[182,-39],[41,-40],[174,-72],[35,-2],[141,-107],[32,-40],[59,-29],[85,-11],[55,-46],[-58,-51],[4,-103],[20,-59],[52,-45],[49,-14],[52,-50],[59,-21],[59,11],[56,-55],[-11,-31],[37,-38],[-12,-67],[-100,-68],[-83,-33],[-75,-85],[-120,5],[-52,-11],[-22,40],[-57,12],[-105,-16],[-55,-36],[-109,-129],[-9,-39],[-50,-66],[-74,-45],[-44,-149],[-78,-54],[-114,-35],[-10,-65],[-32,-32],[-38,24],[-60,3],[-51,-56],[-1,-43],[-66,11],[-47,34],[-34,-13],[-54,-61],[-78,-10],[-48,28],[-138,-42],[-65,-31],[-48,4],[-102,51],[-8,67],[-74,90],[-121,82],[-175,76],[-64,17],[-109,43],[-123,20],[-75,51],[-89,18],[-53,-13],[-35,21],[-72,-13],[-97,45],[-134,39],[-66,36],[-121,29],[-95,9],[-100,-9],[-122,-25],[-93,-30],[-99,-74],[-73,-106],[35,-59],[-93,-22],[-63,-36],[-40,32],[-12,65],[-38,48],[-7,110],[108,165],[6,-66],[36,-17],[39,-59],[81,73],[24,115],[-3,64],[-63,85],[-42,-14],[-25,43],[18,49],[-33,21]],[[14683,17788],[-154,55],[-18,51],[-70,34],[-7,36],[-59,84],[-13,54],[-61,58],[24,127],[-70,82],[-1,51],[32,55],[-62,20],[-134,10],[-13,-48],[-65,7],[-127,59],[-118,-9],[-57,-33],[-97,30]],[[13613,18511],[7,82],[22,14],[-3,125],[-58,24],[-29,35],[-114,30],[-26,27],[-118,54],[-87,-3],[-57,-23],[-67,28],[10,52],[-51,50],[-66,107],[12,55],[-24,74]],[[12964,19242],[41,-17],[65,47],[-13,43],[42,27],[-49,67],[80,7],[14,-32],[0,0],[0,-1],[15,-68],[76,-22],[158,61],[59,-11],[102,7],[67,58],[-20,38],[-3,23],[71,44],[92,-7],[97,22],[34,2],[130,85],[90,32],[181,2],[0,0],[123,-5],[10,-2],[11,-3],[2,-2],[3,0],[-34,-62],[29,-74],[-14,-130],[-110,-64],[83,-73],[34,-66],[81,-56],[-18,-32],[64,-28],[37,12],[47,-45],[58,11],[92,-7],[114,-40],[64,-38],[89,-6],[131,-64],[76,-27],[112,-79],[124,-27],[151,-82],[36,-6],[113,37],[268,110],[173,84],[150,82],[155,102],[39,47],[-21,23],[132,105],[57,-45],[26,-116],[21,-1]],[[16801,19082],[-17,-45],[-59,-6],[-108,-99],[-31,27],[-165,-149]],[[16421,18810],[-81,-74],[-70,57],[-75,8],[-113,-64],[-63,-52],[-112,-70],[18,-73],[74,-56],[-27,-52],[-73,-33],[-47,-103],[-66,-55],[-12,-58],[-123,-107],[-48,8],[-1,32],[-80,23],[-68,-9],[-21,91],[14,34],[-74,19],[-47,40],[-69,25],[-30,57],[-54,-41],[-89,47],[-40,-23],[-95,5],[-37,-97],[-76,5],[-6,-63],[25,-67],[40,-50],[-89,-29],[50,-60],[-58,-157],[-78,-17],[-37,-63]],[[25307,26944],[18,-127],[-40,-13],[-11,-45],[-52,-38],[-5,-36],[30,-66],[-37,-141],[38,-55],[52,-155],[74,-15],[-13,-82],[-27,-51],[-62,-25],[15,-90],[69,-18],[43,-58],[14,-82],[-56,-59],[9,-108],[42,-160],[12,-168],[127,16],[-21,63],[95,31],[78,76],[-1,49],[227,198],[266,136],[57,20],[-194,177],[117,91],[79,87],[0,117],[-41,106],[34,21],[27,77],[44,76],[-6,59],[190,234]],[[26498,26986],[29,-12],[63,51]],[[26590,27025],[35,-52],[24,-85],[-31,-95],[67,-104],[28,-129],[5,-117],[-30,-44],[18,-54],[45,-38],[-5,-116],[35,-30],[-20,-97],[65,-127],[-17,-42]],[[26809,25895],[407,-415],[69,14],[2,-87],[61,-60],[79,-20],[53,20],[102,-117],[124,55],[46,-177],[96,-36],[45,22],[104,-15],[29,43],[75,-41],[59,-10],[64,-89],[30,-10],[171,34],[80,-9],[43,-61],[75,-58],[101,-21],[42,33],[72,-25],[60,33],[34,47],[67,9]],[[28999,24954],[83,-50],[1,-61],[38,-43],[64,-29],[-26,-113],[68,-44],[19,-33],[-47,-55],[-5,-94],[43,-96],[-3,-61]],[[29234,24275],[-28,19],[-94,-3],[-109,14],[-69,-36],[-67,0],[-52,-22],[-18,38],[-61,15],[-50,58],[-121,73],[-52,-17],[-142,52],[-19,61],[-101,106],[-40,27],[-73,-3],[-50,-22],[-60,18],[-88,-31],[-66,68],[-67,28],[-31,-46],[-78,17],[-103,41],[-51,77],[-51,-8],[-100,115],[-49,-1],[-111,63],[-112,0],[-80,-88],[-71,4],[-27,-443]],[[26943,24449],[-150,74],[-58,70],[-105,37],[-63,35],[-78,21],[-148,90],[-67,-79],[-34,-14],[160,-342],[176,-145],[35,39],[532,-436],[56,28],[466,63],[31,-164]],[[27696,23726],[-184,-15],[-51,-40],[-180,-10],[-101,-20],[-61,16],[-73,-38],[-56,18],[-62,-15],[-122,110],[-80,53],[-1,63],[-24,60],[-145,142],[-93,22],[-53,-7],[-75,17],[-63,-38],[-8,-81],[50,-39],[-10,-45],[-90,-75],[12,-130],[-57,-22],[0,-38],[-67,-41],[-80,36],[-121,-74],[-87,-143],[-2,-122],[-150,-111],[-11,-29],[54,-101],[-8,-81],[-44,-66],[-10,-57]],[[25643,22825],[-59,38],[-117,42],[-20,125],[-67,61],[-29,48],[13,46],[-34,71],[10,90],[-28,110],[68,76],[-25,88],[36,56],[5,64],[-61,119],[-75,38],[16,52],[-73,48],[-27,38],[-88,4],[-39,-40],[-86,-49],[-35,1]],[[24928,23951],[-153,-30],[-60,-35],[-40,1],[-76,-53],[-42,49],[-2,86],[-77,119],[-68,80],[-24,83],[31,57],[-2,124],[22,69],[11,110],[-78,56],[-19,74],[39,28],[56,-6],[112,12],[37,34],[-3,73],[-30,49],[12,90],[40,29],[30,56],[50,27],[72,89],[61,22],[-40,120],[50,81],[104,36],[-16,94],[-69,37],[-8,32],[-62,57],[-20,52],[-49,49],[24,47],[-69,35],[9,33],[60,64],[32,94],[-36,40],[-5,46],[-41,26],[-78,-11],[-119,11],[-77,41],[-59,-18],[-46,13],[-65,50],[11,49],[-17,56],[31,74],[-48,48],[-64,20],[3,68]],[[24163,26588],[79,91],[49,10],[61,81],[77,27],[54,47],[11,51],[92,109],[79,39],[108,-14],[107,18],[35,-7],[57,36],[10,42]],[[24982,27118],[38,-64],[39,-9],[78,-55],[98,-41],[72,-5]],[[14763,10403],[-81,-16],[-97,-97],[-10,-28],[-77,-61],[-92,-114],[-29,-77],[-5,-84],[-58,-55],[-84,11],[-35,32],[-112,38],[-58,-14],[-41,73],[-48,29],[-68,4],[-86,56],[8,25],[-62,62],[-16,72],[90,34],[-6,53],[76,-15],[64,-58],[90,-34],[6,-88],[58,-45],[28,47],[42,-14],[23,57],[-37,10],[-12,109],[229,41],[-52,34],[-184,-29],[17,85],[-287,52],[-35,31],[-72,-9],[-127,62],[-39,-1],[-75,109]],[[13509,10690],[50,1],[28,45],[134,42],[133,-9],[65,76],[86,44],[72,89],[76,31],[15,54],[-51,47],[24,45],[12,78],[61,57]],[[14214,11290],[118,-18],[94,-46],[13,-77],[-44,-81],[54,-91],[75,-34],[31,-68],[15,-86],[21,-24],[30,-104],[7,-118],[48,-95],[87,-45]],[[41956,22583],[213,-94],[-10,-43],[-46,-17],[-35,-100],[-10,-99],[-35,-68],[44,-43],[9,-40],[-74,-69],[66,-75],[12,-53]],[[42090,21882],[-67,-93],[72,-90],[-57,-21],[-37,-68],[-49,-25],[-31,-53],[-40,-10],[-60,-114],[-81,-84],[-140,-92],[-3,-91],[-40,-62],[-140,-95],[0,-42],[-63,-51],[26,-53],[-40,-33],[11,-36],[-16,-90],[-52,-23],[-10,-42],[22,-93],[-60,4],[-73,-32],[16,-39],[-29,-65],[21,-92],[87,-54],[61,-54],[30,-99],[89,-126],[84,-73],[64,-17],[114,-89],[61,-34],[63,-73],[-2,-76],[67,-37],[50,-64],[-13,-73],[54,-66],[-18,-20],[45,-142],[23,-14],[32,-114],[53,-40],[-25,-61],[54,-21],[-10,-85],[74,-12],[19,-27],[-39,-101],[18,-79],[123,-169],[-20,-63],[11,-63],[30,-22],[35,-88],[64,-40],[-15,-58],[88,-77],[7,-47],[100,-26],[20,-29],[158,-11],[20,59],[32,26],[619,-127]],[[43477,17911],[41,-61],[95,-57],[23,-94],[76,-58],[-61,-25],[28,-81],[-2,-80],[-22,-59],[-191,-150],[8,-64],[49,-61],[103,50],[59,-51],[88,-19],[65,1],[-19,-52],[75,-77],[61,-26],[135,-92],[88,-89],[-3,-72],[41,-62],[-14,-54],[20,-55]],[[44220,16523],[-71,26],[-143,31],[-90,-12],[-78,57],[-16,30],[-141,4],[-74,43],[-84,12],[-53,26],[-77,92],[-52,5],[-75,-22],[-76,44],[59,43],[-23,52],[15,50],[-88,86],[-13,-47],[-28,50],[-59,40],[-79,-43],[-52,19],[-173,21],[-1,49],[-84,-9],[-155,27],[-104,-3],[-393,-69]],[[42012,17125],[-54,90],[-73,7],[80,227],[-481,146],[-96,182],[-33,-33],[-99,-18],[-44,28],[-64,3],[-67,26],[-42,-51],[-106,64],[-49,7],[-29,73],[-54,58],[11,65],[-46,56],[-32,109],[22,41],[-30,60],[3,114],[-91,48],[-34,35],[-116,26],[-92,58],[-75,100],[25,16],[3,91],[-27,32],[26,57],[-82,61],[-24,48],[-58,42],[-115,15],[-63,28],[-59,192],[24,80],[-41,63],[-31,131],[16,22],[-39,58],[-42,96],[-93,36],[-16,44],[33,100],[-45,28],[3,54],[43,34],[25,125],[76,28],[70,57],[53,163],[138,14],[-13,47],[32,47],[-5,54],[92,47],[-27,67],[73,44],[-19,77],[40,51],[45,20],[-18,86],[-133,153],[-68,10]],[[40120,21064],[18,65],[-49,22],[130,35],[63,51],[-41,41],[28,50],[33,118],[4,83],[-33,90],[-77,-10],[-109,79],[-32,80],[38,64],[-43,102],[-10,65]],[[40040,21999],[184,-41],[72,4],[37,25],[62,5],[29,50],[68,6],[123,54],[46,-3],[11,86],[47,84],[-37,25],[-19,86],[58,70],[34,70],[121,15],[103,-41],[61,15],[49,-21],[52,13],[49,43],[17,101],[66,44],[48,-33],[135,-28],[38,-49],[61,-37],[49,-66],[81,117],[92,33],[48,-46],[131,3]],[[40090,16327],[-369,-232],[-283,-190],[-288,-210],[-222,-185]],[[38928,15510],[-122,91],[-52,12],[-91,117],[-96,58],[-66,67],[-104,37],[-107,87],[-47,-15],[-8,60],[-98,48],[46,68],[-96,109],[-2,96],[-56,72],[16,83],[-40,5],[2,53],[38,66],[2,114],[-71,44],[-67,67],[3,72],[-52,35],[-96,110],[-84,45],[-66,-60],[-32,9],[-13,57],[-67,73],[4,86],[29,87],[-4,68],[33,61],[1,109],[59,63],[23,47],[47,37],[126,24],[34,81],[-13,64],[65,27],[47,75],[-10,85],[11,59],[-12,70],[32,42],[-33,32],[4,101]],[[37945,18408],[63,-10],[106,25],[165,-5],[81,20],[20,-41],[46,-7],[-5,-53],[27,-79],[58,-75],[119,-21],[33,-54],[43,-24],[106,23],[107,-43],[46,24],[93,-5],[63,-30],[74,-91],[34,-75],[52,-11],[71,-61],[9,-69],[76,-49],[-30,-62],[-67,-2],[-20,-53],[37,-167],[-91,-23],[-17,-93],[-63,-31],[28,-77],[6,-83],[67,-47],[37,-65],[-4,-38],[91,-98],[67,-39],[146,14],[56,-33],[49,-59],[109,-66],[69,-95],[40,-12],[34,-58],[-31,-57],[34,-80],[70,-7],[41,-39]],[[32730,16640],[28,-62],[92,20],[118,-27],[52,50],[109,-24],[24,-23],[25,-83],[145,11],[31,15],[95,-18],[91,23],[45,-52]],[[33585,16470],[-66,-22],[-21,-40],[-55,-40],[-5,-115],[-37,-61],[-97,-125],[100,-61],[-15,-58],[14,-131],[-53,-175],[-58,-109],[50,-24],[-131,-232],[217,-85],[-61,-126],[211,-82],[-109,-229],[300,-68],[-88,-305],[-54,12],[-29,-100]],[[33598,14294],[-72,-247],[-278,63],[-1,-58],[-142,-29]],[[33105,14023],[-13,54],[64,207],[-328,84],[-78,-15],[-31,-59],[-54,-47],[-175,94],[-31,-46],[-115,60],[-37,-101],[-136,-109],[-30,-62],[-52,-35],[9,-48],[72,-40],[-229,-347],[-88,-50],[-47,-95],[-71,3],[-2,-96],[-90,-37],[-79,19],[-36,-50],[-62,-1],[-76,-55],[-79,6],[-62,-16],[-109,-56],[-72,38],[-181,-5],[-39,34],[-74,14],[-160,-125],[-89,69],[-12,46],[-45,16],[-43,46],[-72,5],[-22,44],[-71,47],[43,138],[-18,36],[29,113],[-19,62],[59,93],[-56,61],[-9,48],[-46,13],[-76,-42],[-79,1],[-100,-44],[-71,50],[-73,-9],[-158,32],[-58,-35],[-58,-5],[-76,-51],[-54,-14]],[[29440,13861],[-69,72],[19,119],[-21,49],[14,47],[-15,110],[-56,28],[-40,-25],[-89,-10],[-51,23],[-29,96],[-82,56],[-92,-17],[-81,22]],[[28848,14431],[-61,50],[-8,73]],[[28779,14554],[29,38],[63,140],[76,48],[113,37]],[[29060,14817],[62,-28],[148,-23],[114,13],[81,41],[115,-126],[175,15],[115,-1],[24,-43],[124,-12],[56,-38],[134,5],[18,27],[71,-13],[21,-27],[86,-5],[89,-29],[65,20],[31,-40],[-7,-106],[141,-107],[58,-12],[12,-44],[112,-9],[12,-17],[306,328],[163,179],[48,89],[98,13],[122,61],[42,-9],[72,24],[26,45],[131,72],[52,15],[129,102],[101,118],[48,94],[241,266],[235,380],[-7,52],[-287,-24],[-38,356],[64,87],[-15,54],[109,46],[28,57],[64,-24],[81,1]],[[41100,28780],[-14,-64],[-82,2],[-80,32],[-88,-7],[-32,-27],[-43,-118],[-73,-58],[-78,-94],[12,-37],[-69,-40],[-3,-63],[-106,-93],[37,-70],[4,-62],[-26,-38],[17,-59],[-58,-150],[-54,-8],[-44,-92],[131,-56],[66,-214],[-8,-41],[-67,-23],[-5,-74],[29,-30],[-162,-90],[-59,-10],[-17,-164],[87,-49],[-13,-80],[40,-71],[-9,-42],[66,-76],[58,27],[138,17]],[[40595,26758],[-15,-58],[9,-67],[-139,-165],[50,-63]],[[40500,26405],[40,-77],[-17,-32],[-83,-25],[-173,-101],[26,-59],[-60,-30],[-23,-37],[-60,-23],[16,-56],[-22,-38],[16,-41],[-41,-87],[-35,-35],[-11,-82],[-85,-19],[-34,-55],[40,-84],[-25,-43],[-68,-54],[-1,-28],[-80,-90],[7,-88],[-12,-51],[-56,-37],[-51,2],[-77,103],[-99,-93],[43,-68],[-29,-48],[-190,-101],[-66,-67],[15,-62]],[[39305,24799],[-50,-54],[-49,-104],[17,-41],[-47,-103],[-67,-33],[-114,59],[-171,21],[-35,-55],[-71,-13],[-25,-75],[-63,-12],[-78,-89],[-48,-34],[-27,-54],[-2,-57]],[[38475,24155],[-50,-2],[-33,44],[1,57],[-37,53],[-101,64],[-9,73],[116,293],[-61,584],[-239,-20],[-601,-46],[-63,-21],[-72,-58],[-79,4],[-71,53],[-49,5]],[[37127,25238],[-293,-189],[-87,10],[-45,-28],[-35,41],[-165,23],[-347,-220],[-99,37],[-46,-77],[0,-81],[-25,-16],[9,-67],[-46,-101],[24,-61],[-145,-8],[-138,-66],[-86,2],[-61,19],[-132,-16],[-48,-21],[-13,-46],[-136,11],[-59,-63],[15,-49],[-31,-37],[27,-32],[-49,-46],[7,-31],[-45,-53],[-82,34],[-57,66],[-20,-77],[-74,-54],[-31,-59],[-56,-14],[-51,16],[-30,-79],[-53,-30],[-108,-21],[-29,-49],[-52,24],[-67,0],[-19,47],[-49,-14],[-106,9],[-64,23],[-85,55],[-86,6],[-74,-13],[-75,-55],[-88,14],[-45,-16],[-22,-61],[-200,11],[-80,-34],[-37,-38],[-80,-43],[-178,-61],[-47,-100],[40,-72],[-52,-49],[-58,-24],[-13,-63]],[[32950,23352],[-120,-11],[-36,-24],[-71,41],[-35,-3]],[[32688,23355],[-52,48],[1,85],[100,84],[39,59],[26,75],[152,92],[-25,118],[-68,38],[19,30],[-30,45],[-168,90],[-18,96],[57,39],[4,96],[125,164],[91,6]],[[32941,24520],[84,-1],[60,-51],[59,-17],[117,20],[145,-57],[88,42],[61,50],[83,46],[22,127],[-56,112],[13,60],[61,39],[103,45],[30,76],[48,6],[88,92],[125,-24],[29,-18],[99,107],[67,-58],[91,15],[21,60],[98,25],[115,89],[-22,64],[46,30],[75,-3],[10,72],[109,-13],[35,21],[44,-35],[87,5],[72,28],[136,6],[114,89],[53,54],[163,-9],[53,29],[26,-34],[63,-21],[151,51],[67,0],[50,60],[50,-4],[42,27],[-38,41],[29,93],[65,34],[84,12],[63,59],[51,-54],[42,9],[69,47],[-41,56],[-19,75],[30,32],[-12,56],[19,133],[65,25],[52,58],[0,92],[32,5],[-8,133],[-22,63],[6,79],[50,31],[-23,42],[24,104],[-23,73]],[[36511,27020],[26,-12],[110,22],[21,-87],[89,-60],[114,30],[70,56],[32,-96],[74,-27],[-36,-51],[49,-47],[125,46],[56,-15],[67,34],[47,-13],[3,-39],[-91,-21],[-30,-39],[13,-43],[-34,-36],[70,-42],[29,-109],[74,-26],[0,-57],[92,-112],[37,-8],[58,30],[70,12],[7,101],[49,61],[11,66],[90,44],[169,160],[-20,42],[11,52],[-61,22],[8,131],[-25,18],[1,75],[29,44],[106,-53],[67,8],[82,103],[35,86],[-39,47],[111,88],[84,-62],[81,101],[173,-43],[65,27],[31,-58],[164,-37],[126,46],[96,90],[38,79],[51,-20],[75,46],[-13,39],[80,65],[107,24],[47,61],[5,52],[37,79],[45,43],[73,15],[11,68],[-16,62],[-38,41],[-9,76],[57,61],[117,198],[-139,63],[-339,365],[-508,82],[-654,110]],[[38124,29078],[7,420]],[[38131,29498],[56,-3],[6,-49],[47,5],[63,-26],[128,-33],[238,-74],[631,-176],[174,-40],[257,-67],[318,-68],[355,-62],[227,-36],[125,0],[27,22],[120,-2],[93,-71],[104,-38]],[[25567,17663],[65,-23],[38,-75],[-13,-33],[58,-48],[-59,-63],[-180,-93],[-55,-16],[-53,-63],[13,-69],[-50,-147],[-48,-76]],[[25283,16957],[-67,63],[-82,-51],[-33,-64],[-29,-99],[-71,22],[-72,57],[-82,-25],[-51,-38],[5,-54],[-108,-30],[-53,-69],[-52,1],[-106,-22],[-27,65],[-52,17],[-129,-91],[-57,40],[-97,-59],[-6,-57],[15,-160],[-66,-8],[-84,-47],[-8,-34],[-65,-1],[-76,-46],[14,-114],[-47,-30],[3,-75],[-60,-87],[-39,-14],[-123,-136],[-6,-25]],[[23572,15786],[-83,46],[-55,10],[-4,-47],[-90,-102],[-85,27]],[[23255,15720],[-59,-2],[-68,48],[-77,-7],[-89,-32],[-69,179],[-53,95],[-11,66],[-36,83],[-102,27],[-76,58],[-55,17]],[[22560,16252],[76,74],[4,151],[-22,109],[-118,43],[-25,43],[-4,135],[-51,44],[42,71],[-6,146],[-85,55],[-184,-33],[-79,151],[-19,63],[50,70],[-28,56],[19,30],[-54,60],[-7,82],[57,47],[23,87],[-12,149],[38,57],[-35,77],[-8,77],[27,41],[87,44],[107,-7],[-8,40]],[[22345,18214],[89,-22],[60,23],[95,10],[92,-5],[48,-29],[18,-53],[105,41],[29,80],[151,-88],[90,-6],[66,33],[69,86],[-57,87],[14,30],[-30,56],[-44,135],[51,63],[45,-5]],[[23236,18650],[73,-3],[88,48],[-11,71],[20,30],[78,35],[21,38],[116,33],[93,-27],[99,72],[72,19],[46,92],[57,80],[94,9],[101,28],[41,28],[-38,83],[30,124],[47,75]],[[24263,19485],[28,-34],[76,-32],[26,-36],[52,-4],[52,-72],[148,18],[92,32],[73,-34],[45,30],[111,15],[39,107],[78,-14],[29,20],[69,-8],[92,28]],[[25273,19501],[44,-125],[-19,-117],[20,-44],[-115,-97],[-24,-73],[16,-21],[-56,-132],[-64,-69],[15,-49],[-34,-44],[80,-161],[-68,-38],[10,-49],[-22,-59],[-71,-45],[-17,-47],[4,-76],[63,-63],[-11,-72],[115,-89],[-5,-25],[50,-111],[-3,-41],[226,-168],[44,7],[116,-30]],[[22345,18214],[-81,40],[-63,5],[-57,89],[-85,-36],[-65,34],[-3,28],[-97,70],[3,57],[-59,12],[-100,-2],[-132,-65],[-172,-127],[-83,-92],[-77,-3],[-124,-73],[-63,-21],[-73,-71],[-150,-70],[-16,-38],[-69,-8]],[[20779,17943],[-57,41],[-53,-45],[-46,63],[-199,3],[-81,15]],[[20343,18020],[-305,391]],[[20038,18411],[-166,213],[-26,-13],[-51,61],[-3,70],[-30,33],[-77,25],[-40,33]],[[19645,18833],[-102,56],[87,135],[105,112],[80,-25],[58,29],[-26,48],[22,54],[-23,48],[29,47],[60,8],[23,32],[-42,81],[98,24],[59,53],[-15,36],[-68,79],[-33,56],[-3,59],[49,64],[-57,59],[-79,48],[-24,44],[85,28],[13,47],[-27,80]],[[19914,20135],[23,65],[90,-48],[64,-4],[-30,139],[-45,83],[116,97],[55,21],[19,44],[-93,91],[-6,50],[151,-65]],[[20258,20608],[499,-232],[332,-319],[40,-81],[107,-128],[-7,-25]],[[21229,19823],[-25,-32],[-33,-194],[-1,-43],[80,-23],[63,31],[48,-39],[5,-107],[15,-70],[-9,-48],[92,-23],[47,-30],[161,19],[97,1],[47,-34],[113,-50],[74,-7],[79,76],[13,61],[82,1],[108,-39],[57,-39],[12,-63],[27,-17],[136,24],[121,-77],[38,10],[95,-28],[51,-65],[91,-42],[26,-29],[165,11],[46,-51],[-2,-34],[70,-151],[18,-72]],[[41100,28780],[487,-116],[109,1],[103,-30],[151,7],[134,46],[53,66],[60,-41],[36,-104],[0,-56],[24,-80],[-39,-148],[25,-31],[-29,-83],[80,-42],[-6,-76],[-35,-27],[-15,-83],[53,-74],[88,-77],[63,-21],[88,-49],[-18,-146],[94,-118],[-14,-43],[35,-74],[207,-125],[175,-81],[158,-62]],[[43167,27113],[-22,-55],[234,-128],[35,-12],[286,-53],[34,-20],[2,-66],[34,-46],[-37,-82],[-15,-77],[11,-55],[-12,-85],[-37,-44],[-3,-62],[-26,-51],[-102,-98],[20,-105],[-37,-22],[-58,10],[-58,-23],[-11,-36],[27,-92],[-35,-32],[-26,-100],[-38,-97],[52,-89],[27,-96],[-30,-64],[-2,-122]],[[43380,25311],[-65,26],[28,59],[-46,116],[-29,39],[-75,164],[-14,91],[19,108],[134,39],[-64,173],[-20,8],[45,97],[-269,102],[-388,137],[-43,-93],[31,-12],[42,-111],[-110,-31],[-40,44],[-211,-57],[-58,147],[-101,191],[-45,17],[-12,103],[-61,117],[-64,59],[4,43],[-88,35],[-42,58],[-27,109],[-44,67],[-231,84],[-399,-321],[-6,-45],[-193,64],[-118,9],[-66,-6],[-59,-39],[-100,-144]],[[21894,26983],[37,-81],[-67,-98],[29,-95],[51,-29],[80,-134],[1,-40],[-36,-34],[-110,-48],[-46,-3],[-99,-105],[-3,-102],[-25,-15],[-41,-96],[19,-32],[-19,-95]],[[21665,25976],[-58,13],[-53,-32],[-133,-24],[5,-107],[-66,-16],[-37,37],[-42,2],[-24,-53],[-50,7],[-67,-35],[12,-39],[69,-75],[-23,-39],[4,-112],[-43,-41],[-107,-71],[-138,-62],[-2,-43],[42,-42],[-9,-65],[-61,-145],[-53,20],[-62,99],[-48,44],[-60,143],[8,46],[-81,-9],[-42,44],[-73,22],[-74,-33],[-103,40]],[[20296,25450],[-3,101],[-30,35],[-16,71],[18,91],[-74,38],[-2,50],[-94,88],[-53,115],[-65,20],[3,90],[19,12],[-16,102],[-130,75],[-66,91],[-33,0],[-95,95],[-144,40]],[[19515,26564],[112,159],[50,27],[42,139],[30,143],[48,-6],[14,86],[-9,57],[36,104],[-64,-11],[-19,47],[89,14],[-3,55],[40,85],[4,47]],[[19885,27510],[31,-47],[-4,-41],[117,-82],[23,-57],[72,-75],[91,-12],[39,-61],[89,3],[51,-48],[79,-30],[16,-74],[111,-27],[21,-64],[54,-41],[59,17],[98,3],[89,-16],[92,58],[111,150],[21,74],[96,1],[104,50],[115,-32],[61,72],[82,-24],[71,-1],[57,-77],[79,-39],[32,-64],[52,-43]],[[21385,14018],[34,-120],[-2,-142],[-57,-60],[-63,-13],[10,-77],[-15,-359],[-95,-110],[-43,-127]],[[21154,13010],[-152,48],[22,65],[-208,80],[-86,22],[-111,7],[-75,25],[-129,18],[-188,10],[-147,-9],[-15,27],[-108,1],[-243,-25],[148,102],[330,136],[32,-11],[68,27],[-26,51],[-455,-186],[-108,-30],[-40,79],[-36,-31],[31,-61],[-3,-53],[-64,-23],[7,-77],[-52,-4],[-6,71],[-268,-42],[-433,-107],[-267,-92],[-311,-120],[-374,-184]],[[17887,12724],[26,37],[-9,43],[-68,24],[-22,31],[-77,28],[-59,97],[-20,55],[-57,15],[-57,42],[-9,36],[-113,49],[-163,145],[-13,46],[21,34],[-58,90],[6,89],[21,52],[-4,92],[37,83],[120,24]],[[17389,13836],[100,42],[9,66],[87,27],[32,-25],[43,88],[98,167],[79,54],[10,35],[-23,91],[15,98],[-3,109],[-17,96],[76,2],[165,-32],[110,34],[84,-84],[228,-62],[139,-18],[60,20],[153,-28],[61,10],[62,31],[78,-27],[80,-53],[95,7],[97,100],[76,62],[103,135],[144,1],[72,30],[55,-6],[110,20],[37,-17],[134,5],[78,-10],[117,-35],[128,-7],[83,40],[52,61],[65,12],[24,31],[86,36]],[[20671,14942],[42,-81],[-48,-117],[20,-61],[3,-88],[-68,-59],[-1,-30],[55,-80],[50,-100],[57,-36],[181,-148],[162,-147],[261,23]],[[23312,42186],[27,-60],[-38,-17],[1,-94],[-36,-49],[-8,-51],[-136,-27],[-25,-34],[-1,-57],[-67,-33],[-142,-14],[-156,-74],[-49,7],[-126,-103],[9,-55],[-31,-30],[80,-83],[53,-100],[-12,-99],[-60,-46],[-51,-114],[58,-2],[116,-65],[41,15],[46,-26],[-1,-81],[33,-51],[-52,-73],[38,-91],[54,-20],[54,-59],[-42,-31],[-37,-61],[1,-57]],[[22853,40451],[-48,-49],[-104,10],[-125,-74],[-58,-6],[-117,18],[-169,-172],[-91,-67],[-11,-32],[-93,-99],[2,-144],[-334,-5],[3,138],[-69,39],[-76,1],[-121,-58],[-82,60],[118,74],[-56,30],[-30,-21],[-43,45],[4,59],[-200,-122],[-248,294],[120,73],[-40,39],[5,51],[-38,39],[-70,120],[2,115],[-36,42],[-111,-42],[-28,-33],[-108,-19],[30,-101],[-69,-88],[11,-83],[-113,-41],[-43,-38],[-146,96],[-43,-27],[-83,25],[-102,-18],[-102,-44],[-15,-119],[-106,-41],[-91,-95],[-66,4],[-73,-53],[-86,-21],[-18,-26],[-69,3],[-30,-70],[48,-46],[20,-81],[-7,-70],[-64,-30],[-92,54],[-32,-17]],[[19260,39828],[-47,114],[-32,116],[-5,73],[29,187],[-11,67],[29,96],[145,172],[39,32],[117,145],[50,94],[44,145],[-38,161],[61,32],[112,122],[71,90],[68,115],[45,148],[-2,112],[-99,120],[-63,102],[-31,148],[-1,157],[51,189],[64,107],[82,-86],[67,-47],[42,-53],[49,-106],[54,-13],[-41,-95],[148,-57],[72,1],[32,-39],[0,-49],[83,-5],[151,28],[57,21],[42,44],[5,84],[74,-37],[40,-43],[100,-18],[107,7],[106,20],[210,80],[158,83],[137,103],[78,78],[75,112],[52,111],[-41,92],[10,77],[43,54],[-5,128],[57,23],[57,56],[9,71],[82,57],[82,32],[135,3],[71,54],[51,-46],[102,-23],[61,-61],[49,-134],[4,-93],[18,-64],[198,-208],[92,-25],[38,-40],[93,-30],[40,-64],[7,-111],[93,-75],[-14,-100],[74,-115],[70,-68]],[[20258,20608],[67,147],[103,50],[120,6],[184,43],[79,-46],[35,61]],[[20846,20869],[30,39],[37,133],[78,51],[110,-6],[52,14],[108,71],[79,34],[21,123]],[[21361,21328],[293,-56],[13,55],[397,-89],[82,13],[116,-97],[10,-57],[36,-19],[86,27],[99,-19],[57,-50],[48,-6],[60,88],[40,27],[35,89],[116,35],[41,66],[63,40],[98,135],[43,17],[64,-12],[21,-53],[85,-24],[48,-102]],[[23312,21336],[-14,-40],[22,-66],[13,-124],[70,-27],[12,-67],[-61,-76],[10,-42],[43,-23],[-39,-57],[-42,-4]],[[23326,20810],[-143,61],[-53,-12],[-41,34],[-47,-37],[-6,-85],[-31,-20],[-42,-75],[5,-117],[-27,-15],[-54,-119],[-43,-4],[-39,-72],[-44,9],[-72,-21],[-161,-79],[-44,1],[-37,-47],[-51,-22],[-23,-39],[-53,26],[-53,-15],[-84,47],[-89,-9],[-158,-79],[-20,-67],[-91,-35],[-4,-62],[-76,-46],[-63,-55],[-202,-8],[-95,-104],[-40,-1],[-116,80]],[[25643,22825],[11,-71],[-22,-43],[48,-37],[-10,-49],[59,-40],[30,-72],[15,-86],[73,5],[61,-71],[29,-1],[72,-51],[32,-87],[-26,-44],[-83,-83],[14,-83]],[[25946,22012],[30,-86],[10,-179],[55,-52],[-11,-121],[-80,-47],[-52,-188],[-33,-12]],[[25865,21327],[-54,-84],[6,-77],[79,-46],[-5,-27],[-169,-74],[-155,-110],[-67,-5],[-106,-92],[-25,-81],[47,-64],[14,-72],[-36,-36],[-100,-48],[-23,-124],[-58,-80],[8,-51],[51,-56],[64,-35],[24,-99],[-31,-20],[16,-51],[-9,-55],[-31,-49],[-8,-75],[-27,-25],[17,-105],[-1,-81]],[[25286,19605],[-32,-18],[19,-86]],[[24263,19485],[-61,50],[-77,-3],[-44,-53],[-133,-35],[-89,26],[-79,150],[-35,92],[-43,45],[-13,80],[-43,24],[0,100],[-104,49],[19,137],[-76,40],[-65,14],[-79,117],[-63,48],[42,93],[-5,27],[78,72],[-7,37],[43,58],[-60,76],[-63,53],[20,28]],[[23312,21336],[31,44],[-22,97],[17,80]],[[23338,21557],[52,23],[6,54],[52,45],[55,23]],[[23503,21702],[-51,165],[12,25],[-26,119],[16,103],[41,13],[-2,49],[75,79],[97,-8]],[[23665,22247],[11,-45],[48,-27],[59,25],[39,48],[-4,72],[30,82],[41,40],[136,73],[10,34],[53,10],[27,41],[-14,59],[58,68],[-62,53],[-8,35],[-99,18],[-64,-14],[-68,16],[-71,-29],[-65,-63],[-34,69],[64,34],[5,59],[67,17],[112,124],[-26,109],[2,133],[-11,116],[17,105],[-51,54],[-50,120],[40,98]],[[23857,23781],[153,54],[162,-45],[126,-7],[69,25],[147,-16],[33,46],[84,-80],[74,-10],[101,72],[103,13],[15,27],[4,91]],[[18154,18849],[1089,105]],[[19243,18954],[21,-157],[381,36]],[[20038,18411],[-734,-455],[64,-22],[-24,-57],[11,-147],[-52,-36],[-73,-19],[-6,-68],[-37,-60],[-46,-23],[37,-112]],[[19178,17412],[-98,-23],[-72,-5],[-81,-35],[-85,-1],[-47,-27],[-160,50]],[[18635,17371],[-36,315],[-33,70],[-57,-9],[-62,36],[-103,96],[20,43],[-27,85],[42,65],[-18,84],[-73,41],[-51,-7],[-15,-63],[-111,80],[26,43],[54,154],[11,154],[-69,220],[21,71]],[[23665,22247],[16,15],[-18,91],[-21,15],[-17,80],[-38,25],[42,145],[-70,12],[-40,-20],[-167,68],[-51,49],[-171,-37],[-54,24],[-20,-64],[-83,-31],[-43,-57],[-49,44],[-48,-20]],[[22833,22586],[-33,18],[-129,111],[-8,76],[30,181]],[[22693,22972],[50,69],[-4,43],[27,71],[73,76],[10,44],[-18,111],[47,27],[55,65],[44,17],[51,62],[82,22],[146,81],[34,2],[60,-74],[44,-8],[18,84],[48,36],[108,14],[4,51],[48,52],[-18,28]],[[23602,23845],[57,60],[34,-33],[76,15],[26,-59],[62,-47]],[[36265,30205],[-9,-20],[-115,-96],[-26,9],[-132,-55],[-87,-94],[-48,-14],[-46,-88],[-51,-34],[-89,-92],[-14,-37],[-153,-199],[-71,-59],[-80,-42],[-57,-2],[-105,-82],[-16,-41],[-78,-119],[-50,-22],[-17,-82],[-32,-15],[36,-103],[17,-247],[-50,-34]],[[34992,28637],[-70,55],[-33,-3],[-64,54],[-46,-22],[-19,-44],[-50,38],[-20,-51],[-42,-31],[-5,-78],[-110,-102],[12,-50],[-55,-3],[-55,-66],[1,-28],[-83,-28],[-25,-34],[11,-44],[-74,-91],[-93,2],[-37,-68],[-100,-88],[30,-57],[-78,-7],[-33,-25],[-46,66],[-90,22],[-70,-5],[-87,56],[-145,-77],[-22,-23],[-109,-1],[-20,-87],[-99,-71],[-133,3],[-141,-35],[-46,-102],[8,-33],[-77,-87],[-116,30],[-75,58],[-115,0],[-27,28]],[[32544,27608],[2,62],[32,71],[44,52],[-10,77],[-60,47],[26,52],[36,18],[12,47],[-32,28],[-20,86],[-47,35],[23,29],[71,33],[30,44],[-37,52],[65,60],[20,44],[54,21],[19,55],[-11,42],[6,91],[-26,13],[-93,179],[-38,123],[71,121],[132,27],[5,62],[84,120],[-2,87],[45,67],[19,59],[100,66],[6,28],[73,34],[21,49],[-32,129],[-1,71],[-166,97],[-6,19],[-134,4],[-36,-37],[-39,62],[-3,47],[-85,74],[-100,128],[-53,-3],[-85,74],[-43,-2],[-27,97],[-71,114]],[[32283,30563],[33,27],[49,-14],[78,34],[16,74],[-21,44],[42,36],[21,81],[51,-12],[110,20],[61,39],[-11,32],[89,25],[6,68],[92,15],[40,-22],[39,42],[85,-8],[46,-61],[113,71],[9,102],[24,47],[85,-15],[70,32],[64,-5],[83,20],[0,58],[31,87],[70,28],[34,62],[135,102],[-23,95],[32,83]],[[33836,31750],[284,-160],[120,-58],[147,-82],[73,-17],[68,-111],[28,-148],[38,-79],[60,16],[44,-60],[-21,-27],[72,-63],[249,-163],[465,-235],[432,-199],[370,-159]],[[25548,30420],[1063,4],[2,-122],[50,-24],[6,-35],[264,-3],[9,-88],[81,-64],[27,-73],[-13,-30],[42,-56],[1,-37],[60,-14],[50,-72],[53,-22],[25,-37],[8,-84],[31,-56],[10,-69],[63,-48],[21,50],[79,46],[92,-31],[42,4],[64,-34],[33,-83],[61,-7],[147,-51],[191,24],[69,-36]],[[28179,29372],[43,-37],[97,-36],[79,35],[142,36],[-11,40],[41,63],[126,9],[74,47],[36,-19],[29,-143],[48,-21],[18,86],[86,36],[37,-12],[14,77],[82,5],[83,39],[43,-1],[62,-57],[12,-68],[52,12],[113,-25],[77,-86],[62,-107],[62,-28],[-39,-58],[17,-38],[103,-70],[80,31],[39,60],[47,36],[144,30]],[[30077,29208],[0,-68],[42,-48],[-29,-104],[35,-25],[-18,-58],[82,-53],[11,-56],[68,-102],[-36,-34],[5,-145],[27,-28],[89,-28],[-20,-76],[-64,-79],[31,-67],[86,-43],[41,-109],[-48,-18],[-60,-73],[9,-33],[78,-47],[-22,-135],[134,11],[33,-75],[41,-38],[-34,-66],[71,-144],[-24,-83],[-93,-54],[17,-58],[-7,-61],[-29,-10],[-14,-73],[-27,-43]],[[30452,27085],[-111,-26],[-56,-84],[-102,21],[-71,-40],[-15,-59],[-61,-21],[-26,-32],[-1,-84],[-73,-30],[-49,-42],[-74,18],[-79,-5],[-21,63],[-107,28],[-78,52]],[[29528,26844],[-55,53],[-8,38],[-92,34],[-11,51],[-69,26],[-19,60],[-59,-1],[7,59],[-38,158],[-64,28],[-44,127],[1,32],[-122,68],[-165,132],[-4,54],[-54,18],[-190,-40],[-6,-20],[-125,-40],[-59,68],[-78,13],[-65,66],[-83,51],[-93,-46],[-81,-5],[-32,-26],[13,-64],[-56,-32],[-54,3],[-108,-55],[-60,9],[-72,-12],[-36,-70],[-80,-77]],[[27467,27504],[-121,0],[-53,-73],[-142,-53],[-50,-56]],[[27101,27322],[-74,62],[-13,57],[-69,63],[45,99],[14,103],[-27,72],[29,81],[-16,91],[33,49],[8,83],[-13,85],[15,39],[-37,41],[-33,92],[-91,88],[16,40],[-72,96],[30,15],[9,62],[-50,70],[-82,45]],[[26723,28755],[-58,49],[-83,-28],[-59,16],[-136,75],[36,138],[-10,107],[-86,-7],[-33,-52],[-37,43],[-46,-25],[-157,-31],[-100,6],[-36,-16],[-67,81],[-33,132],[-71,45],[-79,14],[-27,36],[-1,115],[-95,63],[6,-97],[-81,-8],[10,-46],[-49,-16],[-39,-82],[-61,-38],[-18,-99],[13,-55],[-61,-116],[3,-84],[-35,-76],[52,-108],[14,-98],[-21,-31],[14,-58],[-43,-39],[-57,-8],[-10,-101],[24,-76],[33,-37],[11,-82],[41,-34],[7,-100],[-59,-33]],[[25239,27994],[-135,-42],[-53,-46],[-30,-52],[-81,-33],[-31,-34]],[[24909,27787],[-225,154],[-31,-28],[-165,109],[-46,56],[-43,9],[-23,131],[53,98],[-7,80],[22,25],[-32,76],[23,68],[125,145],[64,10],[-38,53],[46,84],[-57,84],[-79,79],[-25,141],[-51,55],[86,95],[-28,23],[17,78],[-19,91],[-72,14],[-45,67],[95,48],[14,35],[121,71],[29,64],[-6,47],[31,46],[-9,44],[21,135],[57,10],[-18,89],[20,25],[-111,45],[-53,-18],[-79,-68],[-69,29],[-33,37],[10,71],[72,117],[80,74],[25,65],[106,-81],[56,2],[-14,60],[11,119],[156,21],[71,-19],[78,-98],[66,0],[89,-58],[52,33],[60,-23],[6,-54],[98,-50],[-14,-52],[36,-44],[145,48],[-10,66]],[[25548,30420],[3,35],[-50,28],[-59,72],[-18,48],[-36,9],[-41,70],[9,62],[-88,42],[24,28],[-13,47],[75,10],[165,126],[10,86],[-18,30],[13,64],[57,14],[74,76],[-3,115],[-22,150],[4,74],[-18,35],[-14,102],[-25,38]],[[25577,31781],[8,53],[-23,97],[-35,9],[8,83],[-44,98],[22,33],[94,39],[136,106],[35,47],[64,-43],[96,36],[40,-34],[53,2],[9,42],[86,97],[89,9],[22,71],[69,57],[86,25],[63,-16],[-7,-47],[23,-59],[133,-18],[79,38],[118,-26],[59,50],[77,-18],[40,-51],[60,-111],[58,-63],[77,-5],[32,-42],[79,-9],[65,-26],[191,18],[38,29],[52,-7],[113,13],[112,-16],[60,-28]],[[27914,32214],[-19,-121]],[[27895,32093],[-29,-12],[-126,-128],[-12,-55],[-48,-53],[4,-38],[54,-71],[-27,-27],[9,-62],[33,-73],[36,-168],[95,-84],[-37,-43],[7,-55],[-26,-36],[-19,-146],[-40,-63],[-158,-43],[-184,-332],[73,-24],[102,21],[63,-22],[125,7],[87,-29],[65,-2],[31,-47],[-37,-63],[23,-89],[62,-25],[36,-56],[-29,-124],[77,-14],[8,-91],[50,-89],[113,-138],[-29,-37],[3,-53],[52,-18],[76,-56],[-7,-30],[-99,-55],[-14,-54],[16,-75],[-55,-1],[-40,-68]],[[51435,18961],[-40,56],[-9,54],[-32,35],[-5,85],[-21,76],[-77,33],[-47,0],[-51,34],[-88,28],[-72,65],[-14,54],[-46,41],[-183,-61],[-102,-86],[-16,-40],[-61,-35],[-66,133],[-191,406]],[[50314,19839],[73,-32],[49,-40],[80,61],[-17,65],[32,25],[-35,46],[77,86],[119,-10],[101,73],[14,72],[51,22],[-25,76],[2,108],[-37,73],[11,132],[292,0],[78,-8],[92,-29],[305,-165],[243,-212],[77,-5],[94,46]],[[51990,20223],[48,-37],[125,-11],[109,-36],[85,-11],[121,-54],[164,-52],[55,-41],[67,22],[61,-73],[40,2],[49,88],[50,37],[7,70],[34,27],[41,86],[47,7],[47,59],[-22,47],[87,56],[43,-14],[137,77],[-20,65],[124,14],[18,36],[59,29],[69,131],[141,108],[99,19],[52,50],[58,13],[47,69],[87,50],[-3,42],[72,73],[32,62],[101,13],[80,-60],[45,17],[179,-51],[202,-6],[65,31],[26,36],[84,20],[36,-20],[46,77],[41,20],[43,-69],[163,-31],[48,-31],[194,18],[65,-23],[-81,-94],[5,-71],[35,-24],[-89,-58],[-35,12],[-69,-31],[-33,-58],[-256,-166],[-103,6],[-53,-13],[-18,-75],[-81,44],[-79,17],[-90,-30],[-39,-61],[-105,-4],[-70,-43],[-35,-41],[23,-38],[-24,-46],[-63,67],[-83,32],[-180,0],[-177,-63],[-70,-48],[-22,-60],[34,-46],[-47,-31],[-79,-139],[-97,-53],[-39,69],[-62,-11],[-64,-36],[17,-30],[-40,-105],[-45,-70],[-41,-274],[-41,-58],[16,-69],[54,-41],[-98,-66],[-105,-11],[-45,-82],[8,-41],[50,-15],[3,-75],[-51,-51],[-81,0],[-50,44],[-53,-73],[7,-56],[56,3],[57,-70],[18,-44],[-114,-57],[-124,-31],[10,39],[-28,42],[85,26],[-33,100],[-68,62],[-134,42],[-222,5],[-107,-19],[-142,6],[-187,-33],[-117,-7],[-53,-16],[-4,0],[-70,1],[-88,-22],[-34,-23],[-52,12],[-85,-11],[-36,-52],[-90,0]],[[58435,22842],[75,-70],[95,-46],[150,-26],[184,21],[29,-26],[-55,-41],[-142,-178],[-21,-93],[55,-61],[83,-8],[-34,-38],[-24,-84],[-65,-41],[-119,-31],[-24,-23],[-139,-25],[-67,-43],[-128,-61],[-70,46],[9,64],[-81,70],[-9,95],[-31,66],[-47,44],[-72,17],[-34,84],[-61,92],[-45,38],[-103,36],[193,96],[96,6],[124,64],[88,2],[132,86],[58,-32]],[[56256,21970],[46,-78],[-9,-29],[50,-34],[163,-21],[95,23],[61,88],[67,-3],[61,-28],[-13,-30],[-84,-16],[-40,-87],[18,-44],[66,-27],[16,-51],[71,-46],[-38,-22],[-143,-4],[-114,40],[-163,-35],[-34,45],[30,93],[-35,108],[-71,16],[-47,41],[-105,-13],[-63,30],[7,28],[131,-8],[68,25],[9,39]],[[60028,23852],[-5,-18],[92,-22],[79,-3],[38,-20],[-9,-72],[-1,-2],[0,-15],[6,-12],[14,-20],[36,-28],[0,-3],[4,-48],[-138,18],[-73,-8],[-56,41],[-56,8],[-93,-26],[-116,41],[-167,-1],[35,33],[123,13],[142,110],[-16,101],[73,7],[36,-58],[52,-16]],[[58066,21823],[16,-68],[50,-44],[3,-59],[-61,9],[-52,-18],[-31,-49],[17,-34],[-57,-33],[10,-45],[-92,33],[-114,-16],[-72,-46],[-68,-100],[-36,-12],[-57,52],[-95,49],[30,39],[103,47],[-3,49],[111,53],[31,-69],[59,9],[-16,92],[70,-3],[0,-62],[33,-34],[43,38],[45,-28],[30,37],[8,71],[-45,27],[44,56],[33,-1],[63,60]],[[57362,21097],[-51,-141],[-50,-46],[-59,36],[-30,45],[-72,8],[33,44],[127,-23],[102,77]],[[53764,19464],[48,-75],[51,-34],[-110,-68],[-75,28],[20,49],[-21,29],[87,71]],[[58654,21562],[-30,-107],[-65,31],[95,76]],[[53849,19557],[47,-56],[-63,-5],[16,61]],[[16005,14907],[109,28],[93,6],[74,42],[-7,58],[-51,24],[-46,81],[29,47],[82,29],[31,68]],[[16319,15290],[63,-57],[108,-10],[36,-44],[62,-19],[38,11],[55,-59],[153,109],[134,-12],[54,-24],[67,21],[92,-15],[134,-60],[20,12],[73,-46],[55,-5],[65,-67],[27,70],[-14,73],[120,69],[126,12],[216,-23],[68,-24],[43,19],[-7,72],[56,11],[59,-33],[85,-5],[87,49],[77,8],[78,50],[118,7],[60,-10],[27,26],[89,1],[60,-29],[60,15],[61,-37],[74,24],[72,47],[109,-1],[-22,86],[136,158],[89,12],[29,38],[378,673]],[[19889,16383],[65,-92],[7,-50],[-67,-61],[23,-51],[-34,-64],[18,-68],[96,-41],[48,42],[31,97],[74,131],[59,-27],[33,-92],[69,-40],[57,43],[-17,70],[38,88],[68,8],[35,38],[56,0],[23,32],[84,9],[53,118],[54,37],[29,66],[-7,90]],[[20784,16666],[58,-23],[120,-112],[42,-82],[86,-35],[110,23],[28,-20],[126,5],[55,-24],[108,19],[97,39],[59,-22],[92,-92]],[[21765,16342],[-22,-46],[-195,-90],[-66,-13],[-168,-101],[-16,-39],[-79,-17],[-96,-148],[-37,-25],[25,-93],[-18,-90],[29,-20],[-87,-77],[39,-82],[-120,-63],[-96,-28],[22,-58],[79,-40],[-3,-102],[-48,-61],[-46,17],[-32,-63],[-58,-49],[21,-68],[-122,-44]],[[17389,13836],[-81,31],[-38,-20],[-52,24],[-150,-25],[-98,18],[-95,94],[-105,56],[-37,49],[-51,2],[-164,107],[-66,-32],[-38,-61],[-24,-70],[-90,18],[-127,-13],[-17,28],[-59,-8],[-22,-49],[-88,-91],[-47,-14]],[[15940,13880],[-23,95],[10,82],[-12,85],[-55,67],[-9,64],[-54,86],[-22,126],[9,76],[71,100],[85,83],[22,98],[43,65]],[[22693,22972],[-33,20],[-92,-27],[-4,61],[-136,-31],[-115,-105],[-70,-1],[-134,-46],[-66,-141],[-110,73]],[[21933,22775],[21,110],[-25,58],[-86,106],[-7,43],[45,117],[-6,80],[-31,50],[10,52],[40,55],[-28,32]],[[21866,23478],[-12,105],[18,65],[87,84],[105,-31],[68,6],[33,49],[-11,56],[-49,22],[-23,38],[45,54],[79,34],[-49,36],[-6,57]],[[22151,24053],[74,-1],[66,71],[134,37],[128,-34]],[[22553,24126],[108,-24],[-2,-52],[42,-33],[217,-106],[36,-76],[129,-65],[186,6],[73,-49],[99,5],[90,53],[71,60]],[[22833,22586],[15,-48],[-58,-86],[-21,-65],[-43,-2],[-23,-59],[-80,-34],[-7,-91]],[[22616,22201],[-4,-16],[-167,21],[-32,-30],[3,-59],[258,-48],[-6,-27],[-100,-92],[-79,-24],[-18,-48],[-60,-42]],[[22411,21836],[-632,118]],[[21779,21954],[-11,4],[-11,169],[19,59],[34,35],[122,59],[67,82],[16,132],[-58,-8],[-58,-42],[-41,-2],[-58,70],[30,35],[64,3],[146,-15],[20,57],[-66,28],[-63,106],[2,49]],[[23503,21702],[-106,12],[-76,32],[-109,94],[-39,62],[-38,22],[-88,136],[-12,101],[-33,17],[-49,-39],[-53,50],[-90,-6],[-83,23],[-111,-5]],[[22553,24126],[82,62],[110,45],[44,31],[47,62],[-43,88],[-51,-18],[-82,166],[54,21],[-34,71],[51,19],[-135,284]],[[22596,24957],[294,12],[84,495],[-9,3]],[[22965,25467],[30,63],[12,93],[-13,70],[127,4],[61,26],[35,100],[177,95],[47,-13],[17,44],[50,14],[69,140],[34,97],[-61,41],[-44,111],[-87,114],[3,32],[-79,50],[-7,30],[-69,40],[-20,74],[-127,62],[-39,131],[-6,113],[34,122],[-3,82],[46,60],[-34,57],[1,110],[35,29],[18,54],[-10,45]],[[23162,27557],[67,12],[28,70],[-7,31],[41,44],[101,-18],[-50,72],[42,67],[-27,26],[51,36],[-29,66],[15,78],[54,36]],[[23448,28077],[168,-15],[80,-23],[27,-55],[-11,-60],[-31,-43],[-39,-2],[20,-152],[52,-80],[-12,-67],[55,-33],[28,-73],[-7,-45],[70,-92],[-6,-60],[-57,-65],[84,-97],[-10,-77],[52,-23],[23,-131],[58,-52],[49,-78],[40,-25],[27,-69],[55,-72]],[[25865,21327],[22,-30],[-39,-72],[29,-80],[45,-39],[179,-75],[28,35],[122,-68],[-10,-15],[293,-167],[127,175],[116,-66],[47,14],[222,-2],[124,11],[135,27],[71,-23],[39,-33],[62,36],[8,30],[218,47],[-21,48],[14,59]],[[27696,21139],[45,1],[106,41],[87,51],[106,-26],[25,-56],[39,-20],[77,25],[55,57],[69,43],[67,0],[87,35],[48,-8],[108,54]],[[28615,21336],[14,-52],[1,-118],[-77,-118],[-50,-39],[-34,-62],[12,-76],[-59,-39],[-109,-33],[-28,-78],[44,-33],[13,-64],[75,-104],[83,-24],[30,-113],[120,-121],[48,-26],[-73,-79],[63,-42],[9,-116],[-81,-114],[-47,-38],[74,-70],[12,-40],[-29,-48],[-57,-23],[-22,-56],[-101,-24],[-11,-37],[-78,-112],[-88,1],[-62,-53],[-104,-9],[-49,-40],[-30,-66],[-80,-72],[-60,15],[-49,-14],[-33,-45],[-67,-29],[-76,-1],[-202,33],[-55,41],[-100,-58],[-7,-24],[-101,-62],[-16,-47],[-101,5],[-97,-50],[-33,35],[-85,-9],[-102,7],[-99,97],[16,62],[-30,77],[-54,7],[11,42],[-60,17],[-19,-43],[-72,78],[-182,-1],[-12,-43],[18,-48],[-35,-110],[-46,-71],[-114,-18],[-13,-47],[35,-108],[-70,12],[-81,-13],[-10,-68],[-47,-30],[-30,28],[-83,26],[-74,-18],[-50,63],[-7,86],[11,123],[16,37],[-30,69],[11,25],[-32,83],[-135,164],[-55,24],[-23,39],[21,77],[-67,17],[-83,-25]],[[14214,11290],[-82,74],[7,122],[47,37],[2,68],[-127,61],[-7,97],[10,131],[-37,58],[16,59]],[[14043,11997],[56,-16],[72,39],[63,-2],[19,53],[109,4],[67,22],[66,-34],[101,70],[47,-2],[51,76],[58,38],[89,13],[47,-7],[2,70],[-26,13],[-9,74],[82,52],[31,51],[61,-2]],[[15029,12509],[122,-3],[100,-59],[106,-113],[-4,-150],[32,-15],[59,26],[109,-12],[26,22],[73,-34],[53,2],[58,-78],[0,-27],[-69,-24],[-10,-131],[55,-115],[-2,-35],[45,-100],[54,-29],[26,-142],[58,-42]],[[15920,11450],[-120,-71],[-83,-65],[-47,25],[-38,-17],[-140,-113],[-192,-166],[-127,-119],[-40,-22],[-180,-189],[-79,-105],[-124,-145],[13,-60]],[[16319,15290],[-1,66],[34,19],[30,109],[80,34],[36,55],[-12,103],[15,65],[101,37],[89,49],[65,10],[55,101],[89,36],[48,-4],[50,-41],[16,-69],[34,-33],[122,-25],[197,64],[21,52],[67,42],[19,62],[70,4],[140,-14],[189,-21],[40,32]],[[17913,16023],[65,68],[54,-13],[104,17],[85,31],[126,-43],[90,42],[3,26],[120,106],[67,43],[109,5],[66,-21],[56,12],[59,57],[83,25],[38,35],[60,3],[34,91],[65,51],[93,54],[133,310],[-12,72]],[[19411,16994],[78,25],[143,-37],[30,-32],[-38,-59],[77,-26],[31,-35],[20,-85],[-14,-39],[29,-71],[69,-15],[63,-76],[-26,-94],[16,-67]],[[15096,15310],[99,-69],[122,-70],[62,-57],[60,-3],[22,-85],[39,-68],[132,-36],[43,-52],[77,9],[33,37],[46,-14],[70,25],[104,-20]],[[15940,13880],[-65,-27],[-5,-52],[-176,-133],[-17,-70],[-37,-26],[-8,-140],[-94,-49],[-18,-47],[60,-50],[-22,-66],[-47,-17],[-43,-43],[-91,-53],[-104,9],[-19,-81],[-156,-104],[-64,-110],[-6,-54]],[[15028,12767],[-95,36],[-21,81],[-70,23],[-156,21],[-143,-27],[7,41],[-27,50],[-16,110],[-548,349]],[[13959,13451],[12,64],[37,24],[3,59],[31,109],[-25,18]],[[14017,13725],[98,59],[32,46],[58,27],[23,43],[-12,53],[79,129],[93,52],[-3,65]],[[14385,14199],[204,10],[50,-17],[24,180],[133,37],[118,53],[59,67],[25,89],[-12,147],[25,20],[54,127],[-31,131],[-70,88],[-115,60],[17,56],[-10,64],[50,44],[79,-36],[75,15],[36,-24]],[[13509,10690],[-26,224],[-32,146],[-49,124],[-130,237],[-92,123],[-65,41],[-188,49],[-108,84],[-74,85],[-106,56],[6,29],[-79,55],[-130,11],[-31,124],[1,52],[-57,27]],[[12349,12157],[63,69],[70,46],[81,21],[73,37],[33,40],[60,27],[70,-10]],[[12799,12387],[446,-114],[29,19],[184,36],[95,68],[34,-21],[74,37],[85,-34],[32,15],[70,-21],[85,-46],[-5,-54],[52,-28],[11,-53],[45,-44],[-19,-94],[26,-56]],[[19178,17412],[-1,-35],[60,-9],[45,-41],[-9,-78]],[[19273,17249],[3,-38],[60,-99],[67,-40],[8,-78]],[[17913,16023],[-67,44],[28,125],[39,68],[56,20],[50,80],[64,45],[116,133],[34,76],[32,31],[-1,79],[42,121],[-2,36],[85,135],[34,72],[-27,51],[42,89],[2,45],[47,24],[-9,100],[98,-5],[59,-21]],[[17776,19128],[-90,-72],[-61,-95],[-68,-18],[-66,11],[-85,38],[-36,-6],[-61,-92],[21,-34],[-40,-44],[-117,-75],[-21,-38],[-82,1],[-94,-25],[-78,-53],[-33,-1],[-141,-79],[-303,264]],[[16801,19082],[21,9],[-37,141],[35,85],[91,24],[2,110],[91,2],[127,112],[163,184],[82,109],[78,84],[59,98],[111,111],[79,91],[84,142],[65,65],[79,124],[-18,143],[7,59],[33,47],[22,93],[-27,32],[-5,65],[26,125],[33,72],[-17,128],[-8,161],[-11,48],[-41,61],[-82,154],[-56,124],[-69,87],[-21,83],[-35,22],[1,46],[-152,152],[-26,43],[-6,75],[-19,45],[-52,42],[-26,77],[-1,105],[23,26],[-16,58],[66,105],[29,78],[37,31],[30,70],[51,193],[6,92],[-25,138],[-92,94],[-56,40],[-13,79],[-41,97],[-60,72],[-19,134],[-4,140],[-81,172],[-10,95],[-68,151],[-15,112],[7,74],[68,93],[-2,31]],[[17196,24837],[79,-36],[208,-65],[68,20],[121,84],[101,2],[51,-100],[25,-18],[-19,-78],[49,-81],[80,-15],[43,9],[64,-36],[-3,-35],[123,-31],[134,-1],[97,-134],[91,-36]],[[18508,24286],[67,-18],[79,-61],[22,-86],[60,-24],[80,-195],[41,-14],[122,-99],[75,-37],[46,-45],[28,-91],[47,-3],[95,-68],[46,-61],[-6,-36],[34,-91],[83,-88],[-24,-32]],[[19403,23237],[-52,-43],[33,-32],[-75,-110],[-108,-26],[-58,12],[-77,-23],[-81,73],[-35,-10],[-65,34],[-208,2],[-45,15],[-37,-45],[29,-78],[131,-155],[31,-87],[-14,-72],[12,-51],[-15,-58],[83,-60],[6,-71],[55,-4],[41,-38],[77,-20],[10,-62],[48,-59],[-32,-58],[20,-134],[-23,-93],[73,-58],[-1,-55],[-51,-177],[27,-35],[-7,-138],[-62,-63],[-58,-105],[-14,-81],[-25,-46],[-19,-88],[16,-62],[-35,-49],[11,-76],[-16,-76],[14,-42],[-8,-111],[-40,-162],[-49,-93],[-10,-65],[-37,-40],[-53,-16],[-22,-44],[-70,-7],[-19,-63],[-132,-262],[-24,-9],[-53,-109],[-27,42],[-42,-39],[-16,-51],[-40,-23],[-96,-89],[-113,14],[-33,60],[-127,-116],[-53,-38],[60,-23],[-12,-93],[33,-261],[-47,29],[-46,-43],[-37,-4],[-18,-89]],[[11804,4739],[-67,71],[-85,41],[-82,20],[-148,11],[-86,-12],[-171,-68],[-53,-35],[-55,-63],[-40,-104],[23,-80],[-61,-103],[-13,-95],[-66,-62],[5,-66],[-26,-63],[-1,-78],[-119,-48],[-58,-9],[-29,-61],[-136,-34],[-54,-55]],[[10482,3846],[-84,129],[39,101],[-53,35],[-40,-6],[-97,51],[-61,74],[-102,81],[-21,41],[-102,19],[-4,31],[-56,31],[-156,59],[-48,46],[-118,-14],[-55,29],[-33,53],[-44,5],[0,79],[-40,43]],[[9407,4733],[35,74],[-16,56],[-44,47],[6,70],[35,7],[73,64],[168,65],[4,67],[-88,67],[-23,43],[108,21],[32,155],[36,42],[-17,57],[35,16],[8,88],[18,29],[-61,34],[-19,45],[-45,24],[-8,43],[-43,21],[-23,46],[22,89],[-84,78],[119,79],[29,73],[88,21],[-25,58],[13,59],[-13,68],[-29,44],[13,36],[-13,71],[56,76]],[[9754,6666],[113,-59],[74,-15],[58,22],[91,-35],[40,25],[22,83],[44,46],[32,-43],[149,-52],[24,-67],[-13,-79],[129,26],[66,-48],[24,-66],[50,-8],[37,-71],[35,8]],[[10729,6333],[45,-26],[55,40],[45,-27],[2,-63],[75,3],[55,-109],[-16,-29],[-4,-132],[39,-35],[124,-23],[130,-90],[56,-18],[50,13],[51,-22],[24,-97],[-34,-52],[121,-99],[-94,-27],[-32,15],[47,-163],[88,20],[22,-63],[45,11],[-58,-123],[38,-93],[59,16],[12,54],[66,16],[-19,-99]],[[19403,23237],[40,11],[55,-49],[35,13],[70,-37],[-29,-40],[36,-91],[30,-20],[38,-81],[-1,-59],[-28,-83],[40,-22],[77,-97],[23,-51],[63,-32],[44,-94],[72,17],[77,-89],[-9,-47],[37,-38],[93,21],[116,-49],[166,-94],[96,-160]],[[20544,22066],[-47,-123]],[[20497,21943],[-80,-60],[-89,32],[-95,-111],[-91,-46],[-41,-62],[-80,-4],[-44,-30],[-17,-68],[-63,-44],[-3,-80],[-60,-3],[-31,-79],[-71,-41],[-114,-117],[-90,-57],[-77,-4],[-39,-47],[13,-165],[-14,-45],[-47,-28],[-67,-71],[11,-39],[44,-11],[28,-42],[41,-7],[23,-63],[41,-45],[11,-81],[-39,-52],[45,-110],[19,2],[22,-191],[134,-2],[-58,-63]],[[19619,20109],[-136,-69],[24,-44],[-18,-65],[-110,-7],[-75,-132],[-58,-36],[-12,-44],[-74,-74],[83,-684]],[[18154,18849],[-27,38],[-64,-47],[-38,12],[-5,64],[-72,-9],[-53,38],[-132,-21],[-49,38],[10,35],[82,96],[-30,35]],[[19619,20109],[295,26]],[[7124,2332],[14,-59],[83,-106],[-18,-89],[19,-23],[-34,-53],[54,-23],[31,-43],[-46,-79],[-9,-49],[-58,-21],[12,-123],[-19,-46],[49,-52],[37,-102],[50,-60],[0,-76],[-29,-75],[80,-38],[86,-101],[-12,-87],[-52,-71],[50,-63],[10,-66],[65,-27],[-20,-54],[10,-74],[23,-44],[-57,-50],[27,-47]],[[7470,531],[-43,-66],[-82,21],[-80,38],[-22,32],[-163,156],[-139,67],[-69,-12],[-62,36],[-66,-5],[-57,-35],[-178,-24],[-24,-41],[-65,30],[-66,9],[-19,44],[-110,99],[-42,19],[-64,64],[-60,12],[-51,92],[-60,68],[18,55],[-38,130],[-67,70],[-20,57],[16,69],[-31,31],[-3,64],[-30,12],[-19,102],[-46,56],[0,69],[-35,91],[-54,35],[-60,183],[18,35],[-39,377],[19,40],[-8,54],[40,69],[47,147]],[[5656,2881],[45,20],[117,-33],[117,31],[16,-42],[61,-4],[43,-97],[52,-37],[26,-51],[87,-36],[26,-47],[5,-96],[57,-30],[44,16],[144,-10],[69,22],[46,-53],[50,-21],[21,-53],[42,-44],[107,76],[71,-14],[100,25],[122,-71]],[[53,1786],[105,-20],[146,9],[50,-16],[65,-108],[-4,-47],[-93,-65],[-109,-8],[-82,-29],[-23,-28],[-58,-1],[-20,70],[5,55],[-35,78],[14,76],[39,34]],[[4026,125],[80,-30],[22,-37],[-69,-58],[-74,49],[41,76]],[[7124,2332],[26,12],[73,99],[67,20],[36,77],[53,26],[15,88],[-14,117],[56,75],[113,-27]],[[7549,2819],[28,-53],[-53,-64],[8,-104],[90,-105],[78,-3],[56,-48],[35,-68],[76,-46],[120,-34],[47,5],[39,40],[102,43],[42,102],[38,23],[94,-41],[-17,-46],[22,-77],[66,-136],[83,-144],[-2,-95],[-73,-130],[83,-30],[188,31],[68,-29],[55,16],[2,96],[19,26],[73,26],[102,17],[90,-130],[13,-44],[100,-33],[-2,-85]],[[9219,1699],[-37,24],[-166,-43],[-90,16],[-59,-23],[-34,13],[-92,-36],[-25,-57],[-42,-17],[-73,21],[-111,-74],[-196,-88],[-110,-9],[-143,-50],[-113,-58],[-7,-118],[-20,-38],[-74,-28],[5,-39],[-30,-63],[-43,-30],[-13,-89],[-40,-35],[-99,-132],[-5,-55],[1,-2],[-1,1],[-31,-35],[-5,-68],[-96,-56]],[[7549,2819],[32,49],[68,51],[86,-5],[113,84],[75,115],[64,10],[50,36],[93,31],[4,30]],[[8134,3220],[153,4],[67,-21],[87,-83],[128,-8],[80,72],[138,51],[94,0],[157,50],[34,-12],[109,-88],[78,-34],[95,-25],[88,54]],[[9442,3180],[-12,-88],[-36,-456],[1,-332],[16,-120],[48,-48],[4,-111],[-33,-67],[-58,-67],[-52,-33],[-37,-76],[-56,-38],[-8,-45]],[[10482,3846],[-56,-20],[-143,-137],[-47,-75],[-69,11],[-129,-24],[-56,13],[-31,-21],[-84,-6],[-52,27],[-52,-33],[-85,0],[-59,-30],[-75,-90],[0,0],[-36,-44],[-47,-122],[-19,-115]],[[8134,3220],[-2,84],[65,32],[58,70],[4,52],[53,34],[-36,45],[51,195],[-1,49],[38,14],[116,-25],[18,47],[89,27],[41,-4],[32,112],[55,54],[5,57],[-78,78],[73,57],[20,109],[-25,86],[29,47],[4,60],[42,14]],[[8785,4514],[118,76],[54,117],[85,26],[86,-24],[34,42],[59,34],[110,3],[76,-55]],[[10729,6333],[-52,41],[-23,107],[36,12],[72,96],[-18,53],[30,51],[56,15],[168,86],[33,-52],[65,2],[-14,-42],[58,-28],[8,49],[42,17],[64,-5],[100,35],[102,-34],[145,18],[81,58],[34,2],[-190,577]],[[11526,7391],[140,-87],[44,-10],[49,-44],[39,9],[44,-50],[95,-55],[33,22],[37,-183],[60,41],[27,-17],[-75,-63],[45,-21],[13,-41],[-71,-74],[54,-29],[103,-4],[33,-27],[99,0],[81,-107],[47,-24],[27,-57],[-6,-73],[28,-46],[-15,-49],[11,-70],[-33,-102],[12,-162],[22,-48]],[[11526,7391],[95,79],[297,27],[109,42],[88,109],[63,59],[81,41],[39,1]],[[12298,7749],[22,-67],[50,-72],[64,-29],[41,-43],[64,-18],[60,17],[16,-91],[-8,-109],[73,-72],[24,-91],[59,-84],[186,-123],[86,-91],[99,-44]],[[9754,6666],[-44,42],[-7,46],[-37,15],[-59,89],[-84,32],[-6,25],[-120,61]],[[9397,6976],[35,49],[-19,59],[28,138],[-24,163],[-70,111],[16,104],[31,22],[-74,109],[8,68],[-53,69],[-10,52],[-47,38],[-42,5],[-84,53],[37,111],[87,105],[39,68],[121,128],[61,2],[43,59],[105,12],[50,75]],[[9635,8576],[51,-111],[110,-86],[68,-21],[122,-87],[78,-118],[64,-71],[128,-77],[51,-6],[115,-82],[71,-8],[192,-47],[87,14],[221,55],[172,74],[191,71],[62,-1],[87,-23],[117,-5],[52,30],[87,89],[91,-7],[90,-90],[154,-83],[130,-32],[27,-31],[45,-174]],[[9397,6976],[-44,22],[-113,6],[-87,-9],[-108,50],[-44,55],[-36,83],[-62,-10],[-92,14],[-8,-51],[-73,-27],[-67,69],[-102,26],[-88,-35],[-71,83],[-14,34],[-74,9],[-42,-34],[-91,6],[-66,-31]],[[8115,7236],[-59,60],[-135,56],[-81,12],[-17,52],[-64,12],[-34,47],[-123,78],[73,68],[-62,82],[-78,-52],[-118,-7],[-44,-82],[-4,-117],[-155,16],[-175,-58],[-17,52],[-54,35],[-86,-36],[-242,22],[-39,18],[-143,-52],[-78,-64],[-63,-18]],[[6317,7360],[-25,33],[-7,70],[-62,62],[-20,70],[-136,169],[-153,164],[-108,64],[-50,-8],[-56,23],[-61,59],[-155,3],[-80,26],[-40,-20],[-99,7],[-122,39],[-76,-2],[-29,27]],[[5038,8146],[68,45],[5,84],[-19,58],[77,150],[1,83],[-23,17],[25,64],[52,31],[2,34],[68,17],[37,64],[63,70],[55,16],[82,-51],[111,-34],[102,58],[-7,80],[58,82],[55,29],[122,-14],[67,29],[-31,144],[-31,11],[-1,65],[-36,38],[30,89],[-78,56],[-55,112]],[[5837,9573],[66,9],[38,94],[74,-2],[45,17],[29,-41],[57,-26],[64,21],[48,49],[37,74],[48,-3],[10,53],[94,56],[-27,63],[36,74],[65,12],[-37,87],[20,57],[-58,55],[69,29],[35,47],[61,-9],[26,22],[84,9],[59,-12],[56,83],[18,71],[119,-15],[46,38],[64,127],[84,13],[68,28],[34,-10],[44,40],[164,87],[55,2],[38,53],[121,24]],[[7691,10849],[-55,-24],[-3,-78],[53,-18],[24,-37],[202,0],[130,74],[95,-34],[100,-91]],[[8237,10641],[-82,-267],[-64,-300],[-1,-120],[-17,-147],[9,-161],[71,-242],[96,-128],[99,-67],[118,-28],[105,-59],[130,-45],[90,1],[103,-20],[58,16],[88,-24],[97,-69],[32,-63],[66,-89],[68,-24],[54,-55],[80,-26],[77,-113],[121,-35]],[[7691,10849],[-8,53],[61,35],[12,40],[-61,25],[-12,66],[-37,39],[1,45],[47,70],[-40,29],[-85,139],[-29,13],[23,95],[-22,40],[15,59],[-34,106],[126,100],[49,67],[39,83],[32,150],[41,13],[24,61],[72,71],[63,118],[28,84],[-34,45],[-64,-10],[-58,41],[11,103],[-36,33],[-112,-30],[-29,72],[-147,-3],[-89,88],[-70,16],[-32,41],[-10,72],[25,23],[-20,78]],[[7331,13019],[42,48],[69,19],[99,8],[21,-24]],[[7562,13070],[55,-60],[139,-49],[87,68],[165,-4],[26,29],[51,-25],[131,202],[68,-13],[97,47],[58,9],[98,-61],[131,-1],[57,-47],[81,-35],[91,-126],[73,-34],[51,-80],[68,24],[47,-26],[99,-6],[64,65],[69,33],[-5,74],[66,29],[111,-6],[58,-37],[98,23],[157,-141],[65,-35],[99,13],[32,-15],[66,20],[65,-7],[77,16],[46,50],[86,54]],[[10389,13018],[14,-42],[-18,-46],[-46,-19],[-17,-56]],[[10322,12855],[-40,15],[-140,4],[-44,-52],[-152,-5],[-149,55],[-78,-41],[-218,-183],[-231,-225],[-137,-151],[-222,-290],[-132,-199],[-146,-254],[-100,-186],[-168,-366],[-128,-336]],[[7953,6486],[-60,-67],[-13,-60],[-75,-22],[-5,-107],[-55,-33],[-10,-87],[-104,-5],[-68,-131],[-67,6],[-96,-29],[-38,-28],[-159,49],[-94,-5],[-86,-26],[24,-70],[-37,-84],[23,-16],[90,8],[132,-100],[140,-28],[54,-40],[97,-6],[146,-35],[5,-49],[-73,-98],[-8,-35],[-62,-3],[-46,-38],[15,-103]],[[7523,5244],[-32,-114],[92,-61],[49,-61],[-18,-74],[15,-75],[-91,-84],[-139,-22],[-72,24],[-113,3],[-28,-18],[-140,35],[-22,22],[-60,-21],[-98,12],[-98,104]],[[6768,4914],[21,143],[-3,107],[11,63],[-55,118],[96,58],[22,154],[44,73],[-25,121],[43,91],[-11,151],[-61,247]],[[6850,6240],[68,74],[79,32],[42,-20],[130,17],[91,-32],[26,-31],[106,26],[229,89],[89,-4],[76,55],[98,50],[69,-10]],[[5656,2881],[1,45],[44,74],[-16,58],[49,49],[14,94],[2,150],[36,77],[-2,88],[131,157],[55,117],[84,73],[87,156],[46,37],[41,69],[89,186],[19,86],[9,155],[-5,86],[-28,60],[52,37],[68,14],[121,-14],[27,-31],[66,-2],[54,56],[38,69],[30,87]],[[7523,5244],[131,-25],[37,-39],[120,-68],[37,33],[63,-58],[100,-29],[118,-102],[74,2],[30,-52],[48,-41],[22,-58],[40,-6],[70,-46],[88,-96],[69,24],[105,-28],[110,-141]],[[7953,6486],[44,54],[-21,57],[65,43],[-43,140],[-34,187],[82,55],[-11,36],[36,91],[37,32],[7,55]],[[6850,6240],[-50,94],[7,47],[40,43],[5,49],[-48,50],[-47,210],[-22,43],[-48,24],[-88,15],[22,56],[-49,80],[4,37],[-39,89],[-85,69],[-19,66],[-103,89],[-13,59]],[[679,8662],[101,130],[-1,76],[51,46],[37,71],[55,15],[179,-17],[51,15],[33,49],[71,5],[127,40],[60,5],[108,31],[63,4],[122,31],[36,30],[76,29],[84,108],[16,-73],[-6,-136],[-82,-107],[-18,-61],[16,-26],[-47,-71],[-102,-65],[-105,-122],[-38,-97],[-5,-177],[52,-56],[-27,-44],[-14,-71],[15,-51],[-38,-79],[-28,-126],[-51,-111],[-8,-103],[-72,-102],[-4,-52],[-57,-39],[-36,-54],[-70,-35],[-46,9],[-122,-34],[-61,-78],[-135,62],[-71,47],[-45,-2],[-2,52],[28,34],[10,81],[-19,79],[18,61],[-20,78],[-44,68],[5,58],[39,93],[1,74],[-61,113],[-28,95],[-54,43],[-10,41],[52,60],[-41,85],[62,71]],[[5837,9573],[-85,5],[-55,42],[-79,98],[-4,70],[-29,48],[7,44],[-41,89],[-85,79],[-24,52],[-11,87],[-48,61],[19,76],[-17,92],[-38,106],[-48,65],[4,105],[32,37],[28,82],[-62,63],[-87,20],[-50,32],[-119,107],[47,18],[84,-29],[80,61],[95,45],[37,70],[-43,2],[-18,57],[33,10],[69,78],[17,85],[53,18],[8,81],[40,21],[82,143],[-6,72],[-54,99],[-103,69],[-16,107],[51,55],[47,11],[64,57],[7,32],[97,50],[75,26],[35,49],[133,93],[9,112]],[[5968,12525],[63,47],[121,-69],[94,39],[31,-11],[80,32],[97,-19],[100,-38],[11,-32],[83,-54],[68,-6],[51,38],[34,64],[10,59],[70,16],[46,31],[-10,44],[26,105],[77,4],[36,68],[11,67],[-83,80],[-9,55],[27,32],[10,73],[63,16],[44,-12],[73,16],[38,-46],[71,-13],[0,-59],[30,-33]],[[5038,8146],[-67,128],[-12,62],[-65,125],[-74,96],[-11,93],[-61,21],[-47,53],[-20,76],[18,64],[-12,35],[-59,58],[-86,59],[-89,-27],[-46,37],[-93,4],[-99,40],[-100,-14],[-16,65],[-106,-2],[-55,48],[-40,110],[-45,61],[-36,11],[-37,115],[31,51],[54,33],[7,52],[-54,131],[-42,64],[-23,74],[-40,17],[22,101],[-4,63],[33,26],[15,57],[-22,34],[30,66],[4,56],[41,122],[130,36],[47,50],[6,52],[106,87],[14,70],[52,73],[56,54],[61,127],[86,279],[7,64],[-21,55],[28,129],[45,100],[-9,57],[-47,86],[21,145],[-43,39],[15,50],[-26,102],[34,145],[-56,148],[-33,137],[-1,107],[-26,113],[-37,36],[-14,109],[-33,72],[16,50],[-26,108],[10,31]],[[4194,13122],[63,14],[130,-12],[86,-45],[177,29],[73,48],[20,-23],[75,2],[129,25],[59,-44],[183,13],[33,-64],[-97,-121],[41,-74],[173,-15],[36,18],[50,-18],[39,-46],[128,-43],[71,-11],[60,40],[82,-19],[21,-40],[73,-44],[6,-89],[19,-50],[44,-28]],[[4194,13122],[26,59],[57,45],[83,39],[-4,52],[107,97],[13,94],[49,38],[57,124],[38,-4],[58,48],[161,103],[169,44],[62,44],[73,-4],[60,20],[136,-18],[133,32],[88,-31],[58,42],[42,-10],[68,-48],[62,2],[68,25],[108,-14],[92,36],[194,138],[20,24],[-7,65],[39,54],[-1,54],[38,45],[41,-15],[71,65],[5,3],[74,33],[87,2],[65,45],[47,60],[98,2],[121,84],[37,59],[15,71],[-29,44],[56,122],[27,30],[36,92],[31,10],[43,92],[33,21]],[[7199,15137],[54,-54],[77,-36],[37,-40],[51,14],[66,-67],[31,-75],[-14,-97],[55,-27],[66,-95],[-25,-27],[-7,-73],[38,-92]],[[7628,14468],[-73,-63],[1,-46],[-167,-145],[49,-25],[56,-98],[-17,-86],[85,-100],[-49,-68],[13,-91],[-19,-50],[29,-58],[26,-99],[56,-19],[33,-85],[41,-16],[7,-55],[-61,-136],[51,-31],[6,-54],[-32,-31],[-52,-5],[-49,-37]],[[7199,15137],[72,112],[46,99],[47,-40],[22,-51],[83,-88],[74,-30],[72,-8],[48,-30],[12,-52],[81,-59],[-11,-77],[26,-95],[52,-79],[175,-8],[95,13],[102,29],[130,62],[34,86],[14,98],[-28,65],[-27,119],[12,131],[33,59],[76,72],[48,22],[28,51],[61,28],[111,105],[104,166],[-1,41]],[[8790,15878],[79,-122],[-16,-86],[66,-75],[-52,-50],[37,-75],[-2,-62],[54,-88],[-28,-60],[46,-60],[-22,-77],[17,-76],[-22,-29],[31,-83],[-33,-17],[-43,-107],[-2,-62],[-32,-63],[-37,-5]],[[8831,14681],[-98,33],[-97,-24],[-54,20],[-160,-26],[-168,80],[-119,-43],[-22,-60],[62,-6],[34,-27],[-9,-125],[54,-25],[19,-190],[-173,57],[-127,58],[-54,-66],[21,-70],[-65,-23],[-247,224]],[[8831,14681],[-23,-46],[14,-38],[-31,-59],[44,-53],[-3,-42],[49,-44],[73,-98],[128,-127],[29,-65],[40,2],[38,-49],[43,42],[65,0],[119,-25],[83,-88],[75,-3],[110,-39],[31,-26],[80,21],[67,39],[51,-3],[40,42],[116,10],[51,-26],[9,-85],[-47,-57],[69,-49],[-22,-50],[53,-107],[-2,-68],[73,-11],[105,-49],[1,-64],[81,-48],[51,-63]],[[10491,13355],[-116,-149],[-86,-52],[6,-33],[98,-67],[-4,-36]],[[8790,15878],[41,21],[122,187],[-14,37],[42,50]],[[8981,16173],[150,55],[143,-45],[102,7],[71,-22],[130,26],[56,32],[29,-36],[81,-40],[103,-24],[113,113],[77,11],[61,-27],[7,-65],[34,-49],[36,-6],[130,25]],[[10304,16128],[119,-43],[59,-10],[85,51],[80,-25],[42,-37],[9,-49],[75,-29],[173,14],[71,-17]],[[11017,15983],[29,-48],[136,33],[-6,-36],[54,-27],[-6,-31]],[[11224,15874],[-45,-41],[-3,-41],[-96,-47],[-41,-75],[19,-37],[-24,-86],[24,-73],[-14,-26],[18,-82],[36,-32],[25,-98],[-7,-61],[23,-65],[-88,-24],[-77,39],[-105,-93],[30,-67],[-33,-39],[6,-54],[-80,-110],[-89,-180],[15,-40],[-11,-71],[-60,-107],[-61,-49],[1,-41],[-48,-66]],[[10539,14208],[27,-52],[-1,-108],[36,-197],[54,-38],[-14,-45],[26,-107],[-75,-21],[-67,-79],[49,-40],[-83,-82],[0,-84]],[[11224,15874],[79,9],[65,-34],[4,-28],[104,-71],[3,-31],[120,-172],[142,-251],[68,-5],[1,46],[64,37],[-25,37],[37,117],[752,-177]],[[12638,15351],[-54,-55],[-371,-295],[-26,-104],[-79,-5],[-19,29],[-62,-21],[-6,-71],[-56,2],[-15,-207],[-59,1],[2,-140],[66,-69],[266,-14],[-4,-54],[85,-4],[99,-83],[-130,-19],[-32,-101],[-68,-19]],[[12175,14122],[-62,47],[-70,20],[-162,3],[-123,21],[-44,-19],[-69,14],[-123,-74],[-64,-18],[-120,20],[-176,-33],[-69,33],[-123,11],[-88,-44],[-96,4],[-145,85],[-76,-6],[-26,22]],[[12638,15351],[889,-568]],[[13527,14783],[-243,-29],[-150,-27],[-416,-427],[36,-272],[-74,-23],[-79,19],[-161,-38],[-38,-107],[9,-106],[-21,-73]],[[12390,13700],[-4,-80],[-90,4],[-48,-22],[-53,4]],[[12195,13606],[-29,57],[43,41],[-14,112],[61,145],[-15,88],[-66,73]],[[14017,13725],[-97,47],[-25,49],[-81,41],[-137,9],[-72,37],[-95,-24],[-70,16],[-83,0],[-66,49],[-174,50],[-44,24],[-74,-30],[-57,-112],[-170,-55],[-34,-27],[-59,1],[-112,-86],[-125,7],[-52,-21]],[[13527,14783],[243,-176],[615,-408]],[[14635,15960],[73,-18],[126,13],[62,-10],[82,14],[64,-63],[106,46],[30,-20],[38,-94],[-47,-34],[-28,-66],[-8,-81],[53,-83],[-80,-48],[47,-102],[7,-53],[-64,-51]],[[12638,15351],[321,-53],[254,-25],[202,-44],[88,-62],[91,-7],[118,-40],[40,12],[122,-13],[49,24],[81,12],[158,-11],[107,72],[-14,85],[18,46],[-48,124],[40,65],[326,429],[44,-5]],[[14281,17010],[70,-79],[14,-74],[48,-63],[52,-3],[50,-40],[129,-34],[55,-49],[50,-8],[-40,-129],[-45,-40],[-79,-195],[-58,-52],[60,-66],[7,-109],[20,-4],[21,-105]],[[12638,15351],[324,376],[63,-10],[8,111],[-72,121],[-4,43],[58,57],[23,67],[85,88],[3,84],[23,45],[58,17],[51,66],[100,1],[64,-56],[60,14],[106,50],[52,125],[-13,39],[-52,40],[-2,52]],[[13573,16681],[109,88],[75,44],[81,114],[181,4],[51,27],[81,-3],[130,55]],[[11017,15983],[59,128],[40,22],[34,64],[110,44],[219,6],[126,85],[186,-7],[113,50],[67,75],[-10,62],[72,2],[9,87],[-24,28],[22,45],[-8,76],[100,149],[79,22],[28,58],[-3,82],[28,50],[31,135],[39,40]],[[12334,17286],[39,25],[73,-14],[51,-44],[54,14],[42,-45],[-8,-29],[87,-22],[26,31],[70,33],[97,-36]],[[12865,17199],[36,-98],[99,-10],[42,-127],[94,-96],[67,27],[92,6],[36,-20],[143,18],[30,-49],[23,-84],[46,-26],[0,-59]],[[10304,16128],[-22,632],[-12,277],[-68,19],[31,70],[-32,17]],[[10201,17143],[52,73],[11,155],[-10,78]],[[10254,17449],[62,54],[-53,101],[52,94],[48,60],[0,108],[81,64],[39,67],[98,61],[28,49],[88,24],[35,-16],[49,35]],[[10781,18150],[89,-55],[109,-126],[48,19],[100,-21],[23,18]],[[11150,17985],[85,-62],[68,16],[111,-20],[38,-59],[49,-36],[56,-73],[42,-2],[22,-74],[109,-84],[-4,-78],[95,-17],[38,-75],[49,-17],[64,-81],[56,27],[75,-76],[71,-8],[98,28],[62,-8]],[[8981,16173],[87,117],[-7,60],[48,-10],[52,29],[21,40],[69,54],[31,82],[115,64],[114,41],[84,62],[52,20],[125,87],[137,72],[29,33],[85,30],[40,51],[55,-20],[49,50],[34,108]],[[10254,17449],[-56,33],[-85,-4],[-56,89],[-52,162],[-46,42],[3,56],[-32,30],[-48,89],[-31,2],[-57,58],[-41,-1],[-55,34],[6,40],[-51,168],[-74,35],[-45,108]],[[9534,18390],[120,72],[12,58],[38,75],[12,73],[24,19],[139,-53],[38,-39],[84,19],[56,-23],[81,121],[71,5],[84,69],[60,34]],[[10353,18820],[51,-23],[29,-139],[51,-33],[-16,-123],[-56,-55],[58,-53],[33,-55],[118,21],[109,-77],[-31,-69],[82,-64]],[[9534,18390],[-31,91],[-67,32],[-50,69],[13,55],[-65,33],[-185,142],[-92,37],[-116,79],[-64,68],[-84,38],[-91,134],[-16,66],[-71,124],[-44,27],[-72,72],[19,127],[30,40],[32,95],[-15,139],[74,72],[24,100],[-63,61]],[[8600,20091],[128,-49],[50,-56],[43,-83],[-18,-91],[-23,-42],[85,-10],[1,-32],[60,-77],[127,-17],[69,-45],[93,-18],[55,25],[35,-58],[66,-38],[82,46],[6,45],[138,30],[54,69],[62,22],[52,-102],[1,-85],[51,-28],[3,-41],[51,-39],[116,-11],[32,-33],[54,12],[121,-25],[36,22]],[[10230,19382],[49,-22],[-6,-59],[59,-60],[-7,-30],[-70,-74],[-15,-55],[35,-53],[25,-98],[-12,-60],[57,-21],[8,-30]],[[8600,20091],[56,-1],[37,38],[27,102],[41,68],[14,132],[21,3],[-28,108],[-37,53],[70,15],[68,-16],[52,10],[67,-17],[59,28],[104,-15],[47,50],[25,-28],[129,-40],[52,9],[138,62],[114,89],[9,39],[15,60],[50,120],[-66,39],[8,23],[83,22],[57,-1],[44,26],[85,-42],[92,-16],[33,-37],[37,-97],[54,-6],[66,22],[10,-59],[59,-78],[58,-24],[17,-52],[53,-29],[118,-117],[68,-18],[75,-127],[94,-24],[31,-55],[80,-36],[35,-39],[85,12],[114,-21],[0,0]],[[11120,20226],[-78,-63],[-32,-61],[-82,-28],[-78,-87],[-7,-91],[-47,-92],[-78,-38],[-53,-79],[-86,-53],[-59,8],[-161,-50],[-63,-39],[-65,-61],[-1,-110]],[[11120,20226],[2,-5],[0,0],[36,-88],[72,8],[14,-62],[-69,-61],[29,-82],[55,-43],[108,-34],[0,0],[49,-6]],[[11416,19853],[2,0],[66,-12],[239,-75]],[[11723,19766],[-25,-71],[11,-82],[-173,-112],[-34,-50],[79,-87],[-18,-42],[46,-42],[24,-71],[35,-40],[-81,-75],[-105,-52],[-119,23],[-42,-14],[-3,-102],[-35,-141],[-21,-10],[29,-102]],[[11291,18696],[39,-80],[-17,-28],[31,-51],[-58,-91],[65,-114],[-45,-49],[-39,-4],[-73,-53],[-7,-90],[-40,-22],[-11,-76],[14,-53]],[[11291,18696],[107,-2],[62,33],[100,-27],[67,-67],[71,31],[82,-1],[131,67],[50,64],[310,93],[95,0],[64,91],[41,-35],[124,-202],[-21,-54],[29,-44],[95,-41],[11,-44],[54,-17],[52,-54],[24,-69],[-20,-50]],[[12819,18368],[-101,41],[-77,-39],[6,-48],[-70,-45],[-73,12],[-91,-17],[-68,-44],[-68,-66],[-33,-82],[18,-27],[1,-162],[61,-99],[110,-63],[52,24],[78,-48],[9,-63],[46,-18],[125,-129],[21,-39],[7,-79],[26,-21],[6,-96],[61,-61]],[[13613,18511],[-62,21],[-45,-57],[-128,20],[-28,34],[-39,-67],[-102,-24],[-42,24],[-63,-34],[-144,-117],[-47,37],[-48,-6],[-46,26]],[[11723,19766],[50,13],[30,-36],[68,6],[190,-161],[53,19],[24,-48],[87,-47],[33,10],[125,-29],[13,-83],[-26,-34],[-13,-82],[40,-44],[64,-24],[39,-37],[54,-12],[123,-4],[182,18],[93,21],[12,30]],[[14683,17788],[-1,-98],[-103,-88],[-59,-72],[-68,-40],[-62,12],[-102,-82],[-68,-20],[19,-66],[57,-47],[-7,-125],[-54,-65],[42,-42],[4,-45]],[[20343,18020],[46,-50],[-58,-32],[-7,-67],[-100,-17],[-96,-102],[37,-61],[-68,-78],[-86,6],[-33,-80],[11,-61],[-121,-15],[-102,-88],[-60,15],[-52,-57],[-3,-42],[-117,-100],[-3,-43],[-82,-36],[-48,13],[-128,124]],[[21361,21328],[28,91],[61,20],[38,99],[59,76],[43,98],[77,6],[61,52]],[[21728,21770],[70,78],[-32,60],[13,46]],[[22411,21836],[196,73],[126,-60],[-9,-111],[12,-104],[-25,-54],[-75,-89],[6,-75],[98,36],[43,-4],[213,59],[8,41],[135,1],[20,34],[131,0],[48,-26]],[[23255,15720],[-54,-49],[-34,4],[-86,-90],[-72,-9],[-73,-38],[-92,47],[-67,-81],[-65,-44],[-43,45],[-64,25],[-48,-9],[-67,116]],[[22490,15637],[-31,39],[1,47],[-60,88],[-59,123],[-72,53],[-32,-12],[-64,34],[-6,82],[-26,29],[-53,4],[-47,42],[-48,3],[-47,42],[-86,35],[-70,88],[-25,8]],[[20784,16666],[-10,63],[1,121],[-18,38],[-55,45],[7,129],[64,52],[-3,81],[13,104],[-68,128],[74,60],[-10,59],[24,113],[27,50],[43,-20],[-20,-39]],[[20853,17650],[-19,-47],[50,-32],[-6,-85],[88,28],[-24,-64],[33,-34],[49,-7],[51,-40],[17,53],[83,20],[88,-64],[4,-70],[115,-88],[54,-84],[72,-12],[1,-89],[51,-47],[78,54],[49,-16],[-13,-41],[20,-95],[-54,-39],[18,-39],[103,-5],[-2,-49],[41,-40],[-26,-89],[48,-66],[123,-63],[5,-67],[28,-61],[79,-31],[73,-56],[79,-122],[101,-24],[165,145],[85,-32]],[[20779,17943],[40,-22],[61,-111],[21,-123],[-48,-37]],[[20497,21943],[53,-45],[-6,-30],[45,-58],[-105,-90],[8,-31],[66,-34],[60,-87],[-17,-43],[-3,-90],[47,-69],[-10,-48],[52,-41],[114,-31],[60,-59],[17,-44],[56,-36],[-107,-185],[19,-53]],[[20544,22066],[89,44],[55,78],[70,34],[8,59],[67,94],[36,-1],[58,-74],[59,-15],[42,-74],[136,-93],[54,6],[158,46],[70,34],[63,-31],[29,-43],[46,-5],[34,-70],[114,-17],[14,-35],[-42,-54],[-1,-85],[36,-44],[-11,-50]],[[18508,24286],[23,74],[104,81],[48,-9],[30,42],[45,11],[45,50]],[[18803,24535],[47,-63],[50,-38],[139,-22],[67,7],[84,-12],[21,-23],[106,-18],[19,-57],[60,-48],[49,-14],[15,-81],[135,-37],[96,-61],[108,-21],[100,64],[59,-8],[132,52],[76,44],[18,75],[43,39],[76,21],[78,81],[104,18],[35,24],[46,-46],[34,-90],[44,-37],[82,-18],[21,-43],[41,5],[165,-96],[189,-28],[47,28],[17,-52],[118,-12],[55,28],[104,-18],[40,34],[33,-22],[6,-53],[72,-50],[42,-84],[-9,-107],[18,-46],[-7,-62],[71,-82],[35,2],[34,-86],[48,-44]],[[22151,24053],[23,61],[-36,97],[-98,36],[-23,27],[24,46],[124,40],[10,101],[-86,116],[-16,78]],[[22073,24655],[51,95],[-42,154],[-24,17]],[[22058,24921],[10,9],[528,27]],[[22058,24921],[-44,-3],[-35,76],[25,157]],[[22004,25151],[93,66],[61,91],[73,42],[52,-72],[55,-5],[-6,61],[-55,35],[73,27],[-12,79],[93,44],[67,12],[84,52],[129,-4],[106,56],[35,-51],[52,-38],[33,-73],[28,-6]],[[18803,24535],[1,27]],[[18804,24562],[45,-33],[79,9],[74,-36],[72,19],[55,36],[87,90],[31,63],[134,16],[59,30],[65,11],[39,33],[57,10],[122,50],[97,8],[137,-12],[79,-23],[91,12],[126,67],[60,18],[11,-67],[170,-41],[71,15],[66,-23],[57,1],[45,-32],[50,-4],[59,-32],[89,4],[42,-37],[91,-19],[76,-63],[200,-84],[77,24],[29,30],[144,58],[74,-7],[158,22],[22,-29],[104,-4],[75,28],[50,-15]],[[21665,25976],[13,-41],[82,-105],[33,-70],[-26,-98],[1,-129],[46,-30],[-9,-165],[-28,-69],[-2,-54],[102,-7],[24,-17],[108,3],[-5,-43]],[[18804,24562],[13,23],[100,-10],[177,61],[124,110],[192,106],[46,51],[47,15],[74,-24],[21,38],[0,62],[128,78],[67,9],[59,-47],[61,27],[84,10],[253,-140],[69,52],[27,56],[-31,66],[-25,113],[13,78],[-41,46],[34,108]],[[21894,26983],[87,22],[0,29],[53,89],[156,18],[101,51],[-18,88],[15,117],[72,52],[3,30],[79,86],[65,-12],[60,24],[35,-28],[75,-13],[83,-31],[51,34],[33,96],[131,-21],[78,19],[53,-55],[56,-21]],[[25307,26944],[46,59],[141,2],[28,58],[-15,40],[46,45],[66,-14],[63,-33],[52,38],[178,40],[76,8],[46,-47],[66,-5],[108,-31],[215,-16],[75,-102]],[[26943,24449],[225,-64],[167,-73],[141,-99],[68,-38],[149,-200],[109,-14],[31,-21],[121,-42],[333,-223]],[[28287,23675],[-229,-10],[-231,105],[0,-32],[-131,-12]],[[26809,25895],[83,8],[31,53],[116,82],[86,37],[16,56],[53,19],[5,50],[37,73],[56,45],[35,91],[57,66],[65,26]],[[27449,26501],[37,-36],[56,-12],[64,-42],[87,-19],[42,23],[61,-29],[21,-35],[112,-7],[34,-31],[59,14],[133,-5],[45,-31],[122,-13],[-1,58],[31,30],[64,-15],[48,11],[79,-261],[-6,-47],[27,-52],[66,-65],[22,-55],[72,-29],[17,-64]],[[28741,25789],[-10,-116],[67,-103],[24,0],[2,-98],[65,-106],[-30,-39],[40,-31],[2,-71],[29,-33],[39,-100],[30,-138]],[[26590,27025],[46,143],[-30,38],[95,91],[27,-62],[91,-27],[60,6],[62,-53],[65,-11],[60,-31],[20,55],[15,148]],[[27467,27504],[60,-127],[-2,-18],[-101,-65],[-9,-48],[28,-53],[-8,-43],[-49,6],[-124,-47],[34,-82],[-25,-48],[98,-143],[69,-26],[113,-143],[0,-40],[-61,-46],[-41,-80]],[[29528,26844],[-9,-38],[-67,-39],[-62,-72],[-57,43],[-84,-13],[-68,48],[-72,14],[-124,-31],[-53,-41],[3,-79],[-26,-52],[52,-37],[18,-39],[-15,-98],[-31,-45],[-8,-87],[-36,-151],[17,-67],[-37,-26],[56,-84],[-184,-161]],[[30452,27085],[-20,-57],[30,-33],[75,-13],[4,-51],[-57,-40],[48,-44],[-24,-41],[101,-47],[93,53],[208,-3],[79,37],[101,30],[62,49],[50,-3],[35,44],[83,15],[27,-43],[117,-115],[83,-32],[37,-34],[99,27],[34,35],[67,6],[144,-107],[12,-39]],[[31940,26679],[-59,-77],[-94,-42],[-31,-79],[-127,-100],[33,-97],[-50,-20],[36,-79],[-9,-33],[-77,-22],[22,-110],[36,-50],[-35,-18],[-42,-77],[10,-108],[58,-38],[46,-61],[74,-32],[107,-7],[-51,-44],[-155,-71],[-61,-83],[33,-55],[-17,-88],[-60,-55],[-2,-73],[37,-109],[113,-111],[70,17],[122,-25],[36,-26],[89,25],[66,0],[46,-38],[0,-50],[83,10],[51,65],[50,-22],[86,56],[79,26],[29,33],[85,12],[69,-10],[32,21],[21,57],[94,17],[61,-18],[68,-61],[54,-142],[42,-75],[-45,-42],[-9,-71],[-38,-30],[-7,-52],[32,-97]],[[32688,23355],[-9,-33],[-62,-42],[-68,-17],[-44,-31],[-45,1],[-20,-40],[-92,-33],[-8,-33],[-97,-62],[-93,-37],[-34,22],[-51,-25],[-10,-51],[-76,-35],[-60,45],[-100,38],[-47,-23],[-1,-41],[-45,-72],[-63,-16],[-24,-64],[29,-81],[-85,-64]],[[31583,22661],[-73,2],[-170,57],[-81,53],[-18,-50],[-46,-4],[-25,-41],[-68,-40],[-121,102],[-43,94],[-128,77],[-121,112],[-41,21],[-90,12]],[[30558,23056],[-29,95],[-3,69],[53,55],[-20,37],[31,87],[-9,71],[18,176],[37,111],[38,66],[-3,40],[39,105],[-50,81],[10,75]],[[30670,24124],[-77,56],[-166,-43],[-53,17],[-10,78],[38,71],[43,40],[-9,80],[-86,-6],[-68,23],[-74,-49],[-59,-2],[-66,-37],[-88,-26],[-80,1],[-49,102],[-91,19],[-77,-16],[-58,14],[-124,-26],[-48,9],[-115,-53],[-17,-32],[-102,-69]],[[30670,24124],[-59,-19],[-18,-55],[-106,-153],[-64,-54],[9,-39],[-84,-48],[-53,-81],[-85,21],[-77,-16],[-3,-79],[-47,-34],[-51,57],[-77,46],[-20,31],[-86,-53],[-80,13],[-30,-13],[-136,-9],[-91,-55],[-81,32],[-134,8],[-100,36],[-71,-8],[-182,52],[-146,14],[-129,-33],[-90,17],[-91,-22],[-201,-5]],[[30558,23056],[-29,-8],[-133,45],[-32,-55],[-95,-7],[0,-58],[-45,-33],[-45,-66],[32,-133],[-14,-63],[-111,-84],[-79,14],[-131,76],[-69,-28],[64,-57],[-9,-90],[-66,-31],[-65,-105],[-57,-3],[-36,-49],[-64,-7],[-24,-84],[-46,-25],[-151,-114],[-9,-30],[-92,-28],[-86,-68],[-70,-101],[-81,-3],[-36,-121],[2,-77],[-57,-28],[-23,-46],[-128,-82]],[[28773,21507],[-95,46],[12,45],[-134,95],[-93,92],[-12,37],[-99,110],[-61,37],[-153,46],[-48,41],[-65,98],[-41,40],[-35,109],[57,39],[-51,53],[-107,84],[-70,29],[-83,-62],[-69,16],[-60,-56],[-63,58],[-30,-6],[-92,30],[-44,-45],[-77,-16],[-11,-36],[-233,44],[-99,56],[-90,130],[-54,44],[-31,52],[-68,50],[-41,102],[-32,27],[-52,-19],[34,-55],[-7,-39],[-48,-58],[-69,-11],[-59,70],[-64,-24],[-14,-211],[12,-147],[-36,-45],[5,-58],[-15,-129],[15,-79],[-43,-36],[-46,17],[-54,-32]],[[26160,22040],[-47,26],[-78,-40],[-89,-14]],[[27696,21139],[-293,129],[-358,-22],[-274,158],[149,204],[-760,432]],[[28773,21507],[-64,-32],[-61,-100]],[[28648,21375],[-33,-39]],[[28648,21375],[48,-16],[53,-86],[46,-15],[48,-94],[99,-67],[21,-50],[59,-55],[44,-87],[253,-68],[59,9],[38,31],[66,-112],[-11,-20],[-106,8],[-58,-55],[-5,-84],[-27,-81],[-73,-60],[25,-57],[-25,-61],[-12,-100],[21,-55],[-5,-79],[37,-43],[-8,-37],[60,-121],[-1,-57],[-48,-22],[-13,-56],[-52,-37],[70,-86],[-71,-67],[23,-155],[33,-70],[72,-17],[36,-45],[89,-65],[-10,-67],[62,-54],[-15,-89],[99,-71],[-124,-121],[21,-30],[2,-151],[-25,-71],[24,-76],[-16,-60],[-42,-36],[-64,20],[-66,-85],[50,-54],[-55,-51],[-1,-29],[-66,-69],[10,-47],[50,-34],[-58,-62],[-81,-42],[4,-51],[99,-67],[24,-57],[37,-27],[19,-69],[-8,-103],[46,-57],[-23,-69],[25,-38],[-10,-75],[16,-60]],[[29357,17291],[-116,-85]],[[29241,17206],[-113,50]],[[29128,17256],[-53,72],[-105,87],[-83,-36],[-39,70],[-189,149],[-101,98],[-46,16],[-14,63],[-55,25],[-33,90],[-33,24],[-83,22],[-52,45],[-245,-7],[-44,113],[48,96],[3,51],[-109,28],[-24,49],[-58,29],[-50,-2],[-44,51],[-59,35],[-29,51],[-153,54],[-97,13],[-73,-7],[-12,-52],[-38,-20],[-63,-92],[-118,-38],[-3,-52],[28,-47],[-19,-37],[-66,-40],[-40,11],[-87,-21],[-10,-38],[-57,-54],[-85,-12],[-51,-27],[-144,108],[-36,-31],[-138,-17],[-81,43],[-6,37],[-61,39],[-103,-8],[-19,-31],[-93,22],[-7,57],[-69,-19],[-20,-117],[-98,-20],[-30,-39],[1,-176],[-27,-65],[-63,-35],[-53,-5],[-73,-96]],[[29128,17256],[-67,-53],[-81,-114],[-67,-37],[-113,-25],[-52,35],[-46,-4],[-102,-92],[-120,41],[-104,-9],[-70,13],[-42,-55],[-114,-82],[-62,3],[-72,-25],[-95,-53],[-35,-93],[-40,-46],[-7,-50],[-56,-61],[17,-108],[-112,-151],[-74,-6],[-46,-58],[-51,16],[-33,-19],[-30,69],[-64,17],[-33,46],[-89,-35],[4,-22],[-73,-40],[-37,6],[-6,53],[-49,-8],[-50,47],[-99,-90],[-78,25],[-80,-35],[-111,-24],[-70,51],[-22,62],[-44,-2],[-28,69],[-42,1],[-91,49],[-87,-22],[27,-132],[20,-47],[-56,-68],[-12,-79],[-40,-15],[-48,-75],[-68,-52]],[[26128,15972],[-68,36],[-84,15],[-142,-78],[-40,-1],[-126,72]],[[25668,16016],[72,94],[-3,94],[-105,47],[-70,52],[-16,90],[-47,62],[-32,5],[5,78],[-116,11],[-83,21],[-50,65],[6,62],[82,101],[9,75],[-37,84]],[[24982,27118],[4,66],[65,42],[15,82],[-13,74],[-89,32],[39,88],[27,20],[-47,56],[-30,130],[-49,48],[5,31]],[[25239,27994],[100,-23],[187,26],[35,-33],[48,4],[69,52],[69,29],[95,74],[48,-18],[61,10],[45,48],[45,99],[-15,28],[40,52],[71,-97],[54,-25],[68,50],[138,46],[65,64],[79,117],[18,68],[44,3],[36,105],[84,82]],[[27895,32093],[84,-15],[108,46],[115,-21],[96,15],[83,-1],[86,18],[26,36],[9,68],[110,64],[136,204],[73,33],[26,55],[152,-7],[38,-49],[31,-83],[-29,-59],[33,-22],[107,-8],[47,33],[86,-86],[63,16],[13,47],[64,36],[108,-45],[62,-9],[37,-60],[47,29],[143,26],[87,-41],[56,37],[33,-14],[98,25],[8,-59],[-37,-76],[95,-85]],[[30189,32141],[-94,-62],[-40,-66],[-96,-24],[-49,-51],[-4,-52],[64,-94],[39,-79],[-8,-55],[-47,-36],[41,-95],[-26,-104],[-75,-29],[35,-39],[-50,-68],[3,-63],[-58,-14],[-54,-66],[1,-116],[126,6],[59,-34],[-12,-159],[40,-70],[-31,-19],[46,-121],[-17,-110],[-25,-38],[18,-71],[165,-54],[48,-47],[9,-39],[60,-18],[25,-69],[39,-23],[-7,-81],[34,-87],[49,-36]],[[30397,29958],[-38,-26],[-54,-80],[8,-74],[58,-84],[-31,-55],[33,-42],[-37,-61],[70,-33],[8,-107],[42,-65],[-47,-94],[-122,-50],[-89,36],[-91,7],[-30,-22]],[[25577,31781],[-84,-22],[-120,-87],[-73,29],[-37,61],[-53,5],[-94,81],[-87,-3],[-28,80],[-68,41],[-43,50],[4,50],[-78,63],[-32,42],[-28,97],[-78,36],[-111,-18],[-32,79]],[[24535,32365],[28,92],[78,85],[16,98],[24,39],[-20,59],[124,41],[-24,94],[30,40],[-23,30],[15,88],[-80,48],[-10,98],[-67,37],[-18,108],[41,27],[3,103],[-101,72],[-124,126],[0,72],[76,64],[9,70]],[[24512,33856],[139,28],[68,4],[-28,116],[85,56],[41,91],[123,-10],[28,17],[70,-10],[99,58],[14,56],[104,129],[60,3],[92,36],[78,-25],[83,-5],[143,27],[59,45],[108,59],[65,-9],[74,12],[64,30],[109,-90],[54,-18],[175,55]],[[26419,34511],[-25,-48],[-6,-82],[-26,-48],[33,-34],[34,-91],[39,1],[118,-93],[36,-78],[41,-30],[58,13],[94,-27],[88,39],[41,-24],[-5,-60],[54,-62],[-11,-99],[54,-68],[78,-6],[-2,-80],[22,-33],[130,51],[36,93],[39,38],[43,137],[106,59],[94,-17],[86,22],[48,-32],[-19,-48],[32,-75],[94,-1],[108,-35],[48,-32],[59,30],[71,13],[114,-33],[167,25],[45,-75]],[[28435,33721],[-14,-97],[88,-26],[-23,-110],[-143,-147],[13,-55],[-26,-24],[12,-102],[59,-15],[27,-43],[-98,-71],[-59,-8],[-15,-45],[-48,-44],[-23,-100],[4,-49],[-43,-64],[-102,-78],[-41,-123],[-29,-22],[40,-66],[-40,-115],[-60,-103]],[[24512,33856],[-33,70],[31,74],[-44,85],[-63,10],[-65,44],[-37,65],[17,44],[-18,97],[-73,59],[-51,1],[10,60],[-35,48],[15,68],[63,52],[-14,32],[35,127],[-143,17],[-26,53],[31,50],[-11,39],[46,112],[46,43],[110,49],[-16,39],[-96,42],[-67,3],[34,55],[14,66],[72,127],[44,47],[-20,170],[71,73],[31,113]],[[24370,35890],[151,12],[120,93],[34,136],[154,20],[75,40],[38,-58],[199,-43],[84,45],[69,7],[14,-97],[-21,-107],[27,-148],[104,-2],[42,-48],[100,-60]],[[25560,35680],[-23,-30],[0,-71],[-39,-62],[4,-46],[-23,-104],[51,-18],[24,-83],[63,-52],[48,-68],[27,-173],[89,-7],[41,-35],[64,8],[76,34],[33,-51],[116,-36],[66,17],[40,-26],[57,-2],[14,-60],[106,-82],[79,-139],[-54,-83]],[[24535,32365],[-75,36],[-63,65],[-76,41],[-72,3],[-42,43],[-82,7],[-90,-34],[-15,29],[-73,-33],[-76,-3]],[[23871,32519],[-59,147],[-105,17],[-87,-14],[-43,33],[-11,49],[-59,-8],[-49,88],[-110,94],[-118,177],[37,31],[47,76],[4,76],[38,41],[-70,84],[8,60],[-37,53],[-26,88],[-5,68],[-93,46],[-49,-12],[-70,37],[-54,64],[-14,73],[58,44],[-2,98],[-93,51],[10,93],[41,36],[-51,44],[-1,51],[57,84],[-98,52],[-2,52],[-31,75],[23,40],[-33,32],[-40,81],[62,44],[46,112],[-65,51],[-10,35],[27,59],[-5,51],[39,42],[-75,10],[-55,40],[-21,45],[-7,81],[-42,52],[77,127],[37,34],[-22,76],[46,85],[-14,34]],[[22802,35698],[43,86],[16,78],[29,56],[-34,45],[68,142],[-61,153],[51,79],[49,25],[-43,46],[25,52],[-36,86],[-58,17],[-61,83],[12,59],[74,40],[1,99],[31,46],[139,23],[9,66],[67,27]],[[23123,37006],[12,-69],[202,-3],[142,32],[38,-9],[100,14],[90,-7],[53,13],[73,-43],[87,-4],[105,44]],[[24025,36974],[27,-65],[41,-2],[51,-74],[43,-29],[69,-164],[-5,-48],[-77,-56],[13,-54],[117,-27],[7,-61],[-39,-102],[42,-17],[4,-50],[-33,-39],[20,-33],[-61,-112],[20,-86],[67,-14],[39,-51]],[[23448,28077],[-66,26],[-12,54],[66,63],[46,78],[-66,93],[-21,86],[-63,184],[97,83],[60,74],[5,49],[58,53],[-45,31],[-8,76],[30,69],[-36,55],[0,67],[37,74]],[[23530,29292],[28,77],[79,104],[1,64],[-54,75],[-70,-15],[-119,35],[-21,54],[-67,14],[-52,88],[54,50],[-55,112]],[[23254,29950],[60,42],[137,35],[-35,85],[-7,68],[-48,18],[15,42],[-101,74],[-62,-46],[-41,8],[6,60],[38,48],[-70,156],[77,44],[51,13],[63,43],[59,7],[4,33],[-62,109],[-5,47],[54,16],[-42,67],[-2,56],[51,50],[11,50],[-109,89],[-47,-9],[-53,23],[-40,101]],[[23156,31279],[-2,102],[-26,56],[25,71],[-46,43],[-43,89],[5,42],[66,7],[52,60],[-3,51],[163,34],[25,53],[64,29],[57,66],[52,13],[22,96],[72,53],[53,-22],[95,24],[16,77],[41,70],[-6,75],[35,53],[-22,44],[20,54]],[[17196,24837],[63,79],[51,103],[98,83],[22,74],[42,74],[-13,78],[31,76],[80,104],[101,53],[53,52],[90,21],[150,83],[55,43],[112,30],[93,72],[76,-28],[107,11],[26,18],[100,4],[33,28],[65,121],[42,49],[81,38],[86,-16],[-1,-39],[70,-18],[58,30],[21,60],[70,-20],[64,13],[24,72],[88,14],[60,48],[50,97],[81,24],[90,196]],[[19885,27510],[-2,38],[54,48],[24,65],[21,157],[-15,53],[16,106],[3,205],[-6,209],[-19,231],[-41,287],[-16,149],[6,125],[38,76],[-7,159],[4,115],[-16,218]],[[19929,29751],[96,46],[161,16],[84,-61],[19,-34],[83,3],[33,-55],[86,-91],[94,-15],[-38,-36],[6,-51],[-45,-41],[-13,-59],[47,-13],[19,-36],[158,-46],[149,-153],[53,-73],[5,-85],[36,-62],[12,-68],[-64,-95],[44,-71],[57,-33],[26,-40],[134,-28],[101,-50],[71,34],[34,55],[-5,90],[100,42],[32,55],[76,-10],[83,-41],[69,-17],[44,-41],[156,-17],[71,19],[23,35],[94,27],[35,85],[50,20],[78,3],[13,-48],[123,-31],[45,92],[-37,38],[34,47],[-4,52],[-33,33],[6,53],[71,8],[109,-52],[87,51],[74,20],[130,-43],[117,24],[49,47],[101,-48],[122,103],[65,133],[119,-24],[56,-22]],[[19929,29751],[-15,116],[31,230],[-35,186],[3,45],[-57,289],[11,55],[-16,154],[13,22],[113,14],[89,86],[57,93],[42,150]],[[20165,31191],[72,-44],[50,-10],[229,-176],[-7,-78],[30,-59],[97,-6],[86,-127],[119,-7],[49,-26],[9,-121],[29,-21],[109,-24],[9,-23],[115,-5],[118,-47],[82,-11],[23,-23],[122,20],[102,-27],[117,-4],[104,-40],[5,-40],[65,-22],[51,-39],[101,19],[62,-50],[77,-9],[42,-26],[81,-110],[101,-57],[1,-64],[54,-29],[76,7],[131,-21],[-3,-73],[43,-8],[72,-73],[52,-6],[94,69],[122,6],[41,42],[10,111],[79,55],[68,-64]],[[20165,31191],[73,199],[57,32],[70,90],[22,140],[19,30],[117,107],[93,113],[93,181]],[[20709,32083],[101,-59],[120,-37],[17,-67],[62,-72],[49,-111],[50,-27],[66,11],[45,-39],[61,7],[158,-22],[90,-23],[41,-33],[159,48],[78,42],[11,78],[40,70],[37,25],[0,45],[-43,80],[80,68],[121,19],[24,29],[145,56],[65,36],[72,67]],[[22358,32274],[75,38],[39,-18],[30,-50],[106,-25],[49,-30],[-7,-33],[27,-71],[-9,-40],[71,-11],[59,-103],[58,-26],[30,-46],[-5,-73],[71,-174],[14,-162],[33,-59],[-7,-48],[54,-64],[110,0]],[[17101,32183],[7,-47],[69,-58],[-25,-43],[-112,-131],[-216,-30],[-13,72],[29,38],[95,43],[60,74],[106,82]],[[17951,32227],[29,-136],[-27,-56],[-87,-5],[-75,22],[-114,13],[-82,-7],[-31,36],[49,44],[83,32],[49,-6],[62,37],[144,26]],[[20709,32083],[69,193],[48,220],[32,399],[-10,210],[21,69],[16,190],[48,92],[43,9],[37,66],[43,156],[21,191],[21,395]],[[21098,34273],[38,-64],[122,12],[19,-60],[61,-20],[10,-82],[104,-121],[75,-11],[50,17],[70,-22],[10,-47],[61,-40],[68,-11],[87,37],[58,-23],[68,25],[53,-22],[152,-16],[70,-58],[-42,-72],[-9,-93],[66,-69],[-9,-38],[24,-53],[-10,-102],[-41,-89],[9,-47],[-35,-44],[32,-33],[20,-118],[-52,-5],[-84,-49],[-59,-59],[-3,-39],[-84,-51],[10,-65],[65,-14],[65,-47],[-51,-72],[24,-56],[-31,-62],[27,-38],[94,-6],[-1,-49],[53,-3],[47,-32],[-6,-45],[65,-43]],[[21098,34273],[-4,195],[-36,347],[-36,221],[-25,56],[19,70],[-65,390],[-102,438]],[[20849,35990],[344,73],[242,46],[100,37],[90,17],[10,92],[-18,85],[45,41],[71,-138],[18,-101],[64,-119],[33,-18],[70,14],[-34,-87],[23,-43],[30,-135],[47,-101],[-2,-51],[-44,-47],[95,4],[50,-32],[47,1],[42,38],[71,-32],[120,38],[75,81],[33,-14],[64,31],[55,-7],[61,29],[151,6]],[[20849,35990],[-74,294],[-65,221],[-54,112],[-36,107]],[[20620,36724],[32,39],[-27,127],[-66,211],[-25,134],[-50,154],[-40,44],[-8,67],[153,140],[99,26],[146,146],[42,25],[98,0],[104,57],[54,14],[207,11],[109,-33],[43,23],[149,14],[64,-57],[7,-81],[67,-95],[40,-152],[8,-92],[-24,-158],[19,-30],[190,-69],[93,-13],[70,-34],[8,-28],[-76,-67],[24,-39],[67,-2],[74,-50],[11,80],[161,28],[34,-132],[116,46],[71,90],[73,50],[55,2],[5,-89],[26,-43],[96,-58],[69,94],[74,42],[36,-10],[25,-50]],[[23312,42186],[112,-91],[144,-89],[45,-18],[265,-177],[283,-161],[101,-74],[45,-18],[117,-126],[36,-65],[71,-92],[172,-199],[127,-139],[311,-386],[183,-206],[171,-177],[67,-60],[280,-293]],[[25842,39815],[-219,-149],[-58,16],[-140,114],[-130,56],[-144,84],[-63,12],[-50,47],[-58,-9],[-10,-70],[-38,-46],[-66,-5],[-52,-41],[-60,-5],[-63,44],[-53,-8],[-109,-105],[-5,-38],[-50,-46],[4,-156],[-66,-35],[-80,-15],[34,-67],[-5,-38],[79,-31],[5,-92],[66,-5],[-9,-44],[24,-48],[12,-117],[50,-74],[-12,-94],[-100,-40],[-28,-109],[-23,-35],[25,-105],[-88,-6],[-70,-28]],[[24292,38527],[-153,98],[-26,43],[-92,53],[14,31],[-47,60],[20,33],[-134,62],[-76,3],[-51,62],[-23,63],[-39,-8],[19,-71],[-97,-28],[-59,-35],[-52,-80],[-52,-51],[-19,-50],[-104,-47],[-29,60],[-96,142],[3,32],[-105,-10],[-83,74],[-85,3]],[[22926,38966],[-9,75],[-103,7],[-49,74],[21,89],[-12,72],[75,65],[52,3],[33,64],[69,26],[38,48],[-13,69],[-48,43],[-17,109],[-39,92],[3,76],[-113,33],[5,81],[-50,19],[3,45],[-78,62],[15,30],[109,46],[30,80],[53,49],[-51,39],[32,39],[-29,50]],[[25842,39815],[77,-77],[132,-153],[136,-140],[40,-24],[145,-170],[103,-101],[189,-155],[197,-205],[159,-156],[42,-20],[145,2]],[[27207,38616],[-93,-51],[-137,-19],[-54,-51],[50,-53],[-9,-38],[82,-77],[2,-52],[52,-51],[-71,-28],[-41,-44],[45,-104],[-104,-14],[-44,-127],[-55,-28],[-104,47],[-40,48],[-123,-72],[-35,-46],[5,-57],[-87,-46]],[[26446,37753],[-86,6],[-67,52],[2,140],[-52,73],[-29,74],[-50,-22],[-79,-7],[-105,79],[-135,-24],[-161,56],[-126,15],[-50,56],[-80,-18],[-65,4],[-60,-20],[-108,-98],[-104,-9],[-49,-61],[3,-66],[-142,-18],[-7,-45],[-90,-11],[-70,16],[-33,-13],[77,-79],[-9,-26],[-98,-60],[-33,-62],[-63,-17],[-115,23],[-110,-31],[-48,30]],[[24304,37690],[32,114],[-87,104],[-6,76],[-44,123],[17,64],[79,45],[44,91],[5,78],[-120,3],[8,60],[60,79]],[[24025,36974],[5,39],[-59,50],[34,148],[86,43],[7,74],[29,72],[-33,99],[76,59],[35,72],[99,60]],[[26446,37753],[26,-75],[67,-21],[-51,-73],[30,-45],[-6,-83],[48,-72],[-7,-69],[-40,-108],[-66,-47],[-37,-98],[15,-51],[-66,-70],[9,-66],[-71,-81],[14,-94],[-71,-48],[-69,15],[-62,-80],[-77,5],[-41,53],[-75,-49],[-13,-47],[-43,-16],[-64,-55],[-78,-104],[4,-100],[-102,-37],[-31,-60],[-13,-129],[25,-21],[-30,-54],[69,-41],[7,-79],[-64,-61],[-23,-112]],[[27207,38616],[-46,-76],[79,-130],[94,-37],[-5,-37],[120,-61],[-4,-153],[41,-66],[46,-26],[-45,-48],[26,-73],[45,-58],[47,-15],[91,-77],[42,-86],[104,-80],[59,-7],[-52,-55],[3,-76],[93,-91],[-29,-61],[12,-70],[-14,-57],[75,-105],[166,-185],[84,-47],[70,-20],[32,-49],[0,-67],[86,-108],[44,-120],[48,-63],[11,-67],[35,-35],[109,-30],[47,-60],[30,-96],[160,-153],[-13,-76],[28,-34],[131,-97],[92,-187],[75,-85],[141,-97],[68,-85],[81,-49],[42,-90],[57,-23],[76,-103],[98,-84],[90,-25],[6,-33],[117,-113],[110,-56]],[[30110,34734],[-64,-63],[-34,-112],[-52,-27],[-7,-37],[-116,-77],[-7,-28],[-68,-44],[-79,-73],[-9,-28],[-70,-13],[-50,12],[-94,-10],[-41,-48],[-65,25],[-28,32],[-94,13],[-78,-26],[-87,-66],[-55,-19],[-102,-7],[-40,-39],[-12,-50],[-92,-48],[33,-72],[-19,-73],[-139,-54],[-122,-8],[-52,-66],[-32,-7]],[[22926,38966],[-15,-47],[-77,-65],[-56,38],[-53,-31],[-52,-89],[-51,-22],[-113,64],[-73,-31],[-40,41],[-95,47],[-82,-42],[-62,8],[-158,-35],[-133,12],[-117,66],[-275,-352],[-129,-23],[-100,29],[-44,-35],[-100,20],[-54,25],[-49,-6],[-46,57],[-57,-2],[-5,122],[-26,49],[-66,27],[-78,-4],[2,47],[-123,-11],[-506,-319],[-85,-175],[-16,-9]],[[19992,38320],[-123,251],[-193,374],[-118,216],[-110,220],[-78,142],[-58,138],[-52,167]],[[14016,42831],[30,-55],[75,-66],[48,-92],[51,-53],[63,-39],[128,-20],[93,20],[73,37],[31,48],[-27,187],[140,-108],[46,-79],[4,-41],[100,-174],[-44,-14],[-45,-132],[16,-131],[-17,-104],[21,-80],[9,-157],[-9,-121],[-36,-89],[-46,-25],[63,-222],[-48,-138],[-53,-114],[20,-72],[-7,-105],[-38,-46],[-48,16],[-94,-14],[-60,59],[-15,40],[38,61],[32,8],[16,64],[-33,130],[-22,43],[-120,120],[-37,68],[18,42],[-37,91],[-3,81],[-42,119],[-44,54],[-55,121],[-3,36],[69,32],[-14,66],[-34,38],[12,69],[42,44],[-40,57],[10,37],[52,45],[-23,93],[-80,66],[-135,32],[75,50],[15,44],[-30,48],[-49,8],[-2,117]],[[16409,39043],[-74,-39],[-91,31],[5,52],[-78,32],[-73,51],[-45,10],[-97,112],[-114,35],[-123,99],[-37,96],[-78,49],[-28,80],[-70,32],[-46,157],[37,43],[-91,32],[98,50],[15,49],[-60,60],[34,51],[-30,19],[-30,74],[85,108],[58,7]],[[15576,40333],[70,-98],[78,-46],[116,-23],[53,3],[93,-22],[50,-33],[106,-146],[109,-28],[115,-65],[49,-187],[35,-37],[-5,-94],[52,-30],[-25,-60],[8,-59],[-28,-108],[16,-28],[-20,-101],[-58,-74],[19,-54]],[[15576,40333],[60,110],[66,35],[58,0],[48,48],[26,72],[55,28],[32,44],[85,20],[15,-27],[94,-49],[55,-14],[80,-61],[-3,-74],[59,-34],[169,14],[77,-51],[31,20],[23,37],[66,-45],[33,-29],[15,-57],[118,-34],[64,-56],[63,-97],[24,-65],[94,-161],[2,-77],[20,-44],[18,-124],[2,-115],[-58,-31],[-103,-87],[-31,-40],[14,-40],[-67,-52],[-51,-1],[-18,-60],[-57,-49],[6,-45],[-59,-35],[-40,39],[-232,-77],[-20,-26]],[[20620,36724],[5,78],[-46,148],[-119,311],[-174,421],[-224,492],[-70,146]],[[40500,26405],[114,16],[41,43],[42,-64],[62,-20],[30,-68],[-2,-43],[70,-99],[-12,-61],[25,-21],[86,-15],[62,26],[47,52],[100,79],[10,32],[517,-194],[-3,-32],[-53,-50],[14,-49],[73,-33],[19,-62],[79,-75],[55,-11],[34,-31],[-21,-85],[47,-140],[119,7],[22,-19],[2,-91],[-20,-44],[100,-127],[26,-89],[-24,-141],[61,-226],[73,-114],[12,-47],[88,-71],[163,-17],[69,-18],[99,1],[31,28],[112,9],[28,-24]],[[42897,24517],[3,-18]],[[42900,24499],[-75,-17],[-84,-54],[-73,-68],[-66,-30],[-152,-33],[-44,-42],[-11,-66],[41,-61],[-61,-30],[-100,-134],[-94,-51],[-44,-90],[-104,-63],[-34,-52],[-39,-180],[7,-69],[-48,-64]],[[41919,23395],[-32,-11],[-114,79],[-11,20],[-98,-3],[-45,85],[-121,103],[-104,-3],[-45,29],[-38,-20],[-73,9],[-10,65],[-42,31],[-51,87],[-44,50],[30,67],[-15,66],[31,45],[-30,40],[53,158],[-75,89],[-56,31],[11,69],[-56,49],[-83,132],[4,41],[-75,116],[45,28],[-113,158],[-112,99],[-122,50],[-40,-65],[-101,-116],[-43,-19],[-104,-104],[-9,-27],[-82,-63],[-118,17],[-33,-26],[-100,-5],[-92,27],[-60,-46],[-61,6],[-39,32],[-88,-73],[-114,61],[-46,42],[-93,4]],[[40040,21999],[-186,70],[-149,11],[-39,34],[21,69],[-70,34]],[[39617,22217],[-80,42],[31,98],[-31,34],[-93,8],[11,83],[-26,85],[-107,27],[-52,50],[-104,47],[-54,-31],[-50,-65],[-69,11],[-2,47],[-177,108],[-9,29],[-83,67],[-72,24],[-35,43],[-94,186],[-8,74],[-36,26],[-106,22],[-46,67],[-54,8],[-42,162],[-45,18],[-10,40],[-58,48],[-1,70]],[[38115,23645],[35,32],[2,174],[54,14],[62,-39],[56,54],[51,23],[134,-21],[30,64],[43,10],[45,107],[-70,66],[-82,26]],[[41919,23395],[-2,-94],[46,-119],[56,-56],[-27,-22],[9,-72],[68,-40],[-23,-49],[24,-104],[-27,-91],[11,-37],[-29,-59],[-30,-7],[-39,-62]],[[51533,31130],[-58,-65],[-44,-100],[24,-168],[-53,-59],[-1,-66],[-42,-104],[28,-35],[6,-57],[-30,-31],[16,-42],[-47,-145],[-42,-41],[-67,-20],[10,-54],[-73,-67],[-56,-120],[-64,-34],[-28,-202],[72,-67],[-41,-94],[55,-41],[-117,-76],[-21,-40],[26,-40],[-16,-42],[-109,1],[-44,-25],[-82,-12],[-79,-44],[-9,-26],[-84,-12],[-59,-100],[-157,-62],[-146,-35],[-34,-105],[-82,-29],[-41,-97],[-30,-34],[-92,3],[-29,-69],[-50,-70],[-12,-83],[-104,-123],[-53,-43],[-67,-178],[-64,-26],[-41,-68],[-118,-48],[-85,-13],[-105,1],[-64,-65],[-23,-143],[-31,-9],[-17,-56],[0,-92],[-54,7],[-38,-36],[-109,10],[-34,-53],[-56,-37],[-45,-98],[-43,-46],[-12,-87],[-75,-78],[21,-65],[-8,-58],[56,-95],[-153,-83],[-28,-64],[-147,-112],[-70,-18],[-135,-2],[-155,-41],[-60,-46],[-16,-60],[-80,-7],[6,-72],[-40,-25],[-8,-50],[-57,-79],[-142,-73]],[[47577,26290],[94,-68],[144,-39],[-22,-44],[27,-125],[-71,-53],[-8,-59],[-97,-72],[-65,-8],[22,-98],[-67,-15],[-74,-96],[6,-87],[31,-58],[-73,-125],[-52,32],[-78,-23],[-50,108],[-65,23],[-25,-53],[-101,16],[-8,-56],[-62,-33],[33,-59],[-53,-43],[42,-27],[-70,-94],[-47,-29],[-277,-59],[-78,-1],[-72,33],[-209,14]],[[46252,25092],[-43,42],[-540,581],[-260,125],[-17,227],[-28,-5],[-22,297],[-508,-29]],[[44834,26330],[-26,424]],[[44808,26754],[141,-16],[284,-23],[247,-8],[250,-1],[14,28],[108,-17],[176,4],[198,19],[223,30],[198,35],[236,59],[83,111],[211,71],[44,33],[-5,81],[53,48],[67,91],[101,28],[171,95],[44,61],[59,23],[192,152],[17,51],[65,67],[80,224],[106,-11],[102,87],[26,72],[70,19],[63,57],[12,32],[103,24],[-5,49],[81,27],[70,60],[28,56],[-9,86],[69,49],[19,33],[79,39],[116,23],[4,27],[110,92],[133,79],[187,150],[57,74],[92,17],[77,57],[68,102],[47,-3],[30,54],[76,23],[64,45],[24,36],[94,33],[86,58],[134,60],[72,86],[78,127],[61,123],[17,56],[40,36],[43,129],[47,63],[162,132],[61,35],[-3,45],[84,88],[33,0],[74,72],[18,58],[53,51],[-24,23],[49,73],[27,-20],[94,46],[34,73],[30,144],[72,58],[59,66],[74,-40]],[[46252,25092],[-21,-71],[13,-46],[-11,-92],[26,-108],[-13,-41],[32,-85],[-16,-103],[10,-41],[46,-42],[11,-90],[24,-65],[-13,-27]],[[46340,24281],[-127,-54],[-113,-114],[13,-82],[-86,-31],[-74,-7],[-39,-46],[-37,5],[-103,-77],[-55,-71],[-102,-32],[-54,-71],[-5,-34],[-66,-1],[-7,37],[-53,55],[-111,7],[-112,-152],[-79,-9],[10,-100],[-191,-91]],[[44949,23413],[-66,78],[-126,49],[-73,-53],[-83,41],[-1,37],[-44,25],[1,45],[-56,87],[21,85],[-31,46],[-4,57],[-36,66],[-91,7],[-90,45],[-45,5],[2,57],[-42,130]],[[44185,24220],[73,81],[-22,48],[-21,149],[61,202],[-11,152],[23,25],[4,104],[36,68],[125,9],[-49,674],[117,7],[-6,103],[235,13],[118,13],[-34,462]],[[43167,27113],[303,-101],[235,-61],[470,-104],[171,-30],[462,-63]],[[44185,24220],[-59,78],[-80,11],[-71,60],[-243,49],[-86,-29],[-90,-14],[-34,-22],[-118,-32],[-100,9],[-81,106],[-105,21],[-90,37],[-76,-19],[-52,24]],[[42897,24517],[169,94],[50,44],[69,23],[40,49],[1,67],[22,39],[-5,85],[33,40],[31,130],[59,112],[14,111]],[[38115,23645],[-58,0],[-12,-48],[-61,-19],[-82,26],[-82,2],[-2,86],[-20,83],[-69,10],[-58,43],[-34,-31],[-68,-23],[-74,37],[-51,7],[-32,-57],[-58,-24],[-47,-61],[-56,25],[-134,-14],[-24,70],[-46,11],[-91,53],[-119,-22]],[[36837,23799],[-72,62],[176,171],[147,18],[66,52],[101,48],[-41,59],[47,28],[15,49],[-84,105],[-12,124],[71,15],[-19,177],[-58,-4],[-57,526],[10,9]],[[36837,23799],[5,-53],[49,-106],[-115,-106],[-11,-65],[-86,-12],[-35,-20],[-99,8],[-148,-65],[-31,-29],[-78,6],[-151,33],[-92,-109],[7,-58],[-37,-30],[-20,-79],[13,-78],[-39,-32],[-44,-78],[-1,-63],[-33,-15],[-110,10],[-36,31],[-32,-74],[-47,-25],[-58,-85],[-88,-36],[-11,-82],[-51,-88],[-12,-50]],[[35446,22449],[-62,18],[-115,58],[-65,66],[-47,4],[-49,36],[-42,80],[-38,8],[-52,73],[-82,58],[-75,-23],[-46,45],[-97,36],[-14,-31],[-84,9],[-49,-37],[-43,35],[-69,18],[-40,-16],[-42,74],[-82,-63],[-88,-44],[-142,0],[-87,42],[-158,31],[-67,56],[-67,-37],[-157,-48]],[[33487,22897],[-87,40],[4,75],[-16,67],[15,66],[-109,5],[-35,90],[-74,-11],[-51,17],[-63,-24],[-13,36],[-108,94]],[[36511,27020],[-40,-2],[-75,31],[-29,74],[21,77],[133,59],[-31,59],[37,93],[-20,52]],[[36507,27463],[82,9],[37,37],[65,17],[76,-10],[40,-27],[43,26],[91,-10],[49,-67],[96,50],[-31,63],[53,62],[40,20],[18,55],[88,15],[65,47],[79,-2],[63,-58],[81,-5],[54,-21],[16,65],[-23,46],[41,111],[93,162],[3,40],[50,61],[30,77],[22,189],[-4,89],[52,40],[1,92],[-46,24],[22,101],[-19,70],[290,247]],[[31940,26679],[73,8],[-3,111],[128,93],[75,67],[30,-3],[39,57],[12,73],[59,30],[39,43],[-2,54],[-33,48],[-17,84],[-88,49],[0,48],[42,30],[-4,56],[137,37],[53,-2],[64,46]],[[34992,28637],[703,-262],[37,7],[1,125],[83,-8],[4,-98],[123,56],[9,51],[150,72],[120,-24],[81,-2],[61,22],[44,-72],[62,-20],[-41,-53],[10,-28],[-48,-63],[18,-54],[-20,-120],[14,-46],[-31,-56],[-10,-69],[20,-31],[-38,-50],[-56,-39],[-13,-41],[55,-118],[-18,-63],[27,-34],[-29,-64],[83,-47],[49,12],[59,-27],[6,-30]],[[36265,30205],[160,-68],[423,-161],[21,-25],[187,-70],[344,-138],[404,-142],[274,-90],[53,-13]],[[30397,29958],[36,-31],[110,-22],[64,45],[58,12],[49,-36],[45,-107],[78,11],[40,32],[47,-1],[43,-38],[75,1],[96,27],[51,29],[120,126],[67,5],[33,139],[3,124],[156,81],[14,22],[107,58],[40,-7],[50,38],[132,51],[103,69]],[[32014,30586],[73,22],[87,5],[21,-42],[88,-8]],[[32014,30586],[-23,77],[-90,43],[-23,33],[26,52],[-36,38],[-96,32],[-23,117],[-53,38],[-11,112],[66,106],[-36,26],[-13,70],[42,54],[-1,73],[-183,263],[-75,-15],[-143,-60],[-96,6],[-61,32],[-101,-15],[-60,-41],[-135,-39],[-46,43],[-57,16],[-23,50],[-157,46],[-47,-32],[-61,42],[-131,210],[-6,39],[-118,39],[32,41],[1,54]],[[30276,32136],[54,40],[69,-50],[91,63],[47,11],[-1,55],[56,51],[77,40],[-7,36],[47,58],[84,-63],[6,-70],[62,-77],[137,46],[68,-61],[90,6],[36,-34],[137,23],[64,-24],[95,58],[34,64],[143,64],[61,-38],[11,-42],[113,-21],[56,42],[9,62],[119,27],[35,42],[129,60],[95,118],[28,71],[7,68]],[[32328,32761],[198,-120],[245,-161],[533,-316],[69,3],[42,-32],[25,-54],[-3,-71],[34,-40],[279,-174],[86,-46]],[[30189,32141],[87,-5]],[[30110,34734],[87,-97],[91,-29],[-2,-29],[73,-106],[188,-105],[29,-62],[187,-182],[80,2],[46,-73],[-17,-29],[20,-55],[84,-60],[15,-71],[90,-30],[20,-55],[159,-221],[156,-147],[361,-244],[47,-9],[54,-49],[90,-5],[49,-101],[157,-116],[154,-100]],[[12195,13606],[-10,-90],[-42,-16],[-56,-54],[-3,-35],[-77,-44],[31,-41],[0,-97],[47,-69],[1,-44],[50,-42],[29,-69],[89,-4],[-31,-78],[-87,7],[-2,-103],[-73,-66],[-49,2],[-71,-70]],[[11941,12693],[-35,30],[-96,4],[13,47],[-28,31],[-113,41],[-78,8],[-146,-12],[-62,14],[-119,-28],[-84,4],[-226,-84],[-46,-29],[-51,15],[-89,-33],[-15,-40],[-60,-19],[-110,37],[-38,46],[-106,31],[-130,99]],[[12799,12387],[39,237],[112,400],[549,202],[44,80],[-15,80],[70,72],[94,4],[243,-45],[24,34]],[[15028,12767],[19,-185],[-18,-73]],[[17887,12724],[-337,-188],[-337,-205],[-121,-88],[-78,-86],[-37,9],[-42,-35],[-232,-162],[-562,-446],[-77,-65],[-87,-18],[-57,10]],[[23572,15786],[37,-7],[43,-46],[21,-90],[56,-44],[55,10],[-22,-165],[52,-106],[-1,-92],[32,-47],[-97,-102],[-65,-32],[29,-67],[-61,-16],[19,-51],[-27,-44],[2,-61],[-129,-101],[-13,-94],[-58,-23],[-32,-98],[-76,-19],[-12,-44],[-43,-25],[-29,-147],[-88,-21],[-101,-88],[-53,12],[-19,-41],[-78,-67],[-89,-144],[27,-74],[-10,-71],[5,-106],[47,-30],[-14,-46],[27,-66],[-46,-107],[-70,-32],[-75,36],[-100,-47],[-88,12],[-72,31],[-95,14],[-71,-31],[-52,-71],[-16,-59],[9,-106],[-48,-32],[-81,-27],[-61,-5],[-87,-57],[-18,-62],[-100,-52],[14,-47],[-27,-45]],[[21823,12846],[-255,86],[-177,70],[-80,43],[30,64],[-88,0],[-80,-106],[-19,7]],[[21385,14018],[4,138],[-23,50],[75,13],[71,54],[66,79],[2,59],[-39,39],[44,22],[27,56],[49,-9],[19,56],[-10,97],[31,55],[98,24],[69,71],[6,65],[32,11],[65,76],[16,62],[71,48],[24,45],[82,52],[54,77],[15,116],[61,104],[68,-1],[79,114],[49,46]],[[12349,12157],[-17,20],[54,69],[-65,125],[-97,106],[-67,48],[-48,14],[-168,154]],[[25668,16016],[-64,-48],[-35,-50],[42,-166],[-44,-53],[-45,-82],[29,-53],[-56,-52],[7,-48],[35,-32],[21,-102],[-40,-63],[7,-164],[-23,-20],[-1,-110],[-53,-38],[-3,-146],[-180,-85],[-55,-55],[-53,-7],[-28,-62],[-71,-28],[-8,-33],[-64,-9],[-42,-33],[-31,40],[-57,-30],[-44,22],[-45,-17],[1,-107],[-47,-18],[-37,-46],[17,-44],[-192,-39],[-42,-147],[7,-56],[-159,-86],[-59,-90],[16,-41],[-34,-56],[-83,-27],[2,-113],[-81,-52],[-20,-67],[11,-60],[-68,-89],[-10,-70],[-34,-22],[-18,-78],[-21,-189],[12,-53],[-24,-27],[-84,-23],[-160,-94],[-56,-75],[-151,-36],[-52,19],[-84,-113],[-32,-19]],[[23285,12574],[-107,-87],[-114,-17],[-76,-46],[-10,-64],[-134,52],[-114,4],[-29,-102],[-104,-73]],[[22597,12241],[4,28],[-98,80],[-124,64],[-49,75],[-101,73],[-47,9],[-127,181],[-89,43],[-143,52]],[[28779,14554],[-240,7],[-138,53],[2,54],[-68,120],[-55,-6],[-74,52],[-97,49],[-73,17],[-162,96],[-20,98],[-39,26],[6,49],[-62,72],[-162,-28],[-113,-45],[-34,-53],[-167,-60],[-29,-25],[15,-79],[-30,-61],[-51,-7],[-39,-59],[-109,-31],[-46,18],[-204,-34],[-4,25],[-70,75],[-132,14],[-39,24],[-108,16],[-85,44],[-108,-35],[-64,21],[-27,82],[22,79],[32,23],[7,55],[61,85],[-11,130],[54,34],[11,65],[-25,37],[2,68],[-59,36],[-85,-10],[-40,70],[7,87],[-41,69],[33,48],[7,53]],[[29241,17206],[34,-75],[46,-11],[114,-77],[3,-85],[-16,-38],[-61,-26],[-45,-107],[22,-16],[39,-108],[29,-13],[-5,-96],[66,-63],[45,0],[48,-113],[-62,-70],[-126,-219],[58,-53],[72,-214],[67,-5],[54,-30]],[[29623,15787],[21,-59],[-63,-40],[-71,-86],[-76,-7],[-57,14],[-112,-48],[-99,-119],[-25,-94],[30,-39],[-30,-37],[-77,-158],[11,-129],[-44,-86],[29,-82]],[[23285,12574],[100,-103],[-70,-87],[57,-18],[72,-48],[28,30],[60,12],[96,-78],[43,-11],[128,-103],[80,74],[54,-7],[52,31],[15,66],[60,17],[67,51],[53,89],[51,44],[96,2],[54,48],[2,45],[43,84],[34,7],[29,80],[53,54],[37,61],[49,7],[76,51],[17,51],[53,20],[33,41],[9,75],[121,60],[125,8],[17,78],[36,-9],[45,-90],[96,9],[73,64],[37,75],[73,2],[45,-71],[44,-10],[28,-54],[-7,-43],[83,27],[45,-4],[39,-38],[63,-25],[64,3],[28,30],[59,12],[122,-56],[48,5],[61,58],[129,16],[88,0],[42,32],[71,-35],[68,35],[91,-1],[71,-49],[40,-3],[82,-45],[92,-12],[87,78],[18,0]],[[27040,13206],[77,-85],[15,-89],[79,-31],[-225,-69],[-62,11],[-39,-19],[12,-44],[-18,-62],[-43,-31],[-44,-64],[-81,-37],[-16,-24],[-80,-41],[-220,-1],[-10,-38],[-54,-56],[-36,0],[-81,-77],[-19,-64],[-79,26],[-48,-25],[-54,27],[-76,14],[-116,-26],[-64,29],[-31,-40],[42,-51],[-12,-46],[21,-35],[-44,-100],[-96,-11],[-60,-99],[-76,-97],[28,-119],[-31,-48],[36,-20],[-36,-58],[3,-76],[-44,-23],[-6,-78],[-34,-52],[-100,-64],[4,-48],[-36,-36],[-46,-1],[-5,-54],[-136,-57],[-35,13],[-78,-52],[-86,2],[-58,-57],[-53,14]],[[24789,11137],[-45,52],[-85,43],[0,67],[-133,117],[-127,58],[-64,45],[-242,71],[-256,33],[-191,11],[-86,-5],[-69,80],[-234,57],[-142,23],[-71,84],[-30,63],[-127,100],[-161,75],[-129,130]],[[28848,14431],[-31,-66],[5,-66],[-123,-80],[-33,64],[-75,5],[-54,30],[-90,-5],[-19,-19],[-151,24],[-55,-28],[-56,30],[-62,95],[-55,-16],[-65,24],[-58,-19],[-48,-87],[-89,1],[-49,-69],[-35,-152],[-96,-20],[-7,-60],[19,-49],[-61,-33],[24,-81],[-23,-41],[39,-52],[-66,-79],[69,-84],[-65,-71],[25,-128],[-58,-21],[-68,-55],[-58,31],[-99,-24],[-111,19],[-77,-63],[-52,-80]],[[29440,13861],[-83,-138],[-22,-73]],[[29335,13650],[-70,10],[-55,29],[-98,-41],[-33,9],[-45,-53],[-101,-12],[-66,31],[-125,-61],[-75,-21],[-53,-78],[-34,-23],[-26,-66],[-88,-51],[-76,-84],[-135,-100],[-52,-87],[-148,9],[-106,-18],[-12,-34],[-148,-21],[-41,-47],[47,-74],[-68,-94],[-2,-85],[-48,-82],[-28,-94],[63,-65],[26,-59],[-46,-78],[57,-75],[-5,-82],[-31,-42],[-86,-55],[-15,-132],[-48,-60],[-70,-41],[-81,19],[-55,-78],[-60,-25],[-73,-5],[-40,-41],[-14,-48],[-71,-34],[-42,-101],[-64,-112],[-42,-27],[12,-73],[-42,-33],[-55,-2],[-103,-68],[-95,-91],[-31,-56],[-80,-58],[-62,-75],[-21,-60],[-79,-39],[-307,-231],[-76,-22],[-54,-57],[-111,-53],[-95,-124]],[[25753,10329],[-123,102],[-125,69],[-45,11],[-66,64],[-127,76],[-22,53],[-80,100],[-209,187],[-145,94],[-22,52]],[[31464,10605],[55,-95],[33,-98],[84,-27],[44,-32],[23,-87],[72,-57],[25,-43],[74,-2],[60,-161],[2,-45],[60,3],[33,-46],[82,-40],[-4,-72],[23,-39],[97,-31],[152,-23],[52,-61],[-11,-75],[50,-128]],[[32470,9446],[-67,-70],[-65,-30],[-15,-31],[-80,-8],[-77,-48],[-53,11],[-18,-65],[-45,-81],[-127,-29],[-35,20],[-72,-2],[-111,24],[-67,-33],[-13,-50],[-81,13],[-120,-49],[-43,-52],[-41,18],[-65,-5],[-87,-51],[-62,33],[-51,-68],[-148,-23],[-31,26],[-65,-44],[-27,-52],[-56,-25],[-26,-53],[-71,-38],[-101,-36],[-18,-68],[-63,-46],[4,-39],[-32,-41],[35,-66],[-141,-120],[3,-37],[-42,-79]],[[30296,8152],[-195,47],[-122,-6],[-107,18],[-106,89],[-121,62],[-144,62],[0,-1],[-88,128],[-108,28],[-92,-6],[-43,14],[-74,66],[-120,23],[-93,-6],[-57,55],[-96,17],[-92,-12],[-79,66],[-54,76],[-52,39]],[[28453,8911],[-1,37],[36,55],[63,37],[67,-4],[28,25],[-19,84],[120,77],[136,9],[44,41],[82,46],[63,81],[64,50],[47,57],[43,22],[-31,82],[60,47],[27,91],[44,38],[-2,94],[78,97],[65,14],[11,80],[-39,46],[18,36],[-15,55],[8,59],[43,50],[-11,53],[80,80],[3,33],[62,75],[2,53],[62,74],[-82,116],[40,97],[-58,37],[-40,91],[14,211],[62,8],[80,32],[78,0],[67,40],[42,6],[41,53],[88,41],[72,-27],[90,57],[40,-13],[94,15],[27,61],[-9,57],[116,26]],[[30453,11593],[55,-125],[37,-40],[51,-13],[-6,-45],[38,-41],[14,-95],[64,-5],[113,31],[56,-49],[135,-22],[27,-134],[61,-38],[57,-91],[25,-1],[30,-110],[48,-29],[47,-53],[11,-43],[63,-63],[85,-22]],[[32470,9446],[133,-20],[140,-64],[-11,-121],[113,-150],[42,-31],[112,5],[64,-49],[6,-83],[44,-121],[62,-87]],[[33175,8725],[-53,-9],[-133,-65],[-25,-48],[12,-41],[-38,-48],[56,-83],[-7,-70],[105,-189],[-14,-61],[-75,-22],[-9,-34],[-59,-58],[50,-82],[108,-15],[116,-75],[-69,-93],[-36,37],[-77,-36],[-46,3],[-44,-128],[-100,-71],[-37,21],[-40,-27],[-201,-31],[-60,19],[-62,-4],[-35,23],[-54,-18],[-79,25],[-115,-48],[-54,-86],[-52,-41]],[[32048,7370],[-53,44],[-454,186],[-76,44],[-15,70],[-80,58],[-91,22],[-92,125],[-13,42],[-90,40],[-87,10],[-99,34],[-123,2],[-91,65],[-52,-9],[-141,21],[-91,-11],[-104,39]],[[33175,8725],[60,-24],[39,-50],[83,-58],[84,44],[86,-11],[82,-58],[32,-77],[48,20],[60,-17],[4,-63],[186,32],[44,27],[45,-11],[53,-52],[60,-19],[107,-6]],[[34248,8402],[-4,-98],[-40,-155],[-19,-135],[38,-100],[-40,-88],[-8,-96],[-21,-23],[-43,-138],[-3,-104],[29,-74],[-14,-37],[22,-53],[-33,-38],[15,-34],[-137,-46],[-15,-58],[-38,-44],[20,-35],[-52,-51],[-70,-24],[-44,-46],[-98,-151],[-89,-241],[-41,-150],[-8,-112],[-24,-75],[1,-67],[39,-73],[11,-75],[-41,-9],[-106,123],[-55,30],[-25,63],[-41,39],[-103,34],[-69,41],[-17,57],[-88,30],[-34,68],[-133,97],[-23,92],[0,55],[-57,93],[-42,41],[-27,78],[-103,111],[-135,75],[-56,60],[-73,27],[-69,69],[-146,67],[-60,15],[-31,33]],[[29335,13650],[36,-67],[-16,-82],[7,-47],[62,-67],[49,-18],[12,-93],[-23,-29],[39,-36],[151,-18],[62,-72],[18,-119],[22,-54],[82,-85],[13,-110],[45,-51],[70,-24]],[[29964,12678],[20,-72],[-4,-131],[11,-22],[144,-43],[71,5],[90,-38],[-14,-103],[17,-27],[-21,-60],[-42,-34],[-6,-69],[75,-62],[55,-87],[121,-17],[49,-93],[-11,-75],[-39,-52],[0,-69],[-27,-36]],[[28453,8911],[-93,58],[-85,85],[-111,27],[-68,63],[-147,84],[-45,40],[-70,21],[-73,-3],[-212,63],[-179,94],[-95,62],[-38,12],[-104,-15],[-93,42],[-73,48],[-204,215],[-9,49],[-108,70],[-178,34],[-97,-11],[-100,77],[-61,17],[-85,51],[-64,19],[-70,99],[-38,27],[-200,90]],[[32730,16640],[-31,36],[-106,83],[-11,53],[-76,126],[-174,217],[-52,48],[-75,-2],[-137,67]],[[32068,17268],[-58,535],[-195,86],[293,1000],[649,-147]],[[32757,18742],[532,-120],[-4,-71],[42,-85],[-50,-179],[-54,-79],[-22,-82],[6,-48],[327,-47],[75,410],[634,-94],[33,-89],[13,-140],[-40,-59],[79,-64],[93,-14]],[[34421,17981],[-5,-75],[-24,-20],[-5,-69],[14,-64],[32,-11],[85,-179],[15,-52],[-31,-85],[50,-33],[83,-197],[11,-58],[42,-73],[-65,-105],[23,-41],[-29,-78],[-215,-52],[-47,32],[-94,-49],[-2,-101],[-46,-50],[27,-53],[-20,-78]],[[34220,16490],[-55,-41],[-2,-59],[-73,-18],[-109,79],[-50,-3],[-35,37],[-51,6],[-37,-25],[-116,-2],[-61,-14],[-46,20]],[[32757,18742],[-34,46],[-138,99],[-66,73],[-44,86],[36,173],[-51,67],[12,82],[-79,121],[2,48],[-74,128],[28,89]],[[32349,19754],[398,-86],[301,-73],[651,-147],[-37,-64],[929,-136],[99,-25],[-22,-94],[162,-20]],[[34830,19109],[-29,-100],[14,-378],[107,-128],[25,-104],[88,-42]],[[35035,18357],[-248,-309],[-87,-3],[-25,-20],[-149,-23],[-55,-37],[-50,16]],[[33487,22897],[-39,-120],[-36,-62],[8,-62],[41,-95],[-8,-54],[61,-137],[-9,-30],[-79,-32],[-34,-59],[-75,-210],[26,-93],[-64,-109],[30,-40],[65,-34],[122,-138],[-44,-60],[4,-41],[58,-38],[47,-67],[-14,-38],[9,-84],[-44,-52],[9,-71],[65,10],[33,-101],[73,0],[87,-46],[96,2],[40,-65],[13,-92],[40,-66],[142,-80],[20,-43],[72,-81],[-3,-79],[-62,-35],[14,-69],[499,-72],[94,-11],[79,-32],[50,-38],[25,-51],[105,-66],[-85,-448],[76,-6]],[[34994,19702],[-68,-119],[-23,-140],[52,-37],[-5,-36],[-96,-54],[34,-88],[-58,-119]],[[32349,19754],[45,72],[7,53],[64,163],[28,254],[93,121],[112,60],[-12,119],[-45,24],[-60,142],[-96,101],[-60,20],[8,75],[-51,50],[1,30],[-87,104],[-3,29],[-64,30],[-115,16],[-50,-57],[-133,10],[-69,54],[-123,61]],[[31739,21285],[2,110],[-41,41],[32,70],[-44,80],[25,49],[17,95],[39,59],[-30,91],[75,110],[42,94],[-24,57],[-93,96],[-2,56],[-30,41],[-42,116],[-109,66],[-17,57],[48,64],[-4,24]],[[32068,17268],[-70,55],[-177,102],[-82,34],[-91,57]],[[31648,17516],[-177,140],[-110,101],[-81,36],[-88,70],[-119,130],[-8,32],[-56,41],[-26,84],[-90,78],[-42,138],[8,43]],[[30859,18409],[-22,86],[15,26],[-31,101],[18,74],[-38,50],[46,39],[-19,57],[68,115],[48,53],[76,2],[1,47],[45,36],[-13,42],[10,97],[73,-21],[73,23],[12,106],[20,27],[-69,70],[79,26],[47,36],[13,54],[55,41],[-93,65],[10,61],[-49,35],[62,107],[-48,81],[46,57],[2,85],[-49,40],[46,101],[60,28],[-8,37],[57,167],[147,51],[32,125],[-45,60],[-13,58],[-48,31],[-6,56],[45,31],[-3,64],[30,42],[-17,92],[100,24],[65,75],[6,69],[44,47]],[[30859,18409],[-46,-30],[-60,8],[-13,-87],[38,-50],[-28,-66],[27,-60],[-286,-55],[79,-184],[-342,-90],[45,-83],[-48,-27],[31,-44],[-58,-33],[-1,-78],[-110,15],[-138,-35],[-81,11],[-70,-53],[-84,-34],[-65,-71],[-56,-11],[-52,-40],[-126,-26],[-58,5]],[[31648,17516],[26,-230],[-252,-23],[54,-498],[-320,-29],[-26,-26],[124,-105],[35,23],[99,-86],[7,-54],[60,-15],[-28,-41],[-87,-42],[8,-45],[-29,-30],[-39,48],[-87,35],[-119,-26],[-25,27],[-54,-59],[59,-41],[35,55],[63,-3],[-108,-115],[46,-124],[-63,-77],[-98,-81],[-114,-33],[-3,-52],[128,-47],[-48,-77],[101,-51],[-138,-218],[-90,27],[-31,37],[-77,51],[-94,-58],[-199,55],[-170,8],[-76,22],[-65,44],[-57,85],[-127,24],[-57,74],[-189,-58]],[[33105,14023],[-66,-34],[-173,-324],[-212,-301],[-135,-100],[53,-59],[-198,-146],[45,-65],[-107,-80],[-65,70],[-112,-28],[-66,-28],[-124,-3],[-92,-55],[-40,-6]],[[31813,12864],[-116,-11],[-37,37],[-127,-69],[-36,-62],[-165,21],[-55,22],[-62,-47],[-102,-29],[-64,42],[-81,-34],[-39,-66],[-91,-92],[-84,12],[-60,71],[-144,-14],[-123,21],[-60,26],[-53,53],[-85,-4],[-59,17],[-59,-44],[-62,-24],[-85,-12]],[[33598,14294],[311,-72],[-44,-107],[-20,-211],[-135,-481],[67,-81],[284,-34],[16,-53],[-77,-346],[-60,8],[-47,-31],[-78,-18],[-23,-38],[-49,-7],[-78,-49],[-32,13],[-44,-38],[-154,-75],[-61,7]],[[33374,12681],[-144,32],[-88,8],[-118,-7],[-235,11],[-94,25],[-157,-9],[-72,-21],[-161,70],[-100,-29],[-101,3],[-114,16],[-43,-16],[-85,77],[-49,23]],[[33374,12681],[-32,-53],[100,-48],[-55,-92],[158,-75],[15,25],[155,-75],[13,22],[305,-145],[340,131],[157,-74],[35,-2],[18,-49],[53,14],[74,-219],[239,63],[2,20],[400,108],[-27,57],[-48,13],[-131,144],[-4,29],[-94,54],[3,34],[-48,24],[-19,94],[21,60],[-29,35],[-47,104],[-73,36],[-68,-46],[-61,10],[-82,44],[6,77],[-30,14],[-36,76],[68,157],[-10,63],[-51,66],[41,43],[3,38]],[[34635,13458],[32,50],[82,4],[71,-14],[-20,95],[73,31],[77,114],[66,50],[103,-58],[66,-69],[49,14],[-2,-92],[44,-57],[6,-44],[68,-34],[132,-123],[57,72],[82,-50],[-38,-65],[-2,-68],[69,-21],[90,-51],[-31,-40],[83,-102],[59,-36],[83,21],[-44,-90],[11,-53],[47,-38],[-35,-63],[52,-31]],[[35965,12710],[-342,-445],[-185,-218],[-224,-301],[-59,-119],[-58,-82],[-105,-176],[-146,-224],[-41,-87]],[[34805,11058],[-28,50],[-64,17],[-19,28],[-58,11],[-16,57],[-92,32],[-62,-30],[-97,29],[-68,34],[-27,45],[-63,-20],[-89,32],[-20,37],[-108,-1],[-97,10],[-107,-39],[-69,32],[-68,-28],[-65,28],[-40,-22],[-68,5],[-91,-32],[-39,19],[-48,-20],[-61,12],[-81,-37],[-38,-36],[0,-39],[-184,0],[-38,-25],[-113,-3],[-54,-65],[-52,9],[-57,-40],[-103,-8],[-73,43],[-71,6],[-48,-32],[-131,39],[-76,-14],[-44,53],[-63,-1],[-111,-52],[-68,-56],[-55,5],[-47,-73],[19,-45],[-8,-90],[-61,-54],[-77,-38],[-76,-86],[-67,-100]],[[34805,11058],[-48,-75],[-76,-145],[-92,-153],[-68,-135],[-36,-130],[-105,-172],[-82,-186],[-31,-110],[0,-40],[54,-24],[-49,-76],[-53,23],[-11,-73],[20,-47],[-101,-260],[-16,-183],[56,-78],[8,-92],[44,-40],[-15,-112],[43,-62],[102,-51],[-25,-103],[24,-24],[-23,-83],[0,-73],[-77,-152]],[[34220,16490],[168,52],[58,-11],[143,6],[91,22],[54,-52],[-14,-80],[94,-101],[166,-94],[54,-43],[88,-100],[150,-249]],[[35272,15840],[-463,-39],[60,-551],[-390,-370],[-11,-466],[-32,-27],[-44,-100],[-36,-38],[-50,-152],[26,-50],[-50,-108],[31,-81],[-9,-59],[24,-65],[45,-62],[-24,-21],[15,-72],[123,3],[83,-25],[-3,-24],[68,-75]],[[35035,18357],[241,-161],[41,8],[53,-86],[127,-150],[96,-45],[150,-110],[106,-68],[402,201],[21,-20]],[[36272,17926],[-15,-68],[37,-44],[2,-85],[21,-61],[74,-50],[7,-39],[58,-7],[7,-46],[71,-33],[5,-52],[-48,-113],[-55,-83],[-33,-103],[19,-58],[-8,-56],[48,-58],[7,-73],[-58,-35],[-96,-106],[43,-144],[61,-23],[11,-189],[-46,-34],[-24,-46],[-17,-89],[-70,-25],[-84,-92],[6,-65]],[[36195,16049],[-323,-131],[-200,-54],[-84,2],[-316,-26]],[[36195,16049],[-1,-46],[73,-53],[43,-9],[67,-61],[29,-61],[84,-34],[-114,-125],[-63,1],[-49,-100],[89,-165],[6,-60],[89,-58],[-30,-71],[59,-73],[103,-34],[-62,-519],[-2,-40],[50,-96],[-19,-56],[9,-72],[87,-28],[14,-21],[-63,-82],[75,-148],[32,-22],[124,-5],[33,52],[49,16],[75,-3],[42,-24],[75,50],[98,-2],[39,-25],[62,26],[97,62]],[[37395,14163],[-160,-151],[-48,-61],[-41,-15],[-95,-79],[-77,-82],[-85,-60],[-102,-109],[-169,-164],[-194,-204],[-459,-528]],[[34994,19702],[566,-46],[13,-28],[96,-20],[110,5],[121,-68],[152,34],[105,-79],[93,-144],[51,-41],[10,-58],[58,-116],[82,31],[0,93],[676,386],[60,-89],[61,-49],[54,-15],[54,-46],[89,-15],[59,-111],[186,-89],[80,42],[51,54],[50,13],[77,-11],[157,21],[75,-74],[90,-6]],[[38270,19276],[7,-53],[-31,-57],[-110,-68],[0,-94],[50,-49],[-7,-55],[-81,2],[-42,-49]],[[38056,18853],[-38,8],[-81,-24],[-91,30],[-138,-55],[-68,-64],[-152,-9],[-210,-137],[-15,-45],[-79,-26],[-36,8],[-95,-87],[-147,-99],[-100,-17],[-59,-31],[-44,-69],[-69,-6],[-22,-85],[-87,-46],[-78,-19],[-60,11],[-63,-47],[21,-46],[-49,-30],[-24,-42]],[[40120,21064],[-106,-52],[-60,-9],[-43,-47],[-60,1],[-44,-44],[-48,10],[-48,-56],[-70,19],[-8,-80],[-65,-25],[-54,-42],[-39,-68],[-50,-4],[-53,34],[-24,-64],[-52,15],[-49,-71],[-89,-47],[15,-69],[-17,-39],[-53,13],[-50,-76],[-28,-17],[-75,12],[-72,-55],[-117,-131],[-33,-51],[-114,37],[-58,30],[-12,-62],[12,-115],[-33,-41],[38,-23],[6,-60],[-61,-18],[-68,-73],[-6,-68],[-79,19],[0,-65],[-19,-46],[-4,-75],[-51,-12],[-32,-81],[-1,-56],[58,-42],[5,-55],[-39,-39]],[[35446,22449],[-63,-630],[768,130],[300,-110],[105,118],[51,-9],[85,85],[154,-30],[45,-25],[119,-36],[84,-56],[44,-58],[98,-99],[86,-23],[85,16],[88,65],[58,-18],[43,41],[84,-69],[39,37],[54,-43],[-97,-104],[8,-56],[-51,-73],[-96,-15],[13,-65],[-54,-168],[-48,29],[-101,-43],[-49,-68],[-82,10],[-34,-90],[-41,-14],[2,-58],[-31,-28],[38,-74],[75,27],[40,-15],[42,-142],[112,-15],[25,-16],[149,30],[58,72],[-7,34],[58,28],[182,28],[1,110],[70,-7],[27,67],[55,47],[62,-2],[73,32],[54,49],[9,105],[47,-12],[59,52],[16,46],[53,70],[-64,87],[42,90],[28,21],[16,97],[75,66],[33,8],[19,77],[-81,103],[155,85],[-46,54],[-39,81],[59,44],[145,-47],[93,-61],[21,-53],[76,-1],[35,-29],[51,13],[53,-33],[66,2],[114,31],[47,0],[90,32],[96,3],[26,27],[97,14]],[[38928,15510],[-174,-143],[-222,-212],[-35,-55],[-55,-30],[-83,-83],[-60,-35],[-178,-156],[-94,-109],[-34,-7],[-203,-168],[-187,-172],[-132,-105],[-76,-72]],[[38056,18853],[-4,-41],[64,-50],[2,-39],[-38,-66],[-21,-128],[-66,-40],[-9,-46],[-39,-35]],[[43477,17911],[11,80],[-26,23],[54,99],[-49,101],[38,77]],[[43505,18291],[536,82],[26,-11],[253,18],[105,-52],[58,-15],[70,24],[75,-136],[46,47],[32,-29],[-17,-77],[33,-50],[3,-113],[43,-91],[9,-120],[65,-48],[3,-118],[-73,-97],[41,-59],[17,-62],[76,42],[41,-11]],[[44947,17415],[55,-64],[2,-68],[-18,-116],[-45,-27],[18,-53],[89,-112],[333,-47],[223,-19],[374,108],[221,40],[-31,58],[18,22],[128,34]],[[46314,17171],[-50,-117],[-16,-125],[21,-48],[108,-54],[97,-139],[72,-10],[136,-112],[2,-1],[5,-4],[1,-2],[101,-57],[0,-2],[2,-8],[-38,-23],[-40,-2],[-4,-1],[-9,-5],[-11,-3],[-1,4],[-19,5],[-8,-2],[-31,0],[-253,-4],[-369,52],[-84,-6],[-94,23],[-88,57],[-68,13],[-121,-7],[-92,55],[-101,0],[-69,0],[-137,-25],[-200,18],[-86,-9],[-86,-33],[-64,19],[-8,6],[-2,3],[-94,18],[-145,-24],[-131,-69],[-120,-29]],[[44947,17415],[105,122],[90,129],[32,-13],[34,72],[64,-34],[126,68],[80,6],[30,33],[58,111],[-5,63],[43,77],[82,100],[-9,34],[44,29],[162,30],[3,53],[-73,109],[-30,8],[-5,125],[-21,28],[-38,158],[105,43],[45,-61],[-34,-34],[22,-62],[50,-3],[60,28],[13,71],[129,70],[28,50],[56,-6],[6,-103],[63,136],[74,28],[-7,118],[79,45],[100,74],[87,-6],[54,-20],[83,-2],[64,-64],[51,-28],[103,-26],[21,-44],[91,17],[-38,83],[2,44],[-62,58],[-29,72],[-147,97],[-131,29],[-43,49],[-75,7],[-46,56],[44,33],[38,90],[-29,32],[11,63],[-38,114],[-23,110],[-35,73],[-63,54],[-77,2],[-22,29],[-134,68],[-73,49],[-77,-2],[-18,97],[-40,19],[-39,61],[11,64],[-14,36],[-101,53],[5,127],[-42,141],[23,64]],[[45800,20816],[70,-19],[26,-65],[62,-36],[67,49],[60,-36],[165,-163],[33,-84],[101,1],[114,-57],[61,-43],[68,12],[16,-48],[147,-9],[26,-27],[59,5],[49,-19],[98,3],[90,-17],[155,-64],[31,-31],[22,-67],[131,-60],[81,50],[66,-40],[-4,-27],[61,-34],[82,-69],[132,-88],[44,-129]],[[47913,19704],[-30,-35],[152,-110],[-37,-40],[229,-165],[-147,-161],[92,-66],[-186,-205],[193,-140],[30,-90],[38,1],[113,-43],[86,-60],[94,-31],[31,-42],[131,-68],[-16,-31],[-61,-10],[-41,-70],[-83,-107],[5,-86],[64,-112],[-7,-62],[-124,-36],[-35,-107],[-35,12],[-28,-64],[67,-61],[23,-54],[-17,-29],[35,-61],[92,-63],[-10,-72],[49,-35],[-13,-70],[50,-36],[-18,-41],[9,-116],[-12,-50]],[[48596,17088],[-119,-60],[-21,-43],[-48,-23],[-101,-7],[-56,47],[-49,-29],[-52,15],[-46,42],[-101,18],[-9,-54],[-38,-10],[-1,5],[0,2],[-1,1],[-8,10],[-1,3],[-2,2],[-1,1],[-18,3],[-2,1],[-2,-1],[-6,0],[-3,-1],[-11,2],[-11,0],[-69,32],[-157,-27],[-51,-22],[-56,39],[-24,73],[-148,69],[41,33],[-26,54],[-64,43],[-129,10],[42,89],[-28,65],[8,37],[156,155],[-86,27],[-22,26],[-109,39],[-97,16],[-129,-2],[-150,-36],[-70,-46],[-143,-166],[-130,-124],[-46,-64],[-9,-42],[-79,-119]],[[47557,16749],[48,-34],[-59,-86],[-69,-31],[2,58],[78,93]],[[51435,18961],[-85,-62],[-90,43],[-54,-14],[-44,27],[-138,-54],[-226,-77],[-67,-32],[-51,-46],[-2,-6],[0,-2],[0,-2],[-16,-14],[-23,-13],[-37,-20],[4,-13],[-11,-5],[-4,0],[-4,-2],[-1,-2],[-20,-17],[2,-6],[1,-7],[-37,-12],[-1,2],[-4,1],[-23,-18],[0,-2],[-5,-2],[-2,-1],[-8,-5],[-8,1],[-17,-2],[-13,-3],[-5,0],[-4,-1],[-2,-1],[-3,-2],[-2,1],[-95,-14],[-7,0],[-9,2],[-13,0],[-7,1],[-5,1],[-17,5],[-2,1],[-6,3],[-3,1],[-4,1],[-4,1],[-5,1],[-13,3],[-8,5],[-2,0],[-8,5],[-2,1],[-45,44],[-31,51],[-79,11],[-105,-34],[-20,-6],[-11,-3],[-86,-33],[-96,-89],[-4,2],[-66,-22],[-80,-122],[-25,-106],[0,-121],[40,-142],[63,-30],[104,8],[37,-23],[80,16],[5,1],[2,0],[2,1],[2,1],[2,2],[8,3],[6,2],[9,2],[11,2],[7,1],[2,0],[17,2],[10,2],[7,2],[2,0],[12,0],[3,0],[14,-3],[8,-3],[2,-8],[0,-2],[7,-18],[-26,-30],[-69,-19],[-29,-68],[-95,-18],[-46,9],[-44,69],[-69,31],[-124,10],[-67,-32],[-69,-71],[-19,-43],[23,-79],[-43,-44],[28,-62],[-19,-29],[-183,-42],[-10,0],[-11,-4],[-100,-100],[-161,-13],[-67,-105],[15,-65],[39,-31],[-37,-70],[1,-2],[0,-7],[-3,-1],[-2,0],[-1,-1],[-3,-5],[-1,-1],[-1,-2],[-3,-13],[1,-2],[0,-2],[-5,-9],[-76,-25],[-34,-31],[-90,-29],[-43,26]],[[47913,19704],[68,26],[113,22],[84,-9],[71,-44],[62,-60],[85,-32],[110,-17],[59,-41],[35,-56],[145,-89],[93,-10],[37,39],[61,14],[-3,48],[53,26],[25,52],[90,37],[100,71],[71,-28],[213,-16],[23,-27],[97,10],[87,-30],[87,36],[74,77],[67,-11],[62,89],[92,66],[103,9],[45,-28],[92,11]],[[49575,17710],[41,-38],[-88,-23],[-59,10],[8,39],[98,12]],[[43505,18291],[41,28],[8,63],[115,64],[22,33],[103,22],[97,144],[-11,45],[44,71],[-35,124],[-53,1],[-22,66],[-56,110],[79,99],[-4,32],[49,54],[5,65],[-43,59],[-20,101],[-48,68],[-55,24],[23,64],[-101,96],[-105,19],[-48,46],[-32,76],[-51,17],[-66,85],[-85,52],[-36,77],[10,88],[-23,29],[22,65],[-36,41],[22,75],[-13,147],[-73,63],[-15,51],[-57,38],[0,31],[-92,79],[5,21],[-77,94],[-71,36],[-34,-9],[-172,20],[-2,38],[-56,27],[86,169],[26,31],[-22,55],[-97,142],[-25,136],[-30,9],[-89,77],[-63,11],[-97,72],[-73,98],[-84,52]],[[42090,21882],[96,2],[33,-67],[61,-56],[108,-44],[45,23],[82,-14],[102,-39],[95,35],[23,-72],[150,-67],[81,16],[41,-23],[61,33],[204,-319],[147,3],[49,-53],[279,161],[-80,120],[75,-26],[65,44],[22,42],[62,2],[34,-55],[53,11],[29,-37],[82,-10],[25,-30],[90,-12],[36,-37],[69,-35],[101,14],[53,-61],[45,-23],[-6,-72],[70,-35],[127,6],[-35,131],[-49,80],[236,122],[-30,49],[34,75],[22,181],[51,63],[92,72],[-53,44],[22,26],[5,110],[40,74],[-52,59],[0,68],[175,8],[-21,47],[-109,156],[-52,129],[-64,62],[-51,91],[-37,24],[-15,49],[41,53],[114,96],[58,89]],[[45021,23165],[98,4],[85,-40],[121,-29],[466,-246],[656,-634],[-1,-3]],[[46446,22217],[-568,-458],[-140,41],[-28,-24],[-60,32],[-51,-84],[-41,-23],[42,-74],[-69,-29],[0,-81],[60,-61],[-10,-57],[103,-125],[65,-150],[-16,-65],[25,-97],[31,-21],[11,-125]],[[44949,23413],[37,-90],[-10,-49],[45,-109]],[[42012,17125],[-197,-41],[-207,-57],[-208,-73],[-280,-123],[-143,-99],[-55,-33],[-109,-40],[-74,9],[-98,-55],[-55,-16],[-203,-94],[-293,-176]],[[46446,22217],[90,68],[91,-88],[71,-34],[78,25],[179,-46],[54,13],[48,-39],[40,24],[101,4],[78,17],[34,26],[155,-37],[111,20],[99,-1],[43,41],[62,28],[287,-274],[84,13],[81,68],[61,9],[132,-17],[457,370],[6,46],[49,57],[-220,215],[117,22],[23,30],[84,46],[93,12],[151,5],[32,37],[205,44],[81,40],[32,36],[74,31]],[[49609,23028],[43,21],[98,5],[36,-24],[108,101],[40,-13],[55,93],[48,3],[52,31],[55,94],[-2,103],[39,41],[119,59],[42,-55]],[[50342,23487],[-32,-28],[2,-59],[136,-107],[65,-16],[-39,-107],[82,-107],[-15,-96],[137,-184],[66,-199],[-5,-79],[16,-140],[36,-169],[67,-206],[18,-86],[12,-182],[71,-226],[59,-147],[55,-105],[52,-60],[0,-49],[69,-121],[91,-131],[146,-169],[182,-171],[92,-74],[142,-89],[54,-44],[50,-83],[39,-30]],[[50743,23549],[0,14]],[[50743,23563],[208,-44],[278,-70],[219,-86],[86,-67],[68,-99],[36,-140],[-43,-89],[-89,-60],[-99,-22],[-174,15],[-55,29],[37,37],[53,3],[-12,72],[88,9],[13,-28],[133,-4],[10,37],[61,53],[0,81],[-54,57],[4,53],[-62,39],[-80,12],[-24,33],[-73,28],[-122,-58],[-89,-31],[-5,85],[-99,-73],[-46,41],[61,20],[-48,55],[2,63],[-183,35]],[[46340,24281],[96,-17],[23,14],[51,94],[161,38],[57,45],[41,-20],[97,-6],[73,-42],[64,-4],[35,74],[118,12],[28,-32],[82,-3],[45,-35],[52,3],[133,-50],[80,-16],[25,-107],[57,-67],[95,-36],[459,-193],[597,-257],[52,49],[199,29],[42,56],[75,12],[91,-47],[50,9],[10,-93],[-81,-93],[-12,-43],[-79,-90],[154,-156],[299,-281]],[[47577,26290],[117,32],[67,62],[33,-8],[58,44],[106,27],[2,42],[118,53],[70,-9],[79,17],[27,-33],[51,6],[53,-33],[179,-45],[132,-75],[24,-48],[54,-10],[91,-118],[84,-31],[222,-8],[57,-39],[96,17],[47,-21],[137,13]],[[49481,26125],[-54,-224],[-37,-101],[-58,-114],[-100,-57],[-73,-78],[21,-145],[-38,-63],[40,-148],[8,-138],[37,-107],[59,-87],[78,-87],[80,-62],[19,-78],[102,-180],[107,-155],[38,-105],[58,-65],[43,-116],[-7,-53],[69,-73],[113,-56],[445,-165],[133,-34],[179,-71]],[[50743,23549],[-131,6],[-76,69],[-102,23],[-110,-4],[-23,-18],[60,-53],[5,-69],[-24,-16]],[[51533,31130],[57,-19],[-31,-84],[11,-68],[72,-41],[11,-61],[-46,-43],[32,-129],[-10,-42],[65,-117],[1,-33],[44,-83],[39,-22],[2,-59],[-40,-139],[-81,-47],[-42,-55],[19,-87],[-28,-34],[16,-70],[-36,-23],[-56,-74],[-41,-87],[2,-84],[-36,-61],[-81,-36],[-19,-66],[-74,-77],[-45,-87],[-53,-15],[-40,-87],[-83,-78],[-162,-108],[-71,-128],[-7,-61],[-32,-60],[-8,-54],[-41,-63],[-46,-145],[15,-122],[28,-96],[-56,-61],[3,-43],[-61,-86],[-78,-134],[-97,-43],[-55,-38],[-48,-85],[-55,-34],[-29,-49],[-68,-53],[-31,-88],[-127,-126],[-70,-53],[-11,-62],[-37,-53],[-63,-32],[-53,-125],[-53,-66],[-32,-81],[4,-37],[-49,-67],[-17,-92],[-58,-57],[-47,-137],[-91,-103],[-18,-53],[24,-101],[-29,-80],[45,-121]],[[64362,26396],[69,20],[42,-43],[60,-22],[-20,-60],[121,-22],[21,-54],[69,-5],[3,-53],[101,-101],[21,-42],[56,-37],[119,-45],[90,-66],[-47,-54],[-75,1],[-37,-42],[39,-83],[-5,-63],[-33,-6],[-25,-69],[-51,55],[-115,37],[-114,-48],[-35,-38],[-94,11],[-68,23],[-95,-45],[-48,-43],[4,-47],[68,-57],[48,4],[68,-36],[-112,-64],[-23,30],[-53,6],[-33,52],[-49,-14],[-53,31],[-29,-34],[22,-52],[-64,-41],[-34,71],[-80,-79],[6,-83],[33,-25],[-53,-103],[-46,-21],[-52,75],[-22,-52],[-60,-65],[-53,-33],[-32,54],[-61,1],[22,-57],[-42,-22],[-35,25],[-79,-19],[-4,-112],[-101,-37],[-28,38],[-60,12],[7,34],[-88,53],[-89,-35],[4,-57],[-74,-48],[-3,-70],[34,-82],[-91,-44],[0,-74],[-125,1],[-72,-49],[-80,-16],[-37,56],[77,41],[-92,87],[-65,18],[-96,164],[26,88],[-27,52],[53,47],[-36,32],[-76,-4],[-44,-50],[0,-45],[59,-36],[-30,-56],[-157,-4],[47,52],[-71,54],[-1,52],[26,49],[61,49],[54,9],[17,40],[-13,111],[-100,58],[-81,193],[30,60],[72,7],[112,116],[151,-18],[109,21],[14,29],[68,-2],[108,55],[95,-4],[72,-24],[34,24],[113,26],[31,-7],[40,-69],[39,15],[-23,53],[102,26],[74,-35],[49,-4],[63,-34],[48,33],[-95,57],[-53,-6],[-73,43],[-15,78],[250,138],[37,48],[113,67],[54,71],[113,-37],[82,-145],[58,21],[-29,43],[-49,3],[-6,43],[-46,93],[43,19],[80,-56],[27,-42],[78,67],[15,-33],[-23,-62],[76,-12],[41,70],[-68,28],[-7,105],[64,26],[53,-17]],[[64103,25070],[39,-60],[-48,-57],[-79,46],[27,77],[61,-6]],[[63155,24794],[46,-54],[63,19],[-50,-88],[-39,15],[-20,108]],[[56281,28558],[-12,-61],[-74,-29],[8,-64],[-22,-44],[-69,-57],[-56,-147],[-9,-90],[24,-259],[-29,-27],[-85,15],[17,86],[-74,25],[-119,-13],[-79,-49],[-54,-54],[-54,-82],[-68,-167],[-45,-58],[-56,-125],[-26,-111],[17,-156],[-7,-53],[-67,-73],[-23,-103],[-116,3],[-131,-73],[-85,-28],[-218,-117],[-43,1],[-2,-1],[-56,-22],[-104,5],[-13,8],[-135,-49],[-71,50],[-51,5],[-101,-32],[-79,-55],[-74,-96],[-48,-103],[-70,11],[-60,-77],[-41,-93],[-59,36],[-55,-24],[-51,-74],[-82,-218],[-4,-153],[-35,-156],[-13,-182],[22,-167],[-23,-194],[-33,-125],[-10,-93],[-33,-149],[-8,-236],[-42,-169],[-2,-156],[-52,-149],[-35,-34],[-51,10],[-28,177],[24,206],[48,122],[35,209],[23,17],[4,72],[-204,43],[-128,0],[-175,-20],[-113,-43],[-71,-1],[-193,-36],[-122,-46],[-50,67],[-53,110],[-27,145],[62,161],[6,135],[-35,69],[-52,211],[-66,141],[-45,25],[-38,51],[6,49],[65,103],[135,31],[156,52],[59,65],[-2,64],[32,32],[3,59],[36,37],[65,147],[84,97],[108,65],[124,29],[40,36],[60,18],[190,92],[-6,76],[62,16],[103,56],[38,55],[222,65],[65,49],[-1,60],[34,104],[57,56],[99,35],[52,61],[101,55],[92,14],[108,114],[14,42],[183,81],[36,50],[-40,61],[17,33],[82,18],[91,59],[36,-3],[64,36],[63,14],[163,99],[55,55],[-10,42],[54,48],[-4,31]],[[55048,28239],[246,25],[9,88],[47,91],[12,104],[19,38],[84,55],[-11,50],[45,74],[49,-6],[76,32],[115,-8],[43,-19],[46,20],[69,-55],[48,23],[281,-62],[55,-131]],[[55048,28239],[11,79],[-30,54],[7,86],[-27,75],[13,127],[85,53],[31,79],[64,46],[40,87],[62,37],[86,110],[7,53],[107,90],[60,22],[91,64],[116,135],[53,38],[63,107],[89,95],[50,184],[50,67],[36,21],[108,156],[19,51],[113,95],[77,43],[26,34],[107,64],[105,87],[93,5],[65,131],[87,40],[45,74],[79,70],[79,98],[65,129],[41,53],[6,117],[34,58],[3,60],[40,133],[-34,91],[69,42],[22,36],[59,27],[41,82],[112,99],[41,68],[43,34],[179,343],[84,246],[100,97],[57,44],[73,27],[72,85],[39,19],[68,80],[110,34],[67,-1],[26,31],[53,-25],[56,52],[38,-8],[-5,-73],[60,-38],[62,-2],[55,-37],[-3,-41],[77,-65],[94,-25],[50,-42],[91,-29],[38,-101],[32,-28],[-3,-53],[48,-96],[40,-28],[100,-10],[20,-61],[58,-32],[47,17],[74,-14],[4,-50],[33,-40],[88,-27],[80,-10],[30,-32],[56,8],[36,-31],[56,0],[71,-36],[50,-50],[122,-4],[250,26],[142,25],[41,-11],[304,-21],[172,4],[163,20],[274,55],[220,67],[97,44],[47,45],[8,46],[163,57],[-136,-195],[-32,-57],[-14,-74],[-45,-131],[-51,-51],[-34,-85],[-20,-111],[12,-35],[-120,-53],[-29,-69],[-128,-31],[-38,-33],[-54,-89],[-88,48],[-72,79],[-60,28],[-16,39],[-84,47],[-130,1],[-100,-26],[-180,-90],[-66,-21],[-82,-48],[-132,-137],[-60,-84],[12,-82],[-45,-34],[64,-51],[-42,-44],[-31,22],[-99,3],[-49,-37],[-9,-81],[-63,-7],[-70,-73],[12,-42],[-113,-23],[-24,-45],[-43,-6],[-49,-49],[-51,-103],[-84,9],[-70,-25],[-47,17],[-79,-28],[-111,-10],[-51,8],[-68,-23],[-102,22],[-208,-17],[-42,-23],[-155,0],[-76,26],[-91,-43],[-49,3],[-78,-33],[-149,21],[-102,-27],[-83,-46],[-184,-144],[-125,-121],[-101,-153],[-44,-152],[-30,-50],[10,-35],[-47,-68],[27,-56],[-46,-11],[-66,26],[-50,-22],[-32,-72],[-206,-59],[-42,20],[-77,-18],[-56,-30],[-75,-84],[-14,-59],[-32,-23],[-74,35],[-103,-34],[-74,-61],[-65,-82],[-61,-32],[-73,-97],[-64,-62],[-58,-132],[0,-51],[50,-37],[-13,-48],[-60,15],[-51,-22]],[[73663,37699],[-47,-11],[11,-56],[-61,-45],[-75,10],[2,51],[-48,20],[-103,-69],[-64,35],[-75,4],[-43,-17],[-53,12],[-109,-34],[-95,-53],[-126,-54],[-72,-9],[-72,-29],[-92,-6],[-81,29],[-104,72],[-62,21],[-108,71],[-114,110],[-23,45],[17,147],[-28,80],[-69,23],[-102,14],[-176,-12],[-92,-28],[-177,-87],[-138,-109],[-110,-127],[-74,-112],[-43,-124],[-8,-95],[60,-63],[154,-79],[83,4],[45,-22],[-7,-72],[-82,-34],[-81,-99],[-71,-109],[-64,-59],[-27,-91],[-61,-58],[-58,-97],[-12,-122],[-88,-75],[-20,-39],[-78,-52],[-88,-84],[-27,-55],[-84,-46],[-15,-37],[-83,-19],[-56,23],[-75,-10],[-81,-29],[-118,-79],[-51,-56],[5,-77],[-18,-56],[-73,-61],[-105,7],[-11,-23],[-88,3],[-194,-77],[-55,-73],[-77,1],[-111,-59],[-122,-111],[-107,-37],[-82,-81],[-11,-54],[-55,-65],[-69,-47],[-99,-18],[-17,-39],[-85,-17],[-32,-59],[-43,-29],[-7,-57],[-53,-30],[-56,-96],[15,-32],[-70,-33],[-58,-151],[-61,-18],[-92,-79],[-44,-78],[-47,-50],[-60,-103],[-8,-60],[-31,-56],[-14,-135],[-44,-35],[-27,-98],[-74,2],[-2,-40],[-76,-33],[-83,-90],[-96,-73],[-36,-46],[-86,-26],[-58,16],[-172,-66],[-58,-8],[-88,-50],[-69,-7],[-120,14],[-200,84],[-64,-14],[-97,-41],[-134,-82],[-139,-127],[-3,-48],[-68,-16],[-73,-63],[-119,-134],[-79,-108],[-72,-139],[-44,-51],[-6,-73],[-64,-91],[1,-32],[-80,-133],[24,-61],[-63,-80],[-148,-93],[-54,-65],[-51,-27],[-76,-13],[-127,38],[-191,-8],[-149,49],[-46,38],[-115,25],[-60,39],[-42,85],[-8,52],[35,53],[-11,38],[41,67],[-11,51],[36,42],[60,202],[118,119],[2,30],[57,65],[75,18],[67,-3],[65,24],[132,103],[131,155],[19,75],[-69,93],[-61,112],[-59,46],[-9,97],[40,61],[-4,110],[93,231],[60,-19],[-14,-90],[44,-73],[26,-167],[88,-77],[67,-94],[121,-30],[111,61],[188,183],[45,109],[18,104],[-26,82],[32,88],[-11,34],[-149,66],[-71,61],[-31,49],[41,53],[100,-10],[68,27],[92,-47],[71,18],[42,-35],[78,-23],[0,-74],[79,-13],[29,-87],[53,-4],[80,32],[32,-19],[127,37],[43,38],[85,30],[60,43],[72,77],[61,82],[42,24],[50,67],[72,68],[124,56],[61,94],[72,181],[39,177],[11,110],[-10,107],[-38,93],[-38,41],[-174,-17],[-58,22],[-21,38],[-147,7],[-32,-20],[-141,55],[17,32],[-102,30],[-7,39],[-50,63],[-51,128],[11,63],[-19,79],[62,74],[219,80],[51,-13],[57,-51],[79,10],[40,-64],[90,3],[72,-83],[82,-68],[46,-74],[124,4],[178,53],[146,76],[25,67],[41,176],[52,115],[40,46],[-2,162],[84,88],[126,53],[67,4],[20,60],[68,-27],[50,41],[56,1],[63,50],[72,-10],[423,232],[28,45],[82,37],[54,57],[54,86],[91,54],[66,97],[104,112],[88,70],[36,70],[140,95],[21,26],[143,70],[153,-8],[91,84],[-30,103],[39,36],[-40,33],[16,66],[-31,46],[42,98],[57,18],[8,41],[-33,37],[31,46],[-4,129],[25,93],[56,5],[-24,50],[15,114],[-44,143],[-88,27],[-91,59],[-91,29],[96,53],[178,-53],[80,-43],[58,6],[68,32],[71,-39],[47,12],[51,-28],[20,-46],[-35,-33],[77,-96],[106,-43],[117,-4],[101,-17],[55,5],[35,-54],[101,-12],[109,34],[107,53],[6,24],[113,40],[105,50],[71,99],[0,96],[-20,51],[30,53],[-60,101],[8,92],[72,39],[47,110],[2,100],[123,80]],[[71996,39801],[68,-18],[112,-116],[28,-16],[968,-891],[467,-429],[37,-40],[-13,-592]],[[71996,39801],[63,34],[31,54],[-14,72],[37,51],[196,39],[69,-26],[65,94],[52,52],[148,-9],[65,20],[41,45],[55,23],[98,9],[73,-52],[22,-47],[140,36],[62,92],[71,40],[22,53],[-38,42],[33,61],[41,29],[44,94],[-17,92],[-89,26],[-25,25],[35,116],[-29,60],[45,149],[-18,59],[-38,32],[-36,119],[-40,50],[16,89],[-46,94],[-10,78],[27,88],[-54,97],[1,37],[80,106],[40,101],[78,108],[-9,32],[52,68],[94,67],[65,103],[73,73],[78,42],[104,39],[16,-24],[125,-57],[36,-53],[92,-46],[62,-4],[-20,-81],[29,-178],[83,-93],[-48,-31],[48,-114],[29,-122],[50,-104],[78,-86],[52,-7],[44,-81],[-67,-12],[3,-98],[49,-49],[36,-109],[-24,-77],[41,-112],[79,-11],[27,-59],[-13,-59],[66,14],[20,-87],[79,-48],[149,-46],[119,-26],[289,-29],[290,2],[100,13],[149,5],[347,43],[201,28],[356,69],[175,42],[343,107],[92,50]],[[77331,41027],[47,-51],[15,-551],[6,-27],[131,-37]],[[77530,40361],[-65,-22],[-98,3],[-85,-30],[-111,-3],[-115,-39],[-133,-70],[-145,-107],[20,-42],[-57,-23],[-88,-70],[-110,-9],[-92,-40],[-107,-67],[-111,-86],[-10,-66],[-123,-50],[-57,-93],[-88,8],[-128,-31],[-201,-119],[-103,-94],[-85,-22],[-194,-122],[-134,-141],[-75,-58],[1,-49],[-73,-26],[-55,-95],[11,-39],[-58,-67],[-119,-18],[-133,-152],[-9,-39],[-47,-14],[-61,-85],[-32,-20],[-12,-64],[-73,-52],[-31,-81],[-56,-44],[-64,-106],[-121,-15],[-128,-48],[-51,-65],[-96,-18],[-74,-66],[-17,-57],[-46,-69],[-28,20]],[[77331,41027],[-2,54],[79,64],[0,43],[75,30],[190,105],[90,9],[84,74],[71,11],[38,-21],[38,29],[-29,76],[38,25],[38,72],[37,-10],[128,86],[28,63],[94,2],[-33,66],[45,113],[53,-21],[76,48],[40,73],[-41,50],[-42,93],[47,77],[46,29],[43,108],[72,8],[151,113],[73,158],[76,26],[62,-5],[26,35],[52,-12],[96,68],[21,31],[-9,56],[61,33],[109,207],[77,19],[100,-8],[69,9],[54,36],[10,33],[80,8],[57,35],[20,39],[56,31],[20,85],[-20,59],[37,36],[71,117],[71,19],[87,-26],[136,26],[208,25],[295,87],[89,38],[90,11],[140,-13],[25,24],[119,-34],[106,4],[159,-46],[77,25],[26,-72],[131,-35],[136,-91],[42,-60],[105,-85],[28,-85],[-20,-134],[0,-103],[-71,-52],[-67,-77],[-166,-52],[-148,-65],[-52,-40],[-40,-111],[-8,-81],[21,-132],[103,-47],[25,-44],[75,-2],[28,-23],[40,-88],[88,-68],[36,-52],[8,-99],[-57,-35],[-2,-56],[-64,-62],[-2,-60],[-38,2],[-42,-106],[-73,-27],[-11,-48],[55,-46],[-50,-94],[-213,14],[-155,-33],[-143,-81],[-54,-47],[-46,45],[-76,26],[-60,45],[-133,40],[-122,-33],[-120,19],[-165,-26],[-118,12],[-163,-16],[-42,32],[-46,-55],[-56,37],[-181,-40],[-131,-98],[-84,-6],[-14,-27],[-186,-18],[-88,-48],[-53,-68],[-45,-15],[-76,-79],[-100,-38],[-40,-62],[-58,-27],[-21,-42],[-105,-14],[-56,-110],[20,-76],[-79,-45],[-59,46],[-63,0],[-72,-30],[-8,-27],[-99,-55],[0,0],[-124,33],[-71,-15],[-51,-44],[-81,-35],[-89,-68],[-56,-61],[-93,16],[-58,-43],[-82,-21],[-76,-3]]],"transform":{"scale":[0.00011648751416767226,0.00009597172418518597],"translate":[139.33467,41.3537]},"objects":{"japan":{"type":"GeometryCollection","geometries":[{"arcs":[[0,1,2,3]],"type":"Polygon","properties":{"pref":"北海道","office":"渡島総合振興局","city":"函館市","code5":"01202","code6":"012025"}},{"arcs":[[4,5,6,7,8]],"type":"Polygon","properties":{"pref":"北海道","office":"後志総合振興局","city":"小樽市","code5":"01203","code6":"012033"}},{"arcs":[[9,10,11,12,13,14,15,16,17,18,19,20]],"type":"Polygon","properties":{"pref":"北海道","office":"上川総合振興局","city":"旭川市","code5":"01204","code6":"012041"}},{"arcs":[[21,22,23]],"type":"Polygon","properties":{"pref":"北海道","office":"胆振総合振興局","city":"室蘭市","code5":"01205","code6":"012050"}},{"arcs":[[[24,25,26,27,28,29,30]],[[31,32,33]]],"type":"MultiPolygon","properties":{"pref":"北海道","office":"釧路総合振興局","city":"釧路市","code5":"01206","code6":"012068"}},{"arcs":[[34,35,36,37,38,39,40,41]],"type":"Polygon","properties":{"pref":"北海道","office":"十勝総合振興局","city":"帯広市","code5":"01207","code6":"012076"}},{"arcs":[[42,43,44,45,46,47,48,49,50,51,52,53]],"type":"Polygon","properties":{"pref":"北海道","office":"オホーツク総合振興局","city":"北見市","code5":"01208","code6":"012084"}},{"arcs":[[54,55,56,57,58,59,60,61,62]],"type":"Polygon","properties":{"pref":"北海道","office":"空知総合振興局","city":"夕張市","code5":"01209","code6":"012092"}},{"arcs":[[-60,63,64,65,66,67,68,69,70]],"type":"Polygon","properties":{"pref":"北海道","office":"空知総合振興局","city":"岩見沢市","code5":"01210","code6":"012106"}},{"arcs":[[-43,71,72,73]],"type":"Polygon","properties":{"pref":"北海道","office":"オホーツク総合振興局","city":"網走市","code5":"01211","code6":"012114"}},{"arcs":[[74,75,76,77,78]],"type":"Polygon","properties":{"pref":"北海道","office":"留萌振興局","city":"留萌市","code5":"01212","code6":"012122"}},{"arcs":[[79,80,81,82,83]],"type":"Polygon","properties":{"pref":"北海道","office":"胆振総合振興局","city":"苫小牧市","code5":"01213","code6":"012131"}},{"arcs":[[84,85,86]],"type":"Polygon","properties":{"pref":"北海道","office":"宗谷総合振興局","city":"稚内市","code5":"01214","code6":"012149"}},{"arcs":[[-70,87,88,89,90,91]],"type":"Polygon","properties":{"pref":"北海道","office":"空知総合振興局","city":"美唄市","code5":"01215","code6":"012157"}},{"arcs":[[-18,92,93,94,95,-62,96,-91,97,98,99,100,101]],"type":"Polygon","properties":{"pref":"北海道","office":"空知総合振興局","city":"芦別市","code5":"01216","code6":"012165"}},{"arcs":[[102,103,-67,104,105,106]],"type":"Polygon","properties":{"pref":"北海道","office":"石狩振興局","city":"江別市","code5":"01217","code6":"012173"}},{"arcs":[[-101,107,108,109,110]],"type":"Polygon","properties":{"pref":"北海道","office":"空知総合振興局","city":"赤平市","code5":"01218","code6":"012181"}},{"arcs":[[111,112,113,114,115]],"type":"Polygon","properties":{"pref":"北海道","office":"オホーツク総合振興局","city":"紋別市","code5":"01219","code6":"012190"}},{"arcs":[[116,117,118,119,120,121,122,123,124,125]],"type":"Polygon","properties":{"pref":"北海道","office":"上川総合振興局","city":"士別市","code5":"01220","code6":"012203"}},{"arcs":[[-117,126,127,128,129]],"type":"Polygon","properties":{"pref":"北海道","office":"上川総合振興局","city":"名寄市","code5":"01221","code6":"012211"}},{"arcs":[[-61,-71,-92,-97]],"type":"Polygon","properties":{"pref":"北海道","office":"空知総合振興局","city":"三笠市","code5":"01222","code6":"012220"}},{"arcs":[[[130,131,132]],[[133]],[[134]],[[135]],[[136]],[[137]],[[138]],[[139]],[[140]]],"type":"MultiPolygon","properties":{"pref":"北海道","office":"根室振興局","city":"根室市","code5":"01223","code6":"012238"}},{"arcs":[[141,142,143,144,145,-83,146,147]],"type":"Polygon","properties":{"pref":"北海道","office":"石狩振興局","city":"千歳市","code5":"01224","code6":"012246"}},{"arcs":[[-110,148,149,150,151,152]],"type":"Polygon","properties":{"pref":"北海道","office":"空知総合振興局","city":"滝川市","code5":"01225","code6":"012254"}},{"arcs":[[-109,153,154,155,156,-149]],"type":"Polygon","properties":{"pref":"北海道","office":"空知総合振興局","city":"砂川市","code5":"01226","code6":"012262"}},{"arcs":[[-100,157,-154,-108]],"type":"Polygon","properties":{"pref":"北海道","office":"空知総合振興局","city":"歌志内市","code5":"01227","code6":"012271"}},{"arcs":[[-19,-102,-111,-153,158,159,160,161,162]],"type":"Polygon","properties":{"pref":"北海道","office":"空知総合振興局","city":"深川市","code5":"01228","code6":"012289"}},{"arcs":[[-95,163,164,165]],"type":"Polygon","properties":{"pref":"北海道","office":"上川総合振興局","city":"富良野市","code5":"01229","code6":"012297"}},{"arcs":[[-24,166,167,168,169]],"type":"Polygon","properties":{"pref":"北海道","office":"胆振総合振興局","city":"登別市","code5":"01230","code6":"012301"}},{"arcs":[[170,171,172,-143]],"type":"Polygon","properties":{"pref":"北海道","office":"石狩振興局","city":"恵庭市","code5":"01231","code6":"012319"}},{"arcs":[[[173,-148,174,175,176,177,178]],[[-23,179,180,181,-167]]],"type":"MultiPolygon","properties":{"pref":"北海道","office":"胆振総合振興局","city":"伊達市","code5":"01233","code6":"012335"}},{"arcs":[[-106,182,183,-172,184]],"type":"Polygon","properties":{"pref":"北海道","office":"石狩振興局","city":"北広島市","code5":"01234","code6":"012343"}},{"arcs":[[185,-8,186,187,188,189]],"type":"Polygon","properties":{"pref":"北海道","office":"石狩振興局","city":"石狩市","code5":"01235","code6":"012351"}},{"arcs":[[-1,190,191,192,193,194]],"type":"Polygon","properties":{"pref":"北海道","office":"渡島総合振興局","city":"北斗市","code5":"01236","code6":"012360"}},{"arcs":[[-190,195,196,197,198,-103,199]],"type":"Polygon","properties":{"pref":"北海道","office":"石狩振興局","county":"石狩郡","city":"当別町","code5":"01303","code6":"013030"}},{"arcs":[[-68,-104,-199,200]],"type":"Polygon","properties":{"pref":"北海道","office":"石狩振興局","county":"石狩郡","city":"新篠津村","code5":"01304","code6":"013048"}},{"arcs":[[[201,202,203]],[[204]],[[205]]],"type":"MultiPolygon","properties":{"pref":"北海道","office":"渡島総合振興局","county":"松前郡","city":"松前町","code5":"01331","code6":"013315"}},{"arcs":[[-202,206,207,208]],"type":"Polygon","properties":{"pref":"北海道","office":"渡島総合振興局","county":"松前郡","city":"福島町","code5":"01332","code6":"013323"}},{"arcs":[[-208,209,210,211]],"type":"Polygon","properties":{"pref":"北海道","office":"渡島総合振興局","county":"上磯郡","city":"知内町","code5":"01333","code6":"013331"}},{"arcs":[[-192,212,-211,213,214]],"type":"Polygon","properties":{"pref":"北海道","office":"渡島総合振興局","county":"上磯郡","city":"木古内町","code5":"01334","code6":"013340"}},{"arcs":[[-2,-195,215,216]],"type":"Polygon","properties":{"pref":"北海道","office":"渡島総合振興局","county":"亀田郡","city":"七飯町","code5":"01337","code6":"013374"}},{"arcs":[[-3,-217,217,218]],"type":"Polygon","properties":{"pref":"北海道","office":"渡島総合振興局","county":"茅部郡","city":"鹿部町","code5":"01343","code6":"013439"}},{"arcs":[[-194,219,220,221,-218,-216]],"type":"Polygon","properties":{"pref":"北海道","office":"渡島総合振興局","county":"茅部郡","city":"森町","code5":"01345","code6":"013455"}},{"arcs":[[-221,222,223,224,225,226,227,228]],"type":"Polygon","properties":{"pref":"北海道","office":"渡島総合振興局","county":"二海郡","city":"八雲町","code5":"01346","code6":"013463"}},{"arcs":[[-228,229,230,231,232,233]],"type":"Polygon","properties":{"pref":"北海道","office":"渡島総合振興局","county":"山越郡","city":"長万部町","code5":"01347","code6":"013471"}},{"arcs":[[234,235,236,237]],"type":"Polygon","properties":{"pref":"北海道","office":"檜山振興局","county":"檜山郡","city":"江差町","code5":"01361","code6":"013617"}},{"arcs":[[-204,238,-236,239,-214,-210,-207]],"type":"Polygon","properties":{"pref":"北海道","office":"檜山振興局","county":"檜山郡","city":"上ノ国町","code5":"01362","code6":"013625"}},{"arcs":[[-193,-215,-240,-235,240,-223,-220]],"type":"Polygon","properties":{"pref":"北海道","office":"檜山振興局","county":"檜山郡","city":"厚沢部町","code5":"01363","code6":"013633"}},{"arcs":[[-224,-241,-238,241]],"type":"Polygon","properties":{"pref":"北海道","office":"檜山振興局","county":"爾志郡","city":"乙部町","code5":"01364","code6":"013641"}},{"arcs":[[242]],"type":"Polygon","properties":{"pref":"北海道","office":"檜山振興局","county":"奥尻郡","city":"奥尻町","code5":"01367","code6":"013676"}},{"arcs":[[-227,243,244,-230]],"type":"Polygon","properties":{"pref":"北海道","office":"檜山振興局","county":"瀬棚郡","city":"今金町","code5":"01370","code6":"013706"}},{"arcs":[[-226,245,246,-244]],"type":"Polygon","properties":{"pref":"北海道","office":"檜山振興局","county":"久遠郡","city":"せたな町","code5":"01371","code6":"013714"}},{"arcs":[[-231,-245,-247,247,248,249]],"type":"Polygon","properties":{"pref":"北海道","office":"後志総合振興局","county":"島牧郡","city":"島牧村","code5":"01391","code6":"013919"}},{"arcs":[[-249,250,251,252]],"type":"Polygon","properties":{"pref":"北海道","office":"後志総合振興局","county":"寿都郡","city":"寿都町","code5":"01392","code6":"013927"}},{"arcs":[[-232,-250,-253,253,254]],"type":"Polygon","properties":{"pref":"北海道","office":"後志総合振興局","county":"寿都郡","city":"黒松内町","code5":"01393","code6":"013935"}},{"arcs":[[-252,255,256,257,258,259,260,-254]],"type":"Polygon","properties":{"pref":"北海道","office":"後志総合振興局","county":"磯谷郡","city":"蘭越町","code5":"01394","code6":"013943"}},{"arcs":[[-260,261,262,263]],"type":"Polygon","properties":{"pref":"北海道","office":"後志総合振興局","county":"虻田郡","city":"ニセコ町","code5":"01395","code6":"013951"}},{"arcs":[[-263,264,265,266,267]],"type":"Polygon","properties":{"pref":"北海道","office":"後志総合振興局","county":"虻田郡","city":"真狩村","code5":"01396","code6":"013960"}},{"arcs":[[-178,268,-266,269]],"type":"Polygon","properties":{"pref":"北海道","office":"後志総合振興局","county":"虻田郡","city":"留寿都村","code5":"01397","code6":"013978"}},{"arcs":[[270,-179,-270,-265,271]],"type":"Polygon","properties":{"pref":"北海道","office":"後志総合振興局","county":"虻田郡","city":"喜茂別町","code5":"01398","code6":"013986"}},{"arcs":[[272,-272,273,274]],"type":"Polygon","properties":{"pref":"北海道","office":"後志総合振興局","county":"虻田郡","city":"京極町","code5":"01399","code6":"013994"}},{"arcs":[[-259,275,276,277,-274,-262]],"type":"Polygon","properties":{"pref":"北海道","office":"後志総合振興局","county":"虻田郡","city":"倶知安町","code5":"01400","code6":"014001"}},{"arcs":[[-258,278,279,280,281,282,-276]],"type":"Polygon","properties":{"pref":"北海道","office":"後志総合振興局","county":"岩内郡","city":"共和町","code5":"01401","code6":"014010"}},{"arcs":[[-257,283,-279]],"type":"Polygon","properties":{"pref":"北海道","office":"後志総合振興局","county":"岩内郡","city":"岩内町","code5":"01402","code6":"014028"}},{"arcs":[[-281,284,285,286]],"type":"Polygon","properties":{"pref":"北海道","office":"後志総合振興局","county":"古宇郡","city":"泊村","code5":"01403","code6":"014036"}},{"arcs":[[-286,287,288,289]],"type":"Polygon","properties":{"pref":"北海道","office":"後志総合振興局","county":"古宇郡","city":"神恵内村","code5":"01404","code6":"014044"}},{"arcs":[[-289,290,291]],"type":"Polygon","properties":{"pref":"北海道","office":"後志総合振興局","county":"積丹郡","city":"積丹町","code5":"01405","code6":"014052"}},{"arcs":[[-282,-287,-290,-292,292,293,294,295]],"type":"Polygon","properties":{"pref":"北海道","office":"後志総合振興局","county":"古平郡","city":"古平町","code5":"01406","code6":"014061"}},{"arcs":[[-277,-283,-296,296,297]],"type":"Polygon","properties":{"pref":"北海道","office":"後志総合振興局","county":"余市郡","city":"仁木町","code5":"01407","code6":"014079"}},{"arcs":[[-6,298,-297,-295,299]],"type":"Polygon","properties":{"pref":"北海道","office":"後志総合振興局","county":"余市郡","city":"余市町","code5":"01408","code6":"014087"}},{"arcs":[[300,-275,-278,-298,-299,-5]],"type":"Polygon","properties":{"pref":"北海道","office":"後志総合振興局","county":"余市郡","city":"赤井川村","code5":"01409","code6":"014095"}},{"arcs":[[-66,301,-183,-105]],"type":"Polygon","properties":{"pref":"北海道","office":"空知総合振興局","county":"空知郡","city":"南幌町","code5":"01423","code6":"014231"}},{"arcs":[[-90,302,303,-156,304,-98]],"type":"Polygon","properties":{"pref":"北海道","office":"空知総合振興局","county":"空知郡","city":"奈井江町","code5":"01424","code6":"014249"}},{"arcs":[[-99,-305,-155,-158]],"type":"Polygon","properties":{"pref":"北海道","office":"空知総合振興局","county":"空知郡","city":"上砂川町","code5":"01425","code6":"014257"}},{"arcs":[[-58,305,306,-145,307,308]],"type":"Polygon","properties":{"pref":"北海道","office":"空知総合振興局","county":"夕張郡","city":"由仁町","code5":"01427","code6":"014273"}},{"arcs":[[-65,309,-308,-144,-173,-184,-302]],"type":"Polygon","properties":{"pref":"北海道","office":"空知総合振興局","county":"夕張郡","city":"長沼町","code5":"01428","code6":"014281"}},{"arcs":[[-59,-309,-310,-64]],"type":"Polygon","properties":{"pref":"北海道","office":"空知総合振興局","county":"夕張郡","city":"栗山町","code5":"01429","code6":"014290"}},{"arcs":[[-69,-201,-198,310,-88]],"type":"Polygon","properties":{"pref":"北海道","office":"空知総合振興局","county":"樺戸郡","city":"月形町","code5":"01430","code6":"014303"}},{"arcs":[[-89,-311,-197,311,-303]],"type":"Polygon","properties":{"pref":"北海道","office":"空知総合振興局","county":"樺戸郡","city":"浦臼町","code5":"01431","code6":"014311"}},{"arcs":[[-150,-157,-304,-312,-196,-189,312,313]],"type":"Polygon","properties":{"pref":"北海道","office":"空知総合振興局","county":"樺戸郡","city":"新十津川町","code5":"01432","code6":"014320"}},{"arcs":[[-152,314,315,316,-159]],"type":"Polygon","properties":{"pref":"北海道","office":"空知総合振興局","county":"雨竜郡","city":"妹背牛町","code5":"01433","code6":"014338"}},{"arcs":[[-160,-317,317,318]],"type":"Polygon","properties":{"pref":"北海道","office":"空知総合振興局","county":"雨竜郡","city":"秩父別町","code5":"01434","code6":"014346"}},{"arcs":[[-151,-314,319,320,-315]],"type":"Polygon","properties":{"pref":"北海道","office":"空知総合振興局","county":"雨竜郡","city":"雨竜町","code5":"01436","code6":"014362"}},{"arcs":[[-76,321,-318,-316,-321,322]],"type":"Polygon","properties":{"pref":"北海道","office":"空知総合振興局","county":"雨竜郡","city":"北竜町","code5":"01437","code6":"014371"}},{"arcs":[[-75,323,-161,-319,-322]],"type":"Polygon","properties":{"pref":"北海道","office":"空知総合振興局","county":"雨竜郡","city":"沼田町","code5":"01438","code6":"014389"}},{"arcs":[[-10,324]],"type":"Polygon","properties":{"pref":"北海道","office":"上川総合振興局","county":"上川郡","city":"鷹栖町","code5":"01452","code6":"014524"}},{"arcs":[[-16,325,326]],"type":"Polygon","properties":{"pref":"北海道","office":"上川総合振興局","county":"上川郡","city":"東神楽町","code5":"01453","code6":"014532"}},{"arcs":[[-13,327,328,329]],"type":"Polygon","properties":{"pref":"北海道","office":"上川総合振興局","county":"上川郡","city":"当麻町","code5":"01454","code6":"014541"}},{"arcs":[[-12,330,-122,331,-328]],"type":"Polygon","properties":{"pref":"北海道","office":"上川総合振興局","county":"上川郡","city":"比布町","code5":"01455","code6":"014559"}},{"arcs":[[-121,332,-329,-332]],"type":"Polygon","properties":{"pref":"北海道","office":"上川総合振興局","county":"上川郡","city":"愛別町","code5":"01456","code6":"014567"}},{"arcs":[[-14,-330,-333,-120,333,334,-50,335,336,337,338]],"type":"Polygon","properties":{"pref":"北海道","office":"上川総合振興局","county":"上川郡","city":"上川町","code5":"01457","code6":"014575"}},{"arcs":[[-15,-339,339,-326]],"type":"Polygon","properties":{"pref":"北海道","office":"上川総合振興局","county":"上川郡","city":"東川町","code5":"01458","code6":"014583"}},{"arcs":[[-17,-327,-340,-338,340,341,342,-93]],"type":"Polygon","properties":{"pref":"北海道","office":"上川総合振興局","county":"上川郡","city":"美瑛町","code5":"01459","code6":"014591"}},{"arcs":[[-165,343,-342,344,345]],"type":"Polygon","properties":{"pref":"北海道","office":"上川総合振興局","county":"空知郡","city":"上富良野町","code5":"01460","code6":"014605"}},{"arcs":[[-94,-343,-344,-164]],"type":"Polygon","properties":{"pref":"北海道","office":"上川総合振興局","county":"空知郡","city":"中富良野町","code5":"01461","code6":"014613"}},{"arcs":[[-63,-96,-166,-346,346,347,348,349]],"type":"Polygon","properties":{"pref":"北海道","office":"上川総合振興局","county":"空知郡","city":"南富良野町","code5":"01462","code6":"014621"}},{"arcs":[[-55,-350,350,351,352]],"type":"Polygon","properties":{"pref":"北海道","office":"上川総合振興局","county":"勇払郡","city":"占冠村","code5":"01463","code6":"014630"}},{"arcs":[[-11,-325,-21,353,-125,354,-123,-331]],"type":"Polygon","properties":{"pref":"北海道","office":"上川総合振興局","county":"上川郡","city":"和寒町","code5":"01464","code6":"014648"}},{"arcs":[[-124,-355]],"type":"Polygon","properties":{"pref":"北海道","office":"上川総合振興局","county":"上川郡","city":"剣淵町","code5":"01465","code6":"014656"}},{"arcs":[[-118,-130,355,356,357]],"type":"Polygon","properties":{"pref":"北海道","office":"上川総合振興局","county":"上川郡","city":"下川町","code5":"01468","code6":"014681"}},{"arcs":[[-128,358,359,360,361,362]],"type":"Polygon","properties":{"pref":"北海道","office":"上川総合振興局","county":"中川郡","city":"美深町","code5":"01469","code6":"014699"}},{"arcs":[[-361,363,364,365]],"type":"Polygon","properties":{"pref":"北海道","office":"上川総合振興局","county":"中川郡","city":"音威子府村","code5":"01470","code6":"014702"}},{"arcs":[[-360,366,367,368,369,370,-364]],"type":"Polygon","properties":{"pref":"北海道","office":"上川総合振興局","county":"中川郡","city":"中川町","code5":"01471","code6":"014711"}},{"arcs":[[-20,-163,371,372,373,374,-367,-359,-127,-126,-354]],"type":"Polygon","properties":{"pref":"北海道","office":"上川総合振興局","county":"雨竜郡","city":"幌加内町","code5":"01472","code6":"014729"}},{"arcs":[[-77,-323,-320,-313,-188,375]],"type":"Polygon","properties":{"pref":"北海道","office":"留萌振興局","county":"増毛郡","city":"増毛町","code5":"01481","code6":"014818"}},{"arcs":[[-79,376,377,-372,-162,-324]],"type":"Polygon","properties":{"pref":"北海道","office":"留萌振興局","county":"留萌郡","city":"小平町","code5":"01482","code6":"014826"}},{"arcs":[[-373,-378,378,379]],"type":"Polygon","properties":{"pref":"北海道","office":"留萌振興局","county":"苫前郡","city":"苫前町","code5":"01483","code6":"014834"}},{"arcs":[[[-374,-380,380,381,382]],[[383]],[[384]]],"type":"MultiPolygon","properties":{"pref":"北海道","office":"留萌振興局","county":"苫前郡","city":"羽幌町","code5":"01484","code6":"014842"}},{"arcs":[[-382,385,386]],"type":"Polygon","properties":{"pref":"北海道","office":"留萌振興局","county":"苫前郡","city":"初山別村","code5":"01485","code6":"014851"}},{"arcs":[[-368,-375,-383,-387,387,388]],"type":"Polygon","properties":{"pref":"北海道","office":"留萌振興局","county":"天塩郡","city":"遠別町","code5":"01486","code6":"014869"}},{"arcs":[[-369,-389,389,390]],"type":"Polygon","properties":{"pref":"北海道","office":"留萌振興局","county":"天塩郡","city":"天塩町","code5":"01487","code6":"014877"}},{"arcs":[[-85,391,392,393,394]],"type":"Polygon","properties":{"pref":"北海道","office":"宗谷総合振興局","county":"宗谷郡","city":"猿払村","code5":"01511","code6":"015113"}},{"arcs":[[-393,395,396,397,398]],"type":"Polygon","properties":{"pref":"北海道","office":"宗谷総合振興局","county":"枝幸郡","city":"浜頓別町","code5":"01512","code6":"015121"}},{"arcs":[[-365,-371,399,-398,400]],"type":"Polygon","properties":{"pref":"北海道","office":"宗谷総合振興局","county":"枝幸郡","city":"中頓別町","code5":"01513","code6":"015130"}},{"arcs":[[-362,-366,-401,-397,401,402]],"type":"Polygon","properties":{"pref":"北海道","office":"宗谷総合振興局","county":"枝幸郡","city":"枝幸町","code5":"01514","code6":"015148"}},{"arcs":[[-86,-395,403,404]],"type":"Polygon","properties":{"pref":"北海道","office":"宗谷総合振興局","county":"天塩郡","city":"豊富町","code5":"01516","code6":"015164"}},{"arcs":[[405]],"type":"Polygon","properties":{"pref":"北海道","office":"宗谷総合振興局","county":"礼文郡","city":"礼文町","code5":"01517","code6":"015172"}},{"arcs":[[406,407]],"type":"Polygon","properties":{"pref":"北海道","office":"宗谷総合振興局","county":"利尻郡","city":"利尻町","code5":"01518","code6":"015181"}},{"arcs":[[-408,408]],"type":"Polygon","properties":{"pref":"北海道","office":"宗谷総合振興局","county":"利尻郡","city":"利尻富士町","code5":"01519","code6":"015199"}},{"arcs":[[-370,-391,409,-404,-394,-399,-400]],"type":"Polygon","properties":{"pref":"北海道","office":"宗谷総合振興局","county":"天塩郡","city":"幌延町","code5":"01520","code6":"015202"}},{"arcs":[[-45,410,411,412,413]],"type":"Polygon","properties":{"pref":"北海道","office":"オホーツク総合振興局","county":"網走郡","city":"美幌町","code5":"01543","code6":"015431"}},{"arcs":[[-31,414,415,416,-46,-414,417]],"type":"Polygon","properties":{"pref":"北海道","office":"オホーツク総合振興局","county":"網走郡","city":"津別町","code5":"01544","code6":"015440"}},{"arcs":[[418,419,420,421,422]],"type":"Polygon","properties":{"pref":"北海道","office":"オホーツク総合振興局","county":"斜里郡","city":"斜里町","code5":"01545","code6":"015458"}},{"arcs":[[-421,423,424,425,426]],"type":"Polygon","properties":{"pref":"北海道","office":"オホーツク総合振興局","county":"斜里郡","city":"清里町","code5":"01546","code6":"015466"}},{"arcs":[[-73,427,-422,-427,428,-412,429]],"type":"Polygon","properties":{"pref":"北海道","office":"オホーツク総合振興局","county":"斜里郡","city":"小清水町","code5":"01547","code6":"015474"}},{"arcs":[[-47,-417,430,431]],"type":"Polygon","properties":{"pref":"北海道","office":"オホーツク総合振興局","county":"常呂郡","city":"訓子府町","code5":"01549","code6":"015491"}},{"arcs":[[-48,-432,432,433,434]],"type":"Polygon","properties":{"pref":"北海道","office":"オホーツク総合振興局","county":"常呂郡","city":"置戸町","code5":"01550","code6":"015504"}},{"arcs":[[-52,435,436]],"type":"Polygon","properties":{"pref":"北海道","office":"オホーツク総合振興局","county":"常呂郡","city":"佐呂間町","code5":"01552","code6":"015521"}},{"arcs":[[-51,-335,437,-113,438,-436]],"type":"Polygon","properties":{"pref":"北海道","office":"オホーツク総合振興局","county":"紋別郡","city":"遠軽町","code5":"01555","code6":"015555"}},{"arcs":[[-53,-437,-439,-112,439]],"type":"Polygon","properties":{"pref":"北海道","office":"オホーツク総合振興局","county":"紋別郡","city":"湧別町","code5":"01559","code6":"015598"}},{"arcs":[[-114,-438,-334,-119,-358,440,441]],"type":"Polygon","properties":{"pref":"北海道","office":"オホーツク総合振興局","county":"紋別郡","city":"滝上町","code5":"01560","code6":"015601"}},{"arcs":[[-115,-442,442,443,444]],"type":"Polygon","properties":{"pref":"北海道","office":"オホーツク総合振興局","county":"紋別郡","city":"興部町","code5":"01561","code6":"015610"}},{"arcs":[[-357,445,-443,-441]],"type":"Polygon","properties":{"pref":"北海道","office":"オホーツク総合振興局","county":"紋別郡","city":"西興部村","code5":"01562","code6":"015628"}},{"arcs":[[-129,-363,-403,446,-444,-446,-356]],"type":"Polygon","properties":{"pref":"北海道","office":"オホーツク総合振興局","county":"紋別郡","city":"雄武町","code5":"01563","code6":"015636"}},{"arcs":[[-44,-74,-430,-411]],"type":"Polygon","properties":{"pref":"北海道","office":"オホーツク総合振興局","county":"網走郡","city":"大空町","code5":"01564","code6":"015644"}},{"arcs":[[-233,-255,-261,-264,-268,447,448]],"type":"Polygon","properties":{"pref":"北海道","office":"胆振総合振興局","county":"虻田郡","city":"豊浦町","code5":"01571","code6":"015717"}},{"arcs":[[-168,-182,449,-176,450]],"type":"Polygon","properties":{"pref":"北海道","office":"胆振総合振興局","county":"有珠郡","city":"壮瞥町","code5":"01575","code6":"015750"}},{"arcs":[[-82,451,-169,-451,-175,-147]],"type":"Polygon","properties":{"pref":"北海道","office":"胆振総合振興局","county":"白老郡","city":"白老町","code5":"01578","code6":"015784"}},{"arcs":[[-57,452,453,-80,454,-306]],"type":"Polygon","properties":{"pref":"北海道","office":"胆振総合振興局","county":"勇払郡","city":"厚真町","code5":"01581","code6":"015814"}},{"arcs":[[-177,-450,-181,455,-448,-267,-269]],"type":"Polygon","properties":{"pref":"北海道","office":"胆振総合振興局","county":"虻田郡","city":"洞爺湖町","code5":"01584","code6":"015849"}},{"arcs":[[-84,-146,-307,-455]],"type":"Polygon","properties":{"pref":"北海道","office":"胆振総合振興局","county":"勇払郡","city":"安平町","code5":"01585","code6":"015857"}},{"arcs":[[-56,-353,456,457,458,-453]],"type":"Polygon","properties":{"pref":"北海道","office":"胆振総合振興局","county":"勇払郡","city":"むかわ町","code5":"01586","code6":"015865"}},{"arcs":[[[-41,459,-351,-349,460,461]],[[-458,462,463,464]]],"type":"MultiPolygon","properties":{"pref":"北海道","office":"日高振興局","county":"沙流郡","city":"日高町","code5":"01601","code6":"016012"}},{"arcs":[[-40,465,-463,-457,-352,-460]],"type":"Polygon","properties":{"pref":"北海道","office":"日高振興局","county":"沙流郡","city":"平取町","code5":"01602","code6":"016021"}},{"arcs":[[-39,466,467,468,-464,-466]],"type":"Polygon","properties":{"pref":"北海道","office":"日高振興局","county":"新冠郡","city":"新冠町","code5":"01604","code6":"016047"}},{"arcs":[[469,470,471,472,473]],"type":"Polygon","properties":{"pref":"北海道","office":"日高振興局","county":"浦河郡","city":"浦河町","code5":"01607","code6":"016071"}},{"arcs":[[-471,474,475,476]],"type":"Polygon","properties":{"pref":"北海道","office":"日高振興局","county":"様似郡","city":"様似町","code5":"01608","code6":"016080"}},{"arcs":[[-476,477,478]],"type":"Polygon","properties":{"pref":"北海道","office":"日高振興局","county":"幌泉郡","city":"えりも町","code5":"01609","code6":"016098"}},{"arcs":[[-468,479,480,-473,481]],"type":"Polygon","properties":{"pref":"北海道","office":"日高振興局","county":"日高郡","city":"新ひだか町","code5":"01610","code6":"016101"}},{"arcs":[[-35,482,483,484,485,486]],"type":"Polygon","properties":{"pref":"北海道","office":"十勝総合振興局","county":"河東郡","city":"音更町","code5":"01631","code6":"016314"}},{"arcs":[[-485,487,488,489,490]],"type":"Polygon","properties":{"pref":"北海道","office":"十勝総合振興局","county":"河東郡","city":"士幌町","code5":"01632","code6":"016322"}},{"arcs":[[-49,-435,491,492,-489,493,494,-336]],"type":"Polygon","properties":{"pref":"北海道","office":"十勝総合振興局","county":"河東郡","city":"上士幌町","code5":"01633","code6":"016331"}},{"arcs":[[-484,495,496,497,-494,-488]],"type":"Polygon","properties":{"pref":"北海道","office":"十勝総合振興局","county":"河東郡","city":"鹿追町","code5":"01634","code6":"016349"}},{"arcs":[[-337,-495,-498,498,-347,-345,-341]],"type":"Polygon","properties":{"pref":"北海道","office":"十勝総合振興局","county":"上川郡","city":"新得町","code5":"01635","code6":"016357"}},{"arcs":[[-348,-499,-497,499,-461]],"type":"Polygon","properties":{"pref":"北海道","office":"十勝総合振興局","county":"上川郡","city":"清水町","code5":"01636","code6":"016365"}},{"arcs":[[-42,-462,-500,-496,-483]],"type":"Polygon","properties":{"pref":"北海道","office":"十勝総合振興局","county":"河西郡","city":"芽室町","code5":"01637","code6":"016373"}},{"arcs":[[-38,500,501,-480,-467]],"type":"Polygon","properties":{"pref":"北海道","office":"十勝総合振興局","county":"河西郡","city":"中札内村","code5":"01638","code6":"016381"}},{"arcs":[[-37,502,503,-501]],"type":"Polygon","properties":{"pref":"北海道","office":"十勝総合振興局","county":"河西郡","city":"更別村","code5":"01639","code6":"016390"}},{"arcs":[[-474,-481,-502,-504,504,505,506,507]],"type":"Polygon","properties":{"pref":"北海道","office":"十勝総合振興局","county":"広尾郡","city":"大樹町","code5":"01641","code6":"016411"}},{"arcs":[[-470,-508,508,-478,-475]],"type":"Polygon","properties":{"pref":"北海道","office":"十勝総合振興局","county":"広尾郡","city":"広尾町","code5":"01642","code6":"016420"}},{"arcs":[[-36,-487,509,510,-505,-503]],"type":"Polygon","properties":{"pref":"北海道","office":"十勝総合振興局","county":"中川郡","city":"幕別町","code5":"01643","code6":"016438"}},{"arcs":[[-486,-491,511,512,513,-510]],"type":"Polygon","properties":{"pref":"北海道","office":"十勝総合振興局","county":"中川郡","city":"池田町","code5":"01644","code6":"016446"}},{"arcs":[[-506,-511,-514,514,515]],"type":"Polygon","properties":{"pref":"北海道","office":"十勝総合振興局","county":"中川郡","city":"豊頃町","code5":"01645","code6":"016454"}},{"arcs":[[-490,-493,516,517,518,-512]],"type":"Polygon","properties":{"pref":"北海道","office":"十勝総合振興局","county":"中川郡","city":"本別町","code5":"01646","code6":"016462"}},{"arcs":[[-30,519,-517,-492,-434,520,-415]],"type":"Polygon","properties":{"pref":"北海道","office":"十勝総合振興局","county":"足寄郡","city":"足寄町","code5":"01647","code6":"016471"}},{"arcs":[[-416,-521,-433,-431]],"type":"Polygon","properties":{"pref":"北海道","office":"十勝総合振興局","county":"足寄郡","city":"陸別町","code5":"01648","code6":"016489"}},{"arcs":[[-33,521,-515,-513,-519,522]],"type":"Polygon","properties":{"pref":"北海道","office":"十勝総合振興局","county":"十勝郡","city":"浦幌町","code5":"01649","code6":"016497"}},{"arcs":[[-27,523,524,525,526]],"type":"Polygon","properties":{"pref":"北海道","office":"釧路総合振興局","county":"釧路郡","city":"釧路町","code5":"01661","code6":"016616"}},{"arcs":[[[-526,527,528,529,530]],[[531]]],"type":"MultiPolygon","properties":{"pref":"北海道","office":"釧路総合振興局","county":"厚岸郡","city":"厚岸町","code5":"01662","code6":"016624"}},{"arcs":[[[-131,532,-530,533]],[[534]]],"type":"MultiPolygon","properties":{"pref":"北海道","office":"釧路総合振興局","county":"厚岸郡","city":"浜中町","code5":"01663","code6":"016632"}},{"arcs":[[-525,535,536,537,538,-528]],"type":"Polygon","properties":{"pref":"北海道","office":"釧路総合振興局","county":"川上郡","city":"標茶町","code5":"01664","code6":"016641"}},{"arcs":[[-25,-418,-413,-429,-426,539,-537]],"type":"Polygon","properties":{"pref":"北海道","office":"釧路総合振興局","county":"川上郡","city":"弟子屈町","code5":"01665","code6":"016659"}},{"arcs":[[-26,-536,-524]],"type":"Polygon","properties":{"pref":"北海道","office":"釧路総合振興局","county":"阿寒郡","city":"鶴居村","code5":"01667","code6":"016675"}},{"arcs":[[-29,540,-34,-523,-518,-520]],"type":"Polygon","properties":{"pref":"北海道","office":"釧路総合振興局","county":"白糠郡","city":"白糠町","code5":"01668","code6":"016683"}},{"arcs":[[[-132,-534,-529,-539,541,542,543]],[[544,545]]],"type":"MultiPolygon","properties":{"pref":"北海道","office":"根室振興局","county":"野付郡","city":"別海町","code5":"01691","code6":"016918"}},{"arcs":[[-425,546,-542,-538,-540]],"type":"Polygon","properties":{"pref":"北海道","office":"根室振興局","county":"標津郡","city":"中標津町","code5":"01692","code6":"016926"}},{"arcs":[[-420,547,548,-545,549,-543,-547,-424]],"type":"Polygon","properties":{"pref":"北海道","office":"根室振興局","county":"標津郡","city":"標津町","code5":"01693","code6":"016934"}},{"arcs":[[-419,550,-548]],"type":"Polygon","properties":{"pref":"北海道","office":"根室振興局","county":"目梨郡","city":"羅臼町","code5":"01694","code6":"016942"}},{"arcs":[[[551]],[[552]],[[553]]],"type":"MultiPolygon","properties":{"pref":"北海道","office":"根室振興局","county":"色丹郡","city":"色丹村","code5":"01695","code6":"016951"}},{"arcs":[[554,555]],"type":"Polygon","properties":{"pref":"北海道","office":"根室振興局","county":"国後郡","city":"泊村","code5":"01696","code6":"016969"}},{"arcs":[[-556,556]],"type":"Polygon","properties":{"pref":"北海道","office":"根室振興局","county":"国後郡","city":"留夜別村","code5":"01697","code6":"016977"}},{"arcs":[[557,558]],"type":"Polygon","properties":{"pref":"北海道","office":"根室振興局","county":"択捉郡","city":"留別村","code5":"01698","code6":"016985"}},{"arcs":[[-559,559,560,561]],"type":"Polygon","properties":{"pref":"北海道","office":"根室振興局","county":"紗那郡","city":"紗那村","code5":"01699","code6":"016993"}},{"arcs":[[-561,562]],"type":"Polygon","properties":{"pref":"北海道","office":"根室振興局","county":"蘂取郡","city":"蘂取村","code5":"01700","code6":"017001"}},{"arcs":[[-200,-107,-185,-171,-142,-174,-271,-273,-301,-9,-186]],"type":"Polygon","properties":{"pref":"北海道","office":"石狩振興局","city":"札幌市","code5":"01100","code6":"011002"}}]}}}