{"type":"FeatureCollection", "features": [
{"type":"Feature","geometry":{"type":"Polygon","coordinates":[[[140.70964,41.80851],[140.71357,41.80653],[140.71139,41.8018],[140.7144,41.7977],[140.71927,41.79901],[140.72662,41.79083],[140.72694,41.78475],[140.72417,41.77372],[140.71474,41.76665],[140.71014,41.77234],[140.70599,41.774],[140.70522,41.78033],[140.69264,41.76447],[140.69345,41.75394],[140.69793,41.74934],[140.69929,41.74303],[140.70402,41.73998],[140.71129,41.74346],[140.72219,41.74554],[140.71809,41.7512],[140.72662,41.76134],[140.73812,41.76847],[140.74895,41.77141],[140.76317,41.77381],[140.77481,41.77466],[140.78589,41.77378],[140.80002,41.77102],[140.80769,41.76756],[140.82321,41.76376],[140.83452,41.75947],[140.84292,41.76068],[140.84701,41.75871],[140.85318,41.75994],[140.86353,41.75826],[140.87228,41.75333],[140.88661,41.7514],[140.89931,41.74729],[140.90677,41.74569],[140.92716,41.7384],[140.94127,41.73047],[140.94985,41.7218],[140.95083,41.71542],[140.96272,41.71055],[140.9683,41.7101],[140.97592,41.71311],[140.9919,41.71715],[140.99756,41.71448],[141.00657,41.71541],[141.01293,41.72124],[141.01689,41.72251],[141.02229,41.71922],[141.03003,41.71821],[141.03012,41.72229],[141.03603,41.72772],[141.04308,41.72741],[141.04745,41.7251],[141.05122,41.72821],[141.0524,41.73442],[141.06568,41.73779],[141.07481,41.74295],[141.07989,41.75729],[141.08855,41.76159],[141.09434,41.76792],[141.09543,41.77162],[141.10805,41.784],[141.11451,41.7875],[141.12675,41.78902],[141.13332,41.78788],[141.13586,41.78404],[141.14192,41.78513],[141.15598,41.78464],[141.16469,41.79274],[141.17439,41.79597],[141.18598,41.80243],[141.18742,41.80889],[141.18307,41.8125],[141.18439,41.81554],[141.17788,41.82084],[141.17103,41.81976],[141.16409,41.82179],[141.15806,41.82654],[141.15233,41.82794],[141.14626,41.83218],[141.14397,41.83788],[141.1435,41.84773],[141.15023,41.85268],[141.14378,41.85711],[141.13396,41.85816],[141.12712,41.8609],[141.12337,41.86475],[141.10688,41.87503],[141.10279,41.87522],[141.08261,41.88216],[141.07781,41.886],[141.0566,41.88974],[141.04634,41.89344],[141.03298,41.89539],[141.02991,41.89336],[141.01985,41.89164],[141.01091,41.89349],[141.00884,41.89566],[140.99604,41.89961],[140.98377,41.90453],[140.96119,41.91524],[140.95408,41.92207],[140.94936,41.93293],[140.94065,41.9347],[140.93343,41.94307],[140.93256,41.95203],[140.92824,41.95887],[140.92265,41.96183],[140.91425,41.96911],[140.90962,41.97507],[140.90864,41.98316],[140.90614,41.98622],[140.89616,41.9922],[140.88614,42.00016],[140.88203,42.00033],[140.87545,42.00696],[140.8678,42.00703],[140.86464,42.00935],[140.8553,42.00189],[140.84984,41.99979],[140.84233,41.99377],[140.8394,41.98696],[140.83973,41.96989],[140.84249,41.96269],[140.83791,41.96038],[140.83146,41.95084],[140.82648,41.95394],[140.81912,41.9449],[140.80182,41.93326],[140.79759,41.92655],[140.78715,41.93145],[140.78564,41.92245],[140.78258,41.91651],[140.78343,41.91114],[140.7751,41.90113],[140.77577,41.89848],[140.77157,41.89164],[140.76714,41.87748],[140.76268,41.87437],[140.75202,41.87231],[140.7434,41.86829],[140.73584,41.86119],[140.73281,41.85336],[140.71728,41.84864],[140.70001,41.84615],[140.69512,41.84211],[140.70151,41.84009],[140.70614,41.83014],[140.71129,41.82388],[140.71956,41.81677],[140.70964,41.80851]]]},"properties":{"pref":"北海道","office":"渡島総合振興局","city":"函館市","code5":"01202","code6":"012025"}},
{"type":"Feature","geometry":{"type":"Polygon","coordinates":[[[141.04501,43.06084],[141.04942,43.06692],[141.05845,43.06856],[141.06525,43.08356],[141.05938,43.08933],[141.06978,43.09212],[141.06508,43.09689],[141.06221,43.10334],[141.06286,43.1094],[141.07174,43.10897],[141.07607,43.11826],[141.08705,43.11775],[141.09179,43.11993],[141.10219,43.11542],[141.10846,43.11934],[141.11191,43.11394],[141.12001,43.11155],[141.12538,43.10768],[141.13403,43.1059],[141.13238,43.10257],[141.13492,43.09383],[141.14274,43.09477],[141.15207,43.0925],[141.15228,43.08948],[141.15777,43.08871],[141.1722,43.09896],[141.17356,43.10451],[141.18125,43.10981],[141.18672,43.11968],[141.19525,43.12284],[141.19832,43.12781],[141.18972,43.13319],[141.18761,43.14026],[141.20068,43.14697],[141.20806,43.15197],[141.22122,43.15806],[141.22987,43.15726],[141.23802,43.15186],[141.2475,43.15891],[141.26677,43.17321],[141.27037,43.17061],[141.28291,43.18014],[141.28984,43.18073],[141.29183,43.18505],[141.28936,43.18512],[141.28629,43.19628],[141.27963,43.20061],[141.26434,43.19055],[141.26674,43.18833],[141.26223,43.18374],[141.24411,43.17396],[141.22671,43.16615],[141.20648,43.15802],[141.17524,43.14754],[141.16214,43.14394],[141.15791,43.14457],[141.1403,43.15236],[141.12593,43.15501],[141.11281,43.16261],[141.10402,43.16521],[141.08878,43.17127],[141.07842,43.17188],[141.07086,43.17553],[141.05767,43.1794],[141.04692,43.18003],[141.04016,43.179],[141.03472,43.1833],[141.03036,43.18214],[141.02297,43.18481],[141.02504,43.18793],[141.01557,43.19325],[141.01165,43.19966],[141.00194,43.20662],[141.01476,43.21278],[141.01641,43.22522],[141.01299,43.23235],[141.01696,43.23831],[141.01665,43.23831],[141.01638,43.2385],[141.01508,43.23881],[141.01401,43.23894],[140.99964,43.23949],[140.99962,43.23949],[140.97852,43.23929],[140.96809,43.23614],[140.95294,43.22807],[140.94894,43.22785],[140.9376,43.22568],[140.92694,43.22644],[140.91865,43.22218],[140.91905,43.22001],[140.92132,43.21634],[140.91352,43.2108],[140.90169,43.21006],[140.89481,43.21113],[140.87641,43.20526],[140.86749,43.2074],[140.86576,43.21396],[140.86579,43.21399],[140.86576,43.21398],[140.86414,43.2171],[140.85487,43.21641],[140.86055,43.20997],[140.85567,43.20737],[140.85718,43.20329],[140.84964,43.19873],[140.84481,43.20038],[140.84765,43.19326],[140.84616,43.18802],[140.85393,43.1777],[140.85983,43.17292],[140.85869,43.16799],[140.86651,43.16525],[140.87316,43.16749],[140.88327,43.16772],[140.89698,43.16261],[140.90005,43.15995],[140.91327,43.15707],[140.91665,43.15376],[140.92348,43.15146],[140.92383,43.1394],[140.92123,43.13808],[140.92041,43.13027],[140.93177,43.1274],[140.93839,43.13052],[140.9521,43.13136],[140.96695,43.12576],[140.97451,43.12506],[140.97593,43.12967],[140.9916,43.12866],[140.99882,43.1268],[140.9951,43.12146],[140.99522,43.11665],[141.0034,43.10874],[141.00051,43.09651],[141.00767,43.09098],[141.00914,43.08577],[141.01601,43.07775],[141.01687,43.07426],[141.025,43.071],[141.02712,43.06616],[141.04501,43.06084]]]},"properties":{"pref":"北海道","office":"後志総合振興局","city":"小樽市","code5":"01203","code6":"012033"}},
{"type":"Feature","geometry":{"type":"Polygon","coordinates":[[[142.28258,43.93955],[142.27423,43.94001],[142.26276,43.94393],[142.25371,43.94923],[142.24919,43.95015],[142.24477,43.95622],[142.24357,43.95225],[142.23692,43.94879],[142.23285,43.94947],[142.2204,43.94774],[142.20784,43.94909],[142.19861,43.94532],[142.18797,43.9349],[142.18665,43.93],[142.18031,43.92542],[142.17132,43.92288],[142.1643,43.91509],[142.15853,43.9141],[142.14938,43.90536],[142.14901,43.8989],[142.15646,43.89697],[142.16201,43.89236],[142.15848,43.88521],[142.16046,43.8799],[142.15919,43.87513],[142.16668,43.87034],[142.17208,43.86912],[142.17894,43.87089],[142.18794,43.86687],[142.2018,43.86588],[142.21088,43.86687],[142.2156,43.86438],[142.21626,43.85998],[142.22039,43.85612],[142.21674,43.84715],[142.20974,43.84096],[142.2087,43.83782],[142.21671,43.83445],[142.21387,43.83],[142.21963,43.82526],[142.22193,43.82031],[142.22913,43.81482],[142.23006,43.81169],[142.23807,43.80821],[142.24001,43.79914],[142.22787,43.79571],[142.22203,43.78791],[142.22675,43.77639],[142.21959,43.77432],[142.21122,43.76571],[142.2054,43.76321],[142.20191,43.75779],[142.1972,43.75504],[142.19582,43.7464],[142.1993,43.74169],[142.19964,43.73466],[142.19538,43.73143],[142.18233,43.73029],[142.1758,43.73082],[142.17127,43.72816],[142.17342,43.72099],[142.18253,43.7157],[142.1813,43.70506],[142.17877,43.69852],[142.1789,43.68662],[142.17529,43.6811],[142.17813,43.67311],[142.1861,43.66551],[142.19507,43.65409],[142.19529,43.64581],[142.2001,43.64109],[142.20905,43.64621],[142.21369,43.64609],[142.2207,43.64947],[142.2385,43.65233],[142.24254,43.65218],[142.25254,43.65695],[142.25706,43.66072],[142.26734,43.66037],[142.2705,43.65673],[142.27903,43.65211],[142.27712,43.64711],[142.28586,43.64351],[142.29298,43.63207],[142.29235,43.62596],[142.2882,43.62051],[142.29118,43.61211],[142.28315,43.60484],[142.28645,43.5943],[142.2853,43.58559],[142.28921,43.57884],[142.2877,43.57443],[142.2911,43.56983],[142.29889,43.56393],[142.30122,43.55197],[142.3149,43.54788],[142.32178,43.5443],[142.32294,43.54972],[142.32809,43.55606],[142.32896,43.56384],[142.3227,43.57354],[142.32398,43.57628],[142.34142,43.58696],[142.34166,43.59866],[142.35184,43.61241],[142.36585,43.61947],[142.37521,43.61606],[142.38304,43.62002],[142.38302,43.62359],[142.3897,43.62569],[142.38826,43.63823],[142.39872,43.64545],[142.39987,43.64968],[142.3941,43.65344],[142.39505,43.66122],[142.40234,43.66491],[142.41105,43.66323],[142.41732,43.66396],[142.42816,43.66185],[142.44501,43.64819],[142.4478,43.64244],[142.44786,43.63638],[142.45719,43.63128],[142.47143,43.62077],[142.47861,43.62214],[142.48522,43.62042],[142.49364,43.62408],[142.50079,43.62255],[142.5126,43.62444],[142.53348,43.62545],[142.53949,43.62931],[142.56092,43.63076],[142.55735,43.64645],[142.50305,43.64039],[142.49645,43.63769],[142.43455,43.67962],[142.4304,43.67584],[142.40996,43.68975],[142.39135,43.72257],[142.39532,43.72387],[142.40304,43.73151],[142.42032,43.72285],[142.42936,43.72089],[142.43671,43.7175],[142.44902,43.71391],[142.4557,43.70722],[142.47319,43.70008],[142.47638,43.74266],[142.48465,43.74222],[142.49389,43.75073],[142.50692,43.7507],[142.51986,43.74466],[142.52566,43.7447],[142.53729,43.7337],[142.54322,43.73444],[142.54909,43.72708],[142.56111,43.72313],[142.57018,43.7215],[142.57379,43.72594],[142.5817,43.72328],[142.58938,43.71669],[142.59962,43.71967],[142.6066,43.71794],[142.61238,43.72012],[142.62091,43.72041],[142.62554,43.71777],[142.63734,43.70762],[142.63951,43.70175],[142.65606,43.69675],[142.66219,43.69841],[142.67628,43.69135],[142.68209,43.68586],[142.68912,43.68434],[142.69127,43.68068],[142.69735,43.68283],[142.70517,43.68283],[142.71314,43.68627],[142.72586,43.68496],[142.73676,43.68525],[142.74007,43.68346],[142.74039,43.68926],[142.73537,43.69845],[142.73594,43.70748],[142.74146,43.71278],[142.73921,43.71593],[142.73134,43.72016],[142.73441,43.731],[142.72686,43.7338],[142.72247,43.73796],[142.72234,43.74382],[142.71274,43.74861],[142.70489,43.74773],[142.70095,43.74323],[142.69393,43.74007],[142.6855,43.74242],[142.68068,43.73925],[142.66893,43.7413],[142.66015,43.74688],[142.65513,43.7527],[142.64587,43.7536],[142.62585,43.75035],[142.6224,43.75128],[142.61493,43.75979],[142.60808,43.76076],[142.5994,43.76473],[142.596,43.76057],[142.58389,43.76204],[142.57858,43.75993],[142.56746,43.76338],[142.56209,43.78032],[142.54765,43.77511],[142.53576,43.78627],[142.52963,43.78439],[142.5204,43.78626],[142.51331,43.79201],[142.51309,43.80036],[142.50496,43.79904],[142.45754,43.83886],[142.45959,43.84295],[142.45201,43.85513],[142.45432,43.86439],[142.45021,43.86732],[142.45087,43.87841],[142.44558,43.8821],[142.44344,43.88728],[142.44697,43.89146],[142.44637,43.90274],[142.4431,43.91505],[142.43534,43.92508],[142.43889,43.9342],[142.43616,43.94231],[142.43208,43.94729],[142.42474,43.94248],[142.4214,43.94361],[142.39925,43.92114],[142.39987,43.91546],[142.39476,43.90822],[142.39163,43.90077],[142.38772,43.89879],[142.39249,43.88857],[142.39241,43.87738],[142.38325,43.86905],[142.36963,43.86029],[142.39221,43.84328],[142.38556,43.84136],[142.3546,43.82834],[142.32814,43.80929],[142.32834,43.80464],[142.31925,43.7973],[142.30808,43.79433],[142.31055,43.78829],[142.29574,43.78674],[142.29442,43.8029],[142.28949,43.81827],[142.28845,43.82858],[142.29492,43.83427],[142.29331,43.84219],[142.28838,43.8477],[142.28026,43.84943],[142.2786,43.85812],[142.28575,43.86046],[142.28891,43.8654],[142.29041,43.87327],[142.28178,43.87473],[142.27578,43.88954],[142.27127,43.89484],[142.27567,43.90835],[142.27215,43.91467],[142.27273,43.91813],[142.27881,43.9218],[142.28011,43.92608],[142.28466,43.92734],[142.28258,43.93955]]]},"properties":{"pref":"北海道","office":"上川総合振興局","city":"旭川市","code5":"01204","code6":"012041"}},
{"type":"Feature","geometry":{"type":"Polygon","coordinates":[[[141.05439,42.3521],[141.0442,42.35643],[141.03864,42.36556],[141.03785,42.37684],[141.03439,42.38687],[141.03191,42.38912],[141.0301,42.3974],[141.02649,42.40392],[141.01782,42.40716],[141.01153,42.41589],[141.01662,42.4237],[141.01513,42.43107],[141.00417,42.43553],[140.9904,42.43726],[140.98336,42.43176],[140.98195,42.42424],[140.97916,42.41994],[140.98507,42.41539],[140.98337,42.4103],[140.9745,42.40729],[140.96604,42.39873],[140.95603,42.3945],[140.94848,42.38724],[140.93301,42.38806],[140.91738,42.38404],[140.91417,42.37971],[140.90832,42.37968],[140.91706,42.36917],[140.92157,42.36928],[140.93637,42.36334],[140.94478,42.36414],[140.94884,42.36121],[140.98227,42.35622],[140.98032,42.34809],[141.00167,42.35082],[141.00775,42.34759],[140.98109,42.34368],[140.98248,42.33322],[140.98687,42.33223],[140.98418,42.3268],[140.97926,42.32807],[140.97601,42.3236],[140.96925,42.32794],[140.96852,42.33634],[140.95808,42.33961],[140.95063,42.3452],[140.94176,42.34661],[140.94246,42.34157],[140.93191,42.33826],[140.93384,42.33138],[140.94105,42.32543],[140.94008,42.32299],[140.95015,42.31766],[140.95808,42.31727],[140.96362,42.31443],[140.96837,42.30746],[140.97517,42.30882],[140.98817,42.30513],[140.99231,42.30211],[141.00203,42.30099],[141.00883,42.30627],[141.0094,42.31433],[141.01277,42.32175],[141.02352,42.33267],[141.03249,42.33856],[141.03367,42.34126],[141.04498,42.35053],[141.05439,42.3521]]]},"properties":{"pref":"北海道","office":"胆振総合振興局","city":"室蘭市","code5":"01205","code6":"012050"}},
{"type":"Feature","geometry":{"type":"MultiPolygon","coordinates":[[[[144.22198,43.52107],[144.2068,43.52075],[144.20122,43.52516],[144.19044,43.52197],[144.18098,43.51076],[144.17532,43.51711],[144.16815,43.52062],[144.16377,43.52535],[144.14804,43.52808],[144.14243,43.53117],[144.13474,43.52694],[144.13277,43.51732],[144.12703,43.51316],[144.12105,43.51194],[144.11536,43.51397],[144.10821,43.51252],[144.09627,43.51641],[144.08217,43.51495],[144.07814,43.50823],[144.07139,43.50156],[144.07363,43.49329],[144.07789,43.49094],[144.07242,43.48283],[144.07116,43.47457],[144.06581,43.47491],[144.05143,43.46965],[144.04357,43.46914],[144.0402,43.46427],[144.03298,43.46387],[144.0287,43.46146],[144.02029,43.46101],[143.99882,43.46495],[144.00004,43.4587],[144.00505,43.44894],[144.00052,43.44286],[144.00434,43.4351],[144.01705,43.42751],[144.02595,43.42849],[144.02977,43.41984],[144.0293,43.41188],[144.02548,43.40055],[144.02219,43.3958],[144.02701,43.39188],[144.01967,43.38694],[144.00459,43.38361],[144.01026,43.38152],[144.00812,43.37523],[144.01604,43.37429],[144.0316,43.35965],[144.03361,43.35131],[144.0284,43.34945],[144.02379,43.34458],[144.02602,43.33719],[144.01743,43.33294],[144.02058,43.32649],[144.00991,43.32203],[144.01052,43.3168],[144.00675,43.3123],[144.00825,43.30778],[143.99221,43.30648],[143.98601,43.29078],[143.97783,43.2853],[143.96905,43.28263],[143.96607,43.27064],[143.96111,43.2674],[143.96079,43.26219],[143.96599,43.25955],[143.9621,43.24991],[143.96402,43.24572],[143.97489,43.24219],[143.97975,43.23301],[143.98427,43.22743],[143.9824,43.22532],[143.98597,43.21276],[143.99085,43.20673],[143.98801,43.199],[143.99486,43.18062],[144.00216,43.17794],[144.0156,43.17647],[144.02231,43.17244],[144.02511,43.16784],[144.03476,43.16204],[144.03167,43.15655],[144.03481,43.15344],[144.03447,43.14475],[144.03155,43.14319],[144.04027,43.13355],[144.05104,43.12807],[144.06452,43.1255],[144.06848,43.12214],[144.07909,43.11753],[144.07875,43.10661],[144.08218,43.10082],[144.0797,43.09692],[144.08343,43.08646],[144.08871,43.08105],[144.08753,43.07489],[144.09372,43.06932],[144.09718,43.06229],[144.10289,43.0616],[144.11518,43.05551],[144.1201,43.06041],[144.12788,43.05784],[144.13536,43.05761],[144.14051,43.05494],[144.15206,43.05659],[144.15582,43.05982],[144.16699,43.04228],[144.22312,43.02835],[144.2137,43.00656],[144.22224,43.00585],[144.22857,42.99726],[144.27427,43.00384],[144.28643,43.00413],[144.30454,43.00153],[144.31427,43.00236],[144.31437,42.99768],[144.33459,42.99567],[144.34059,42.99389],[144.34979,42.99796],[144.35664,42.9941],[144.35997,42.98932],[144.36148,42.99381],[144.37173,42.98563],[144.36999,42.98079],[144.37267,42.97586],[144.36582,42.97167],[144.37457,42.96747],[144.38333,42.96953],[144.38936,42.96911],[144.39836,42.96025],[144.40456,42.95777],[144.41436,42.95665],[144.42298,42.95246],[144.43938,42.95209],[144.44128,42.94924],[144.45038,42.94376],[144.46079,42.94489],[144.47747,42.94191],[144.48573,42.93941],[144.48336,42.94474],[144.48509,42.94991],[144.48033,42.95588],[144.48068,42.96279],[144.47038,42.97133],[144.45465,42.98017],[144.44759,42.9826],[144.43879,42.98999],[144.44099,42.99504],[144.43339,42.99489],[144.42323,42.99678],[144.41633,43.00162],[144.40434,42.99685],[144.39861,43.00272],[144.39763,43.00886],[144.41993,43.02327],[144.42247,43.02885],[144.42273,43.03653],[144.41951,43.04434],[144.42655,43.04673],[144.4177,43.05235],[144.41501,43.06135],[144.40403,43.06676],[144.39916,43.07261],[144.32711,43.0848],[144.32335,43.08236],[144.32107,43.07664],[144.30262,43.07775],[144.30032,43.08048],[144.28864,43.08298],[144.2878,43.08748],[144.27755,43.09492],[144.27939,43.10052],[144.27182,43.10436],[144.26777,43.11273],[144.26429,43.11488],[144.26302,43.12095],[144.2653,43.12697],[144.25101,43.14322],[144.2489,43.1508],[144.25347,43.16048],[144.25123,43.16308],[144.2426,43.16418],[144.24384,43.17233],[144.23748,43.17439],[144.24044,43.18023],[144.23426,43.1841],[144.23053,43.19503],[144.22786,43.19631],[144.22266,43.21002],[144.22468,43.21187],[144.21837,43.21824],[144.2199,43.2252],[144.21411,43.2314],[144.20627,43.23497],[144.20657,43.24227],[144.19921,43.24923],[144.19206,43.25252],[144.17878,43.26104],[144.17129,43.26269],[144.16153,43.26964],[144.15122,43.28178],[144.14771,43.29127],[144.14056,43.29647],[144.1305,43.3016],[144.12797,43.31043],[144.13138,43.31667],[144.1295,43.32043],[144.13805,43.3235],[144.14505,43.32318],[144.14245,43.33207],[144.14368,43.33613],[144.14965,43.33826],[144.15153,43.34693],[144.15028,43.35038],[144.15488,43.3536],[144.15186,43.35866],[144.15918,43.36353],[144.15929,43.36758],[144.17552,43.37667],[144.1802,43.38262],[144.18056,43.39137],[144.19685,43.40017],[144.20634,43.40827],[144.21324,43.41924],[144.21793,43.42021],[144.22153,43.42526],[144.22724,43.42763],[144.23154,43.43419],[144.23826,43.43615],[144.22985,43.44486],[144.23768,43.45376],[144.23627,43.45887],[144.22856,43.46606],[144.23718,43.47266],[144.23615,43.47647],[144.23094,43.48058],[144.23512,43.48712],[144.23619,43.49661],[144.2403,43.50624],[144.24568,43.50791],[144.24683,43.51205],[144.22198,43.52107]]],[[[144.00468,42.92065],[143.99991,42.92436],[143.99168,42.92506],[143.98776,42.93274],[143.99134,42.93815],[143.98742,42.94374],[143.98272,42.94488],[143.9747,42.95399],[143.96202,42.96041],[143.95635,42.966],[143.94981,42.96916],[143.93279,42.96789],[143.92499,42.97158],[143.91438,42.98103],[143.91488,42.98464],[143.91056,42.99085],[143.90271,42.99544],[143.902,43.00335],[143.8988,43.0107],[143.90613,43.0137],[143.90807,43.02261],[143.91873,43.0249],[143.91442,43.04093],[143.91676,43.04595],[143.92451,43.04617],[143.92797,43.05207],[143.91911,43.05684],[143.91815,43.06339],[143.90983,43.06927],[143.90375,43.07035],[143.89984,43.0775],[143.8912,43.08626],[143.88391,43.08918],[143.87298,43.08966],[143.86763,43.08736],[143.85525,43.09147],[143.84288,43.0893],[143.83788,43.09154],[143.83404,43.09678],[143.82009,43.09875],[143.81339,43.10597],[143.81028,43.11355],[143.81085,43.11864],[143.80548,43.11932],[143.80317,43.12319],[143.79372,43.1213],[143.77448,43.12178],[143.76212,43.11936],[143.75474,43.12039],[143.75428,43.11062],[143.7582,43.1076],[143.75448,43.10359],[143.75584,43.0968],[143.75454,43.09115],[143.75577,43.08305],[143.75023,43.07586],[143.74272,43.07321],[143.74418,43.06706],[143.74026,43.05932],[143.72559,43.05699],[143.72004,43.05345],[143.71735,43.04895],[143.7105,43.04292],[143.71046,43.03247],[143.70653,43.02658],[143.70702,43.02006],[143.70363,43.0117],[143.70315,43.00345],[143.71103,42.99641],[143.71246,42.99101],[143.71624,42.99012],[143.72395,42.9959],[143.73368,42.99154],[143.74484,42.98104],[143.75089,42.97759],[143.75062,42.97077],[143.75845,42.96427],[143.76662,42.96009],[143.76638,42.94915],[143.76198,42.94276],[143.76176,42.93775],[143.76645,42.93721],[143.76453,42.92925],[143.77112,42.92233],[143.77132,42.9131],[143.78251,42.90273],[143.77718,42.89616],[143.78853,42.89158],[143.78951,42.88579],[143.79493,42.88726],[143.80747,42.87889],[143.8196,42.87537],[143.82721,42.86894],[143.83839,42.86334],[143.84908,42.85206],[143.85514,42.85092],[143.86935,42.84225],[143.8951,42.85993],[143.92869,42.88016],[143.9617,42.89838],[144.00468,42.92065]]]]},"properties":{"pref":"北海道","office":"釧路総合振興局","city":"釧路市","code5":"01206","code6":"012068"}},
{"type":"Feature","geometry":{"type":"Polygon","coordinates":[[[143.1473,42.95068],[143.13784,42.95053],[143.13042,42.95283],[143.12715,42.94745],[143.11451,42.94302],[143.11623,42.93785],[143.10877,42.92945],[143.11323,42.89525],[143.14658,42.89761],[143.14748,42.89264],[143.12003,42.85612],[143.09198,42.83061],[143.08639,42.82159],[143.07465,42.81026],[143.0596,42.80047],[143.05351,42.79904],[143.03831,42.79215],[143.03527,42.78784],[143.02689,42.78547],[143.02196,42.78633],[143.0078,42.78051],[142.99633,42.77931],[142.99078,42.77068],[142.97177,42.7535],[142.93612,42.72206],[142.93472,42.72372],[142.92169,42.7246],[142.92028,42.72875],[142.91349,42.72994],[142.89713,42.7402],[142.89787,42.75036],[142.89435,42.75425],[142.88673,42.75228],[142.87637,42.75504],[142.8663,42.75558],[142.86392,42.75815],[142.85558,42.75943],[142.85348,42.75685],[142.83792,42.75631],[142.83141,42.75995],[142.81689,42.76116],[142.81411,42.76523],[142.80077,42.76535],[142.78042,42.76391],[142.76699,42.77597],[142.7575,42.77209],[142.74425,42.77079],[142.72704,42.77305],[142.71983,42.77575],[142.7066,42.77214],[142.69782,42.7676],[142.69042,42.75413],[142.68708,42.75044],[142.68796,42.7435],[142.69505,42.73865],[142.70459,42.73655],[142.71522,42.73819],[142.72479,42.73286],[142.72823,42.72364],[142.73415,42.7214],[142.74451,42.72238],[142.74917,42.72479],[142.75566,42.72203],[142.75737,42.71151],[142.75581,42.70699],[142.75828,42.70233],[142.75603,42.69085],[142.76406,42.68393],[142.7703,42.68526],[142.77926,42.69024],[142.78594,42.69069],[142.79275,42.69401],[142.81111,42.69099],[142.81957,42.69181],[142.82795,42.68703],[142.83949,42.69122],[142.84879,42.69115],[142.85764,42.69518],[142.86298,42.69395],[142.864,42.68933],[142.87049,42.6835],[142.86365,42.67457],[142.86585,42.66865],[142.86251,42.65781],[142.86461,42.6543],[142.85953,42.64108],[142.86788,42.63652],[142.87036,42.63232],[142.87885,42.63185],[142.88383,42.62743],[142.88904,42.62594],[142.89045,42.62149],[142.90084,42.61486],[142.91943,42.6269],[142.92813,42.62549],[142.93267,42.62225],[142.95367,42.62272],[142.9621,42.61906],[142.97484,42.62445],[142.98196,42.626],[142.9912,42.62546],[143.00004,42.63071],[143.0073,42.63081],[143.01146,42.63559],[143.02072,42.63378],[143.03122,42.63733],[143.03139,42.64655],[143.03969,42.64629],[143.0452,42.65537],[143.05534,42.66017],[143.08203,42.6935],[143.07364,42.69727],[143.07259,42.70191],[143.07865,42.70528],[143.08216,42.71118],[143.09806,42.7217],[143.10236,42.73135],[143.11575,42.72557],[143.11931,42.73002],[143.13973,42.72099],[143.14605,42.7255],[143.14965,42.73122],[143.15867,42.73259],[143.19691,42.72454],[143.18943,42.70474],[143.19097,42.6995],[143.20756,42.70231],[143.20764,42.70784],[143.24007,42.70178],[143.24843,42.72556],[143.25183,42.73516],[143.25813,42.73394],[143.2683,42.76324],[143.23339,42.76981],[143.2461,42.79173],[143.22148,42.79963],[143.22865,42.81173],[143.20334,42.81989],[143.21855,42.84213],[143.2128,42.84446],[143.21954,42.85491],[143.22575,42.87169],[143.22406,42.88422],[143.22578,42.88987],[143.21414,42.89568],[143.22542,42.90764],[143.22975,42.91355],[143.23038,42.92456],[143.2368,42.92844],[143.23924,42.93229],[143.24696,42.93432],[143.24164,42.93935],[143.23102,42.93712],[143.22001,42.93888],[143.21641,42.93741],[143.19949,42.93635],[143.1966,42.94435],[143.19384,42.94652],[143.18109,42.94889],[143.17506,42.94406],[143.16132,42.94666],[143.15054,42.9447],[143.1473,42.95068]]]},"properties":{"pref":"北海道","office":"十勝総合振興局","city":"帯広市","code5":"01207","code6":"012076"}},
{"type":"Feature","geometry":{"type":"Polygon","coordinates":[[[144.12234,44.11574],[144.11024,44.11938],[144.09933,44.1262],[144.08533,44.12642],[144.08219,44.12427],[144.06767,44.12434],[144.04118,44.12779],[143.99989,44.13374],[143.96285,44.14022],[143.93294,44.14671],[143.9126,44.15049],[143.83918,44.16741],[143.81139,44.17449],[143.79648,44.17764],[143.78916,44.18016],[143.78365,44.17967],[143.78297,44.18435],[143.77645,44.18469],[143.77569,44.14434],[143.85178,44.13385],[143.911,44.1259],[143.95054,44.0909],[143.9667,44.08489],[143.95308,44.06586],[143.94641,44.06002],[143.9475,44.05276],[143.95193,44.04877],[143.95374,44.04281],[143.95245,44.03628],[143.94399,44.03482],[143.93869,44.03071],[143.93442,44.02319],[143.93383,44.01816],[143.92839,44.01228],[143.91588,44.00998],[143.90655,44.00372],[143.90814,44.00001],[143.89935,43.99563],[143.89346,43.99751],[143.88896,43.98995],[143.8778,43.98132],[143.86318,43.97691],[143.84404,43.98044],[143.84036,43.98602],[143.83289,43.98339],[143.8127,43.98757],[143.80319,43.97784],[143.79344,43.98377],[143.78058,43.97533],[143.7851,43.97082],[143.78098,43.96256],[143.77146,43.95272],[143.76369,43.95193],[143.75133,43.95701],[143.74796,43.95278],[143.74778,43.9456],[143.75074,43.94389],[143.74975,43.93135],[143.75693,43.92918],[143.75566,43.92418],[143.75789,43.92015],[143.73823,43.90479],[143.72773,43.9006],[143.72649,43.89426],[143.72082,43.88837],[143.71998,43.8787],[143.71177,43.87756],[143.70506,43.87466],[143.70069,43.87542],[143.68998,43.88616],[143.69007,43.89163],[143.68144,43.89417],[143.67804,43.90465],[143.66991,43.90866],[143.67381,43.91209],[143.6723,43.91622],[143.67577,43.92001],[143.6864,43.92203],[143.68604,43.92574],[143.68059,43.927],[143.67283,43.9237],[143.66625,43.92518],[143.65168,43.92076],[143.64595,43.92529],[143.65024,43.93019],[143.64159,43.93278],[143.63781,43.94198],[143.62972,43.93661],[143.61639,43.93369],[143.60605,43.93946],[143.60357,43.94786],[143.59081,43.94566],[143.58775,43.94686],[143.59046,43.93987],[143.58765,43.92986],[143.59036,43.92588],[143.58448,43.92282],[143.58381,43.91529],[143.58638,43.90919],[143.58728,43.89645],[143.58355,43.89598],[143.58353,43.88719],[143.57752,43.88162],[143.56987,43.87919],[143.56772,43.86641],[143.5691,43.86107],[143.56562,43.85797],[143.56777,43.85076],[143.57259,43.8454],[143.56455,43.84094],[143.55962,43.84007],[143.55373,43.84524],[143.54639,43.83957],[143.53662,43.83845],[143.52902,43.83518],[143.52568,43.8262],[143.53011,43.82224],[143.52515,43.8197],[143.51939,43.82006],[143.51351,43.81432],[143.50571,43.81431],[143.4882,43.80944],[143.48076,43.81148],[143.47773,43.81472],[143.47158,43.81189],[143.45258,43.8128],[143.44648,43.80757],[143.43312,43.79904],[143.41733,43.79852],[143.40899,43.7958],[143.39885,43.79531],[143.39362,43.79865],[143.38956,43.79668],[143.37691,43.79791],[143.37572,43.79095],[143.367,43.79129],[143.36166,43.78839],[143.36422,43.78229],[143.35085,43.77374],[143.33938,43.7713],[143.33689,43.76557],[143.32629,43.76416],[143.3185,43.76967],[143.30702,43.75947],[143.30369,43.76116],[143.28909,43.7635],[143.27886,43.75458],[143.27321,43.75409],[143.26974,43.74678],[143.25775,43.74247],[143.25065,43.73871],[143.24906,43.7329],[143.25567,43.72219],[143.25304,43.70995],[143.24336,43.70557],[143.23627,43.70074],[143.22605,43.6968],[143.20911,43.70226],[143.19551,43.70026],[143.1887,43.70189],[143.18167,43.70682],[143.17185,43.70692],[143.16129,43.70632],[143.14667,43.69063],[143.14626,43.68144],[143.13967,43.67766],[143.14172,43.66841],[143.16125,43.65983],[143.16479,43.65548],[143.16251,43.65259],[143.17043,43.64898],[143.17335,43.63759],[143.15574,43.62876],[143.15269,43.62165],[143.14815,43.61592],[143.13653,43.60788],[143.13631,43.5997],[143.14247,43.59515],[143.14649,43.59538],[143.15475,43.59152],[143.15896,43.59376],[143.17299,43.59486],[143.1745,43.60086],[143.18126,43.60315],[143.18723,43.60787],[143.18262,43.61482],[143.18806,43.62441],[143.20884,43.63023],[143.21817,43.63439],[143.22246,43.63799],[143.23181,43.64133],[143.25505,43.64024],[143.25762,43.64608],[143.26285,43.64764],[143.27317,43.64629],[143.28183,43.65157],[143.29051,43.6528],[143.30048,43.65225],[143.31043,43.6469],[143.31779,43.64474],[143.33022,43.64386],[143.33594,43.64517],[143.33808,43.64072],[143.3459,43.64068],[143.35194,43.63836],[143.35541,43.64309],[143.3679,43.64509],[143.3741,43.64803],[143.37765,43.65559],[143.38351,43.65405],[143.39001,43.65536],[143.39369,43.66106],[143.40224,43.66623],[143.40462,43.67364],[143.4113,43.66728],[143.42078,43.66407],[143.42609,43.66912],[143.42528,43.67211],[143.43094,43.67654],[143.42778,43.67956],[143.43138,43.68315],[143.42964,43.68783],[143.43656,43.69383],[143.45243,43.69284],[143.4539,43.6972],[143.45948,43.69927],[143.47484,43.70079],[143.48198,43.699],[143.49199,43.69878],[143.50809,43.70515],[143.52501,43.70585],[143.52212,43.71172],[143.52751,43.72144],[143.52644,43.72781],[143.52934,43.7294],[143.52936,43.73712],[143.53471,43.74454],[143.54629,43.74097],[143.58675,43.7621],[143.60597,43.7599],[143.60999,43.75596],[143.61522,43.7587],[143.62537,43.75769],[143.65948,43.77587],[143.66524,43.77537],[143.67348,43.77023],[143.68273,43.76987],[143.69106,43.77542],[143.69839,43.77747],[143.76839,43.78184],[143.79622,43.78383],[143.80341,43.72776],[143.7899,43.6996],[143.79093,43.69263],[143.80261,43.68651],[143.80703,43.6814],[143.80682,43.6759],[143.81072,43.67174],[143.8165,43.6719],[143.81675,43.67735],[143.81986,43.68259],[143.82546,43.68586],[143.83457,43.69438],[143.8419,43.69552],[143.84489,43.70271],[143.85308,43.70393],[143.8572,43.70925],[143.87714,43.70721],[143.8904,43.70158],[143.89823,43.70469],[143.90366,43.7146],[143.90166,43.71856],[143.90733,43.72853],[143.91325,43.7337],[143.91147,43.73963],[143.91918,43.74611],[143.94127,43.7558],[143.94463,43.76043],[143.93961,43.7669],[143.95113,43.77583],[143.96011,43.76594],[143.96615,43.76575],[143.97257,43.76928],[143.97403,43.77423],[143.97321,43.78264],[143.98257,43.79133],[143.98264,43.79396],[143.99061,43.79913],[143.99351,43.80328],[143.98885,43.81139],[143.99273,43.81663],[144.00264,43.81841],[144.00399,43.82629],[144.00808,43.82966],[144.01285,43.83804],[144.01093,43.842],[144.01346,43.84558],[144.01163,43.85094],[144.01868,43.85319],[144.02135,43.8567],[144.02831,43.85959],[144.02522,43.86525],[144.04548,43.87495],[144.05509,43.87739],[144.05705,43.88042],[144.05242,43.88784],[144.04654,43.89385],[144.0628,43.90976],[144.06179,43.91615],[144.06347,43.92171],[144.04744,43.92008],[144.04064,43.91749],[144.03293,43.92477],[144.03397,43.92881],[144.02934,43.93566],[144.03081,43.94329],[144.02071,43.94802],[144.02276,43.96374],[144.02957,43.96466],[144.04842,43.97338],[144.04513,43.97623],[144.04567,43.98336],[144.05345,43.98551],[144.05437,43.98944],[144.0467,44.01001],[144.03141,44.01541],[144.03663,44.0242],[144.0429,44.02502],[144.04962,44.03938],[144.04764,44.04508],[144.05065,44.04867],[144.05019,44.05468],[144.0459,44.06133],[144.05822,44.07032],[144.05863,44.07628],[144.06657,44.08017],[144.06523,44.08373],[144.07432,44.09273],[144.08282,44.09832],[144.08778,44.10959],[144.09151,44.11217],[144.10186,44.11286],[144.11114,44.1098],[144.12065,44.10965],[144.12234,44.11574]]]},"properties":{"pref":"北海道","office":"オホーツク総合振興局","city":"北見市","code5":"01208","code6":"012084"}},
{"type":"Feature","geometry":{"type":"Polygon","coordinates":[[[142.31289,43.04888],[142.29942,43.0517],[142.29432,43.05105],[142.26798,43.0672],[142.26831,43.07108],[142.26241,43.08177],[142.26305,43.0842],[142.24961,43.09271],[142.25099,43.09964],[142.24358,43.10565],[142.24315,43.11291],[142.24506,43.11745],[142.25335,43.12177],[142.25598,43.12748],[142.2548,43.13213],[142.26265,43.13577],[142.25343,43.15123],[142.25737,43.15546],[142.25556,43.16013],[142.26301,43.16677],[142.26954,43.1795],[142.26771,43.18147],[142.2705,43.1885],[142.28395,43.19775],[142.28161,43.20204],[142.28383,43.21326],[142.27865,43.22526],[142.26795,43.22255],[142.25987,43.22331],[142.25653,43.22136],[142.24748,43.22278],[142.24291,43.21247],[142.22995,43.21104],[142.22477,43.2082],[142.21618,43.21147],[142.20553,43.20833],[142.18824,43.20665],[142.18225,43.21353],[142.17615,43.21395],[142.17311,43.21742],[142.16427,43.22045],[142.16102,43.2237],[142.1555,43.21652],[142.15202,43.20457],[142.15646,43.19667],[142.15169,43.19394],[142.13992,43.1913],[142.12899,43.19041],[142.12228,43.18271],[142.11698,43.17386],[142.10857,43.17212],[142.09707,43.16512],[142.08624,43.16777],[142.07268,43.16461],[142.07021,43.16098],[142.06118,43.1576],[142.05888,43.1547],[142.06009,43.14791],[142.04992,43.14329],[142.04134,43.14353],[142.03617,43.14404],[142.0302,43.13805],[142.0353,43.12502],[142.03886,43.1197],[142.0372,43.11684],[142.04386,43.10846],[142.03578,43.10024],[142.0281,43.09705],[142.01762,43.0976],[141.99998,43.10605],[141.9966,43.09838],[141.98445,43.09441],[141.98227,43.09949],[141.97668,43.10235],[141.96604,43.10277],[141.95493,43.10185],[141.94799,43.09959],[141.93761,43.1017],[141.93856,43.09793],[141.92607,43.09858],[141.91587,43.09435],[141.91278,43.09037],[141.91376,43.08306],[141.91777,43.07566],[141.91335,43.0702],[141.91474,43.05584],[141.91208,43.04747],[141.90544,43.04303],[141.90629,43.03517],[141.91258,43.02934],[141.9103,43.02651],[141.91355,43.02114],[141.90773,43.01436],[141.90992,43.00832],[141.91922,42.9939],[141.94058,42.99701],[141.9505,42.99171],[141.9512,42.97769],[141.94631,42.97093],[141.95226,42.96671],[141.95276,42.95373],[141.95562,42.94957],[141.96941,42.94548],[141.97191,42.93503],[141.97148,42.92052],[141.96263,42.9134],[141.96904,42.91181],[141.97787,42.90622],[141.98981,42.90369],[141.99393,42.89563],[141.99528,42.88931],[142.00138,42.88019],[142.00947,42.86309],[142.01985,42.86615],[142.02881,42.86678],[142.03672,42.86214],[142.04358,42.8624],[142.05344,42.8598],[142.06396,42.86954],[142.06442,42.87407],[142.07082,42.87311],[142.08057,42.86868],[142.08116,42.87113],[142.09554,42.88412],[142.10009,42.88548],[142.10708,42.8939],[142.10678,42.90105],[142.11222,42.90392],[142.11053,42.91485],[142.11943,42.9193],[142.12705,42.91941],[142.1279,42.92262],[142.13775,42.92719],[142.14538,42.92796],[142.1437,42.94327],[142.14434,42.94877],[142.15568,42.95446],[142.16225,42.95057],[142.17728,42.95931],[142.18342,42.95765],[142.1865,42.9514],[142.19883,42.95353],[142.20494,42.95343],[142.21114,42.96012],[142.22372,42.96293],[142.22309,42.96813],[142.22905,42.97174],[142.23864,42.97417],[142.24692,42.96874],[142.25525,42.96661],[142.25868,42.9761],[142.26247,42.98227],[142.27204,42.98713],[142.27979,42.98112],[142.28543,42.98841],[142.29119,43.00248],[142.2897,43.00911],[142.29585,43.01516],[142.30225,43.01666],[142.32324,43.02562],[142.33018,43.03167],[142.32344,43.03623],[142.3249,43.03948],[142.32048,43.04667],[142.31289,43.04888]]]},"properties":{"pref":"北海道","office":"空知総合振興局","city":"夕張市","code5":"01209","code6":"012092"}},
{"type":"Feature","geometry":{"type":"Polygon","coordinates":[[[142.04134,43.14353],[142.03925,43.15044],[142.03118,43.16495],[142.03135,43.16826],[142.02598,43.17311],[142.00683,43.17203],[142.00378,43.17483],[141.99311,43.17892],[141.98718,43.18514],[141.97616,43.18785],[141.97168,43.18687],[141.95759,43.19429],[141.94173,43.19193],[141.93858,43.19362],[141.93722,43.19965],[141.93058,43.20341],[141.91798,43.20706],[141.90845,43.20704],[141.90693,43.20116],[141.89779,43.1939],[141.8891,43.19457],[141.87594,43.19936],[141.8705,43.20259],[141.85917,43.20252],[141.84039,43.2007],[141.8349,43.20354],[141.8242,43.20577],[141.82531,43.21034],[141.82353,43.21705],[141.82293,43.22734],[141.81739,43.23113],[141.81003,43.22808],[141.80075,43.23033],[141.80078,43.23448],[141.80469,43.25308],[141.8076,43.2561],[141.80835,43.25858],[141.79599,43.2708],[141.79127,43.27858],[141.75259,43.30926],[141.69442,43.33151],[141.67683,43.33772],[141.67762,43.33294],[141.68843,43.32418],[141.68615,43.31996],[141.67982,43.31793],[141.66633,43.30866],[141.67148,43.30066],[141.67506,43.28731],[141.66758,43.28775],[141.65712,43.29237],[141.65435,43.28613],[141.65752,43.27844],[141.65607,43.27392],[141.6461,43.27126],[141.64892,43.26698],[141.65813,43.26241],[141.6648,43.25671],[141.65905,43.25061],[141.65946,43.24496],[141.6632,43.23955],[141.67121,43.23199],[141.67298,43.22848],[141.66601,43.22346],[141.65465,43.22116],[141.65954,43.21338],[141.65685,43.21024],[141.64984,43.20952],[141.64653,43.20496],[141.64921,43.20037],[141.64654,43.19521],[141.64964,43.19064],[141.6429,43.18784],[141.63358,43.1902],[141.62128,43.1795],[141.61114,43.16653],[141.62304,43.16118],[141.62775,43.15794],[141.63664,43.15558],[141.6402,43.15244],[141.64058,43.14568],[141.64651,43.13981],[141.64948,43.14111],[141.6688,43.12067],[141.70441,43.08313],[141.71386,43.08171],[141.73696,43.08135],[141.74233,43.07537],[141.74848,43.07966],[141.75517,43.07568],[141.76318,43.07652],[141.76502,43.08013],[141.78253,43.08687],[141.79109,43.09368],[141.79838,43.0957],[141.81278,43.10269],[141.82182,43.10294],[141.83151,43.11176],[141.85153,43.12398],[141.86689,43.13025],[141.87855,43.13046],[141.88544,43.12931],[141.88506,43.12379],[141.89631,43.11711],[141.89674,43.11437],[141.90425,43.11114],[141.9142,43.11455],[141.92082,43.10601],[141.92815,43.10557],[141.93761,43.1017],[141.94799,43.09959],[141.95493,43.10185],[141.96604,43.10277],[141.97668,43.10235],[141.98227,43.09949],[141.98445,43.09441],[141.9966,43.09838],[141.99998,43.10605],[142.01762,43.0976],[142.0281,43.09705],[142.03578,43.10024],[142.04386,43.10846],[142.0372,43.11684],[142.03886,43.1197],[142.0353,43.12502],[142.0302,43.13805],[142.03617,43.14404],[142.04134,43.14353]]]},"properties":{"pref":"北海道","office":"空知総合振興局","city":"岩見沢市","code5":"01210","code6":"012106"}},
{"type":"Feature","geometry":{"type":"Polygon","coordinates":[[[144.06347,43.92171],[144.07513,43.93549],[144.08198,43.93925],[144.08964,43.93984],[144.10339,43.939],[144.12596,43.93286],[144.1266,43.93719],[144.17313,43.96797],[144.19998,43.95992],[144.20518,43.95347],[144.20832,43.94301],[144.21318,43.93749],[144.22342,43.93408],[144.2229,43.92999],[144.23037,43.9243],[144.2375,43.91305],[144.23896,43.90321],[144.24421,43.90153],[144.2559,43.88323],[144.26264,43.86908],[144.28728,43.87457],[144.29192,43.87038],[144.30477,43.87338],[144.29988,43.88395],[144.29622,43.88519],[144.30126,43.89411],[144.34638,43.88092],[144.37778,43.87117],[144.37252,43.86186],[144.3748,43.86108],[144.38226,43.84444],[144.36667,43.8407],[144.36448,43.83037],[144.36609,43.8216],[144.3749,43.80587],[144.37824,43.80213],[144.38363,43.79097],[144.38028,43.78533],[144.38795,43.78287],[144.38817,43.79454],[144.39161,43.80065],[144.38852,43.80994],[144.38239,43.81842],[144.38684,43.82778],[144.38988,43.8374],[144.39397,43.84046],[144.39082,43.84925],[144.39204,43.85272],[144.39884,43.85493],[144.40565,43.85391],[144.40997,43.85602],[144.40754,43.86613],[144.41944,43.87556],[144.42244,43.88043],[144.42287,43.88641],[144.42718,43.89064],[144.4286,43.89873],[144.42725,43.90408],[144.42903,43.91144],[144.43328,43.91934],[144.42933,43.92371],[144.42911,43.93009],[144.42521,43.93194],[144.39191,43.93702],[144.38782,43.93819],[144.36051,43.95049],[144.36313,43.95579],[144.34468,43.96169],[144.32426,43.96948],[144.30016,43.98146],[144.2961,43.98861],[144.29774,43.99276],[144.28681,44.00403],[144.2889,44.01803],[144.27863,44.02276],[144.27128,44.02474],[144.26103,44.03214],[144.25485,44.03932],[144.25658,44.04726],[144.26071,44.04982],[144.26139,44.0571],[144.25208,44.06113],[144.25549,44.06909],[144.25256,44.07211],[144.25703,44.08631],[144.25423,44.09396],[144.25424,44.09932],[144.25008,44.10936],[144.2431,44.11324],[144.23693,44.10692],[144.22128,44.10252],[144.2037,44.10188],[144.19175,44.10469],[144.17904,44.10468],[144.12234,44.11574],[144.12065,44.10965],[144.11114,44.1098],[144.10186,44.11286],[144.09151,44.11217],[144.08778,44.10959],[144.08282,44.09832],[144.07432,44.09273],[144.06523,44.08373],[144.06657,44.08017],[144.05863,44.07628],[144.05822,44.07032],[144.0459,44.06133],[144.05019,44.05468],[144.05065,44.04867],[144.04764,44.04508],[144.04962,44.03938],[144.0429,44.02502],[144.03663,44.0242],[144.03141,44.01541],[144.0467,44.01001],[144.05437,43.98944],[144.05345,43.98551],[144.04567,43.98336],[144.04513,43.97623],[144.04842,43.97338],[144.02957,43.96466],[144.02276,43.96374],[144.02071,43.94802],[144.03081,43.94329],[144.02934,43.93566],[144.03397,43.92881],[144.03293,43.92477],[144.04064,43.91749],[144.04744,43.92008],[144.06347,43.92171]]]},"properties":{"pref":"北海道","office":"オホーツク総合振興局","city":"網走市","code5":"01211","code6":"012114"}},
{"type":"Feature","geometry":{"type":"Polygon","coordinates":[[[141.8851,43.94329],[141.879,43.94743],[141.87531,43.9536],[141.8661,43.95727],[141.85947,43.96475],[141.85116,43.96478],[141.84157,43.96708],[141.83446,43.9602],[141.82109,43.96322],[141.80893,43.95851],[141.79778,43.95841],[141.7953,43.95129],[141.78239,43.93683],[141.77165,43.93129],[141.76128,43.93286],[141.74993,43.93257],[141.74301,43.93092],[141.73677,43.93488],[141.7343,43.94098],[141.72141,43.94362],[141.71947,43.95066],[141.71026,43.95361],[141.70435,43.95816],[141.69398,43.95786],[141.68943,43.96378],[141.67889,43.96487],[141.67052,43.97205],[141.66782,43.97758],[141.65415,43.98541],[141.65459,43.98936],[141.65102,43.99386],[141.65058,43.98938],[141.64585,43.98117],[141.64628,43.97596],[141.63586,43.97455],[141.6381,43.97011],[141.64552,43.97113],[141.64138,43.9612],[141.64237,43.95573],[141.64078,43.94741],[141.63514,43.94797],[141.63167,43.93429],[141.62683,43.92097],[141.62099,43.91838],[141.60789,43.90312],[141.62473,43.89922],[141.63576,43.89009],[141.63956,43.89016],[141.64725,43.88142],[141.66244,43.87423],[141.66425,43.86445],[141.66209,43.86324],[141.66179,43.85467],[141.66937,43.8527],[141.67551,43.84163],[141.68644,43.8332],[141.68664,43.82845],[141.69529,43.82482],[141.69314,43.81601],[141.69511,43.80927],[141.6985,43.80586],[141.69887,43.79621],[141.71091,43.79235],[141.71955,43.79547],[141.72797,43.79341],[141.7329,43.78921],[141.74233,43.79003],[141.74146,43.78561],[141.7484,43.77189],[141.75402,43.7677],[141.7612,43.75814],[141.76738,43.75626],[141.77447,43.77015],[141.77558,43.77639],[141.77066,43.7804],[141.77094,43.78457],[141.78691,43.79055],[141.79948,43.79733],[141.80443,43.80131],[141.80398,43.81201],[141.80665,43.81572],[141.79863,43.82298],[141.79727,43.8267],[141.80501,43.83003],[141.81088,43.82941],[141.81366,43.83452],[141.81853,43.8343],[141.82286,43.83073],[141.83058,43.83227],[141.82991,43.84257],[141.8455,43.84484],[141.85158,43.84788],[141.85837,43.84665],[141.86062,43.85582],[141.85838,43.85881],[141.86311,43.86811],[141.86609,43.86949],[141.86645,43.87932],[141.878,43.88936],[141.88331,43.88962],[141.89613,43.89428],[141.90026,43.89754],[141.90022,43.90139],[141.89086,43.91425],[141.88497,43.917],[141.88161,43.9261],[141.88938,43.9355],[141.8851,43.94329]]]},"properties":{"pref":"北海道","office":"留萌振興局","city":"留萌市","code5":"01212","code6":"012122"}},
{"type":"Feature","geometry":{"type":"Polygon","coordinates":[[[141.82579,42.69907],[141.79538,42.69681],[141.77653,42.7109],[141.75542,42.72518],[141.74876,42.72857],[141.74291,42.73815],[141.73656,42.74586],[141.73665,42.74871],[141.74459,42.75439],[141.74422,42.76286],[141.74186,42.76873],[141.7475,42.77993],[141.74259,42.78772],[141.73255,42.78424],[141.72981,42.78125],[141.72225,42.78014],[141.71616,42.77427],[141.70646,42.77041],[141.69159,42.77115],[141.67796,42.77451],[141.66886,42.7754],[141.65321,42.7749],[141.6489,42.77656],[141.63607,42.77467],[141.62967,42.77522],[141.6213,42.77234],[141.60457,42.77224],[141.59256,42.75931],[141.58364,42.75332],[141.57234,42.74378],[141.56138,42.74313],[141.55203,42.74815],[141.54289,42.75078],[141.53568,42.74775],[141.52855,42.74683],[141.51075,42.74952],[141.50384,42.74758],[141.48765,42.7493],[141.46102,42.75524],[141.45127,42.76335],[141.43849,42.76006],[141.41924,42.76311],[141.4104,42.76294],[141.41234,42.75373],[141.41265,42.7433],[141.41096,42.73383],[141.41367,42.72516],[141.41242,42.72174],[141.40321,42.71655],[141.3918,42.70054],[141.38685,42.69212],[141.38305,42.69454],[141.37298,42.69192],[141.37193,42.68556],[141.3603,42.68161],[141.34628,42.67926],[141.34203,42.67134],[141.34245,42.66242],[141.34005,42.65746],[141.33934,42.64891],[141.34609,42.64033],[141.34356,42.63705],[141.34512,42.63266],[141.3641,42.61875],[141.37733,42.61397],[141.37832,42.61056],[141.38496,42.60656],[141.39165,42.60511],[141.39393,42.59981],[141.40086,42.59045],[141.40977,42.5878],[141.41231,42.58482],[141.42027,42.58256],[141.42127,42.57839],[141.41833,42.57487],[141.46181,42.59251],[141.49807,42.60403],[141.52922,42.61283],[141.57956,42.62312],[141.61088,42.62717],[141.61156,42.62038],[141.61758,42.62072],[141.61677,42.62812],[141.62423,42.63035],[141.62458,42.63542],[141.62097,42.64128],[141.62515,42.64424],[141.62983,42.63669],[141.6424,42.63956],[141.69541,42.6574],[141.69842,42.65253],[141.69053,42.64988],[141.68678,42.65095],[141.64839,42.63785],[141.63112,42.62814],[141.65946,42.63046],[141.672,42.63037],[141.67378,42.62786],[141.69087,42.62871],[141.7128,42.62776],[141.72775,42.62595],[141.73656,42.62356],[141.74947,42.62289],[141.75946,42.62081],[141.78371,42.61311],[141.78119,42.6069],[141.79885,42.60225],[141.80385,42.61446],[141.81488,42.62507],[141.81667,42.65952],[141.81555,42.6669],[141.8228,42.66812],[141.82944,42.67392],[141.82977,42.68748],[141.82579,42.69907]]]},"properties":{"pref":"北海道","office":"胆振総合振興局","city":"苫小牧市","code5":"01213","code6":"012131"}},
{"type":"Feature","geometry":{"type":"Polygon","coordinates":[[[142.05017,45.40234],[142.04202,45.40891],[142.0335,45.41993],[142.03514,45.42955],[142.0243,45.43675],[142.02343,45.44737],[142.01879,45.45356],[142.00798,45.45635],[142.00357,45.46023],[141.99281,45.46265],[141.96976,45.48256],[141.96759,45.4887],[141.96712,45.49762],[141.96142,45.5105],[141.95432,45.51635],[141.94252,45.51857],[141.93654,45.52296],[141.92824,45.51781],[141.91256,45.51753],[141.90297,45.5145],[141.89349,45.50894],[141.89237,45.50219],[141.88576,45.49683],[141.87915,45.49458],[141.87969,45.48235],[141.87473,45.47711],[141.87355,45.46971],[141.87831,45.46092],[141.87219,45.45028],[141.86354,45.43946],[141.8544,45.43202],[141.83841,45.4221],[141.82005,45.41416],[141.79561,45.40653],[141.78327,45.40456],[141.77078,45.40393],[141.75912,45.40566],[141.75441,45.40975],[141.7458,45.41326],[141.74521,45.40521],[141.74034,45.40101],[141.7337,45.39905],[141.71609,45.39635],[141.70651,45.39675],[141.70645,45.40148],[141.70269,45.40526],[141.6943,45.40513],[141.67713,45.41062],[141.68186,45.41975],[141.67561,45.42101],[141.66989,45.43113],[141.66499,45.43627],[141.65724,45.44073],[141.64767,45.44905],[141.64014,45.43872],[141.63423,45.42057],[141.63433,45.40554],[141.63802,45.39132],[141.64527,45.38151],[141.65688,45.36998],[141.65705,45.35929],[141.65186,45.34503],[141.64392,45.334],[141.63562,45.32536],[141.62265,45.31366],[141.61548,45.31066],[141.61992,45.29521],[141.61475,45.28123],[141.60897,45.27224],[141.59533,45.25829],[141.59075,45.25528],[141.57395,45.2387],[141.57054,45.22953],[141.57178,45.22306],[141.56844,45.2051],[141.56896,45.19818],[141.5728,45.18697],[141.57825,45.17609],[141.58191,45.1777],[141.59272,45.17252],[141.6001,45.17535],[141.60088,45.18209],[141.59861,45.1899],[141.59303,45.19433],[141.59647,45.20098],[141.6046,45.20072],[141.6067,45.20319],[141.61668,45.20526],[141.62515,45.21036],[141.6329,45.20993],[141.64345,45.21901],[141.65579,45.22296],[141.6575,45.23444],[141.6694,45.23867],[141.68128,45.24036],[141.69096,45.23798],[141.69598,45.24051],[141.71302,45.23133],[141.71795,45.23502],[141.73121,45.23891],[141.72993,45.24687],[141.73787,45.25531],[141.73448,45.26505],[141.74698,45.26688],[141.75026,45.27],[141.76321,45.27404],[141.76736,45.26998],[141.76716,45.25902],[141.77532,45.24745],[141.77977,45.24371],[141.77921,45.23885],[141.78382,45.23506],[141.76986,45.2281],[141.79876,45.19989],[141.82201,45.2116],[141.82151,45.20588],[141.82652,45.20156],[141.83005,45.20361],[141.83657,45.2007],[141.82279,45.19367],[141.83241,45.18783],[141.84654,45.19343],[141.85531,45.1933],[141.86333,45.18956],[141.86299,45.17632],[141.90198,45.17683],[141.90175,45.19068],[141.91254,45.20015],[141.91382,45.20321],[141.92445,45.20966],[141.9441,45.22612],[141.95775,45.22446],[141.96455,45.22501],[141.97904,45.23209],[141.99115,45.23114],[141.99675,45.23582],[141.9967,45.24136],[142.00093,45.24713],[142.00583,45.25016],[141.9996,45.25584],[141.99331,45.2577],[141.98887,45.26643],[141.9949,45.27346],[141.99104,45.27839],[141.99114,45.28616],[141.98586,45.28859],[141.98098,45.28724],[141.96757,45.29347],[141.96081,45.29363],[141.96676,45.30453],[141.97365,45.30897],[141.97508,45.31848],[141.96888,45.32808],[141.95961,45.33608],[141.96321,45.33889],[141.96211,45.34418],[141.97682,45.35405],[141.98257,45.3534],[142.00075,45.36056],[142.01722,45.36186],[142.02512,45.36503],[142.02513,45.37053],[142.02806,45.3738],[142.04392,45.37639],[142.04491,45.38121],[142.04904,45.38595],[142.04898,45.39501],[142.05342,45.39659],[142.05017,45.40234]]]},"properties":{"pref":"北海道","office":"宗谷総合振興局","city":"稚内市","code5":"01214","code6":"012149"}},
{"type":"Feature","geometry":{"type":"Polygon","coordinates":[[[141.8076,43.2561],[141.82112,43.24844],[141.82577,43.24855],[141.83677,43.2585],[141.86034,43.25928],[141.86765,43.26462],[141.87649,43.26902],[141.877,43.27491],[141.88756,43.27828],[141.88999,43.28474],[141.90829,43.29233],[141.91875,43.29316],[141.92854,43.2887],[141.93469,43.29012],[141.94084,43.28765],[141.94352,43.29141],[141.94945,43.29352],[141.95374,43.29801],[141.95892,43.29791],[141.97768,43.30546],[141.986,43.30748],[141.99119,43.30664],[141.9957,43.31355],[142.00067,43.31393],[142.00706,43.32538],[142.01018,43.32675],[142.00955,43.33801],[142.01444,43.34519],[142.01811,43.34714],[142.01876,43.35533],[142.02423,43.35883],[142.02899,43.3556],[142.03517,43.3567],[142.05182,43.35089],[142.0567,43.35127],[142.0613,43.35676],[142.05628,43.35894],[142.05516,43.363],[142.06217,43.37022],[142.06081,43.37667],[142.05262,43.37928],[142.05114,43.39118],[142.04862,43.39752],[142.05017,43.4014],[142.04458,43.41116],[142.03469,43.41348],[142.03234,43.41857],[142.02487,43.41966],[142.01977,43.41807],[142.00842,43.40509],[142.00103,43.4013],[141.99624,43.3949],[141.98283,43.3916],[141.97874,43.38301],[141.97408,43.38044],[141.967,43.37201],[141.96148,43.37256],[141.95485,43.37732],[141.94332,43.37923],[141.93329,43.37659],[141.92908,43.3784],[141.92789,43.38391],[141.91435,43.39316],[141.9048,43.39196],[141.85862,43.4005],[141.85714,43.39518],[141.82298,43.40062],[141.82056,43.38879],[141.81126,43.38555],[141.79873,43.37871],[141.79268,43.37737],[141.77987,43.37792],[141.77072,43.37308],[141.76642,43.36026],[141.76299,43.35653],[141.75887,43.35064],[141.74968,43.35507],[141.72827,43.35094],[141.71423,43.35041],[141.70229,43.34561],[141.69442,43.33151],[141.75259,43.30926],[141.79127,43.27858],[141.79599,43.2708],[141.80835,43.25858],[141.8076,43.2561]]]},"properties":{"pref":"北海道","office":"空知総合振興局","city":"美唄市","code5":"01215","code6":"012157"}},
{"type":"Feature","geometry":{"type":"Polygon","coordinates":[[[142.2385,43.65233],[142.23805,43.64363],[142.2362,43.64096],[142.2243,43.63977],[142.21255,43.63288],[142.2039,43.63375],[142.19407,43.6415],[142.19019,43.6371],[142.17316,43.63861],[142.16514,43.63621],[142.1504,43.63684],[142.13151,43.64119],[142.11368,43.63596],[142.10908,43.62662],[142.1149,43.61509],[142.12077,43.60991],[142.11883,43.59987],[142.12007,43.5887],[142.11984,43.57589],[142.12292,43.56543],[142.10992,43.55358],[142.10207,43.55189],[142.10148,43.54629],[142.09399,43.54302],[142.09802,43.53643],[142.10554,43.54246],[142.11383,43.54524],[142.12172,43.54372],[142.12926,43.54506],[142.14068,43.54334],[142.14171,43.53993],[142.14894,43.53487],[142.14215,43.52835],[142.14376,43.52264],[142.14062,43.51877],[142.13446,43.51773],[142.13332,43.51455],[142.11745,43.50745],[142.11262,43.50369],[142.10919,43.49582],[142.10961,43.48885],[142.10505,43.48425],[142.09818,43.48187],[142.09268,43.48448],[142.09135,43.48876],[142.08006,43.48953],[142.07136,43.48195],[142.07158,43.47722],[142.06675,43.47599],[142.06486,43.4661],[142.06796,43.45468],[142.06649,43.45236],[142.07244,43.43648],[142.06606,43.43431],[142.05998,43.42992],[142.05927,43.42476],[142.0532,43.42256],[142.05123,43.41491],[142.05381,43.40562],[142.05017,43.4014],[142.04862,43.39752],[142.05114,43.39118],[142.05262,43.37928],[142.06081,43.37667],[142.06217,43.37022],[142.05516,43.363],[142.05628,43.35894],[142.0613,43.35676],[142.0567,43.35127],[142.05182,43.35089],[142.04949,43.34818],[142.05684,43.34314],[142.06385,43.33577],[142.05881,43.33024],[142.05964,43.32673],[142.05052,43.31974],[142.05121,43.3172],[142.0463,43.30822],[142.05365,43.30364],[142.06282,43.29243],[142.0704,43.29106],[142.07924,43.28723],[142.07702,43.27414],[142.08913,43.26943],[142.08908,43.25977],[142.09419,43.25751],[142.09565,43.24983],[142.10067,43.24547],[142.10471,43.2367],[142.1139,43.22231],[142.12435,43.21973],[142.13983,43.22313],[142.14498,43.22826],[142.15388,43.22854],[142.16102,43.2237],[142.16427,43.22045],[142.17311,43.21742],[142.17615,43.21395],[142.18225,43.21353],[142.18824,43.20665],[142.20553,43.20833],[142.21618,43.21147],[142.22477,43.2082],[142.22995,43.21104],[142.24291,43.21247],[142.24748,43.22278],[142.25653,43.22136],[142.25987,43.22331],[142.26795,43.22255],[142.27865,43.22526],[142.27644,43.23347],[142.28015,43.23525],[142.28033,43.24298],[142.27833,43.2531],[142.28147,43.25544],[142.28234,43.26271],[142.28604,43.26737],[142.28706,43.27268],[142.28513,43.27757],[142.28877,43.27947],[142.28597,43.28894],[142.27858,43.29234],[142.27262,43.29767],[142.27167,43.30263],[142.27842,43.31029],[142.28109,43.32217],[142.29271,43.32677],[142.29689,43.33019],[142.29528,43.33718],[142.28988,43.34332],[142.29273,43.35105],[142.30515,43.35985],[142.31286,43.36042],[142.33098,43.37093],[142.35067,43.37806],[142.35121,43.38065],[142.342,43.38502],[142.34129,43.3924],[142.3476,43.40052],[142.35143,43.40166],[142.3575,43.41965],[142.36683,43.42416],[142.36812,43.43583],[142.36168,43.44079],[142.36057,43.45794],[142.35704,43.46622],[142.35544,43.47423],[142.36511,43.48216],[142.36811,43.48641],[142.36444,43.49474],[142.35597,43.49964],[142.35262,43.49972],[142.34552,43.50652],[142.33703,43.50605],[142.33531,43.51428],[142.33174,43.52126],[142.32493,43.52509],[142.32611,43.52972],[142.32053,43.5333],[142.32308,43.53746],[142.32178,43.5443],[142.3149,43.54788],[142.30122,43.55197],[142.29889,43.56393],[142.2911,43.56983],[142.2877,43.57443],[142.28921,43.57884],[142.2853,43.58559],[142.28645,43.5943],[142.28315,43.60484],[142.29118,43.61211],[142.2882,43.62051],[142.29235,43.62596],[142.29298,43.63207],[142.28586,43.64351],[142.27712,43.64711],[142.27903,43.65211],[142.2705,43.65673],[142.26734,43.66037],[142.25706,43.66072],[142.25254,43.65695],[142.24254,43.65218],[142.2385,43.65233]]]},"properties":{"pref":"北海道","office":"空知総合振興局","city":"芦別市","code5":"01216","code6":"012165"}},
{"type":"Feature","geometry":{"type":"Polygon","coordinates":[[[141.44939,43.16263],[141.44694,43.15587],[141.455,43.13473],[141.45372,43.11996],[141.44737,43.10518],[141.44439,43.10105],[141.45726,43.09342],[141.45908,43.0994],[141.465,43.10011],[141.47346,43.09612],[141.47563,43.08806],[141.47074,43.08188],[141.47379,43.07373],[141.47154,43.06954],[141.48347,43.06037],[141.49074,43.05695],[141.4974,43.0578],[141.50123,43.05101],[141.50542,43.02086],[141.52411,43.01607],[141.52953,43.01866],[141.53946,43.01872],[141.54882,43.02211],[141.55726,43.02253],[141.56867,43.0248],[141.56432,43.03553],[141.56977,43.03772],[141.57402,43.04352],[141.57478,43.04996],[141.58327,43.05185],[141.58925,43.05527],[141.58795,43.0694],[141.59076,43.07483],[141.58329,43.077],[141.6688,43.12067],[141.64948,43.14111],[141.64651,43.13981],[141.64058,43.14568],[141.6402,43.15244],[141.63664,43.15558],[141.62775,43.15794],[141.62304,43.16118],[141.57868,43.15764],[141.57628,43.17271],[141.44939,43.16263]]]},"properties":{"pref":"北海道","office":"石狩振興局","city":"江別市","code5":"01217","code6":"012173"}},
{"type":"Feature","geometry":{"type":"Polygon","coordinates":[[[142.11368,43.63596],[142.10653,43.64056],[142.10344,43.64621],[142.09456,43.64472],[142.0907,43.64794],[142.08405,43.64216],[142.08613,43.63947],[142.08056,43.63448],[142.08006,43.62953],[142.0675,43.62826],[142.0619,43.62479],[142.05975,43.61675],[142.05461,43.61752],[142.04761,43.62456],[142.04371,43.62439],[142.02672,43.6166],[142.01715,43.61447],[142.01117,43.60852],[142.00605,43.60697],[141.99971,43.60073],[141.99424,43.59812],[141.99629,43.5874],[141.99516,43.58319],[141.98666,43.57593],[141.98347,43.56912],[141.98394,43.56497],[141.97814,43.5584],[141.97457,43.54099],[141.97555,43.53374],[141.99056,43.52306],[141.9944,43.52131],[141.99998,43.52322],[142.00569,43.51898],[142.01072,43.52444],[142.02046,43.52748],[142.02273,43.53358],[142.02904,43.53131],[142.04889,43.53487],[142.05494,43.53015],[142.0743,43.52364],[142.07902,43.52558],[142.0871,43.52438],[142.0823,43.51045],[142.08666,43.50809],[142.08865,43.50041],[142.09107,43.49891],[142.09317,43.49027],[142.09135,43.48876],[142.09268,43.48448],[142.09818,43.48187],[142.10505,43.48425],[142.10961,43.48885],[142.10919,43.49582],[142.11262,43.50369],[142.11745,43.50745],[142.13332,43.51455],[142.13446,43.51773],[142.14062,43.51877],[142.14376,43.52264],[142.14215,43.52835],[142.14894,43.53487],[142.14171,43.53993],[142.14068,43.54334],[142.12926,43.54506],[142.12172,43.54372],[142.11383,43.54524],[142.10554,43.54246],[142.09802,43.53643],[142.09399,43.54302],[142.10148,43.54629],[142.10207,43.55189],[142.10992,43.55358],[142.12292,43.56543],[142.11984,43.57589],[142.12007,43.5887],[142.11883,43.59987],[142.12077,43.60991],[142.1149,43.61509],[142.10908,43.62662],[142.11368,43.63596]]]},"properties":{"pref":"北海道","office":"空知総合振興局","city":"赤平市","code5":"01218","code6":"012181"}},
{"type":"Feature","geometry":{"type":"Polygon","coordinates":[[[143.55904,44.25252],[143.51594,44.26775],[143.46571,44.28684],[143.41147,44.30947],[143.38249,44.32506],[143.37406,44.33114],[143.37652,44.3337],[143.37148,44.33946],[143.36444,44.3379],[143.36005,44.34551],[143.3567,44.35972],[143.34888,44.3704],[143.34038,44.37204],[143.32317,44.3799],[143.30921,44.38542],[143.27614,44.40079],[143.27241,44.39283],[143.2751,44.38374],[143.2594,44.37393],[143.25541,44.36797],[143.24721,44.36525],[143.24365,44.35696],[143.24369,44.35139],[143.23393,44.34949],[143.22647,44.34993],[143.2184,44.34685],[143.20846,44.34835],[143.20572,44.34375],[143.20461,44.33404],[143.19143,44.32723],[143.18613,44.33304],[143.17622,44.33377],[143.17167,44.3298],[143.16696,44.33194],[143.15627,44.33049],[143.15562,44.32389],[143.14516,44.32153],[143.14648,44.31843],[143.13944,44.31475],[143.12652,44.31281],[143.1206,44.31397],[143.11823,44.30613],[143.11324,44.30271],[143.11577,44.29845],[143.11383,44.29144],[143.10482,44.2881],[143.09903,44.28949],[143.09527,44.28686],[143.10349,44.27599],[143.10661,44.26663],[143.11169,44.26687],[143.12151,44.25974],[143.12769,44.26004],[143.13943,44.24768],[143.14926,44.24067],[143.14966,44.23615],[143.15414,44.23016],[143.15832,44.23371],[143.17399,44.2333],[143.17468,44.23152],[143.19403,44.22216],[143.19409,44.21534],[143.19788,44.203],[143.19545,44.19827],[143.1869,44.19504],[143.18621,44.19237],[143.1746,44.18604],[143.17236,44.18038],[143.16711,44.17394],[143.16732,44.16561],[143.15761,44.15408],[143.15698,44.14807],[143.14161,44.14553],[143.13328,44.13392],[143.13776,44.1221],[143.14864,44.10488],[143.15158,44.10366],[143.15087,44.09496],[143.15224,44.0909],[143.14993,44.08566],[143.14366,44.08359],[143.14138,44.07935],[143.13381,44.07361],[143.13815,44.06862],[143.13465,44.06438],[143.12634,44.06127],[143.12362,44.05843],[143.12918,44.05516],[143.13152,44.04686],[143.13523,44.04421],[143.13383,44.03966],[143.12964,44.03791],[143.12657,44.03292],[143.13359,44.02847],[143.13469,44.02106],[143.12961,44.01605],[143.12583,44.00928],[143.1256,44.00332],[143.12882,44.00062],[143.14218,44.00057],[143.15092,43.99507],[143.16438,43.99212],[143.17344,44.00052],[143.17251,44.00368],[143.17782,44.01342],[143.19426,44.0168],[143.20978,44.01654],[143.22129,44.02335],[143.22366,44.03168],[143.23636,44.03183],[143.23887,44.03403],[143.25572,44.0414],[143.26593,44.03598],[143.27405,44.03652],[143.28455,44.03438],[143.28986,44.02809],[143.29374,44.0304],[143.30281,44.03108],[143.29931,44.03656],[143.31094,44.04508],[143.31527,44.05159],[143.32606,44.05139],[143.33472,44.06006],[143.33341,44.06433],[143.33638,44.06761],[143.34603,44.07028],[143.34595,44.07299],[143.35235,44.07933],[143.35869,44.0796],[143.3573,44.0844],[143.3702,44.09417],[143.37072,44.10164],[143.37562,44.10463],[143.37794,44.10952],[143.38375,44.10586],[143.38599,44.11015],[143.3914,44.11225],[143.39876,44.10704],[143.40268,44.10733],[143.41077,44.102],[143.41667,44.10528],[143.41465,44.12899],[143.41047,44.13892],[143.41418,44.14037],[143.41621,44.1482],[143.42199,44.15035],[143.43106,44.16175],[143.43291,44.16571],[143.44521,44.17356],[143.45177,44.17378],[143.46107,44.1778],[143.46937,44.18346],[143.48716,44.20252],[143.48889,44.20605],[143.49922,44.21486],[143.5051,44.21818],[143.51046,44.22663],[143.51605,44.22794],[143.5262,44.23694],[143.54158,44.24225],[143.54464,44.24144],[143.55804,44.25061],[143.55904,44.25252]]]},"properties":{"pref":"北海道","office":"オホーツク総合振興局","city":"紋別市","code5":"01219","code6":"012190"}},
{"type":"Feature","geometry":{"type":"Polygon","coordinates":[[[142.31072,44.27317],[142.31189,44.26686],[142.29496,44.26221],[142.29083,44.26641],[142.29238,44.27141],[142.28101,44.27627],[142.28028,44.28143],[142.27325,44.28358],[142.26722,44.28048],[142.25686,44.28598],[142.2492,44.28599],[142.24008,44.29541],[142.23182,44.29722],[142.21368,44.29525],[142.21242,44.28381],[142.21401,44.27803],[142.20745,44.27788],[142.19508,44.28559],[142.19217,44.27943],[142.18296,44.27229],[142.1745,44.26104],[142.17334,44.25422],[142.17724,44.25075],[142.18522,44.24788],[142.19439,44.25447],[142.20067,44.25621],[142.2135,44.25182],[142.21125,44.24948],[142.2133,44.24094],[142.20671,44.23997],[142.20422,44.22698],[142.20523,44.22274],[142.20161,44.21837],[142.20234,44.21386],[142.19897,44.2077],[142.18487,44.20093],[142.18328,44.19754],[142.17214,44.19295],[142.17741,44.18653],[142.18579,44.18518],[142.18798,44.17644],[142.186,44.1689],[142.18935,44.16671],[142.17932,44.15765],[142.18521,44.15237],[142.18811,44.13883],[142.1973,44.13119],[142.20401,44.12311],[142.19869,44.11513],[142.20309,44.11004],[142.19563,44.10904],[142.18104,44.09514],[142.1784,44.08856],[142.18209,44.08127],[142.17953,44.0789],[142.18038,44.07124],[142.17418,44.06186],[142.17687,44.04926],[142.18185,44.04843],[142.18722,44.04299],[142.20645,44.03252],[142.21,44.03522],[142.23624,44.02048],[142.23985,44.02371],[142.24931,44.02688],[142.2528,44.03184],[142.25898,44.03629],[142.27474,44.04034],[142.28159,44.04347],[142.28078,44.05307],[142.27597,44.05633],[142.27469,44.06427],[142.27082,44.06778],[142.26809,44.07504],[142.2692,44.08479],[142.27583,44.08554],[142.28082,44.08931],[142.27927,44.09483],[142.28165,44.09785],[142.28,44.10719],[142.27403,44.11758],[142.27809,44.12491],[142.27771,44.13295],[142.28483,44.14407],[142.28331,44.1494],[142.28541,44.15888],[142.29256,44.16249],[142.29708,44.17034],[142.30273,44.17187],[142.30159,44.1763],[142.3111,44.17711],[142.31032,44.18638],[142.32142,44.18033],[142.32156,44.16932],[142.32465,44.16586],[142.33382,44.16449],[142.3421,44.16021],[142.34596,44.14752],[142.35383,44.13977],[142.35803,44.14132],[142.36959,44.14073],[142.38787,44.1437],[142.39331,44.14606],[142.39764,44.142],[142.40142,44.14696],[142.41143,44.14762],[142.41266,44.13734],[142.40837,44.12412],[142.42428,44.11694],[142.43109,44.1154],[142.44079,44.11805],[142.44762,44.11332],[142.45715,44.10909],[142.46294,44.10231],[142.46189,44.09638],[142.4584,44.09493],[142.46674,44.0857],[142.46498,44.08191],[142.47558,44.07341],[142.47932,44.06463],[142.48365,44.06071],[142.48194,44.05692],[142.4835,44.04876],[142.48247,44.04081],[142.47868,44.03612],[142.48058,44.02737],[142.47711,44.01956],[142.48029,44.01268],[142.47867,44.00282],[142.47345,43.99326],[142.48147,43.98729],[142.48294,43.98177],[142.49162,43.97588],[142.49745,43.98123],[142.514,43.98626],[142.52019,43.99329],[142.53421,43.99333],[142.54352,44.00072],[142.54777,44.00738],[142.55615,44.00855],[142.56314,44.00767],[142.57565,44.01297],[142.582,44.01268],[142.5885,44.01575],[142.58699,44.0219],[142.59075,44.0244],[142.60015,44.0249],[142.61098,44.02927],[142.62071,44.0244],[142.62823,44.01808],[142.63727,44.01684],[142.64419,44.01029],[142.65875,44.01414],[142.6595,44.01605],[142.68157,44.01985],[142.68791,44.0182],[142.68836,44.01299],[142.70755,44.0003],[142.7218,43.99382],[142.72163,43.99068],[142.72673,43.97852],[142.73419,43.97585],[142.73872,43.96067],[142.7379,43.95505],[142.74469,43.9551],[142.74694,43.94938],[142.75498,43.94689],[142.75627,43.94194],[142.76699,43.93871],[142.76787,43.93506],[142.77426,43.93001],[142.78341,43.92497],[142.79591,43.92229],[142.79827,43.9162],[142.80757,43.91674],[142.81613,43.915],[142.82182,43.91907],[142.83031,43.92186],[142.83041,43.92997],[142.83349,43.93308],[142.84057,43.93509],[142.84229,43.94074],[142.85062,43.94457],[142.86252,43.94251],[142.86906,43.9506],[142.88191,43.95312],[142.88506,43.95719],[142.88668,43.96422],[142.89009,43.9652],[142.89091,43.97101],[142.88894,43.97656],[142.89973,43.98176],[142.90255,43.98972],[142.89433,44.00354],[142.8982,44.00988],[142.89349,44.01355],[142.88961,44.02076],[142.87406,44.01969],[142.87656,44.03261],[142.86748,44.03713],[142.86647,44.04033],[142.87344,44.04735],[142.87899,44.04902],[142.8743,44.05952],[142.86425,44.06368],[142.86064,44.07006],[142.86807,44.07766],[142.87047,44.08493],[142.86008,44.08768],[142.85694,44.09037],[142.85635,44.10427],[142.86051,44.10754],[142.85264,44.11732],[142.85128,44.12263],[142.84175,44.12772],[142.84383,44.13329],[142.83978,44.13574],[142.84315,44.14568],[142.83828,44.1503],[142.83829,44.15682],[142.82148,44.15396],[142.816,44.15049],[142.81149,44.14473],[142.80217,44.14175],[142.79017,44.14854],[142.78818,44.15213],[142.79268,44.15767],[142.78553,44.16043],[142.77827,44.17066],[142.76925,44.17894],[142.75619,44.1813],[142.75009,44.18018],[142.74864,44.18665],[142.74141,44.19219],[142.7364,44.19227],[142.72675,44.1885],[142.71727,44.18808],[142.71561,44.18061],[142.71129,44.18184],[142.70122,44.17833],[142.69916,44.17004],[142.69358,44.17213],[142.69022,44.18583],[142.68605,44.18765],[142.67744,44.1831],[142.66272,44.18232],[142.65795,44.17623],[142.65926,44.17236],[142.64273,44.16891],[142.63352,44.1656],[142.6222,44.16903],[142.61714,44.17255],[142.60911,44.17604],[142.58685,44.17375],[142.56981,44.17858],[142.56269,44.17931],[142.55884,44.1873],[142.55141,44.19056],[142.54641,44.19018],[142.53574,44.19312],[142.5265,44.18871],[142.52407,44.18389],[142.51681,44.18849],[142.51558,44.19511],[142.51203,44.20052],[142.51103,44.20856],[142.50814,44.2121],[142.502,44.21424],[142.49615,44.22115],[142.48919,44.22249],[142.48907,44.22607],[142.48412,44.23145],[142.48561,44.23425],[142.48255,44.2413],[142.47308,44.2474],[142.47202,44.25591],[142.44129,44.25614],[142.44052,44.25955],[142.43476,44.26183],[142.43453,44.2735],[142.31072,44.27317]]]},"properties":{"pref":"北海道","office":"上川総合振興局","city":"士別市","code5":"01220","code6":"012203"}},
{"type":"Feature","geometry":{"type":"Polygon","coordinates":[[[142.61714,44.17255],[142.62186,44.17911],[142.62827,44.17917],[142.62637,44.18644],[142.62804,44.19161],[142.63955,44.19685],[142.6404,44.19974],[142.6315,44.20516],[142.62548,44.20686],[142.62515,44.21189],[142.62845,44.21548],[142.61533,44.22868],[142.6095,44.23722],[142.6085,44.24602],[142.59962,44.24732],[142.60294,44.25928],[142.59881,44.26465],[142.59149,44.26703],[142.58888,44.27552],[142.59316,44.28163],[142.58956,44.28609],[142.58199,44.28631],[142.57184,44.28907],[142.55726,44.28841],[142.54996,44.29056],[142.53809,44.28849],[142.52953,44.29082],[142.55098,44.32268],[142.56945,44.3268],[142.57408,44.33281],[142.57625,44.34684],[142.57926,44.35036],[142.57852,44.35563],[142.58282,44.35974],[142.57179,44.36774],[142.56759,44.38394],[142.56367,44.39094],[142.56261,44.39687],[142.56578,44.39943],[142.55956,44.40624],[142.55901,44.40992],[142.56459,44.41505],[142.56604,44.42032],[142.58066,44.43256],[142.58407,44.43368],[142.58634,44.4453],[142.57933,44.44801],[142.56631,44.44955],[142.55311,44.44829],[142.54702,44.44898],[142.54264,44.44619],[142.52037,44.44448],[142.51284,44.44697],[142.50356,44.44781],[142.49982,44.45183],[142.49087,44.45232],[142.48417,44.45836],[142.47715,44.46906],[142.47255,44.47391],[142.46356,44.47567],[142.45666,44.47082],[142.44296,44.47338],[142.4337,44.46972],[142.41818,44.47142],[142.41558,44.4771],[142.41637,44.48157],[142.40896,44.4831],[142.39904,44.48076],[142.391,44.47527],[142.38842,44.46843],[142.37806,44.4676],[142.368,44.4583],[142.36696,44.45428],[142.36074,44.45403],[142.35607,44.4573],[142.34495,44.45391],[142.33748,44.45796],[142.33341,44.4535],[142.31754,44.4433],[142.30666,44.43961],[142.3041,44.43638],[142.30921,44.42699],[142.30827,44.41907],[142.31236,44.41822],[142.31506,44.40884],[142.31405,44.40378],[142.317,44.40013],[142.31862,44.39035],[142.32075,44.38701],[142.3202,44.37989],[142.32275,44.3655],[142.32313,44.35441],[142.31458,44.3472],[142.30784,44.34581],[142.30639,44.33963],[142.30851,44.33677],[142.30726,44.32852],[142.2881,44.31643],[142.27933,44.31545],[142.28092,44.31097],[142.27802,44.30832],[142.28835,44.3043],[142.28724,44.29831],[142.29204,44.29154],[142.2962,44.29074],[142.29835,44.28607],[142.30519,44.2792],[142.31107,44.27652],[142.31072,44.27317],[142.43453,44.2735],[142.43476,44.26183],[142.44052,44.25955],[142.44129,44.25614],[142.47202,44.25591],[142.47308,44.2474],[142.48255,44.2413],[142.48561,44.23425],[142.48412,44.23145],[142.48907,44.22607],[142.48919,44.22249],[142.49615,44.22115],[142.502,44.21424],[142.50814,44.2121],[142.51103,44.20856],[142.51203,44.20052],[142.51558,44.19511],[142.51681,44.18849],[142.52407,44.18389],[142.5265,44.18871],[142.53574,44.19312],[142.54641,44.19018],[142.55141,44.19056],[142.55884,44.1873],[142.56269,44.17931],[142.56981,44.17858],[142.58685,44.17375],[142.60911,44.17604],[142.61714,44.17255]]]},"properties":{"pref":"北海道","office":"上川総合振興局","city":"名寄市","code5":"01221","code6":"012211"}},
{"type":"Feature","geometry":{"type":"Polygon","coordinates":[[[142.16102,43.2237],[142.15388,43.22854],[142.14498,43.22826],[142.13983,43.22313],[142.12435,43.21973],[142.1139,43.22231],[142.10471,43.2367],[142.10067,43.24547],[142.09565,43.24983],[142.09419,43.25751],[142.08908,43.25977],[142.08913,43.26943],[142.07702,43.27414],[142.07924,43.28723],[142.0704,43.29106],[142.06282,43.29243],[142.05365,43.30364],[142.0463,43.30822],[142.05121,43.3172],[142.05052,43.31974],[142.05964,43.32673],[142.05881,43.33024],[142.06385,43.33577],[142.05684,43.34314],[142.04949,43.34818],[142.05182,43.35089],[142.03517,43.3567],[142.02899,43.3556],[142.02423,43.35883],[142.01876,43.35533],[142.01811,43.34714],[142.01444,43.34519],[142.00955,43.33801],[142.01018,43.32675],[142.00706,43.32538],[142.00067,43.31393],[141.9957,43.31355],[141.99119,43.30664],[141.986,43.30748],[141.97768,43.30546],[141.95892,43.29791],[141.95374,43.29801],[141.94945,43.29352],[141.94352,43.29141],[141.94084,43.28765],[141.93469,43.29012],[141.92854,43.2887],[141.91875,43.29316],[141.90829,43.29233],[141.88999,43.28474],[141.88756,43.27828],[141.877,43.27491],[141.87649,43.26902],[141.86765,43.26462],[141.86034,43.25928],[141.83677,43.2585],[141.82577,43.24855],[141.82112,43.24844],[141.8076,43.2561],[141.80469,43.25308],[141.80078,43.23448],[141.80075,43.23033],[141.81003,43.22808],[141.81739,43.23113],[141.82293,43.22734],[141.82353,43.21705],[141.82531,43.21034],[141.8242,43.20577],[141.8349,43.20354],[141.84039,43.2007],[141.85917,43.20252],[141.8705,43.20259],[141.87594,43.19936],[141.8891,43.19457],[141.89779,43.1939],[141.90693,43.20116],[141.90845,43.20704],[141.91798,43.20706],[141.93058,43.20341],[141.93722,43.19965],[141.93858,43.19362],[141.94173,43.19193],[141.95759,43.19429],[141.97168,43.18687],[141.97616,43.18785],[141.98718,43.18514],[141.99311,43.17892],[142.00378,43.17483],[142.00683,43.17203],[142.02598,43.17311],[142.03135,43.16826],[142.03118,43.16495],[142.03925,43.15044],[142.04134,43.14353],[142.04992,43.14329],[142.06009,43.14791],[142.05888,43.1547],[142.06118,43.1576],[142.07021,43.16098],[142.07268,43.16461],[142.08624,43.16777],[142.09707,43.16512],[142.10857,43.17212],[142.11698,43.17386],[142.12228,43.18271],[142.12899,43.19041],[142.13992,43.1913],[142.15169,43.19394],[142.15646,43.19667],[142.15202,43.20457],[142.1555,43.21652],[142.16102,43.2237]]]},"properties":{"pref":"北海道","office":"空知総合振興局","city":"三笠市","code5":"01222","code6":"012220"}},
{"type":"Feature","geometry":{"type":"MultiPolygon","coordinates":[[[[145.32623,43.17346],[145.33669,43.17338],[145.34086,43.17837],[145.35074,43.1795],[145.35688,43.17827],[145.36082,43.18053],[145.37108,43.18264],[145.37925,43.18255],[145.37968,43.18257],[145.38587,43.18404],[145.3995,43.18478],[145.42123,43.18788],[145.43781,43.18734],[145.4503,43.18916],[145.47609,43.18867],[145.49179,43.18461],[145.49963,43.17866],[145.50351,43.16908],[145.49365,43.16663],[145.49682,43.16255],[145.49574,43.15884],[145.51009,43.16184],[145.52339,43.16723],[145.52136,43.17149],[145.51463,43.17824],[145.50817,43.17796],[145.50739,43.18333],[145.51355,43.19033],[145.51929,43.18611],[145.52873,43.1861],[145.53469,43.19101],[145.53432,43.19819],[145.52859,43.19962],[145.52761,43.20352],[145.53291,43.21144],[145.54505,43.21247],[145.55647,43.21885],[145.55024,43.22273],[145.54839,43.22937],[145.55308,43.23491],[145.55789,43.26122],[145.56313,43.26792],[145.56778,43.27801],[145.56579,43.2809],[145.57329,43.28433],[145.58049,43.28539],[145.58501,43.27883],[145.59636,43.28385],[145.60551,43.29721],[145.61105,43.30017],[145.60705,43.30461],[145.60959,43.31039],[145.61773,43.31498],[145.63838,43.32098],[145.65939,43.32105],[145.66898,43.31796],[145.67639,43.3115],[145.67913,43.31589],[145.67648,43.31959],[145.68055,43.32356],[145.68877,43.32764],[145.70089,43.32805],[145.70548,43.33387],[145.71593,43.33675],[145.72522,43.33516],[145.73463,43.33094],[145.73671,43.33807],[145.7429,43.33937],[145.75491,43.33876],[145.78473,43.35471],[145.78858,43.36029],[145.79655,43.36323],[145.80061,43.36209],[145.81097,43.36768],[145.80699,43.36998],[145.80641,43.37683],[145.81576,43.38579],[145.80822,43.38797],[145.78565,43.38625],[145.78004,43.38924],[145.76101,43.39226],[145.75605,43.39883],[145.75128,43.39695],[145.74594,43.38959],[145.74176,43.39145],[145.73194,43.38953],[145.72886,43.38605],[145.72131,43.38312],[145.69785,43.38369],[145.67698,43.38863],[145.67169,43.38697],[145.66238,43.39274],[145.65067,43.39147],[145.64694,43.38551],[145.63856,43.37854],[145.63889,43.37451],[145.62869,43.36969],[145.62328,43.36308],[145.61651,43.36177],[145.61043,43.35699],[145.59893,43.35516],[145.58248,43.34482],[145.57442,43.33224],[145.56761,43.3295],[145.56543,43.32598],[145.55105,43.32465],[145.55332,43.31848],[145.53742,43.31104],[145.53239,43.31239],[145.52226,43.30699],[145.52477,43.30251],[145.51938,43.2968],[145.51391,43.29614],[145.50904,43.28794],[145.50516,43.28528],[145.50436,43.27863],[145.49846,43.27509],[145.49284,43.26658],[145.48818,43.26637],[145.48099,43.27345],[145.47319,43.27127],[145.46678,43.27524],[145.44774,43.28022],[145.43366,43.28538],[145.42375,43.28646],[145.41097,43.28989],[145.39643,43.29099],[145.39091,43.29449],[145.37993,43.29012],[145.37095,43.29059],[145.34259,43.31093],[145.30711,43.32675],[145.29639,43.3296],[145.28731,43.33033],[145.25324,43.33031],[145.25205,43.31771],[145.25626,43.31066],[145.25612,43.30029],[145.25897,43.293],[145.2531,43.29085],[145.25139,43.28398],[145.23965,43.27701],[145.22584,43.27798],[145.2168,43.26965],[145.2209,43.26528],[145.21712,43.2629],[145.2192,43.25667],[145.20988,43.2508],[145.20413,43.25465],[145.1956,43.25766],[145.21788,43.21873],[145.22559,43.20597],[145.23264,43.20929],[145.23448,43.21317],[145.24645,43.22139],[145.26769,43.22729],[145.27308,43.22329],[145.2747,43.21815],[145.28315,43.21193],[145.29332,43.20924],[145.2993,43.20593],[145.30481,43.206],[145.31374,43.20275],[145.31619,43.19547],[145.31677,43.18736],[145.32055,43.18402],[145.3215,43.17883],[145.32623,43.17346]]],[[[146.14167,43.54587],[146.13486,43.54895],[146.11952,43.54067],[146.10919,43.54055],[146.09478,43.53436],[146.08362,43.53377],[146.06118,43.52458],[146.07307,43.52117],[146.07837,43.51746],[146.08548,43.50863],[146.08945,43.50056],[146.0978,43.49898],[146.1033,43.4947],[146.10695,43.48838],[146.10791,43.47924],[146.11738,43.47256],[146.11635,43.46642],[146.12454,43.46203],[146.13945,43.46789],[146.14721,43.47196],[146.16339,43.47434],[146.16624,43.4766],[146.18002,43.47959],[146.18766,43.48353],[146.19047,43.4916],[146.19444,43.49526],[146.18467,43.49596],[146.17836,43.50182],[146.18072,43.51076],[146.19733,43.52784],[146.20376,43.53182],[146.20037,43.53425],[146.17885,43.53225],[146.16146,43.5348],[146.15034,43.53919],[146.14167,43.54587]]],[[[145.88774,43.46222],[145.88677,43.45844],[145.8788,43.45603],[145.86354,43.45678],[145.86279,43.45409],[145.8701,43.4513],[145.88229,43.45246],[145.88778,43.44859],[145.89607,43.44707],[145.90012,43.43671],[145.89659,43.42778],[145.90058,43.42347],[145.91954,43.42678],[145.93291,43.42295],[145.94951,43.42335],[145.9539,43.42548],[145.94568,43.42983],[145.94382,43.43471],[145.93615,43.43731],[145.93399,43.44161],[145.93866,43.44992],[145.94847,43.45142],[145.94998,43.45433],[145.94293,43.45703],[145.93506,43.45732],[145.92799,43.4489],[145.91694,43.44663],[145.89793,43.44865],[145.8921,43.45195],[145.89316,43.45475],[145.88774,43.46222]]],[[[146.32717,43.64282],[146.32118,43.64437],[146.31689,43.64995],[146.3084,43.64921],[146.31026,43.63954],[146.29379,43.629],[146.27943,43.62774],[146.27532,43.62457],[146.29485,43.62471],[146.30831,43.62074],[146.31909,43.62326],[146.32569,43.62243],[146.33217,43.61853],[146.34066,43.6193],[146.3568,43.61759],[146.35629,43.62223],[146.35629,43.62249],[146.35216,43.62519],[146.35049,43.62706],[146.34979,43.6282],[146.34977,43.62966],[146.34986,43.62983],[146.35094,43.63673],[146.34654,43.63866],[146.33732,43.63898],[146.32659,43.64105],[146.32717,43.64282]]],[[[146.09865,43.44812],[146.09133,43.44236],[146.08749,43.4424],[146.08232,43.43702],[146.08761,43.43451],[146.08664,43.42767],[146.08316,43.42414],[146.07794,43.42683],[146.07288,43.42314],[146.06899,43.42641],[146.06902,43.43237],[146.06086,43.43261],[146.06279,43.42385],[146.05585,43.42291],[146.05226,43.42961],[146.03938,43.42444],[146.03965,43.41982],[146.02769,43.41525],[146.02424,43.41148],[146.03526,43.40678],[146.04195,43.40182],[146.04613,43.40297],[146.05404,43.41261],[146.06238,43.41696],[146.07569,43.41853],[146.08637,43.41539],[146.08521,43.41972],[146.09192,43.42282],[146.08995,43.42614],[146.09354,43.43083],[146.09951,43.43254],[146.10662,43.43166],[146.10631,43.43733],[146.10051,43.44161],[146.09865,43.44812]]],[[[146.01662,43.37839],[146.00476,43.37104],[145.98996,43.3732],[145.98615,43.369],[145.99447,43.36825],[145.99796,43.36394],[146.00491,43.36043],[146.01074,43.36491],[146.01662,43.37839]]],[[[145.59756,43.22167],[145.58735,43.21491],[145.58978,43.21205],[145.58749,43.20741],[145.5962,43.20473],[145.60899,43.21128],[145.60305,43.21449],[145.59756,43.22167]]],[[[146.16711,43.42303],[146.15604,43.41572],[146.16368,43.41273],[146.16711,43.42303]]],[[[145.60736,43.23061],[145.60553,43.22473],[145.61293,43.22527],[145.60736,43.23061]]]]},"properties":{"pref":"北海道","office":"根室振興局","city":"根室市","code5":"01223","code6":"012238"}},
{"type":"Feature","geometry":{"type":"Polygon","coordinates":[[[141.19908,42.78435],[141.19399,42.77813],[141.1915,42.76873],[141.18157,42.76075],[141.17328,42.75114],[141.1723,42.74388],[141.1748,42.73174],[141.18109,42.72353],[141.18216,42.71736],[141.18855,42.71091],[141.18992,42.70279],[141.18875,42.69494],[141.19147,42.68579],[141.19695,42.68712],[141.20716,42.69591],[141.20975,42.70059],[141.2167,42.70131],[141.21861,42.69862],[141.23338,42.69989],[141.24389,42.69814],[141.24667,42.70487],[141.25118,42.7107],[141.25876,42.71384],[141.27789,42.70359],[141.28381,42.70339],[141.28814,42.69862],[141.30042,42.69327],[141.31141,42.68424],[141.32292,42.68256],[141.3403,42.68493],[141.34646,42.68262],[141.35089,42.6845],[141.3603,42.68161],[141.37193,42.68556],[141.37298,42.69192],[141.38305,42.69454],[141.38685,42.69212],[141.3918,42.70054],[141.40321,42.71655],[141.41242,42.72174],[141.41367,42.72516],[141.41096,42.73383],[141.41265,42.7433],[141.41234,42.75373],[141.4104,42.76294],[141.41924,42.76311],[141.43849,42.76006],[141.45127,42.76335],[141.46102,42.75524],[141.48765,42.7493],[141.50384,42.74758],[141.51075,42.74952],[141.52855,42.74683],[141.53568,42.74775],[141.54289,42.75078],[141.55203,42.74815],[141.56138,42.74313],[141.57234,42.74378],[141.58364,42.75332],[141.59256,42.75931],[141.60457,42.77224],[141.6213,42.77234],[141.62967,42.77522],[141.63607,42.77467],[141.6489,42.77656],[141.65321,42.7749],[141.66886,42.7754],[141.67796,42.77451],[141.69159,42.77115],[141.70646,42.77041],[141.71616,42.77427],[141.72225,42.78014],[141.72981,42.78125],[141.73255,42.78424],[141.74259,42.78772],[141.75685,42.79197],[141.75432,42.79842],[141.76107,42.80314],[141.76479,42.80918],[141.77018,42.80754],[141.77578,42.81344],[141.7761,42.82322],[141.7669,42.82704],[141.76442,42.83266],[141.77554,42.83527],[141.78954,42.84137],[141.78503,42.84925],[141.79517,42.85662],[141.79173,42.85849],[141.79378,42.86715],[141.7909,42.8761],[141.79519,42.8785],[141.80641,42.89273],[141.81566,42.8943],[141.81752,42.89806],[141.83701,42.9078],[141.84475,42.90904],[141.86743,42.9177],[141.86998,42.92205],[141.85926,42.93094],[141.8524,42.93304],[141.8411,42.92924],[141.82856,42.92742],[141.82217,42.92976],[141.80743,42.92927],[141.80419,42.93121],[141.79137,42.92898],[141.78143,42.9323],[141.77646,42.94024],[141.76254,42.95092],[141.75575,42.95318],[141.75661,42.94457],[141.75323,42.93815],[141.74692,42.93467],[141.74067,42.92328],[141.73097,42.92242],[141.72826,42.91943],[141.72177,42.9194],[141.71763,42.91571],[141.70979,42.91498],[141.70532,42.90651],[141.70732,42.89983],[141.70061,42.89564],[141.69259,42.89948],[141.68875,42.90831],[141.68192,42.91091],[141.67323,42.89837],[141.66964,42.8891],[141.66411,42.88501],[141.65286,42.88895],[141.65075,42.89548],[141.65471,42.90159],[141.65205,42.90653],[141.65986,42.91234],[141.65909,42.91716],[141.65147,42.92605],[141.60744,42.86142],[141.60403,42.85773],[141.59371,42.85663],[141.57792,42.84142],[141.58041,42.8332],[141.56772,42.83329],[141.55938,42.82878],[141.55074,42.82644],[141.54359,42.83008],[141.53665,42.82862],[141.52966,42.83141],[141.51933,42.83131],[141.51615,42.8288],[141.50915,42.82974],[141.49538,42.82903],[141.48631,42.82425],[141.47737,42.82354],[141.46724,42.81877],[141.45729,42.81931],[141.45049,42.82247],[141.44393,42.82141],[141.44477,42.81447],[141.43977,42.81266],[141.43185,42.81497],[141.40669,42.81722],[141.39198,42.816],[141.37795,42.80937],[141.3796,42.80237],[141.37642,42.79572],[141.36893,42.80215],[141.36249,42.80257],[141.35402,42.807],[141.35163,42.80581],[141.33599,42.81165],[141.3253,42.81301],[141.31757,42.81099],[141.31122,42.81333],[141.29566,42.81452],[141.27774,42.80407],[141.27142,42.80973],[141.26701,42.80864],[141.2597,42.81047],[141.25555,42.81465],[141.24299,42.81559],[141.23561,42.82114],[141.23198,42.81461],[141.22247,42.81179],[141.21914,42.80724],[141.22446,42.79955],[141.23039,42.79725],[141.23122,42.79164],[141.22256,42.78765],[141.21175,42.78701],[141.19908,42.78435]]]},"properties":{"pref":"北海道","office":"石狩振興局","city":"千歳市","code5":"01224","code6":"012246"}},
{"type":"Feature","geometry":{"type":"Polygon","coordinates":[[[142.08405,43.64216],[142.07577,43.63643],[142.0653,43.63134],[142.05375,43.63083],[142.0452,43.63552],[142.02351,43.63493],[142.00855,43.64123],[142.00438,43.64845],[141.97911,43.65865],[141.97413,43.66179],[141.97441,43.66683],[141.96186,43.66907],[141.94693,43.67239],[141.93132,43.66881],[141.92359,43.66203],[141.91498,43.66207],[141.91563,43.65665],[141.92139,43.65323],[141.91216,43.64992],[141.90698,43.64469],[141.90959,43.64108],[141.91539,43.63899],[141.91664,43.63357],[141.91279,43.62893],[141.90485,43.62828],[141.89261,43.63127],[141.8825,43.62322],[141.88038,43.61701],[141.88176,43.60693],[141.88506,43.60382],[141.88036,43.59862],[141.87925,43.59354],[141.88288,43.58883],[141.88355,43.58106],[141.87828,43.56984],[141.87914,43.56571],[141.88909,43.55558],[141.89207,43.54998],[141.88957,43.53944],[141.9024,43.53249],[141.91015,43.54601],[141.92572,43.55044],[141.93385,43.55046],[141.94728,43.56057],[141.96308,43.56353],[141.96353,43.55766],[141.97431,43.56028],[141.97814,43.5584],[141.98394,43.56497],[141.98347,43.56912],[141.98666,43.57593],[141.99516,43.58319],[141.99629,43.5874],[141.99424,43.59812],[141.99971,43.60073],[142.00605,43.60697],[142.01117,43.60852],[142.01715,43.61447],[142.02672,43.6166],[142.04371,43.62439],[142.04761,43.62456],[142.05461,43.61752],[142.05975,43.61675],[142.0619,43.62479],[142.0675,43.62826],[142.08006,43.62953],[142.08056,43.63448],[142.08613,43.63947],[142.08405,43.64216]]]},"properties":{"pref":"北海道","office":"空知総合振興局","city":"滝川市","code5":"01225","code6":"012254"}},
{"type":"Feature","geometry":{"type":"Polygon","coordinates":[[[141.97814,43.5584],[141.97431,43.56028],[141.96353,43.55766],[141.96308,43.56353],[141.94728,43.56057],[141.93385,43.55046],[141.92572,43.55044],[141.91015,43.54601],[141.9024,43.53249],[141.88957,43.53944],[141.88938,43.53475],[141.89671,43.52458],[141.90443,43.52193],[141.902,43.51641],[141.88501,43.51791],[141.87757,43.51753],[141.87413,43.51418],[141.8808,43.50754],[141.88563,43.50765],[141.89236,43.51171],[141.89909,43.51251],[141.89725,43.49978],[141.88948,43.49192],[141.87532,43.48627],[141.87125,43.48292],[141.86912,43.47726],[141.87037,43.46103],[141.87163,43.46063],[141.9453,43.44932],[141.95229,43.45335],[141.95436,43.45802],[141.96358,43.46027],[141.97517,43.46914],[141.9759,43.47169],[141.94583,43.47634],[141.94545,43.48197],[141.94929,43.48487],[141.96863,43.48279],[141.9692,43.48441],[141.96994,43.49311],[141.97925,43.49636],[141.98194,43.50207],[141.98701,43.50218],[141.98941,43.50843],[141.99623,43.51674],[141.9944,43.52131],[141.99056,43.52306],[141.97555,43.53374],[141.97457,43.54099],[141.97814,43.5584]]]},"properties":{"pref":"北海道","office":"空知総合振興局","city":"砂川市","code5":"01226","code6":"012262"}},
{"type":"Feature","geometry":{"type":"Polygon","coordinates":[[[142.09135,43.48876],[142.09317,43.49027],[142.09107,43.49891],[142.08865,43.50041],[142.08666,43.50809],[142.0823,43.51045],[142.0871,43.52438],[142.07902,43.52558],[142.0743,43.52364],[142.05494,43.53015],[142.04889,43.53487],[142.02904,43.53131],[142.02273,43.53358],[142.02046,43.52748],[142.01072,43.52444],[142.00569,43.51898],[141.99998,43.52322],[141.9944,43.52131],[141.99623,43.51674],[141.98941,43.50843],[141.98701,43.50218],[141.98194,43.50207],[141.97925,43.49636],[141.96994,43.49311],[141.9692,43.48441],[141.98206,43.48487],[141.99179,43.48265],[142.00226,43.48321],[142.00835,43.47842],[142.01415,43.48219],[142.018,43.48049],[142.0193,43.47081],[142.0296,43.45774],[142.03407,43.45564],[142.03854,43.44974],[142.05123,43.44074],[142.06015,43.43765],[142.07244,43.43648],[142.06649,43.45236],[142.06796,43.45468],[142.06486,43.4661],[142.06675,43.47599],[142.07158,43.47722],[142.07136,43.48195],[142.08006,43.48953],[142.09135,43.48876]]]},"properties":{"pref":"北海道","office":"空知総合振興局","city":"歌志内市","code5":"01227","code6":"012271"}},
{"type":"Feature","geometry":{"type":"Polygon","coordinates":[[[142.14938,43.90536],[142.143,43.91231],[142.13977,43.9189],[142.13513,43.92135],[142.12946,43.92884],[142.12271,43.9338],[142.11996,43.94638],[142.1139,43.94856],[142.11511,43.95593],[142.10532,43.96532],[142.11199,43.97154],[142.1127,43.97726],[142.10456,43.98613],[142.10533,43.99043],[142.10206,43.9974],[142.09564,44.00059],[142.09711,44.00705],[142.09102,44.01468],[142.08863,44.02934],[142.09326,44.02948],[142.09678,44.03358],[142.09809,44.03941],[142.09496,44.04464],[142.08563,44.0469],[142.06606,44.04827],[142.0598,44.04488],[142.05798,44.03731],[142.06136,44.03098],[142.05545,44.02759],[142.05864,44.02509],[142.05375,44.01867],[142.05954,44.01169],[142.04775,44.01343],[142.04295,44.00927],[142.04384,44.00629],[142.04057,43.99953],[142.03272,43.99839],[142.03389,43.99411],[142.03179,43.9889],[142.02775,43.98609],[142.02765,43.97555],[142.03157,43.97006],[142.02624,43.96436],[142.0266,43.95642],[142.02267,43.94477],[142.02332,43.93392],[142.02785,43.92137],[142.04261,43.91534],[142.04501,43.90825],[142.05299,43.90443],[142.05383,43.90155],[142.06305,43.89674],[142.06272,43.89366],[142.07281,43.88276],[142.07798,43.87209],[142.08505,43.86818],[142.08115,43.85889],[142.0731,43.84538],[142.06729,43.84405],[142.06527,43.83989],[142.05978,43.84112],[142.03918,43.83202],[142.03503,43.82235],[142.02796,43.81984],[142.01316,43.81952],[142.01465,43.81278],[142.0133,43.80389],[142.00978,43.79784],[142.0108,43.79755],[142.00103,43.75],[141.96681,43.74888],[141.98258,43.72163],[141.97661,43.71976],[141.9806,43.71298],[141.97429,43.71099],[141.98387,43.69498],[141.98979,43.69677],[141.99474,43.68833],[141.9893,43.68235],[141.98419,43.6794],[141.97137,43.67505],[141.96186,43.66907],[141.97441,43.66683],[141.97413,43.66179],[141.97911,43.65865],[142.00438,43.64845],[142.00855,43.64123],[142.02351,43.63493],[142.0452,43.63552],[142.05375,43.63083],[142.0653,43.63134],[142.07577,43.63643],[142.08405,43.64216],[142.0907,43.64794],[142.09456,43.64472],[142.10344,43.64621],[142.10653,43.64056],[142.11368,43.63596],[142.13151,43.64119],[142.1504,43.63684],[142.16514,43.63621],[142.17316,43.63861],[142.19019,43.6371],[142.19407,43.6415],[142.2039,43.63375],[142.21255,43.63288],[142.2243,43.63977],[142.2362,43.64096],[142.23805,43.64363],[142.2385,43.65233],[142.2207,43.64947],[142.21369,43.64609],[142.20905,43.64621],[142.2001,43.64109],[142.19529,43.64581],[142.19507,43.65409],[142.1861,43.66551],[142.17813,43.67311],[142.17529,43.6811],[142.1789,43.68662],[142.17877,43.69852],[142.1813,43.70506],[142.18253,43.7157],[142.17342,43.72099],[142.17127,43.72816],[142.1758,43.73082],[142.18233,43.73029],[142.19538,43.73143],[142.19964,43.73466],[142.1993,43.74169],[142.19582,43.7464],[142.1972,43.75504],[142.20191,43.75779],[142.2054,43.76321],[142.21122,43.76571],[142.21959,43.77432],[142.22675,43.77639],[142.22203,43.78791],[142.22787,43.79571],[142.24001,43.79914],[142.23807,43.80821],[142.23006,43.81169],[142.22913,43.81482],[142.22193,43.82031],[142.21963,43.82526],[142.21387,43.83],[142.21671,43.83445],[142.2087,43.83782],[142.20974,43.84096],[142.21674,43.84715],[142.22039,43.85612],[142.21626,43.85998],[142.2156,43.86438],[142.21088,43.86687],[142.2018,43.86588],[142.18794,43.86687],[142.17894,43.87089],[142.17208,43.86912],[142.16668,43.87034],[142.15919,43.87513],[142.16046,43.8799],[142.15848,43.88521],[142.16201,43.89236],[142.15646,43.89697],[142.14901,43.8989],[142.14938,43.90536]]]},"properties":{"pref":"北海道","office":"空知総合振興局","city":"深川市","code5":"01228","code6":"012289"}},
{"type":"Feature","geometry":{"type":"Polygon","coordinates":[[[142.28015,43.23525],[142.28985,43.23762],[142.29764,43.23598],[142.29525,43.22863],[142.29788,43.22482],[142.30426,43.22251],[142.32,43.20681],[142.32372,43.19886],[142.32246,43.19646],[142.32594,43.18981],[142.32404,43.1863],[142.32279,43.17448],[142.32364,43.16618],[142.32941,43.16016],[142.33809,43.16194],[142.34777,43.15944],[142.35127,43.15669],[142.35671,43.15964],[142.35784,43.16609],[142.36728,43.16735],[142.37546,43.16622],[142.37138,43.1766],[142.3729,43.18106],[142.38612,43.18287],[142.39153,43.18963],[142.39567,43.20017],[142.39348,43.20478],[142.3949,43.20893],[142.41607,43.20906],[142.42448,43.2015],[142.4267,43.20571],[142.43367,43.20406],[142.43238,43.20002],[142.43867,43.19929],[142.44221,43.19191],[142.44034,43.18602],[142.45189,43.17669],[142.46378,43.17598],[142.47367,43.17684],[142.47754,43.17353],[142.48884,43.17827],[142.50051,43.17783],[142.50242,43.18231],[142.51425,43.18829],[142.51502,43.19063],[142.52662,43.19614],[142.53303,43.19227],[142.5566,43.1891],[142.56548,43.18914],[142.57324,43.19191],[142.5771,43.1963],[142.5828,43.19761],[142.58984,43.19615],[142.59908,43.20306],[142.60264,43.20939],[142.60837,43.21329],[142.62043,43.21412],[142.62763,43.21923],[142.63796,43.21907],[142.64694,43.22983],[142.64827,43.23345],[142.66001,43.23569],[142.66258,43.24104],[142.66928,43.24326],[142.67266,43.24788],[142.67122,43.25177],[142.66262,43.25847],[142.66807,43.26207],[142.67751,43.27306],[142.67642,43.28421],[142.66916,43.28822],[142.67758,43.29579],[142.67206,43.29826],[142.65802,43.30991],[142.65452,43.32078],[142.64491,43.32303],[142.63613,43.333],[142.63463,43.33918],[142.62956,43.34236],[142.63282,43.3498],[142.64552,43.353],[142.65238,43.35672],[142.65091,43.36399],[142.65494,43.36998],[142.66069,43.37369],[142.66976,43.38508],[142.66955,43.39633],[142.66799,43.40137],[142.65543,43.39618],[142.64975,43.39695],[142.63968,43.39361],[142.63184,43.39354],[142.62386,43.38943],[142.61735,43.38394],[142.60843,43.38156],[142.60386,43.38352],[142.60094,43.38889],[142.58869,43.39134],[142.57845,43.3865],[142.56611,43.38251],[142.56091,43.38249],[142.55932,43.37675],[142.56171,43.37216],[142.53638,43.36765],[142.53535,43.36483],[142.52821,43.36135],[142.52361,43.36449],[142.51537,43.36666],[142.49967,43.36412],[142.48522,43.36304],[142.45931,43.36326],[142.45389,43.3619],[142.4404,43.36827],[142.42555,43.35146],[142.39146,43.36743],[142.39257,43.36888],[142.3784,43.37544],[142.37513,43.37208],[142.35431,43.3793],[142.34907,43.383],[142.3456,43.39071],[142.35019,43.39761],[142.3476,43.40052],[142.34129,43.3924],[142.342,43.38502],[142.35121,43.38065],[142.35067,43.37806],[142.33098,43.37093],[142.31286,43.36042],[142.30515,43.35985],[142.29273,43.35105],[142.28988,43.34332],[142.29528,43.33718],[142.29689,43.33019],[142.29271,43.32677],[142.28109,43.32217],[142.27842,43.31029],[142.27167,43.30263],[142.27262,43.29767],[142.27858,43.29234],[142.28597,43.28894],[142.28877,43.27947],[142.28513,43.27757],[142.28706,43.27268],[142.28604,43.26737],[142.28234,43.26271],[142.28147,43.25544],[142.27833,43.2531],[142.28033,43.24298],[142.28015,43.23525]]]},"properties":{"pref":"北海道","office":"上川総合振興局","city":"富良野市","code5":"01229","code6":"012297"}},
{"type":"Feature","geometry":{"type":"Polygon","coordinates":[[[141.05439,42.3521],[141.05291,42.35787],[141.06735,42.37173],[141.07652,42.3818],[141.0975,42.4],[141.10213,42.4021],[141.11695,42.41348],[141.13925,42.42942],[141.15561,42.44025],[141.16004,42.44188],[141.16545,42.43953],[141.1752,42.4458],[141.18914,42.45256],[141.18235,42.45664],[141.17931,42.47019],[141.17311,42.47303],[141.16789,42.4826],[141.16808,42.48599],[141.1617,42.49702],[141.16279,42.50956],[141.17088,42.51193],[141.17084,42.51447],[141.16413,42.52197],[141.15796,42.52181],[141.14946,42.52503],[141.14641,42.52288],[141.13371,42.52405],[141.12682,42.52154],[141.12309,42.52299],[141.12354,42.53739],[141.11117,42.54822],[141.09963,42.55394],[141.08533,42.55421],[141.07828,42.55436],[141.07468,42.54951],[141.06506,42.54452],[141.06613,42.53746],[141.06913,42.53619],[141.06894,42.52942],[141.06348,42.53013],[141.05311,42.52883],[141.0463,42.52521],[141.04044,42.51795],[141.03492,42.51808],[141.02311,42.51138],[141.01552,42.51469],[141.00772,42.51257],[140.99502,42.51217],[140.99277,42.50707],[140.98539,42.50726],[140.97703,42.50349],[140.97055,42.50503],[140.9686,42.49937],[140.97291,42.49383],[140.97175,42.48124],[140.97262,42.47198],[140.98742,42.46608],[140.98714,42.4596],[140.98168,42.45602],[140.98086,42.44428],[140.9904,42.43726],[141.00417,42.43553],[141.01513,42.43107],[141.01662,42.4237],[141.01153,42.41589],[141.01782,42.40716],[141.02649,42.40392],[141.0301,42.3974],[141.03191,42.38912],[141.03439,42.38687],[141.03785,42.37684],[141.03864,42.36556],[141.0442,42.35643],[141.05439,42.3521]]]},"properties":{"pref":"北海道","office":"胆振総合振興局","city":"登別市","code5":"01230","code6":"012301"}},
{"type":"Feature","geometry":{"type":"Polygon","coordinates":[[[141.23561,42.82114],[141.24299,42.81559],[141.25555,42.81465],[141.2597,42.81047],[141.26701,42.80864],[141.27142,42.80973],[141.27774,42.80407],[141.29566,42.81452],[141.31122,42.81333],[141.31757,42.81099],[141.3253,42.81301],[141.33599,42.81165],[141.35163,42.80581],[141.35402,42.807],[141.36249,42.80257],[141.36893,42.80215],[141.37642,42.79572],[141.3796,42.80237],[141.37795,42.80937],[141.39198,42.816],[141.40669,42.81722],[141.43185,42.81497],[141.43977,42.81266],[141.44477,42.81447],[141.44393,42.82141],[141.45049,42.82247],[141.45729,42.81931],[141.46724,42.81877],[141.47737,42.82354],[141.48631,42.82425],[141.49538,42.82903],[141.50915,42.82974],[141.51615,42.8288],[141.51933,42.83131],[141.52966,42.83141],[141.53665,42.82862],[141.54359,42.83008],[141.55074,42.82644],[141.55938,42.82878],[141.56772,42.83329],[141.58041,42.8332],[141.57792,42.84142],[141.59371,42.85663],[141.60403,42.85773],[141.60744,42.86142],[141.65147,42.92605],[141.64962,42.93248],[141.65267,42.94141],[141.64527,42.94873],[141.6373,42.95019],[141.63391,42.95698],[141.6355,42.96078],[141.63318,42.96892],[141.62955,42.97228],[141.62066,42.97475],[141.62508,42.98045],[141.62152,42.9835],[141.60491,42.98703],[141.59579,42.98466],[141.59723,42.97773],[141.58175,42.94797],[141.57086,42.94281],[141.56331,42.93793],[141.55935,42.92915],[141.55236,42.92885],[141.5479,42.92549],[141.53826,42.92311],[141.5314,42.91767],[141.52481,42.91647],[141.51716,42.91849],[141.50445,42.918],[141.49673,42.9139],[141.48269,42.90374],[141.48237,42.90126],[141.47189,42.89722],[141.45719,42.90137],[141.44724,42.89841],[141.43522,42.89672],[141.42892,42.898],[141.42126,42.89146],[141.41661,42.8884],[141.39468,42.89036],[141.37838,42.89177],[141.37016,42.89132],[141.36796,42.88543],[141.3602,42.88135],[141.35771,42.87634],[141.33471,42.87022],[141.32059,42.87264],[141.31663,42.8758],[141.31474,42.88244],[141.30893,42.88633],[141.30334,42.88679],[141.2929,42.88329],[141.28649,42.87364],[141.279,42.87265],[141.26856,42.86798],[141.25678,42.86441],[141.25503,42.85814],[141.25645,42.8483],[141.25232,42.84298],[141.24292,42.83977],[141.23953,42.82922],[141.23556,42.82742],[141.23561,42.82114]]]},"properties":{"pref":"北海道","office":"石狩振興局","city":"恵庭市","code5":"01231","code6":"012319"}},
{"type":"Feature","geometry":{"type":"MultiPolygon","coordinates":[[[[141.09315,42.82304],[141.08893,42.82533],[141.08027,42.82386],[141.07104,42.82731],[141.06524,42.8231],[141.06643,42.81697],[141.06434,42.81164],[141.07783,42.80589],[141.08591,42.79736],[141.08958,42.78483],[141.08321,42.77263],[141.08036,42.77069],[141.08172,42.75663],[141.07885,42.74808],[141.07197,42.74163],[141.05819,42.73655],[141.04273,42.733],[141.03992,42.71571],[141.03411,42.71735],[141.01039,42.71638],[141.0107,42.71017],[140.99991,42.70516],[140.9907,42.69281],[140.99203,42.68768],[140.98943,42.68358],[140.98265,42.68096],[140.97889,42.67653],[140.96751,42.6709],[140.97034,42.66921],[140.96678,42.6587],[140.96641,42.65303],[140.96209,42.65076],[140.96068,42.64462],[141.02459,42.61116],[141.02643,42.60058],[141.02961,42.5958],[141.02876,42.59179],[141.04544,42.59439],[141.06361,42.5924],[141.07169,42.59019],[141.07412,42.58245],[141.08521,42.57898],[141.08598,42.58416],[141.09345,42.59472],[141.11161,42.60466],[141.11383,42.61246],[141.12594,42.61164],[141.1365,42.61667],[141.14145,42.62086],[141.14694,42.62244],[141.14953,42.62875],[141.14255,42.63355],[141.14461,42.6381],[141.15556,42.6428],[141.15651,42.65626],[141.16081,42.65873],[141.16277,42.66541],[141.18328,42.67816],[141.18387,42.68323],[141.19147,42.68579],[141.18875,42.69494],[141.18992,42.70279],[141.18855,42.71091],[141.18216,42.71736],[141.18109,42.72353],[141.1748,42.73174],[141.1723,42.74388],[141.17328,42.75114],[141.18157,42.76075],[141.1915,42.76873],[141.19399,42.77813],[141.19908,42.78435],[141.18691,42.78628],[141.17882,42.78389],[141.17346,42.7852],[141.16955,42.78169],[141.16065,42.78084],[141.15561,42.78583],[141.14025,42.78922],[141.13574,42.79581],[141.13307,42.80389],[141.12609,42.80418],[141.11891,42.80965],[141.10464,42.81639],[141.09315,42.82304]]],[[[140.9904,42.43726],[140.98086,42.44428],[140.98168,42.45602],[140.98714,42.4596],[140.98742,42.46608],[140.97262,42.47198],[140.97175,42.48124],[140.97291,42.49383],[140.9686,42.49937],[140.97055,42.50503],[140.96744,42.51041],[140.96971,42.51947],[140.96439,42.52366],[140.9632,42.52874],[140.95715,42.53144],[140.95773,42.53665],[140.94777,42.5411],[140.93968,42.5431],[140.93585,42.54165],[140.926,42.54488],[140.9174,42.54133],[140.91343,42.54341],[140.90238,42.5368],[140.88089,42.53341],[140.87752,42.53154],[140.82556,42.54246],[140.81746,42.54342],[140.81047,42.54084],[140.80661,42.53702],[140.79808,42.53344],[140.78867,42.53147],[140.78046,42.52701],[140.77314,42.52039],[140.77982,42.51781],[140.77973,42.51289],[140.78328,42.50092],[140.79849,42.4999],[140.80767,42.49464],[140.80694,42.49183],[140.81935,42.48643],[140.82787,42.47826],[140.84054,42.47025],[140.86246,42.4655],[140.86999,42.46162],[140.88064,42.44976],[140.89584,42.42706],[140.90156,42.41518],[140.90524,42.40113],[140.90832,42.37968],[140.91417,42.37971],[140.91738,42.38404],[140.93301,42.38806],[140.94848,42.38724],[140.95603,42.3945],[140.96604,42.39873],[140.9745,42.40729],[140.98337,42.4103],[140.98507,42.41539],[140.97916,42.41994],[140.98195,42.42424],[140.98336,42.43176],[140.9904,42.43726]]]]},"properties":{"pref":"北海道","office":"胆振総合振興局","city":"伊達市","code5":"01233","code6":"012335"}},
{"type":"Feature","geometry":{"type":"Polygon","coordinates":[[[141.50542,43.02086],[141.49857,43.02285],[141.4871,43.02332],[141.4882,43.01368],[141.48273,43.01142],[141.48242,43.00706],[141.47759,42.99856],[141.48074,42.99363],[141.47677,42.98672],[141.46684,42.97376],[141.46704,42.97037],[141.46214,42.95872],[141.46232,42.95119],[141.45864,42.9482],[141.4546,42.94087],[141.44108,42.92811],[141.43369,42.9238],[141.4278,42.91614],[141.42128,42.91421],[141.41674,42.90768],[141.41356,42.89566],[141.42126,42.89146],[141.42892,42.898],[141.43522,42.89672],[141.44724,42.89841],[141.45719,42.90137],[141.47189,42.89722],[141.48237,42.90126],[141.48269,42.90374],[141.49673,42.9139],[141.50445,42.918],[141.51716,42.91849],[141.52481,42.91647],[141.5314,42.91767],[141.53826,42.92311],[141.5479,42.92549],[141.55236,42.92885],[141.55935,42.92915],[141.56331,42.93793],[141.57086,42.94281],[141.58175,42.94797],[141.59723,42.97773],[141.59579,42.98466],[141.59488,42.9921],[141.58707,42.99598],[141.58013,43.0055],[141.57972,43.00911],[141.58082,43.01656],[141.57557,43.02054],[141.56855,43.02136],[141.56867,43.0248],[141.55726,43.02253],[141.54882,43.02211],[141.53946,43.01872],[141.52953,43.01866],[141.52411,43.01607],[141.50542,43.02086]]]},"properties":{"pref":"北海道","office":"石狩振興局","city":"北広島市","code5":"01234","code6":"012343"}},
{"type":"Feature","geometry":{"type":"Polygon","coordinates":[[[141.40541,43.18942],[141.40743,43.19798],[141.41179,43.19835],[141.41707,43.20247],[141.42254,43.1997],[141.41871,43.22478],[141.42019,43.23365],[141.41315,43.23591],[141.41934,43.23958],[141.43412,43.25066],[141.43794,43.24494],[141.4511,43.24361],[141.4623,43.25207],[141.46697,43.25429],[141.46885,43.2592],[141.47372,43.26297],[141.47686,43.25889],[141.48301,43.26939],[141.48587,43.27024],[141.50127,43.29539],[141.50347,43.30146],[141.51156,43.30208],[141.51411,43.30633],[141.52032,43.30791],[141.52462,43.31175],[141.5258,43.31797],[141.53146,43.32686],[141.53611,43.34241],[141.53708,43.35304],[141.53547,43.35712],[141.53733,43.3644],[141.53609,43.37166],[141.54011,43.37639],[141.53824,43.38239],[141.54044,43.39075],[141.54337,43.39518],[141.54502,43.40298],[141.55181,43.41307],[141.55898,43.41908],[141.55981,43.43237],[141.55669,43.43573],[141.56259,43.45269],[141.56269,43.45796],[141.55418,43.46354],[141.5569,43.47247],[141.55461,43.48532],[141.55832,43.4909],[141.55268,43.49651],[141.55151,43.50248],[141.54259,43.50443],[141.53777,43.50806],[141.53138,43.5085],[141.53072,43.51523],[141.52108,43.52102],[141.52273,43.52657],[141.52138,43.53148],[141.52299,43.53837],[141.51944,43.54675],[141.50414,43.56161],[141.50077,43.56907],[141.50511,43.57342],[141.51029,43.57195],[141.53457,43.57181],[141.54208,43.56856],[141.54621,43.56949],[141.55563,43.56247],[141.56458,43.56472],[141.57139,43.5635],[141.5839,43.566],[141.59265,43.5766],[141.58879,43.57968],[141.59488,43.58382],[141.5977,43.58689],[141.58803,43.5953],[141.58406,43.60407],[141.58473,43.60748],[141.57939,43.61333],[141.56836,43.61984],[141.56279,43.62018],[141.55961,43.62894],[141.55425,43.63319],[141.54548,43.63678],[141.53132,43.64627],[141.52653,43.64764],[141.51719,43.6663],[141.5102,43.66867],[141.50758,43.67687],[141.49838,43.6827],[141.49063,43.68444],[141.48,43.68797],[141.46871,43.70078],[141.45309,43.7009],[141.43883,43.70383],[141.43912,43.70719],[141.43168,43.71065],[141.42671,43.70978],[141.41734,43.7112],[141.41167,43.719],[141.41388,43.72655],[141.41092,43.72824],[141.40498,43.73779],[141.39324,43.7376],[141.37913,43.7296],[141.37127,43.72762],[141.34701,43.73392],[141.33774,43.73739],[141.33799,43.73442],[141.33009,43.72546],[141.3293,43.71833],[141.33107,43.7076],[141.339,43.69313],[141.34007,43.68401],[141.34952,43.66753],[141.35,43.65403],[141.35222,43.6412],[141.35917,43.63426],[141.36402,43.62499],[141.36553,43.61743],[141.37204,43.61351],[141.38278,43.60456],[141.38563,43.59132],[141.385,43.58246],[141.37902,43.56397],[141.37555,43.55717],[141.37117,43.55421],[141.36779,43.54675],[141.3602,43.53665],[141.36197,43.53108],[141.35931,43.52864],[141.3595,43.51853],[141.3625,43.51111],[141.36858,43.50708],[141.37077,43.50275],[141.37145,43.49563],[141.37443,43.49149],[141.39216,43.47687],[141.39206,43.47248],[141.39618,43.4704],[141.39855,43.46241],[141.40667,43.45404],[141.41313,43.44212],[141.42266,43.42732],[141.42749,43.42148],[141.42874,43.41689],[141.42966,43.40148],[141.43167,43.38912],[141.4278,43.38227],[141.42478,43.37027],[141.42538,43.36399],[141.42848,43.36092],[141.42592,43.352],[141.42218,43.34752],[141.42135,43.34182],[141.42342,43.32813],[141.41425,43.31619],[141.40665,43.31001],[141.3968,43.29639],[141.38764,43.28761],[141.37477,43.27693],[141.36779,43.26753],[141.35872,43.25955],[141.34916,43.24906],[141.33026,43.23134],[141.31541,43.2206],[141.30479,43.22048],[141.30459,43.20987],[141.29397,43.20756],[141.28995,43.19939],[141.29418,43.18589],[141.29183,43.18505],[141.28984,43.18073],[141.28291,43.18014],[141.27037,43.17061],[141.26677,43.17321],[141.2475,43.15891],[141.28276,43.13362],[141.29921,43.14118],[141.30308,43.14128],[141.31212,43.14634],[141.32307,43.14877],[141.33271,43.14865],[141.33515,43.15228],[141.34876,43.15952],[141.35337,43.16371],[141.35095,43.167],[141.35805,43.17584],[141.36227,43.17639],[141.37215,43.17273],[141.37982,43.17167],[141.38773,43.17338],[141.39483,43.18254],[141.40541,43.18942]]]},"properties":{"pref":"北海道","office":"石狩振興局","city":"石狩市","code5":"01235","code6":"012351"}},
{"type":"Feature","geometry":{"type":"Polygon","coordinates":[[[140.70001,41.84615],[140.70229,41.8556],[140.69449,41.85412],[140.69313,41.84891],[140.68627,41.84736],[140.68181,41.85627],[140.68863,41.86808],[140.68336,41.86702],[140.68078,41.87312],[140.67054,41.8712],[140.6651,41.88678],[140.66879,41.88543],[140.67979,41.88798],[140.66563,41.89746],[140.66962,41.90251],[140.66686,41.91179],[140.6609,41.91386],[140.65505,41.91268],[140.64856,41.91437],[140.63339,41.92299],[140.61891,41.92523],[140.61437,41.9286],[140.61481,41.94127],[140.61669,41.94406],[140.61035,41.95447],[140.60155,41.95422],[140.60136,41.96028],[140.59608,41.96283],[140.58975,41.95899],[140.58449,41.96149],[140.58039,41.96068],[140.57612,41.96754],[140.57031,41.96832],[140.56742,41.97464],[140.55974,41.97927],[140.54478,41.97671],[140.5462,41.98434],[140.54349,41.99076],[140.52614,41.99574],[140.52238,41.99984],[140.51723,41.99549],[140.51469,41.98754],[140.51005,41.98511],[140.49941,41.98848],[140.49267,41.98631],[140.48407,41.98775],[140.47094,41.99347],[140.46437,41.98614],[140.46584,41.97934],[140.46435,41.97585],[140.46779,41.97169],[140.46922,41.96516],[140.46775,41.95944],[140.47069,41.95393],[140.46041,41.95185],[140.45707,41.94491],[140.44318,41.9373],[140.45292,41.92979],[140.45034,41.92132],[140.45308,41.91682],[140.4581,41.91481],[140.45898,41.91075],[140.46429,41.90841],[140.4665,41.90412],[140.47355,41.90087],[140.47145,41.89809],[140.47056,41.88964],[140.46648,41.88809],[140.4685,41.88262],[140.46422,41.87858],[140.46058,41.86368],[140.44798,41.86166],[140.45065,41.85758],[140.46091,41.85111],[140.46037,41.84468],[140.44081,41.83842],[140.43234,41.83228],[140.4282,41.83163],[140.42752,41.82493],[140.43263,41.82038],[140.43459,41.81505],[140.43052,41.80796],[140.43516,41.80381],[140.43516,41.79627],[140.44022,41.79572],[140.44409,41.79062],[140.45045,41.78789],[140.46428,41.78919],[140.46988,41.78481],[140.48803,41.77913],[140.49448,41.77618],[140.49504,41.77322],[140.50694,41.77141],[140.50935,41.76743],[140.52118,41.7597],[140.52833,41.75256],[140.53967,41.74762],[140.54423,41.74821],[140.55042,41.74491],[140.54592,41.73519],[140.5557,41.72284],[140.562,41.72811],[140.57777,41.73138],[140.58117,41.73716],[140.58799,41.7381],[140.6018,41.74268],[140.60191,41.7502],[140.605,41.75619],[140.60436,41.76251],[140.61202,41.76847],[140.61353,41.77759],[140.62064,41.78748],[140.618,41.79514],[140.62268,41.80511],[140.62908,41.81122],[140.6352,41.81456],[140.65512,41.82104],[140.66516,41.82222],[140.68247,41.82118],[140.69194,41.81929],[140.70183,41.81537],[140.70964,41.80851],[140.71956,41.81677],[140.71129,41.82388],[140.70614,41.83014],[140.70151,41.84009],[140.69512,41.84211],[140.70001,41.84615]]]},"properties":{"pref":"北海道","office":"渡島総合振興局","city":"北斗市","code5":"01236","code6":"012360"}},
{"type":"Feature","geometry":{"type":"Polygon","coordinates":[[[141.40541,43.18942],[141.4089,43.18609],[141.39931,43.17691],[141.39817,43.17347],[141.40385,43.16987],[141.41918,43.17184],[141.42542,43.1682],[141.4338,43.1691],[141.43434,43.16293],[141.4388,43.16178],[141.44621,43.16634],[141.44939,43.16263],[141.57628,43.17271],[141.56656,43.23839],[141.57517,43.24545],[141.5766,43.24972],[141.58335,43.25315],[141.59204,43.26585],[141.60488,43.26656],[141.60694,43.27278],[141.60415,43.27702],[141.62004,43.28355],[141.62675,43.28962],[141.61122,43.28983],[141.6086,43.30818],[141.60645,43.308],[141.60119,43.31854],[141.60569,43.32352],[141.6044,43.33125],[141.59963,43.33559],[141.59695,43.34168],[141.59215,43.34232],[141.58897,43.3464],[141.58381,43.34739],[141.5825,43.35113],[141.5903,43.35796],[141.59577,43.36069],[141.59744,43.36498],[141.59597,43.38079],[141.60047,43.38531],[141.6094,43.38569],[141.61994,43.39119],[141.63318,43.40245],[141.64147,43.40632],[141.64506,43.4139],[141.65205,43.41422],[141.65244,43.4219],[141.65972,43.4261],[141.66175,43.43268],[141.66688,43.43552],[141.67617,43.43586],[141.68099,43.44183],[141.6916,43.44623],[141.70262,43.45688],[141.71294,43.45385],[141.72226,43.45965],[141.72776,43.47138],[141.71661,43.48675],[141.69732,43.49575],[141.68374,43.50053],[141.67293,43.49847],[141.66857,43.50211],[141.66971,43.50668],[141.66068,43.51519],[141.65231,43.51355],[141.64714,43.52259],[141.63989,43.52564],[141.63713,43.53054],[141.62823,43.53981],[141.62352,43.54193],[141.62674,43.54996],[141.62692,43.55554],[141.62253,43.56337],[141.61896,43.5653],[141.61482,43.57398],[141.6182,43.57786],[141.61003,43.58142],[141.606,43.58013],[141.59951,43.58486],[141.59488,43.58382],[141.58879,43.57968],[141.59265,43.5766],[141.5839,43.566],[141.57139,43.5635],[141.56458,43.56472],[141.55563,43.56247],[141.54621,43.56949],[141.54208,43.56856],[141.53457,43.57181],[141.51029,43.57195],[141.50511,43.57342],[141.50077,43.56907],[141.50414,43.56161],[141.51944,43.54675],[141.52299,43.53837],[141.52138,43.53148],[141.52273,43.52657],[141.52108,43.52102],[141.53072,43.51523],[141.53138,43.5085],[141.53777,43.50806],[141.54259,43.50443],[141.55151,43.50248],[141.55268,43.49651],[141.55832,43.4909],[141.55461,43.48532],[141.5569,43.47247],[141.55418,43.46354],[141.56269,43.45796],[141.56259,43.45269],[141.55669,43.43573],[141.55981,43.43237],[141.55898,43.41908],[141.55181,43.41307],[141.54502,43.40298],[141.54337,43.39518],[141.54044,43.39075],[141.53824,43.38239],[141.54011,43.37639],[141.53609,43.37166],[141.53733,43.3644],[141.53547,43.35712],[141.53708,43.35304],[141.53611,43.34241],[141.53146,43.32686],[141.5258,43.31797],[141.52462,43.31175],[141.52032,43.30791],[141.51411,43.30633],[141.51156,43.30208],[141.50347,43.30146],[141.50127,43.29539],[141.48587,43.27024],[141.48301,43.26939],[141.47686,43.25889],[141.47372,43.26297],[141.46885,43.2592],[141.46697,43.25429],[141.4623,43.25207],[141.4511,43.24361],[141.43794,43.24494],[141.43412,43.25066],[141.41934,43.23958],[141.41315,43.23591],[141.42019,43.23365],[141.41871,43.22478],[141.42254,43.1997],[141.41707,43.20247],[141.41179,43.19835],[141.40743,43.19798],[141.40541,43.18942]]]},"properties":{"pref":"北海道","office":"石狩振興局","county":"石狩郡","city":"当別町","code5":"01303","code6":"013030"}},
{"type":"Feature","geometry":{"type":"Polygon","coordinates":[[[141.65435,43.28613],[141.62004,43.28355],[141.60415,43.27702],[141.60694,43.27278],[141.60488,43.26656],[141.59204,43.26585],[141.58335,43.25315],[141.5766,43.24972],[141.57517,43.24545],[141.56656,43.23839],[141.57628,43.17271],[141.57868,43.15764],[141.62304,43.16118],[141.61114,43.16653],[141.62128,43.1795],[141.63358,43.1902],[141.6429,43.18784],[141.64964,43.19064],[141.64654,43.19521],[141.64921,43.20037],[141.64653,43.20496],[141.64984,43.20952],[141.65685,43.21024],[141.65954,43.21338],[141.65465,43.22116],[141.66601,43.22346],[141.67298,43.22848],[141.67121,43.23199],[141.6632,43.23955],[141.65946,43.24496],[141.65905,43.25061],[141.6648,43.25671],[141.65813,43.26241],[141.64892,43.26698],[141.6461,43.27126],[141.65607,43.27392],[141.65752,43.27844],[141.65435,43.28613]]]},"properties":{"pref":"北海道","office":"石狩振興局","county":"石狩郡","city":"新篠津村","code5":"01304","code6":"013048"}},
{"type":"Feature","geometry":{"type":"MultiPolygon","coordinates":[[[[140.16447,41.5775],[140.15035,41.58432],[140.13864,41.58191],[140.13037,41.58324],[140.11798,41.57598],[140.11307,41.58023],[140.11061,41.58531],[140.10481,41.5873],[140.09943,41.59237],[140.09141,41.59028],[140.07455,41.59119],[140.06948,41.58965],[140.06281,41.59254],[140.06225,41.60176],[140.0592,41.60632],[140.0491,41.60971],[140.04606,41.61463],[140.03996,41.61816],[140.03503,41.62747],[140.0279,41.62788],[140.02602,41.6319],[140.01235,41.62895],[139.99872,41.63212],[139.99353,41.63021],[139.98808,41.61606],[139.98336,41.60947],[139.98427,41.60424],[139.98209,41.60043],[139.98666,41.56429],[139.98459,41.56086],[139.99149,41.54338],[139.99781,41.53997],[140.00196,41.53125],[140.00188,41.52459],[140.00724,41.51928],[140.00944,41.50947],[140.01294,41.50829],[140.01336,41.50221],[140.01689,41.49921],[140.01503,41.49257],[140.01738,41.48706],[140.02525,41.48037],[140.02966,41.46788],[140.02752,41.46265],[140.03449,41.45609],[140.04047,41.44732],[140.04748,41.44611],[140.05492,41.43995],[140.05985,41.43811],[140.07265,41.42863],[140.07487,41.42441],[140.08256,41.42361],[140.09005,41.4207],[140.0929,41.42466],[140.11367,41.42693],[140.12023,41.43029],[140.1279,41.43077],[140.13512,41.4273],[140.14324,41.42848],[140.15942,41.42202],[140.17836,41.40708],[140.1809,41.40397],[140.19025,41.40031],[140.19985,41.39829],[140.20483,41.40468],[140.20171,41.40921],[140.20836,41.41401],[140.20564,41.41824],[140.20447,41.42527],[140.20681,41.4305],[140.19921,41.4331],[140.19806,41.43941],[140.19225,41.44543],[140.19836,41.45223],[140.19971,41.46066],[140.18971,41.47029],[140.18037,41.474],[140.18379,41.48116],[140.1837,41.48843],[140.17794,41.49419],[140.17363,41.50403],[140.16796,41.50899],[140.17014,41.51337],[140.16871,41.52517],[140.1755,41.52724],[140.17652,41.53192],[140.18184,41.53947],[140.17833,41.5436],[140.17202,41.54585],[140.17597,41.55091],[140.17378,41.55311],[140.17585,41.56164],[140.16613,41.57186],[140.16447,41.5775]]],[[[139.34083,41.5251],[139.33627,41.52182],[139.33467,41.51453],[139.33874,41.50704],[139.33817,41.50179],[139.34048,41.49511],[139.34722,41.49514],[139.34995,41.49785],[139.35945,41.50063],[139.37219,41.5014],[139.38307,41.50762],[139.38347,41.51215],[139.3759,41.52251],[139.37006,41.52401],[139.35304,41.52314],[139.34083,41.5251]]],[[[139.8037,41.36571],[139.79889,41.35841],[139.80752,41.3537],[139.81556,41.35926],[139.813,41.36284],[139.8037,41.36571]]]]},"properties":{"pref":"北海道","office":"渡島総合振興局","county":"松前郡","city":"松前町","code5":"01331","code6":"013315"}},
{"type":"Feature","geometry":{"type":"Polygon","coordinates":[[[140.20483,41.40468],[140.21607,41.41008],[140.21656,41.41658],[140.22021,41.41996],[140.22029,41.41985],[140.22023,41.41997],[140.22077,41.42528],[140.23231,41.43798],[140.23704,41.44133],[140.2385,41.44983],[140.24351,41.45273],[140.24701,41.45881],[140.24647,41.46254],[140.25506,41.46519],[140.25738,41.4689],[140.25815,41.48015],[140.27137,41.48577],[140.28801,41.49054],[140.30077,41.49141],[140.32363,41.49989],[140.33657,41.50698],[140.34511,41.50494],[140.34999,41.50658],[140.35293,41.51207],[140.36364,41.51547],[140.36759,41.51425],[140.37439,41.51645],[140.38492,41.51496],[140.40423,41.51908],[140.40859,41.51672],[140.40876,41.5249],[140.39715,41.52809],[140.39561,41.53234],[140.3851,41.54475],[140.37332,41.54316],[140.3648,41.54066],[140.36256,41.53818],[140.36237,41.52893],[140.35591,41.52738],[140.34798,41.53023],[140.32615,41.52724],[140.3164,41.53009],[140.32491,41.54259],[140.3252,41.5517],[140.31553,41.56547],[140.30779,41.57853],[140.30522,41.58591],[140.30718,41.59035],[140.29633,41.59431],[140.2919,41.5921],[140.28694,41.58228],[140.27509,41.57815],[140.27055,41.57435],[140.265,41.57388],[140.2511,41.57709],[140.24227,41.5815],[140.23816,41.58803],[140.23168,41.5927],[140.22252,41.59297],[140.21201,41.60307],[140.2111,41.613],[140.21725,41.6192],[140.21401,41.62426],[140.20092,41.62685],[140.19437,41.61968],[140.19596,41.60839],[140.1942,41.6],[140.18801,41.59751],[140.18389,41.5901],[140.17606,41.58813],[140.16758,41.57866],[140.16447,41.5775],[140.16613,41.57186],[140.17585,41.56164],[140.17378,41.55311],[140.17597,41.55091],[140.17202,41.54585],[140.17833,41.5436],[140.18184,41.53947],[140.17652,41.53192],[140.1755,41.52724],[140.16871,41.52517],[140.17014,41.51337],[140.16796,41.50899],[140.17363,41.50403],[140.17794,41.49419],[140.1837,41.48843],[140.18379,41.48116],[140.18037,41.474],[140.18971,41.47029],[140.19971,41.46066],[140.19836,41.45223],[140.19225,41.44543],[140.19806,41.43941],[140.19921,41.4331],[140.20681,41.4305],[140.20447,41.42527],[140.20564,41.41824],[140.20836,41.41401],[140.20171,41.40921],[140.20483,41.40468]]]},"properties":{"pref":"北海道","office":"渡島総合振興局","county":"松前郡","city":"福島町","code5":"01332","code6":"013323"}},
{"type":"Feature","geometry":{"type":"Polygon","coordinates":[[[140.40859,41.51672],[140.40955,41.52105],[140.41597,41.52474],[140.42039,41.53206],[140.42634,41.53517],[140.4331,41.54166],[140.43703,41.54806],[140.43657,41.55874],[140.43091,41.56332],[140.42912,41.57479],[140.42895,41.60665],[140.43317,41.65048],[140.43455,41.65891],[140.42426,41.65374],[140.41317,41.65611],[140.40415,41.65941],[140.39148,41.66784],[140.38744,41.66898],[140.36914,41.66419],[140.35826,41.66416],[140.34218,41.65929],[140.33282,41.65241],[140.31798,41.65313],[140.30778,41.66111],[140.29998,41.66312],[140.28215,41.66275],[140.28172,41.65985],[140.27086,41.6569],[140.26507,41.65341],[140.25756,41.65246],[140.2489,41.6414],[140.23566,41.6334],[140.22568,41.63386],[140.21778,41.62891],[140.21401,41.62426],[140.21725,41.6192],[140.2111,41.613],[140.21201,41.60307],[140.22252,41.59297],[140.23168,41.5927],[140.23816,41.58803],[140.24227,41.5815],[140.2511,41.57709],[140.265,41.57388],[140.27055,41.57435],[140.27509,41.57815],[140.28694,41.58228],[140.2919,41.5921],[140.29633,41.59431],[140.30718,41.59035],[140.30522,41.58591],[140.30779,41.57853],[140.31553,41.56547],[140.3252,41.5517],[140.32491,41.54259],[140.3164,41.53009],[140.32615,41.52724],[140.34798,41.53023],[140.35591,41.52738],[140.36237,41.52893],[140.36256,41.53818],[140.3648,41.54066],[140.37332,41.54316],[140.3851,41.54475],[140.39561,41.53234],[140.39715,41.52809],[140.40876,41.5249],[140.40859,41.51672]]]},"properties":{"pref":"北海道","office":"渡島総合振興局","county":"上磯郡","city":"知内町","code5":"01333","code6":"013331"}},
{"type":"Feature","geometry":{"type":"Polygon","coordinates":[[[140.43052,41.80796],[140.42163,41.81323],[140.40881,41.81297],[140.40188,41.80962],[140.39795,41.80563],[140.38797,41.80792],[140.3781,41.80545],[140.3718,41.79419],[140.35806,41.78695],[140.35314,41.78554],[140.3527,41.77979],[140.34923,41.77531],[140.35214,41.76701],[140.34985,41.7566],[140.34137,41.75114],[140.35041,41.74365],[140.34986,41.73814],[140.34347,41.73294],[140.33974,41.7222],[140.33492,41.72257],[140.3246,41.72002],[140.32249,41.7155],[140.309,41.71794],[140.30456,41.71653],[140.30464,41.71186],[140.29876,41.69313],[140.30289,41.6888],[140.29677,41.68556],[140.29631,41.68057],[140.28955,41.6739],[140.28192,41.67078],[140.28215,41.66275],[140.29998,41.66312],[140.30778,41.66111],[140.31798,41.65313],[140.33282,41.65241],[140.34218,41.65929],[140.35826,41.66416],[140.36914,41.66419],[140.38744,41.66898],[140.39148,41.66784],[140.40415,41.65941],[140.41317,41.65611],[140.42426,41.65374],[140.43455,41.65891],[140.43679,41.66988],[140.44229,41.68166],[140.44642,41.68587],[140.44644,41.68588],[140.45518,41.69448],[140.46206,41.69738],[140.47196,41.69736],[140.47794,41.70056],[140.48402,41.69793],[140.49383,41.6985],[140.49745,41.70053],[140.50401,41.69928],[140.51898,41.70162],[140.527,41.70054],[140.53253,41.70778],[140.5492,41.72087],[140.5557,41.72284],[140.54592,41.73519],[140.55042,41.74491],[140.54423,41.74821],[140.53967,41.74762],[140.52833,41.75256],[140.52118,41.7597],[140.50935,41.76743],[140.50694,41.77141],[140.49504,41.77322],[140.49448,41.77618],[140.48803,41.77913],[140.46988,41.78481],[140.46428,41.78919],[140.45045,41.78789],[140.44409,41.79062],[140.44022,41.79572],[140.43516,41.79627],[140.43516,41.80381],[140.43052,41.80796]]]},"properties":{"pref":"北海道","office":"渡島総合振興局","county":"上磯郡","city":"木古内町","code5":"01334","code6":"013340"}},
{"type":"Feature","geometry":{"type":"Polygon","coordinates":[[[140.78715,41.93145],[140.78455,41.93608],[140.78324,41.95162],[140.78699,41.96142],[140.78578,41.96813],[140.78749,41.97283],[140.78427,41.97721],[140.7849,41.98419],[140.78179,41.98972],[140.77636,41.99203],[140.76692,42.00229],[140.75533,42.0023],[140.75153,42.00488],[140.73955,42.00528],[140.73324,42.00808],[140.7415,42.01517],[140.73999,42.01905],[140.73478,42.02107],[140.74346,42.02712],[140.74031,42.0288],[140.73336,42.02481],[140.72902,42.04237],[140.7252,42.04025],[140.71409,42.04558],[140.70894,42.05036],[140.70446,42.04952],[140.69869,42.05368],[140.69363,42.05465],[140.67734,42.063],[140.69942,42.00767],[140.6955,42.00747],[140.68605,42.00188],[140.66911,42.00021],[140.65728,42.00344],[140.64565,42.00008],[140.63816,42.00057],[140.63333,41.99893],[140.63238,41.99422],[140.62563,41.99687],[140.62718,42.00097],[140.61968,42.00074],[140.6158,42.00569],[140.59628,41.99745],[140.58976,41.99606],[140.58624,41.99119],[140.5883,41.9861],[140.57991,41.97685],[140.57577,41.97571],[140.57842,41.96544],[140.58449,41.96149],[140.58975,41.95899],[140.59608,41.96283],[140.60136,41.96028],[140.60155,41.95422],[140.61035,41.95447],[140.61669,41.94406],[140.61481,41.94127],[140.61437,41.9286],[140.61891,41.92523],[140.63339,41.92299],[140.64856,41.91437],[140.65505,41.91268],[140.6609,41.91386],[140.66686,41.91179],[140.66962,41.90251],[140.66563,41.89746],[140.67979,41.88798],[140.66879,41.88543],[140.6651,41.88678],[140.67054,41.8712],[140.68078,41.87312],[140.68336,41.86702],[140.68863,41.86808],[140.68181,41.85627],[140.68627,41.84736],[140.69313,41.84891],[140.69449,41.85412],[140.70229,41.8556],[140.70001,41.84615],[140.71728,41.84864],[140.73281,41.85336],[140.73584,41.86119],[140.7434,41.86829],[140.75202,41.87231],[140.76268,41.87437],[140.76714,41.87748],[140.77157,41.89164],[140.77577,41.89848],[140.7751,41.90113],[140.78343,41.91114],[140.78258,41.91651],[140.78564,41.92245],[140.78715,41.93145]]]},"properties":{"pref":"北海道","office":"渡島総合振興局","county":"亀田郡","city":"七飯町","code5":"01337","code6":"013374"}},
{"type":"Feature","geometry":{"type":"Polygon","coordinates":[[[140.86464,42.00935],[140.85309,42.01357],[140.84312,42.02234],[140.82145,42.03418],[140.81455,42.04217],[140.8117,42.05096],[140.80325,42.05787],[140.80415,42.06834],[140.80226,42.07703],[140.79529,42.07543],[140.7878,42.0771],[140.78306,42.08122],[140.77562,42.08408],[140.76975,42.09094],[140.76718,42.09734],[140.76265,42.09727],[140.75331,42.09338],[140.74587,42.08768],[140.73563,42.07723],[140.72294,42.0732],[140.68839,42.07062],[140.67734,42.063],[140.69363,42.05465],[140.69869,42.05368],[140.70446,42.04952],[140.70894,42.05036],[140.71409,42.04558],[140.7252,42.04025],[140.72902,42.04237],[140.73336,42.02481],[140.74031,42.0288],[140.74346,42.02712],[140.73478,42.02107],[140.73999,42.01905],[140.7415,42.01517],[140.73324,42.00808],[140.73955,42.00528],[140.75153,42.00488],[140.75533,42.0023],[140.76692,42.00229],[140.77636,41.99203],[140.78179,41.98972],[140.7849,41.98419],[140.78427,41.97721],[140.78749,41.97283],[140.78578,41.96813],[140.78699,41.96142],[140.78324,41.95162],[140.78455,41.93608],[140.78715,41.93145],[140.79759,41.92655],[140.80182,41.93326],[140.81912,41.9449],[140.82648,41.95394],[140.83146,41.95084],[140.83791,41.96038],[140.84249,41.96269],[140.83973,41.96989],[140.8394,41.98696],[140.84233,41.99377],[140.84984,41.99979],[140.8553,42.00189],[140.86464,42.00935]]]},"properties":{"pref":"北海道","office":"渡島総合振興局","county":"茅部郡","city":"鹿部町","code5":"01343","code6":"013439"}},
{"type":"Feature","geometry":{"type":"Polygon","coordinates":[[[140.58449,41.96149],[140.57842,41.96544],[140.57577,41.97571],[140.57991,41.97685],[140.5883,41.9861],[140.58624,41.99119],[140.58976,41.99606],[140.59628,41.99745],[140.6158,42.00569],[140.61968,42.00074],[140.62718,42.00097],[140.62563,41.99687],[140.63238,41.99422],[140.63333,41.99893],[140.63816,42.00057],[140.64565,42.00008],[140.65728,42.00344],[140.66911,42.00021],[140.68605,42.00188],[140.6955,42.00747],[140.69942,42.00767],[140.67734,42.063],[140.68839,42.07062],[140.72294,42.0732],[140.73563,42.07723],[140.74587,42.08768],[140.75331,42.09338],[140.76265,42.09727],[140.76718,42.09734],[140.762,42.11407],[140.75883,42.11706],[140.74376,42.12017],[140.72578,42.12812],[140.71524,42.13669],[140.70471,42.13742],[140.69457,42.12884],[140.68851,42.12596],[140.67488,42.1265],[140.66477,42.12866],[140.6575,42.1288],[140.63524,42.12195],[140.61526,42.11486],[140.58946,42.10957],[140.57937,42.10821],[140.55702,42.11275],[140.54865,42.11352],[140.53532,42.12141],[140.52936,42.12191],[140.51444,42.12937],[140.50698,42.13618],[140.49787,42.14748],[140.48365,42.15583],[140.47582,42.15789],[140.46299,42.16611],[140.45699,42.17673],[140.45124,42.16957],[140.43902,42.16836],[140.43399,42.1627],[140.42683,42.16251],[140.41271,42.15031],[140.40824,42.14378],[140.39814,42.13368],[140.39374,42.12299],[140.40357,42.11795],[140.40847,42.11745],[140.41397,42.11382],[140.41512,42.10882],[140.4213,42.10218],[140.42032,42.09569],[140.42891,42.08515],[140.42529,42.08305],[140.42345,42.07314],[140.43165,42.06247],[140.43441,42.04684],[140.43116,42.03357],[140.43338,42.02787],[140.42933,42.02318],[140.44328,42.01731],[140.44395,42.01495],[140.45378,42.01192],[140.46061,42.00333],[140.465,42.00186],[140.46576,41.9975],[140.47094,41.99347],[140.48407,41.98775],[140.49267,41.98631],[140.49941,41.98848],[140.51005,41.98511],[140.51469,41.98754],[140.51723,41.99549],[140.52238,41.99984],[140.52614,41.99574],[140.54349,41.99076],[140.5462,41.98434],[140.54478,41.97671],[140.55974,41.97927],[140.56742,41.97464],[140.57031,41.96832],[140.57612,41.96754],[140.58039,41.96068],[140.58449,41.96149]]]},"properties":{"pref":"北海道","office":"渡島総合振興局","county":"茅部郡","city":"森町","code5":"01345","code6":"013455"}},
{"type":"Feature","geometry":{"type":"Polygon","coordinates":[[[140.45699,42.17673],[140.44288,42.1801],[140.43394,42.19097],[140.42461,42.1935],[140.41837,42.1987],[140.41049,42.20106],[140.4028,42.20961],[140.39905,42.21559],[140.38767,42.22225],[140.3775,42.22458],[140.37066,42.22297],[140.35869,42.22491],[140.3482,42.22482],[140.33311,42.22912],[140.3208,42.23481],[140.30705,42.23746],[140.29562,42.24396],[140.28445,42.25625],[140.27617,42.27942],[140.2751,42.2949],[140.27711,42.30904],[140.27718,42.32054],[140.28463,42.34934],[140.29423,42.37493],[140.28249,42.38371],[140.27146,42.38691],[140.25635,42.37985],[140.23275,42.37987],[140.23004,42.38342],[140.22384,42.38514],[140.22413,42.39259],[140.23057,42.39487],[140.21643,42.39256],[140.212,42.38754],[140.20564,42.38729],[140.18658,42.37895],[140.18137,42.37508],[140.1774,42.37607],[140.16953,42.37341],[140.1597,42.37219],[140.15226,42.35998],[140.14698,42.3563],[140.13303,42.35774],[140.13098,42.35094],[140.1245,42.34297],[140.11755,42.34417],[140.10776,42.34324],[140.10476,42.34115],[140.09767,42.34201],[140.09358,42.33755],[140.08559,42.33468],[140.09226,42.32943],[140.08999,42.324],[140.09423,42.31561],[140.08675,42.31446],[140.08249,42.30738],[140.08571,42.30129],[140.07471,42.29592],[140.07356,42.29085],[140.068,42.29113],[140.06369,42.28401],[140.05806,42.27933],[140.0506,42.2773],[140.04394,42.27985],[140.04063,42.2838],[140.03534,42.28213],[140.02676,42.2823],[140.02234,42.27329],[140.01459,42.27239],[140.02096,42.26168],[140.03014,42.25628],[140.02657,42.24775],[140.03082,42.24413],[140.03096,42.23787],[140.03455,42.23681],[140.03815,42.22304],[140.03037,42.22027],[140.01616,42.2216],[140.0097,42.21875],[140.00298,42.21094],[140.00375,42.2032],[139.99184,42.19765],[139.97892,42.20091],[139.96941,42.20582],[139.96298,42.20433],[139.95566,42.19759],[139.95136,42.19146],[139.94342,42.18981],[139.94324,42.18655],[139.93713,42.18359],[139.93419,42.17739],[139.93692,42.17584],[139.93674,42.16787],[139.92779,42.1534],[139.93006,42.14788],[139.92945,42.13981],[139.92158,42.13544],[139.92489,42.13291],[139.9338,42.13308],[139.94802,42.12932],[139.95951,42.12865],[139.96413,42.13058],[139.97346,42.12806],[139.99157,42.12776],[139.99863,42.12213],[140.00516,42.11997],[140.01098,42.12072],[140.02359,42.11457],[140.0414,42.09882],[140.05729,42.08262],[140.05963,42.07584],[140.06685,42.06992],[140.06763,42.06319],[140.07055,42.06006],[140.07789,42.06174],[140.08696,42.0679],[140.10361,42.07295],[140.10818,42.0712],[140.13628,42.06911],[140.14638,42.07251],[140.15264,42.06913],[140.15465,42.06422],[140.175,42.06977],[140.19306,42.06825],[140.19352,42.07942],[140.19862,42.08728],[140.21245,42.08796],[140.22152,42.093],[140.22867,42.08508],[140.22015,42.07861],[140.23458,42.07111],[140.23844,42.06661],[140.24591,42.06542],[140.24797,42.06042],[140.25742,42.05928],[140.27307,42.05389],[140.28,42.04819],[140.28761,42.0511],[140.29825,42.05051],[140.30319,42.05379],[140.31178,42.05293],[140.31337,42.04967],[140.32171,42.04174],[140.33188,42.04512],[140.34375,42.04254],[140.35162,42.03594],[140.36016,42.03853],[140.36109,42.04344],[140.37181,42.04211],[140.37895,42.04308],[140.3832,42.03511],[140.38835,42.02979],[140.4009,42.02498],[140.41107,42.0259],[140.42422,42.0253],[140.42933,42.02318],[140.43338,42.02787],[140.43116,42.03357],[140.43441,42.04684],[140.43165,42.06247],[140.42345,42.07314],[140.42529,42.08305],[140.42891,42.08515],[140.42032,42.09569],[140.4213,42.10218],[140.41512,42.10882],[140.41397,42.11382],[140.40847,42.11745],[140.40357,42.11795],[140.39374,42.12299],[140.39814,42.13368],[140.40824,42.14378],[140.41271,42.15031],[140.42683,42.16251],[140.43399,42.1627],[140.43902,42.16836],[140.45124,42.16957],[140.45699,42.17673]]]},"properties":{"pref":"北海道","office":"渡島総合振興局","county":"二海郡","city":"八雲町","code5":"01346","code6":"013463"}},
{"type":"Feature","geometry":{"type":"Polygon","coordinates":[[[140.29423,42.37493],[140.30914,42.40717],[140.32868,42.44232],[140.34028,42.46015],[140.35737,42.48453],[140.37271,42.50364],[140.39853,42.53147],[140.41447,42.54599],[140.44139,42.56752],[140.46678,42.58515],[140.47587,42.58905],[140.49327,42.58379],[140.51098,42.58423],[140.51611,42.58926],[140.53241,42.58881],[140.53711,42.58741],[140.539,42.59278],[140.5444,42.59463],[140.54651,42.59904],[140.54483,42.60304],[140.53486,42.59787],[140.52953,42.59304],[140.52053,42.59153],[140.51295,42.59221],[140.50523,42.59028],[140.50155,42.59174],[140.49004,42.59046],[140.48243,42.59385],[140.46415,42.60739],[140.45272,42.60516],[140.44595,42.6087],[140.43306,42.60927],[140.42537,42.60651],[140.42588,42.59939],[140.41787,42.5962],[140.41045,42.59003],[140.39885,42.59056],[140.39343,42.5931],[140.38546,42.59079],[140.37957,42.59844],[140.3711,42.60168],[140.36042,42.61377],[140.35097,42.61712],[140.34436,42.62164],[140.32909,42.6218],[140.31772,42.6276],[140.31092,42.62674],[140.2997,42.62221],[140.29171,42.6235],[140.27651,42.60414],[140.27048,42.60648],[140.26753,42.60374],[140.24827,42.60414],[140.23815,42.59762],[140.22195,42.60225],[140.21551,42.60803],[140.21315,42.61036],[140.20154,42.60959],[140.19355,42.60777],[140.1886,42.60317],[140.19095,42.59571],[140.18809,42.59347],[140.18919,42.58658],[140.19291,42.58262],[140.20113,42.5811],[140.21152,42.5726],[140.22857,42.57288],[140.232,42.56604],[140.24501,42.56894],[140.24919,42.56573],[140.24794,42.55588],[140.25466,42.55193],[140.26212,42.55283],[140.26613,42.54857],[140.2629,42.54044],[140.2555,42.52918],[140.24709,42.52237],[140.24434,42.51645],[140.23953,42.5152],[140.23578,42.50082],[140.23128,42.49288],[140.22551,42.48642],[140.2109,42.47686],[140.21481,42.46665],[140.21308,42.46104],[140.21569,42.45723],[140.21296,42.4481],[140.21638,42.44678],[140.22621,42.4335],[140.23091,42.43073],[140.22542,42.42394],[140.22538,42.41961],[140.22966,42.41591],[140.23104,42.40956],[140.23815,42.4072],[140.23674,42.40335],[140.2296,42.39998],[140.23057,42.39487],[140.22413,42.39259],[140.22384,42.38514],[140.23004,42.38342],[140.23275,42.37987],[140.25635,42.37985],[140.27146,42.38691],[140.28249,42.38371],[140.29423,42.37493]]]},"properties":{"pref":"北海道","office":"渡島総合振興局","county":"山越郡","city":"長万部町","code5":"01347","code6":"013471"}},
{"type":"Feature","geometry":{"type":"Polygon","coordinates":[[[140.26105,41.97618],[140.25308,41.97714],[140.2416,41.97234],[140.2328,41.96703],[140.22246,41.9674],[140.19578,41.95886],[140.18335,41.95636],[140.18037,41.95933],[140.16978,41.96249],[140.15465,41.96082],[140.14975,41.96269],[140.14056,41.95967],[140.1326,41.95258],[140.13967,41.92889],[140.141,41.91441],[140.13599,41.90568],[140.13889,41.89405],[140.13381,41.88699],[140.13126,41.87224],[140.12007,41.86664],[140.12641,41.85531],[140.1252,41.84928],[140.12549,41.839],[140.12302,41.82529],[140.13452,41.8153],[140.14588,41.81416],[140.15289,41.81622],[140.15548,41.8141],[140.17171,41.8107],[140.17506,41.81249],[140.18823,41.81217],[140.19659,41.80989],[140.21275,41.81196],[140.2233,41.82005],[140.22166,41.82722],[140.22367,41.83436],[140.21796,41.84017],[140.20723,41.84607],[140.21106,41.857],[140.20922,41.8669],[140.21457,41.87055],[140.22188,41.87079],[140.22282,41.87414],[140.23129,41.88355],[140.23066,41.88827],[140.21372,41.89161],[140.2024,41.8922],[140.19612,41.89605],[140.1798,41.89875],[140.16438,41.90836],[140.15393,41.90757],[140.15128,41.90907],[140.15555,41.91712],[140.15273,41.92387],[140.1628,41.92641],[140.17369,41.92686],[140.1923,41.92215],[140.19663,41.92479],[140.20791,41.92764],[140.21572,41.92699],[140.22362,41.93957],[140.23571,41.94013],[140.23685,41.94845],[140.24323,41.9516],[140.24388,41.96187],[140.25258,41.96403],[140.25409,41.96974],[140.26105,41.97618]]]},"properties":{"pref":"北海道","office":"檜山振興局","county":"檜山郡","city":"江差町","code5":"01361","code6":"013617"}},
{"type":"Feature","geometry":{"type":"Polygon","coordinates":[[[140.16447,41.5775],[140.16758,41.57866],[140.17606,41.58813],[140.18389,41.5901],[140.18801,41.59751],[140.1942,41.6],[140.19596,41.60839],[140.19437,41.61968],[140.20092,41.62685],[140.21401,41.62426],[140.21778,41.62891],[140.22568,41.63386],[140.23566,41.6334],[140.2489,41.6414],[140.25756,41.65246],[140.26507,41.65341],[140.27086,41.6569],[140.28172,41.65985],[140.28215,41.66275],[140.28192,41.67078],[140.28955,41.6739],[140.29631,41.68057],[140.29677,41.68556],[140.30289,41.6888],[140.29876,41.69313],[140.30464,41.71186],[140.30456,41.71653],[140.309,41.71794],[140.32249,41.7155],[140.3246,41.72002],[140.33492,41.72257],[140.33974,41.7222],[140.34347,41.73294],[140.34986,41.73814],[140.35041,41.74365],[140.34137,41.75114],[140.34985,41.7566],[140.35214,41.76701],[140.34923,41.77531],[140.3527,41.77979],[140.35314,41.78554],[140.35806,41.78695],[140.3452,41.80041],[140.33298,41.80317],[140.3249,41.80085],[140.31465,41.81004],[140.30654,41.81447],[140.30182,41.815],[140.29927,41.82059],[140.29369,41.82453],[140.29026,41.82955],[140.28154,41.82931],[140.26783,41.83917],[140.25626,41.84192],[140.24883,41.84743],[140.24454,41.84433],[140.2306,41.8508],[140.22622,41.85453],[140.21106,41.857],[140.20723,41.84607],[140.21796,41.84017],[140.22367,41.83436],[140.22166,41.82722],[140.2233,41.82005],[140.21275,41.81196],[140.19659,41.80989],[140.18823,41.81217],[140.17506,41.81249],[140.17171,41.8107],[140.15548,41.8141],[140.15289,41.81622],[140.14588,41.81416],[140.13452,41.8153],[140.12302,41.82529],[140.11962,41.81698],[140.11519,41.81038],[140.10879,41.80494],[140.10112,41.80513],[140.09801,41.80816],[140.0839,41.80945],[140.07594,41.80809],[140.06996,41.80454],[140.07321,41.79883],[140.07383,41.79056],[140.07278,41.77566],[140.07054,41.76744],[140.06017,41.74955],[140.0554,41.74294],[140.05,41.73941],[140.03989,41.72442],[140.03005,41.71744],[140.0237,41.70618],[140.00849,41.6911],[140.00863,41.68268],[140.00443,41.67527],[140.00421,41.66092],[140.00258,41.6519],[139.99689,41.64714],[139.99873,41.64166],[139.99368,41.6345],[139.99353,41.63021],[139.99872,41.63212],[140.01235,41.62895],[140.02602,41.6319],[140.0279,41.62788],[140.03503,41.62747],[140.03996,41.61816],[140.04606,41.61463],[140.0491,41.60971],[140.0592,41.60632],[140.06225,41.60176],[140.06281,41.59254],[140.06948,41.58965],[140.07455,41.59119],[140.09141,41.59028],[140.09943,41.59237],[140.10481,41.5873],[140.11061,41.58531],[140.11307,41.58023],[140.11798,41.57598],[140.13037,41.58324],[140.13864,41.58191],[140.15035,41.58432],[140.16447,41.5775]]]},"properties":{"pref":"北海道","office":"檜山振興局","county":"檜山郡","city":"上ノ国町","code5":"01362","code6":"013625"}},
{"type":"Feature","geometry":{"type":"Polygon","coordinates":[[[140.47094,41.99347],[140.46576,41.9975],[140.465,42.00186],[140.46061,42.00333],[140.45378,42.01192],[140.44395,42.01495],[140.44328,42.01731],[140.42933,42.02318],[140.42422,42.0253],[140.41107,42.0259],[140.4009,42.02498],[140.38835,42.02979],[140.3832,42.03511],[140.37895,42.04308],[140.37181,42.04211],[140.36109,42.04344],[140.36016,42.03853],[140.35162,42.03594],[140.34375,42.04254],[140.33188,42.04512],[140.32171,42.04174],[140.31337,42.04967],[140.31178,42.05293],[140.30319,42.05379],[140.29825,42.05051],[140.28761,42.0511],[140.28,42.04819],[140.2791,42.04283],[140.27484,42.03983],[140.27066,42.0311],[140.27195,42.02766],[140.26241,42.0223],[140.26629,42.00438],[140.27138,41.99092],[140.26379,41.98686],[140.26625,41.98132],[140.26105,41.97618],[140.25409,41.96974],[140.25258,41.96403],[140.24388,41.96187],[140.24323,41.9516],[140.23685,41.94845],[140.23571,41.94013],[140.22362,41.93957],[140.21572,41.92699],[140.20791,41.92764],[140.19663,41.92479],[140.1923,41.92215],[140.17369,41.92686],[140.1628,41.92641],[140.15273,41.92387],[140.15555,41.91712],[140.15128,41.90907],[140.15393,41.90757],[140.16438,41.90836],[140.1798,41.89875],[140.19612,41.89605],[140.2024,41.8922],[140.21372,41.89161],[140.23066,41.88827],[140.23129,41.88355],[140.22282,41.87414],[140.22188,41.87079],[140.21457,41.87055],[140.20922,41.8669],[140.21106,41.857],[140.22622,41.85453],[140.2306,41.8508],[140.24454,41.84433],[140.24883,41.84743],[140.25626,41.84192],[140.26783,41.83917],[140.28154,41.82931],[140.29026,41.82955],[140.29369,41.82453],[140.29927,41.82059],[140.30182,41.815],[140.30654,41.81447],[140.31465,41.81004],[140.3249,41.80085],[140.33298,41.80317],[140.3452,41.80041],[140.35806,41.78695],[140.3718,41.79419],[140.3781,41.80545],[140.38797,41.80792],[140.39795,41.80563],[140.40188,41.80962],[140.40881,41.81297],[140.42163,41.81323],[140.43052,41.80796],[140.43459,41.81505],[140.43263,41.82038],[140.42752,41.82493],[140.4282,41.83163],[140.43234,41.83228],[140.44081,41.83842],[140.46037,41.84468],[140.46091,41.85111],[140.45065,41.85758],[140.44798,41.86166],[140.46058,41.86368],[140.46422,41.87858],[140.4685,41.88262],[140.46648,41.88809],[140.47056,41.88964],[140.47145,41.89809],[140.47355,41.90087],[140.4665,41.90412],[140.46429,41.90841],[140.45898,41.91075],[140.4581,41.91481],[140.45308,41.91682],[140.45034,41.92132],[140.45292,41.92979],[140.44318,41.9373],[140.45707,41.94491],[140.46041,41.95185],[140.47069,41.95393],[140.46775,41.95944],[140.46922,41.96516],[140.46779,41.97169],[140.46435,41.97585],[140.46584,41.97934],[140.46437,41.98614],[140.47094,41.99347]]]},"properties":{"pref":"北海道","office":"檜山振興局","county":"檜山郡","city":"厚沢部町","code5":"01363","code6":"013633"}},
{"type":"Feature","geometry":{"type":"Polygon","coordinates":[[[140.07055,42.06006],[140.07202,42.05442],[140.08402,42.04585],[140.08628,42.03947],[140.09616,42.03289],[140.10072,42.02439],[140.10019,42.02081],[140.10593,42.01315],[140.10334,42.00775],[140.11359,42.00629],[140.11919,42.00396],[140.12174,41.99991],[140.1273,41.9797],[140.13279,41.97494],[140.13231,41.97021],[140.12755,41.96611],[140.12673,41.9616],[140.1326,41.95258],[140.14056,41.95967],[140.14975,41.96269],[140.15465,41.96082],[140.16978,41.96249],[140.18037,41.95933],[140.18335,41.95636],[140.19578,41.95886],[140.22246,41.9674],[140.2328,41.96703],[140.2416,41.97234],[140.25308,41.97714],[140.26105,41.97618],[140.26625,41.98132],[140.26379,41.98686],[140.27138,41.99092],[140.26629,42.00438],[140.26241,42.0223],[140.27195,42.02766],[140.27066,42.0311],[140.27484,42.03983],[140.2791,42.04283],[140.28,42.04819],[140.27307,42.05389],[140.25742,42.05928],[140.24797,42.06042],[140.24591,42.06542],[140.23844,42.06661],[140.23458,42.07111],[140.22015,42.07861],[140.22867,42.08508],[140.22152,42.093],[140.21245,42.08796],[140.19862,42.08728],[140.19352,42.07942],[140.19306,42.06825],[140.175,42.06977],[140.15465,42.06422],[140.15264,42.06913],[140.14638,42.07251],[140.13628,42.06911],[140.10818,42.0712],[140.10361,42.07295],[140.08696,42.0679],[140.07789,42.06174],[140.07055,42.06006]]]},"properties":{"pref":"北海道","office":"檜山振興局","county":"爾志郡","city":"乙部町","code5":"01364","code6":"013641"}},
{"type":"Feature","geometry":{"type":"Polygon","coordinates":[[[139.4138,42.18502],[139.4066,42.1782],[139.41129,42.17002],[139.40531,42.1643],[139.40642,42.16036],[139.41277,42.15619],[139.41598,42.1471],[139.42312,42.13621],[139.42293,42.12919],[139.41841,42.12023],[139.41779,42.11463],[139.42294,42.10816],[139.42533,42.10063],[139.42318,42.09484],[139.42539,42.08721],[139.42421,42.07946],[139.42102,42.07613],[139.42117,42.07119],[139.42643,42.0714],[139.43475,42.06682],[139.45042,42.06089],[139.45762,42.06842],[139.47173,42.0717],[139.47718,42.07076],[139.48532,42.07416],[139.48947,42.07934],[139.49613,42.08308],[139.49657,42.08812],[139.50495,42.09782],[139.50595,42.10779],[139.51187,42.11843],[139.51508,42.1305],[139.5195,42.13804],[139.51774,42.14299],[139.5194,42.14979],[139.52262,42.15402],[139.51655,42.15936],[139.51709,42.17635],[139.5215,42.1857],[139.53369,42.19738],[139.54564,42.20363],[139.55106,42.21046],[139.5492,42.21292],[139.55134,42.21881],[139.56094,42.22902],[139.56159,42.24212],[139.55975,42.24915],[139.54991,42.23874],[139.54114,42.23601],[139.53695,42.23306],[139.52266,42.23016],[139.51533,42.22975],[139.5028,42.22676],[139.49581,42.22623],[139.48095,42.22239],[139.47272,42.22198],[139.46887,42.21728],[139.4629,42.2158],[139.4421,42.21743],[139.43572,42.21599],[139.43132,42.20923],[139.42537,42.20478],[139.42553,42.19748],[139.4138,42.18502]]]},"properties":{"pref":"北海道","office":"檜山振興局","county":"奥尻郡","city":"奥尻町","code5":"01367","code6":"013676"}},
{"type":"Feature","geometry":{"type":"Polygon","coordinates":[[[140.23057,42.39487],[140.2296,42.39998],[140.23674,42.40335],[140.23815,42.4072],[140.23104,42.40956],[140.22966,42.41591],[140.22538,42.41961],[140.22542,42.42394],[140.23091,42.43073],[140.22621,42.4335],[140.21638,42.44678],[140.21296,42.4481],[140.21569,42.45723],[140.21308,42.46104],[140.21481,42.46665],[140.2109,42.47686],[140.22551,42.48642],[140.23128,42.49288],[140.23578,42.50082],[140.23953,42.5152],[140.24434,42.51645],[140.24709,42.52237],[140.2555,42.52918],[140.2629,42.54044],[140.26613,42.54857],[140.26212,42.55283],[140.25466,42.55193],[140.24794,42.55588],[140.24919,42.56573],[140.24501,42.56894],[140.232,42.56604],[140.22857,42.57288],[140.21152,42.5726],[140.20113,42.5811],[140.19291,42.58262],[140.18919,42.58658],[140.18809,42.59347],[140.19095,42.59571],[140.1886,42.60317],[140.18517,42.60629],[140.18511,42.61203],[140.17685,42.61323],[140.17248,42.61769],[140.164,42.6161],[140.15884,42.6173],[140.1515,42.6157],[140.15035,42.60873],[140.14715,42.60562],[140.14825,42.6004],[140.15791,42.59266],[140.15661,42.58628],[140.15244,42.57976],[140.14345,42.57934],[140.14046,42.56923],[140.14154,42.56507],[140.1362,42.56208],[140.12809,42.56056],[140.12687,42.55491],[140.1229,42.54877],[140.11702,42.54508],[140.10913,42.54566],[140.09942,42.55086],[140.09808,42.55393],[140.08652,42.55758],[140.07513,42.55941],[140.06588,42.55631],[140.0623,42.55736],[140.05125,42.55368],[140.03719,42.56025],[140.02989,42.55576],[140.02882,42.54504],[140.01332,42.53608],[140.00927,42.5314],[140.00049,42.52889],[139.98918,42.52406],[139.98836,42.52104],[139.98089,42.51557],[139.97552,42.5145],[139.96956,42.50919],[139.97137,42.49894],[139.98342,42.49231],[139.9897,42.48283],[139.99033,42.47585],[139.98082,42.46219],[139.97611,42.46014],[139.97527,42.45243],[139.96911,42.45061],[139.96704,42.44246],[139.95909,42.43497],[139.95524,42.43406],[139.95727,42.42858],[139.96228,42.4284],[139.95804,42.42164],[139.94689,42.41733],[139.93764,42.4115],[139.92787,42.41428],[139.9223,42.41251],[139.93619,42.40226],[139.94208,42.39922],[139.9522,42.39725],[139.95941,42.39127],[139.95611,42.38337],[139.95242,42.37984],[139.95195,42.36976],[139.95755,42.36353],[139.96199,42.3533],[139.96398,42.3445],[139.96175,42.33724],[139.9673,42.33139],[139.9686,42.323],[139.9714,42.31805],[139.98133,42.31049],[139.98602,42.30188],[139.98529,42.29765],[139.98858,42.29309],[139.98912,42.28639],[139.99835,42.27697],[140.00475,42.2729],[140.01459,42.27239],[140.02234,42.27329],[140.02676,42.2823],[140.03534,42.28213],[140.04063,42.2838],[140.04394,42.27985],[140.0506,42.2773],[140.05806,42.27933],[140.06369,42.28401],[140.068,42.29113],[140.07356,42.29085],[140.07471,42.29592],[140.08571,42.30129],[140.08249,42.30738],[140.08675,42.31446],[140.09423,42.31561],[140.08999,42.324],[140.09226,42.32943],[140.08559,42.33468],[140.09358,42.33755],[140.09767,42.34201],[140.10476,42.34115],[140.10776,42.34324],[140.11755,42.34417],[140.1245,42.34297],[140.13098,42.35094],[140.13303,42.35774],[140.14698,42.3563],[140.15226,42.35998],[140.1597,42.37219],[140.16953,42.37341],[140.1774,42.37607],[140.18137,42.37508],[140.18658,42.37895],[140.20564,42.38729],[140.212,42.38754],[140.21643,42.39256],[140.23057,42.39487]]]},"properties":{"pref":"北海道","office":"檜山振興局","county":"瀬棚郡","city":"今金町","code5":"01370","code6":"013706"}},
{"type":"Feature","geometry":{"type":"Polygon","coordinates":[[[140.01459,42.27239],[140.00475,42.2729],[139.99835,42.27697],[139.98912,42.28639],[139.98858,42.29309],[139.98529,42.29765],[139.98602,42.30188],[139.98133,42.31049],[139.9714,42.31805],[139.9686,42.323],[139.9673,42.33139],[139.96175,42.33724],[139.96398,42.3445],[139.96199,42.3533],[139.95755,42.36353],[139.95195,42.36976],[139.95242,42.37984],[139.95611,42.38337],[139.95941,42.39127],[139.9522,42.39725],[139.94208,42.39922],[139.93619,42.40226],[139.9223,42.41251],[139.92787,42.41428],[139.93764,42.4115],[139.94689,42.41733],[139.95804,42.42164],[139.96228,42.4284],[139.95727,42.42858],[139.95524,42.43406],[139.95909,42.43497],[139.96704,42.44246],[139.96911,42.45061],[139.97527,42.45243],[139.97611,42.46014],[139.98082,42.46219],[139.99033,42.47585],[139.9897,42.48283],[139.98342,42.49231],[139.97137,42.49894],[139.96956,42.50919],[139.97552,42.5145],[139.98089,42.51557],[139.98836,42.52104],[139.98918,42.52406],[140.00049,42.52889],[140.00927,42.5314],[140.01332,42.53608],[140.02882,42.54504],[140.02989,42.55576],[140.0248,42.55846],[140.02258,42.56321],[140.02179,42.57179],[140.01332,42.57597],[140.01087,42.57982],[140.00134,42.58163],[139.99433,42.57779],[139.98607,42.57885],[139.97112,42.58302],[139.96664,42.58738],[139.9608,42.58917],[139.95654,42.58741],[139.93645,42.58886],[139.93171,42.59598],[139.94299,42.60758],[139.9391,42.61369],[139.91782,42.61247],[139.91095,42.61669],[139.89595,42.61432],[139.8872,42.61405],[139.88486,42.61634],[139.87639,42.61165],[139.85572,42.6089],[139.84572,42.61321],[139.83059,42.61443],[139.82317,42.61306],[139.82208,42.61007],[139.82514,42.59974],[139.82326,42.59495],[139.82707,42.588],[139.82871,42.57751],[139.83305,42.57403],[139.83607,42.56323],[139.83618,42.55298],[139.83996,42.53986],[139.84657,42.52563],[139.8426,42.51166],[139.84554,42.50188],[139.84387,42.49709],[139.84884,42.49332],[139.84642,42.47943],[139.85185,42.47119],[139.85294,42.46572],[139.84766,42.45617],[139.84447,42.44373],[139.84682,42.43847],[139.84606,42.43237],[139.836,42.40552],[139.82888,42.3934],[139.82239,42.38822],[139.81631,42.38114],[139.81466,42.37441],[139.80241,42.3661],[139.80164,42.36116],[139.79614,42.3563],[139.78101,42.35286],[139.77628,42.34112],[139.77575,42.33576],[139.77234,42.32941],[139.77485,42.32619],[139.77309,42.32075],[139.76933,42.31825],[139.76974,42.3122],[139.76714,42.30249],[139.77183,42.30086],[139.77456,42.29372],[139.77939,42.2876],[139.78575,42.275],[139.78489,42.27007],[139.77866,42.26691],[139.77494,42.26196],[139.77926,42.25092],[139.78351,42.24987],[139.78869,42.24406],[139.79344,42.23347],[139.7998,42.22889],[139.81215,42.22906],[139.81399,42.22278],[139.82562,42.22414],[139.83717,42.22028],[139.84804,42.21994],[139.85344,42.21642],[139.86377,42.21901],[139.87372,42.21336],[139.88065,42.20778],[139.88203,42.20441],[139.87992,42.19829],[139.88227,42.19094],[139.8878,42.18586],[139.89491,42.18381],[139.89615,42.17495],[139.9048,42.16576],[139.9123,42.15371],[139.91369,42.14775],[139.92158,42.13544],[139.92945,42.13981],[139.93006,42.14788],[139.92779,42.1534],[139.93674,42.16787],[139.93692,42.17584],[139.93419,42.17739],[139.93713,42.18359],[139.94324,42.18655],[139.94342,42.18981],[139.95136,42.19146],[139.95566,42.19759],[139.96298,42.20433],[139.96941,42.20582],[139.97892,42.20091],[139.99184,42.19765],[140.00375,42.2032],[140.00298,42.21094],[140.0097,42.21875],[140.01616,42.2216],[140.03037,42.22027],[140.03815,42.22304],[140.03455,42.23681],[140.03096,42.23787],[140.03082,42.24413],[140.02657,42.24775],[140.03014,42.25628],[140.02096,42.26168],[140.01459,42.27239]]]},"properties":{"pref":"北海道","office":"檜山振興局","county":"久遠郡","city":"せたな町","code5":"01371","code6":"013714"}},
{"type":"Feature","geometry":{"type":"Polygon","coordinates":[[[140.21551,42.60803],[140.22129,42.61157],[140.22732,42.61212],[140.23099,42.61506],[140.23035,42.6202],[140.22441,42.62322],[140.23156,42.63627],[140.23068,42.64157],[140.22596,42.64308],[140.22207,42.6512],[140.21555,42.6531],[140.21251,42.66258],[140.20916,42.66817],[140.21135,42.67293],[140.20988,42.68165],[140.2156,42.68818],[140.20568,42.69779],[140.20758,42.70605],[140.20114,42.71543],[140.19542,42.71789],[140.21486,42.73173],[140.21476,42.73617],[140.22318,42.74223],[140.21886,42.75104],[140.21959,42.75806],[140.22256,42.76063],[140.21487,42.7698],[140.20846,42.77233],[140.21007,42.7817],[140.20644,42.78889],[140.19883,42.79528],[140.19284,42.79397],[140.18853,42.7978],[140.17955,42.80127],[140.17324,42.80644],[140.16937,42.80444],[140.16437,42.79562],[140.16077,42.79464],[140.15661,42.78576],[140.15351,42.78288],[140.14698,42.77117],[140.15031,42.76699],[140.14857,42.76014],[140.14427,42.75455],[140.13014,42.74647],[140.11878,42.74625],[140.11333,42.74052],[140.1057,42.73618],[140.09552,42.736],[140.08691,42.73283],[140.08631,42.73253],[140.0781,42.72629],[140.07334,42.72774],[140.06884,42.72339],[140.06902,42.71821],[140.0645,42.71302],[140.06524,42.70685],[140.06299,42.70448],[140.04032,42.69126],[140.02963,42.68781],[140.01703,42.68918],[140.00909,42.68675],[140.00193,42.68655],[139.99404,42.69114],[139.98906,42.6921],[139.98238,42.6881],[139.97209,42.69105],[139.95657,42.68804],[139.94074,42.68975],[139.93382,42.68776],[139.92528,42.68816],[139.91799,42.68398],[139.89841,42.67978],[139.87958,42.66982],[139.8729,42.66524],[139.86846,42.6656],[139.86178,42.65376],[139.85605,42.6501],[139.85459,42.64109],[139.84213,42.63179],[139.84257,42.62672],[139.83286,42.62305],[139.82626,42.61866],[139.82317,42.61306],[139.83059,42.61443],[139.84572,42.61321],[139.85572,42.6089],[139.87639,42.61165],[139.88486,42.61634],[139.8872,42.61405],[139.89595,42.61432],[139.91095,42.61669],[139.91782,42.61247],[139.9391,42.61369],[139.94299,42.60758],[139.93171,42.59598],[139.93645,42.58886],[139.95654,42.58741],[139.9608,42.58917],[139.96664,42.58738],[139.97112,42.58302],[139.98607,42.57885],[139.99433,42.57779],[140.00134,42.58163],[140.01087,42.57982],[140.01332,42.57597],[140.02179,42.57179],[140.02258,42.56321],[140.0248,42.55846],[140.02989,42.55576],[140.03719,42.56025],[140.05125,42.55368],[140.0623,42.55736],[140.06588,42.55631],[140.07513,42.55941],[140.08652,42.55758],[140.09808,42.55393],[140.09942,42.55086],[140.10913,42.54566],[140.11702,42.54508],[140.1229,42.54877],[140.12687,42.55491],[140.12809,42.56056],[140.1362,42.56208],[140.14154,42.56507],[140.14046,42.56923],[140.14345,42.57934],[140.15244,42.57976],[140.15661,42.58628],[140.15791,42.59266],[140.14825,42.6004],[140.14715,42.60562],[140.15035,42.60873],[140.1515,42.6157],[140.15884,42.6173],[140.164,42.6161],[140.17248,42.61769],[140.17685,42.61323],[140.18511,42.61203],[140.18517,42.60629],[140.1886,42.60317],[140.19355,42.60777],[140.20154,42.60959],[140.21315,42.61036],[140.21551,42.60803]]]},"properties":{"pref":"北海道","office":"後志総合振興局","county":"島牧郡","city":"島牧村","code5":"01391","code6":"013919"}},
{"type":"Feature","geometry":{"type":"Polygon","coordinates":[[[140.22318,42.74223],[140.25198,42.72075],[140.25953,42.72292],[140.2571,42.72968],[140.26347,42.73602],[140.27821,42.73043],[140.2984,42.72496],[140.2961,42.74316],[140.28986,42.74554],[140.29094,42.75762],[140.287,42.76014],[140.27968,42.76077],[140.28227,42.76647],[140.29613,42.77059],[140.31573,42.76291],[140.33437,42.76541],[140.3406,42.76351],[140.35193,42.7658],[140.36341,42.76266],[140.36767,42.76317],[140.37139,42.76922],[140.37165,42.77513],[140.37664,42.78538],[140.38049,42.78705],[140.37688,42.79499],[140.37942,42.79782],[140.37744,42.80509],[140.38004,42.81245],[140.37463,42.81819],[140.37793,42.82402],[140.37159,42.83245],[140.37183,42.8384],[140.36758,42.8456],[140.37368,42.8504],[140.36592,42.85757],[140.36783,42.86581],[140.35855,42.87757],[140.35872,42.87359],[140.34658,42.85765],[140.33367,42.84757],[140.32652,42.84492],[140.32329,42.83998],[140.31765,42.83792],[140.30883,42.83098],[140.30496,42.82532],[140.30367,42.81275],[140.30675,42.80131],[140.31007,42.79511],[140.30835,42.78568],[140.30443,42.77745],[140.28929,42.77152],[140.27738,42.76872],[140.26628,42.76745],[140.24594,42.7682],[140.23988,42.77578],[140.23689,42.78488],[140.23813,42.79228],[140.2287,42.79801],[140.22729,42.80297],[140.22176,42.80583],[140.2133,42.80662],[140.20472,42.80948],[140.195,42.81794],[140.19248,42.8228],[140.18697,42.82671],[140.18169,42.81721],[140.17324,42.80644],[140.17955,42.80127],[140.18853,42.7978],[140.19284,42.79397],[140.19883,42.79528],[140.20644,42.78889],[140.21007,42.7817],[140.20846,42.77233],[140.21487,42.7698],[140.22256,42.76063],[140.21959,42.75806],[140.21886,42.75104],[140.22318,42.74223]]]},"properties":{"pref":"北海道","office":"後志総合振興局","county":"寿都郡","city":"寿都町","code5":"01392","code6":"013927"}},
{"type":"Feature","geometry":{"type":"Polygon","coordinates":[[[140.54483,42.60304],[140.54537,42.60651],[140.53389,42.6129],[140.53317,42.61611],[140.54319,42.62114],[140.5567,42.63541],[140.55079,42.64144],[140.54131,42.64607],[140.54122,42.65221],[140.52898,42.65694],[140.52056,42.65794],[140.5207,42.6645],[140.51452,42.67477],[140.5171,42.67958],[140.50908,42.68422],[140.51458,42.68977],[140.51355,42.69786],[140.50757,42.70037],[140.49402,42.69941],[140.48942,42.69538],[140.48347,42.69571],[140.47568,42.69197],[140.46631,42.6899],[140.46269,42.69243],[140.4499,42.69616],[140.44124,42.69646],[140.43154,42.70488],[140.4176,42.7073],[140.41009,42.70725],[140.40504,42.70327],[140.40063,42.70797],[140.39597,42.70776],[140.39266,42.71403],[140.37775,42.72615],[140.36923,42.7356],[140.36349,42.73982],[140.36378,42.74382],[140.35873,42.74889],[140.36229,42.75462],[140.36071,42.75824],[140.36341,42.76266],[140.35193,42.7658],[140.3406,42.76351],[140.33437,42.76541],[140.31573,42.76291],[140.29613,42.77059],[140.28227,42.76647],[140.27968,42.76077],[140.287,42.76014],[140.29094,42.75762],[140.28986,42.74554],[140.2961,42.74316],[140.2984,42.72496],[140.27821,42.73043],[140.26347,42.73602],[140.2571,42.72968],[140.25953,42.72292],[140.25198,42.72075],[140.22318,42.74223],[140.21476,42.73617],[140.21486,42.73173],[140.19542,42.71789],[140.20114,42.71543],[140.20758,42.70605],[140.20568,42.69779],[140.2156,42.68818],[140.20988,42.68165],[140.21135,42.67293],[140.20916,42.66817],[140.21251,42.66258],[140.21555,42.6531],[140.22207,42.6512],[140.22596,42.64308],[140.23068,42.64157],[140.23156,42.63627],[140.22441,42.62322],[140.23035,42.6202],[140.23099,42.61506],[140.22732,42.61212],[140.22129,42.61157],[140.21551,42.60803],[140.22195,42.60225],[140.23815,42.59762],[140.24827,42.60414],[140.26753,42.60374],[140.27048,42.60648],[140.27651,42.60414],[140.29171,42.6235],[140.2997,42.62221],[140.31092,42.62674],[140.31772,42.6276],[140.32909,42.6218],[140.34436,42.62164],[140.35097,42.61712],[140.36042,42.61377],[140.3711,42.60168],[140.37957,42.59844],[140.38546,42.59079],[140.39343,42.5931],[140.39885,42.59056],[140.41045,42.59003],[140.41787,42.5962],[140.42588,42.59939],[140.42537,42.60651],[140.43306,42.60927],[140.44595,42.6087],[140.45272,42.60516],[140.46415,42.60739],[140.48243,42.59385],[140.49004,42.59046],[140.50155,42.59174],[140.50523,42.59028],[140.51295,42.59221],[140.52053,42.59153],[140.52953,42.59304],[140.53486,42.59787],[140.54483,42.60304]]]},"properties":{"pref":"北海道","office":"後志総合振興局","county":"寿都郡","city":"黒松内町","code5":"01393","code6":"013935"}},
{"type":"Feature","geometry":{"type":"Polygon","coordinates":[[[140.36341,42.76266],[140.36071,42.75824],[140.36229,42.75462],[140.35873,42.74889],[140.36378,42.74382],[140.36349,42.73982],[140.36923,42.7356],[140.37775,42.72615],[140.39266,42.71403],[140.39597,42.70776],[140.40063,42.70797],[140.40504,42.70327],[140.41009,42.70725],[140.4176,42.7073],[140.43154,42.70488],[140.44124,42.69646],[140.4499,42.69616],[140.46269,42.69243],[140.46631,42.6899],[140.47568,42.69197],[140.48347,42.69571],[140.48942,42.69538],[140.49402,42.69941],[140.50757,42.70037],[140.51355,42.69786],[140.51458,42.68977],[140.50908,42.68422],[140.5171,42.67958],[140.51452,42.67477],[140.5207,42.6645],[140.52056,42.65794],[140.52898,42.65694],[140.54122,42.65221],[140.54131,42.64607],[140.55079,42.64144],[140.5567,42.63541],[140.55679,42.64348],[140.56643,42.6513],[140.56065,42.6552],[140.56845,42.6628],[140.57728,42.66474],[140.57424,42.67508],[140.57585,42.6794],[140.56961,42.68302],[140.56539,42.70188],[140.56549,42.71229],[140.56228,42.71722],[140.56797,42.72364],[140.56785,42.72749],[140.57488,42.73228],[140.58185,42.74252],[140.58317,42.74933],[140.58148,42.75319],[140.5918,42.77045],[140.60117,42.78099],[140.6004,42.78619],[140.60422,42.78991],[140.60079,42.79631],[140.61304,42.80529],[140.62196,42.80155],[140.63224,42.80383],[140.62953,42.81004],[140.63033,42.81592],[140.62742,42.8253],[140.62331,42.82843],[140.62112,42.83628],[140.62275,42.8388],[140.62002,42.84579],[140.62275,42.85406],[140.62058,42.85753],[140.62532,42.86474],[140.63651,42.86929],[140.63683,42.87326],[140.64208,42.87719],[140.6428,42.88014],[140.6365,42.88268],[140.63723,42.88613],[140.62138,42.88301],[140.61802,42.88758],[140.60971,42.88923],[140.58958,42.88787],[140.58086,42.89067],[140.57976,42.89543],[140.57497,42.89893],[140.56563,42.90137],[140.55568,42.89641],[140.54881,42.89737],[140.53494,42.90154],[140.51986,42.89915],[140.51561,42.89974],[140.51168,42.9044],[140.5109,42.91067],[140.50371,42.91323],[140.49472,42.91214],[140.48166,42.90137],[140.46963,42.90362],[140.46013,42.90751],[140.45685,42.9109],[140.45025,42.90785],[140.4351,42.90533],[140.42682,42.90749],[140.41492,42.90682],[140.39828,42.91117],[140.38087,42.90582],[140.37593,42.90102],[140.37764,42.89748],[140.36339,42.87954],[140.35855,42.87757],[140.36783,42.86581],[140.36592,42.85757],[140.37368,42.8504],[140.36758,42.8456],[140.37183,42.8384],[140.37159,42.83245],[140.37793,42.82402],[140.37463,42.81819],[140.38004,42.81245],[140.37744,42.80509],[140.37942,42.79782],[140.37688,42.79499],[140.38049,42.78705],[140.37664,42.78538],[140.37165,42.77513],[140.37139,42.76922],[140.36767,42.76317],[140.36341,42.76266]]]},"properties":{"pref":"北海道","office":"後志総合振興局","county":"磯谷郡","city":"蘭越町","code5":"01394","code6":"013943"}},
{"type":"Feature","geometry":{"type":"Polygon","coordinates":[[[140.56228,42.71722],[140.56538,42.7152],[140.57419,42.71573],[140.59107,42.70759],[140.60229,42.70723],[140.61257,42.71145],[140.62688,42.71033],[140.63493,42.70718],[140.65544,42.71035],[140.66942,42.70842],[140.67684,42.71013],[140.69119,42.71727],[140.69926,42.71592],[140.70435,42.71778],[140.71871,42.71574],[140.73751,42.71546],[140.74566,42.71357],[140.75293,42.709],[140.76082,42.71087],[140.76458,42.72054],[140.77964,42.7224],[140.76818,42.73029],[140.75824,42.73075],[140.7587,42.73585],[140.72777,42.73726],[140.7201,42.74386],[140.7198,42.75731],[140.72675,42.75717],[140.72839,42.77707],[140.73499,42.77682],[140.73565,42.7837],[140.74284,42.78572],[140.74514,42.78295],[140.75425,42.78343],[140.75734,42.7934],[140.8006,42.82165],[140.80684,42.82693],[140.71923,42.84394],[140.71495,42.83268],[140.71781,42.82914],[140.71044,42.82564],[140.71022,42.82118],[140.7023,42.82171],[140.68584,42.84573],[140.67183,42.86226],[140.67147,42.86528],[140.65935,42.87205],[140.65888,42.87476],[140.65128,42.878],[140.64208,42.87719],[140.63683,42.87326],[140.63651,42.86929],[140.62532,42.86474],[140.62058,42.85753],[140.62275,42.85406],[140.62002,42.84579],[140.62275,42.8388],[140.62112,42.83628],[140.62331,42.82843],[140.62742,42.8253],[140.63033,42.81592],[140.62953,42.81004],[140.63224,42.80383],[140.62196,42.80155],[140.61304,42.80529],[140.60079,42.79631],[140.60422,42.78991],[140.6004,42.78619],[140.60117,42.78099],[140.5918,42.77045],[140.58148,42.75319],[140.58317,42.74933],[140.58185,42.74252],[140.57488,42.73228],[140.56785,42.72749],[140.56797,42.72364],[140.56228,42.71722]]]},"properties":{"pref":"北海道","office":"後志総合振興局","county":"虻田郡","city":"ニセコ町","code5":"01395","code6":"013951"}},
{"type":"Feature","geometry":{"type":"Polygon","coordinates":[[[140.75293,42.709],[140.7606,42.70204],[140.76238,42.69357],[140.75521,42.67961],[140.75688,42.66889],[140.75189,42.665],[140.75519,42.65949],[140.76146,42.65913],[140.76699,42.66119],[140.77745,42.66082],[140.77798,42.6685],[140.78045,42.67555],[140.77932,42.68573],[140.78377,42.69593],[140.80257,42.69965],[140.8117,42.69779],[140.82032,42.69997],[140.81621,42.7261],[140.86456,42.76706],[140.88205,42.7697],[140.91041,42.77247],[140.80684,42.82693],[140.8006,42.82165],[140.75734,42.7934],[140.75425,42.78343],[140.74514,42.78295],[140.74284,42.78572],[140.73565,42.7837],[140.73499,42.77682],[140.72839,42.77707],[140.72675,42.75717],[140.7198,42.75731],[140.7201,42.74386],[140.72777,42.73726],[140.7587,42.73585],[140.75824,42.73075],[140.76818,42.73029],[140.77964,42.7224],[140.76458,42.72054],[140.76082,42.71087],[140.75293,42.709]]]},"properties":{"pref":"北海道","office":"後志総合振興局","county":"虻田郡","city":"真狩村","code5":"01396","code6":"013960"}},
{"type":"Feature","geometry":{"type":"Polygon","coordinates":[[[141.01039,42.71638],[140.93873,42.75557],[140.91041,42.77247],[140.88205,42.7697],[140.86456,42.76706],[140.81621,42.7261],[140.82032,42.69997],[140.8117,42.69779],[140.80257,42.69965],[140.78377,42.69593],[140.77932,42.68573],[140.78045,42.67555],[140.77798,42.6685],[140.78399,42.67051],[140.79859,42.66985],[140.81166,42.67808],[140.81843,42.678],[140.8224,42.68063],[140.84225,42.68585],[140.84892,42.69662],[140.85751,42.69948],[140.86268,42.69724],[140.88296,42.69245],[140.89062,42.68768],[140.90026,42.68775],[140.90837,42.68614],[140.91945,42.68848],[140.92792,42.68491],[140.94385,42.6841],[140.95328,42.68009],[140.95617,42.67539],[140.96751,42.6709],[140.97889,42.67653],[140.98265,42.68096],[140.98943,42.68358],[140.99203,42.68768],[140.9907,42.69281],[140.99991,42.70516],[141.0107,42.71017],[141.01039,42.71638]]]},"properties":{"pref":"北海道","office":"後志総合振興局","county":"虻田郡","city":"留寿都村","code5":"01397","code6":"013978"}},
{"type":"Feature","geometry":{"type":"Polygon","coordinates":[[[141.03951,42.88537],[141.03429,42.88587],[140.99635,42.84474],[140.9917,42.83849],[140.99725,42.82658],[140.99515,42.8222],[140.99686,42.81403],[140.98435,42.80706],[140.96592,42.80816],[140.95657,42.80703],[140.95087,42.80469],[140.9366,42.80592],[140.93192,42.80478],[140.91817,42.8086],[140.90765,42.80926],[140.89738,42.81529],[140.87387,42.81944],[140.84419,42.8219],[140.80684,42.82693],[140.91041,42.77247],[140.93873,42.75557],[141.01039,42.71638],[141.03411,42.71735],[141.03992,42.71571],[141.04273,42.733],[141.05819,42.73655],[141.07197,42.74163],[141.07885,42.74808],[141.08172,42.75663],[141.08036,42.77069],[141.08321,42.77263],[141.08958,42.78483],[141.08591,42.79736],[141.07783,42.80589],[141.06434,42.81164],[141.06643,42.81697],[141.06524,42.8231],[141.07104,42.82731],[141.08027,42.82386],[141.08893,42.82533],[141.09315,42.82304],[141.10066,42.82792],[141.09986,42.83301],[141.09438,42.84277],[141.10365,42.84742],[141.09751,42.85538],[141.09837,42.86314],[141.1017,42.86947],[141.10712,42.8727],[141.10277,42.88176],[141.09926,42.88369],[141.08685,42.87923],[141.07944,42.88531],[141.06987,42.88398],[141.06265,42.88489],[141.04798,42.88366],[141.03951,42.88537]]]},"properties":{"pref":"北海道","office":"後志総合振興局","county":"虻田郡","city":"喜茂別町","code5":"01398","code6":"013986"}},
{"type":"Feature","geometry":{"type":"Polygon","coordinates":[[[140.99817,42.98615],[140.98307,42.98092],[140.97363,42.98116],[140.9677,42.97859],[140.94657,42.97824],[140.93724,42.9673],[140.92847,42.96303],[140.91575,42.95462],[140.91601,42.9496],[140.9221,42.94578],[140.92357,42.94202],[140.91752,42.93001],[140.90516,42.92525],[140.89813,42.92388],[140.89073,42.92924],[140.8791,42.92918],[140.8731,42.92283],[140.86633,42.92119],[140.86371,42.91685],[140.86329,42.90887],[140.85348,42.90035],[140.85072,42.89392],[140.84405,42.88845],[140.84449,42.88434],[140.85289,42.87273],[140.85194,42.86209],[140.84462,42.86301],[140.80684,42.82693],[140.84419,42.8219],[140.87387,42.81944],[140.89738,42.81529],[140.90765,42.80926],[140.91817,42.8086],[140.93192,42.80478],[140.9366,42.80592],[140.95087,42.80469],[140.95657,42.80703],[140.96592,42.80816],[140.98435,42.80706],[140.99686,42.81403],[140.99515,42.8222],[140.99725,42.82658],[140.9917,42.83849],[140.99635,42.84474],[141.03429,42.88587],[141.03951,42.88537],[141.03704,42.8955],[141.03464,42.89586],[141.03388,42.90632],[141.02689,42.9127],[141.03359,42.91762],[141.04279,42.93641],[141.04806,42.94021],[141.05275,42.95259],[141.04691,42.95331],[141.04047,42.95805],[141.02553,42.96129],[141.01962,42.9652],[141.01361,42.96544],[141.00806,42.97154],[141.00636,42.97863],[140.99817,42.98615]]]},"properties":{"pref":"北海道","office":"後志総合振興局","county":"虻田郡","city":"京極町","code5":"01399","code6":"013994"}},
{"type":"Feature","geometry":{"type":"Polygon","coordinates":[[[140.64208,42.87719],[140.65128,42.878],[140.65888,42.87476],[140.65935,42.87205],[140.67147,42.86528],[140.67183,42.86226],[140.68584,42.84573],[140.7023,42.82171],[140.71022,42.82118],[140.71044,42.82564],[140.71781,42.82914],[140.71495,42.83268],[140.71923,42.84394],[140.80684,42.82693],[140.84462,42.86301],[140.85194,42.86209],[140.85289,42.87273],[140.84449,42.88434],[140.84405,42.88845],[140.85072,42.89392],[140.85348,42.90035],[140.86329,42.90887],[140.86371,42.91685],[140.86633,42.92119],[140.8731,42.92283],[140.8791,42.92918],[140.89073,42.92924],[140.89813,42.92388],[140.90516,42.92525],[140.91752,42.93001],[140.92357,42.94202],[140.9221,42.94578],[140.91601,42.9496],[140.91575,42.95462],[140.91578,42.96028],[140.91041,42.96272],[140.90775,42.97083],[140.90421,42.97549],[140.88753,42.97378],[140.88333,42.97576],[140.8727,42.97519],[140.86488,42.97257],[140.85391,42.98174],[140.849,42.99399],[140.83742,42.99488],[140.8333,43.00428],[140.82201,43.00778],[140.81379,43.00464],[140.8108,43.00167],[140.80072,43.00371],[140.8016,43.00655],[140.79673,43.01089],[140.79044,43.0095],[140.78446,43.01376],[140.77598,43.01508],[140.77138,43.01267],[140.76692,43.0088],[140.76322,42.99588],[140.75996,42.99103],[140.76031,42.98321],[140.75705,42.97761],[140.74789,42.97557],[140.73623,42.96119],[140.73718,42.95394],[140.73456,42.94961],[140.73736,42.94688],[140.73635,42.93856],[140.72792,42.93835],[140.72911,42.9324],[140.72134,42.92521],[140.70819,42.92041],[140.68656,42.92112],[140.67178,42.91298],[140.64627,42.91233],[140.63351,42.90814],[140.6296,42.90197],[140.62492,42.89988],[140.61802,42.88758],[140.62138,42.88301],[140.63723,42.88613],[140.6365,42.88268],[140.6428,42.88014],[140.64208,42.87719]]]},"properties":{"pref":"北海道","office":"後志総合振興局","county":"虻田郡","city":"倶知安町","code5":"01400","code6":"014001"}},
{"type":"Feature","geometry":{"type":"Polygon","coordinates":[[[140.61802,42.88758],[140.62492,42.89988],[140.6296,42.90197],[140.63351,42.90814],[140.64627,42.91233],[140.67178,42.91298],[140.68656,42.92112],[140.70819,42.92041],[140.72134,42.92521],[140.72911,42.9324],[140.72792,42.93835],[140.73635,42.93856],[140.73736,42.94688],[140.73456,42.94961],[140.73718,42.95394],[140.73623,42.96119],[140.74789,42.97557],[140.75705,42.97761],[140.76031,42.98321],[140.75996,42.99103],[140.76322,42.99588],[140.76692,43.0088],[140.77138,43.01267],[140.76415,43.01344],[140.75275,43.01075],[140.74456,43.01152],[140.73579,43.01877],[140.72927,43.01624],[140.72176,43.02399],[140.71611,43.02559],[140.71169,43.03278],[140.70063,43.03449],[140.70112,43.04196],[140.68833,43.05],[140.68583,43.05708],[140.68095,43.0573],[140.67441,43.06432],[140.66868,43.06776],[140.66425,43.07346],[140.65132,43.0753],[140.64336,43.07376],[140.63354,43.07978],[140.63085,43.07804],[140.61918,43.08005],[140.61358,43.07822],[140.60087,43.09029],[140.59058,43.09563],[140.58484,43.09218],[140.5807,43.09379],[140.57044,43.0915],[140.56725,43.08678],[140.55576,43.08088],[140.55121,43.07447],[140.54182,43.06834],[140.54186,43.05793],[140.53622,43.05216],[140.53015,43.0432],[140.53638,43.03352],[140.52912,43.02835],[140.53035,43.0208],[140.52904,43.00599],[140.52301,42.9989],[140.52663,42.99727],[140.52303,42.99061],[140.53099,42.98876],[140.5324,42.96214],[140.53494,42.90154],[140.54881,42.89737],[140.55568,42.89641],[140.56563,42.90137],[140.57497,42.89893],[140.57976,42.89543],[140.58086,42.89067],[140.58958,42.88787],[140.60971,42.88923],[140.61802,42.88758]]]},"properties":{"pref":"北海道","office":"後志総合振興局","county":"岩内郡","city":"共和町","code5":"01401","code6":"014010"}},
{"type":"Feature","geometry":{"type":"Polygon","coordinates":[[[140.53494,42.90154],[140.5324,42.96214],[140.53099,42.98876],[140.52303,42.99061],[140.52663,42.99727],[140.52301,42.9989],[140.51899,42.98858],[140.51328,42.98382],[140.50683,42.98572],[140.50221,42.98078],[140.49235,42.97793],[140.48896,42.9748],[140.47303,42.96786],[140.45843,42.95954],[140.45232,42.95755],[140.44263,42.9516],[140.4293,42.94773],[140.41589,42.94153],[140.41224,42.93369],[140.40431,42.92846],[140.40182,42.92469],[140.39578,42.92187],[140.39016,42.92286],[140.39097,42.91711],[140.38087,42.90582],[140.39828,42.91117],[140.41492,42.90682],[140.42682,42.90749],[140.4351,42.90533],[140.45025,42.90785],[140.45685,42.9109],[140.46013,42.90751],[140.46963,42.90362],[140.48166,42.90137],[140.49472,42.91214],[140.50371,42.91323],[140.5109,42.91067],[140.51168,42.9044],[140.51561,42.89974],[140.51986,42.89915],[140.53494,42.90154]]]},"properties":{"pref":"北海道","office":"後志総合振興局","county":"岩内郡","city":"岩内町","code5":"01402","code6":"014028"}},
{"type":"Feature","geometry":{"type":"Polygon","coordinates":[[[140.59058,43.09563],[140.581,43.10175],[140.58463,43.10833],[140.5719,43.11577],[140.5581,43.11372],[140.55434,43.11901],[140.5475,43.12406],[140.55409,43.12935],[140.55593,43.14121],[140.54996,43.14431],[140.54659,43.1577],[140.54063,43.15989],[140.53363,43.15665],[140.52388,43.15005],[140.5156,43.14954],[140.50613,43.13789],[140.49967,43.14011],[140.48982,43.13826],[140.48544,43.142],[140.46921,43.14713],[140.46642,43.14528],[140.46506,43.13826],[140.46069,43.13114],[140.45927,43.12549],[140.44525,43.11865],[140.45045,43.1083],[140.45915,43.10494],[140.46507,43.08876],[140.46442,43.08491],[140.47079,43.08165],[140.47555,43.08179],[140.48214,43.07619],[140.48575,43.07597],[140.49142,43.06748],[140.49515,43.06459],[140.49475,43.05919],[140.50017,43.05514],[140.50623,43.0396],[140.51274,43.0311],[140.52265,43.03143],[140.52912,43.02835],[140.53638,43.03352],[140.53015,43.0432],[140.53622,43.05216],[140.54186,43.05793],[140.54182,43.06834],[140.55121,43.07447],[140.55576,43.08088],[140.56725,43.08678],[140.57044,43.0915],[140.5807,43.09379],[140.58484,43.09218],[140.59058,43.09563]]]},"properties":{"pref":"北海道","office":"後志総合振興局","county":"古宇郡","city":"泊村","code5":"01403","code6":"014036"}},
{"type":"Feature","geometry":{"type":"Polygon","coordinates":[[[140.54063,43.15989],[140.53976,43.16277],[140.53313,43.1648],[140.53446,43.17055],[140.53161,43.17996],[140.52752,43.18506],[140.5292,43.19031],[140.53736,43.19744],[140.53821,43.20025],[140.53138,43.20609],[140.53203,43.21176],[140.5263,43.21387],[140.5222,43.2117],[140.50803,43.2141],[140.50174,43.21296],[140.49804,43.21614],[140.48447,43.21721],[140.47862,43.22091],[140.47828,43.22487],[140.47234,43.22751],[140.47218,43.23574],[140.4661,43.24551],[140.45893,43.24334],[140.45263,43.23674],[140.43654,43.23388],[140.43583,43.22952],[140.4263,43.22511],[140.41855,43.22879],[140.41446,43.2344],[140.40812,43.23194],[140.39731,43.23369],[140.3892,43.23804],[140.37441,43.2396],[140.36748,43.24706],[140.36736,43.25011],[140.35745,43.25106],[140.3601,43.25507],[140.36223,43.26387],[140.35725,43.2718],[140.35142,43.27721],[140.33644,43.28184],[140.34376,43.276],[140.34096,43.2664],[140.33237,43.25955],[140.33413,43.24613],[140.33046,43.23705],[140.32694,43.23321],[140.32473,43.22104],[140.33307,43.21408],[140.33819,43.21152],[140.34645,43.19958],[140.34831,43.19325],[140.35897,43.18043],[140.36868,43.17682],[140.37613,43.17021],[140.38964,43.16264],[140.4004,43.1591],[140.42201,43.14551],[140.4295,43.14236],[140.42807,43.13708],[140.43386,43.13041],[140.44162,43.12738],[140.44525,43.11865],[140.45927,43.12549],[140.46069,43.13114],[140.46506,43.13826],[140.46642,43.14528],[140.46921,43.14713],[140.48544,43.142],[140.48982,43.13826],[140.49967,43.14011],[140.50613,43.13789],[140.5156,43.14954],[140.52388,43.15005],[140.53363,43.15665],[140.54063,43.15989]]]},"properties":{"pref":"北海道","office":"後志総合振興局","county":"古宇郡","city":"神恵内村","code5":"01404","code6":"014044"}},
{"type":"Feature","geometry":{"type":"Polygon","coordinates":[[[140.5263,43.21387],[140.52641,43.22439],[140.53399,43.23023],[140.54135,43.23399],[140.56007,43.23874],[140.56695,43.23802],[140.57699,43.24308],[140.58324,43.25064],[140.59223,43.2543],[140.59771,43.26313],[140.59851,43.27193],[140.60761,43.28027],[140.61722,43.2829],[140.62093,43.28876],[140.63002,43.29479],[140.63,43.29486],[140.61671,43.2968],[140.60684,43.29568],[140.60271,43.2994],[140.59346,43.30293],[140.58984,43.30819],[140.57893,43.31045],[140.57016,43.32264],[140.56227,43.32436],[140.54843,43.33557],[140.54226,43.33842],[140.54028,43.34338],[140.53357,43.34569],[140.52671,43.35322],[140.52555,43.35879],[140.51783,43.35677],[140.51151,43.3573],[140.50724,43.36663],[140.50343,43.37019],[140.49266,43.37174],[140.4828,43.37569],[140.47769,43.37327],[140.47095,43.3733],[140.46138,43.37121],[140.46044,43.36901],[140.46808,43.36531],[140.46224,43.35379],[140.46058,43.34795],[140.45945,43.34428],[140.44618,43.33572],[140.4301,43.32977],[140.42404,43.32888],[140.40901,43.33278],[140.40612,43.33542],[140.40069,43.33059],[140.3885,43.33207],[140.38164,43.32938],[140.37383,43.33103],[140.3678,43.33006],[140.3599,43.33161],[140.35171,43.33017],[140.35607,43.32505],[140.35929,43.31468],[140.35688,43.3144],[140.35517,43.30169],[140.35045,43.29517],[140.34733,43.28546],[140.34301,43.28178],[140.33644,43.28184],[140.35142,43.27721],[140.35725,43.2718],[140.36223,43.26387],[140.3601,43.25507],[140.35745,43.25106],[140.36736,43.25011],[140.36748,43.24706],[140.37441,43.2396],[140.3892,43.23804],[140.39731,43.23369],[140.40812,43.23194],[140.41446,43.2344],[140.41855,43.22879],[140.4263,43.22511],[140.43583,43.22952],[140.43654,43.23388],[140.45263,43.23674],[140.45893,43.24334],[140.4661,43.24551],[140.47218,43.23574],[140.47234,43.22751],[140.47828,43.22487],[140.47862,43.22091],[140.48447,43.21721],[140.49804,43.21614],[140.50174,43.21296],[140.50803,43.2141],[140.5222,43.2117],[140.5263,43.21387]]]},"properties":{"pref":"北海道","office":"後志総合振興局","county":"積丹郡","city":"積丹町","code5":"01405","code6":"014052"}},
{"type":"Feature","geometry":{"type":"MultiPolygon","coordinates":[[[[140.63354,43.07978],[140.63188,43.08482],[140.63319,43.09217],[140.63783,43.09426],[140.63861,43.10284],[140.64716,43.10796],[140.65164,43.10834],[140.6569,43.11308],[140.64936,43.12395],[140.65605,43.1327],[140.65245,43.13767],[140.65442,43.14034],[140.64997,43.14796],[140.64652,43.15776],[140.64897,43.15872],[140.65306,43.1723],[140.65345,43.18203],[140.65832,43.18339],[140.67218,43.18121],[140.68445,43.1862],[140.69379,43.19335],[140.68981,43.1972],[140.68695,43.20405],[140.68165,43.20808],[140.68366,43.21213],[140.67446,43.22042],[140.67849,43.22522],[140.69867,43.23598],[140.69735,43.24387],[140.70031,43.25065],[140.67238,43.25788],[140.66477,43.25904],[140.66448,43.25907],[140.65879,43.25956],[140.65877,43.25957],[140.64618,43.26287],[140.63979,43.26697],[140.63642,43.2749],[140.6445,43.28071],[140.64285,43.2867],[140.63447,43.2859],[140.63025,43.29433],[140.63025,43.29435],[140.63002,43.29479],[140.62093,43.28876],[140.61722,43.2829],[140.60761,43.28027],[140.59851,43.27193],[140.59771,43.26313],[140.59223,43.2543],[140.58324,43.25064],[140.57699,43.24308],[140.56695,43.23802],[140.56007,43.23874],[140.54135,43.23399],[140.53399,43.23023],[140.52641,43.22439],[140.5263,43.21387],[140.53203,43.21176],[140.53138,43.20609],[140.53821,43.20025],[140.53736,43.19744],[140.5292,43.19031],[140.52752,43.18506],[140.53161,43.17996],[140.53446,43.17055],[140.53313,43.1648],[140.53976,43.16277],[140.54063,43.15989],[140.54659,43.1577],[140.54996,43.14431],[140.55593,43.14121],[140.55409,43.12935],[140.5475,43.12406],[140.55434,43.11901],[140.5581,43.11372],[140.5719,43.11577],[140.58463,43.10833],[140.581,43.10175],[140.59058,43.09563],[140.60087,43.09029],[140.61358,43.07822],[140.61918,43.08005],[140.63085,43.07804],[140.63354,43.07978]]],[[[140.66448,43.25907],[140.66449,43.25908],[140.66448,43.25909],[140.66446,43.2591],[140.66447,43.25908],[140.66448,43.25907]]]]},"properties":{"pref":"北海道","office":"後志総合振興局","county":"古平郡","city":"古平町","code5":"01406","code6":"014061"}},
{"type":"Feature","geometry":{"type":"Polygon","coordinates":[[[140.8333,43.00428],[140.82618,43.01014],[140.82553,43.01943],[140.82245,43.02136],[140.82169,43.02899],[140.81917,43.03276],[140.80467,43.04511],[140.79923,43.04686],[140.79824,43.05285],[140.78911,43.05752],[140.78306,43.05516],[140.77029,43.06125],[140.76313,43.07076],[140.76306,43.08632],[140.76097,43.08888],[140.76475,43.09674],[140.77276,43.10308],[140.78063,43.10732],[140.79118,43.10892],[140.79973,43.10776],[140.8079,43.11211],[140.80716,43.11673],[140.81611,43.12045],[140.82794,43.11648],[140.83029,43.12133],[140.82751,43.12795],[140.82138,43.13311],[140.81507,43.13474],[140.8138,43.13901],[140.80281,43.14292],[140.79937,43.14712],[140.80187,43.15233],[140.78744,43.17173],[140.78257,43.17504],[140.77517,43.16628],[140.76406,43.16635],[140.72802,43.15744],[140.72214,43.15127],[140.70695,43.14478],[140.69735,43.14495],[140.68906,43.14195],[140.68121,43.14837],[140.66957,43.15099],[140.66241,43.1478],[140.64997,43.14796],[140.65442,43.14034],[140.65245,43.13767],[140.65605,43.1327],[140.64936,43.12395],[140.6569,43.11308],[140.65164,43.10834],[140.64716,43.10796],[140.63861,43.10284],[140.63783,43.09426],[140.63319,43.09217],[140.63188,43.08482],[140.63354,43.07978],[140.64336,43.07376],[140.65132,43.0753],[140.66425,43.07346],[140.66868,43.06776],[140.67441,43.06432],[140.68095,43.0573],[140.68583,43.05708],[140.68833,43.05],[140.70112,43.04196],[140.70063,43.03449],[140.71169,43.03278],[140.71611,43.02559],[140.72176,43.02399],[140.72927,43.01624],[140.73579,43.01877],[140.74456,43.01152],[140.75275,43.01075],[140.76415,43.01344],[140.77138,43.01267],[140.77598,43.01508],[140.78446,43.01376],[140.79044,43.0095],[140.79673,43.01089],[140.8016,43.00655],[140.80072,43.00371],[140.8108,43.00167],[140.81379,43.00464],[140.82201,43.00778],[140.8333,43.00428]]]},"properties":{"pref":"北海道","office":"後志総合振興局","county":"余市郡","city":"仁木町","code5":"01407","code6":"014079"}},
{"type":"Feature","geometry":{"type":"Polygon","coordinates":[[[140.84481,43.20038],[140.84344,43.19751],[140.83257,43.19553],[140.81134,43.19375],[140.79701,43.19411],[140.79082,43.19534],[140.78624,43.19888],[140.77871,43.20113],[140.77413,43.20537],[140.77558,43.21329],[140.77863,43.2165],[140.77719,43.22447],[140.76261,43.22724],[140.75868,43.22626],[140.74854,43.23085],[140.74584,43.23543],[140.73968,43.23356],[140.71753,43.24902],[140.70954,43.24843],[140.70603,43.25192],[140.70031,43.25065],[140.69735,43.24387],[140.69867,43.23598],[140.67849,43.22522],[140.67446,43.22042],[140.68366,43.21213],[140.68165,43.20808],[140.68695,43.20405],[140.68981,43.1972],[140.69379,43.19335],[140.68445,43.1862],[140.67218,43.18121],[140.65832,43.18339],[140.65345,43.18203],[140.65306,43.1723],[140.64897,43.15872],[140.64652,43.15776],[140.64997,43.14796],[140.66241,43.1478],[140.66957,43.15099],[140.68121,43.14837],[140.68906,43.14195],[140.69735,43.14495],[140.70695,43.14478],[140.72214,43.15127],[140.72802,43.15744],[140.76406,43.16635],[140.77517,43.16628],[140.78257,43.17504],[140.78744,43.17173],[140.80187,43.15233],[140.79937,43.14712],[140.80281,43.14292],[140.8138,43.13901],[140.81507,43.13474],[140.82138,43.13311],[140.82751,43.12795],[140.83029,43.12133],[140.82794,43.11648],[140.83329,43.11406],[140.83884,43.11457],[140.84432,43.11106],[140.86112,43.12228],[140.8685,43.12554],[140.87334,43.12325],[140.88519,43.12557],[140.88981,43.13196],[140.89309,43.12873],[140.90793,43.12677],[140.91314,43.13228],[140.92041,43.13027],[140.92123,43.13808],[140.92383,43.1394],[140.92348,43.15146],[140.91665,43.15376],[140.91327,43.15707],[140.90005,43.15995],[140.89698,43.16261],[140.88327,43.16772],[140.87316,43.16749],[140.86651,43.16525],[140.85869,43.16799],[140.85983,43.17292],[140.85393,43.1777],[140.84616,43.18802],[140.84765,43.19326],[140.84481,43.20038]]]},"properties":{"pref":"北海道","office":"後志総合振興局","county":"余市郡","city":"余市町","code5":"01408","code6":"014087"}},
{"type":"Feature","geometry":{"type":"Polygon","coordinates":[[[141.04501,43.06084],[141.02712,43.06616],[141.025,43.071],[141.01687,43.07426],[141.01601,43.07775],[141.00914,43.08577],[141.00767,43.09098],[141.00051,43.09651],[141.0034,43.10874],[140.99522,43.11665],[140.9951,43.12146],[140.99882,43.1268],[140.9916,43.12866],[140.97593,43.12967],[140.97451,43.12506],[140.96695,43.12576],[140.9521,43.13136],[140.93839,43.13052],[140.93177,43.1274],[140.92041,43.13027],[140.91314,43.13228],[140.90793,43.12677],[140.89309,43.12873],[140.88981,43.13196],[140.88519,43.12557],[140.87334,43.12325],[140.8685,43.12554],[140.86112,43.12228],[140.84432,43.11106],[140.83884,43.11457],[140.83329,43.11406],[140.82794,43.11648],[140.81611,43.12045],[140.80716,43.11673],[140.8079,43.11211],[140.79973,43.10776],[140.79118,43.10892],[140.78063,43.10732],[140.77276,43.10308],[140.76475,43.09674],[140.76097,43.08888],[140.76306,43.08632],[140.76313,43.07076],[140.77029,43.06125],[140.78306,43.05516],[140.78911,43.05752],[140.79824,43.05285],[140.79923,43.04686],[140.80467,43.04511],[140.81917,43.03276],[140.82169,43.02899],[140.82245,43.02136],[140.82553,43.01943],[140.82618,43.01014],[140.8333,43.00428],[140.83742,42.99488],[140.849,42.99399],[140.85391,42.98174],[140.86488,42.97257],[140.8727,42.97519],[140.88333,42.97576],[140.88753,42.97378],[140.90421,42.97549],[140.90775,42.97083],[140.91041,42.96272],[140.91578,42.96028],[140.91575,42.95462],[140.92847,42.96303],[140.93724,42.9673],[140.94657,42.97824],[140.9677,42.97859],[140.97363,42.98116],[140.98307,42.98092],[140.99817,42.98615],[140.99779,42.99045],[140.99287,42.99457],[140.99914,43.00073],[141,43.01275],[140.9933,43.01724],[140.99116,43.02357],[140.99908,43.02548],[141.01097,43.03339],[141.0182,43.03223],[141.02606,43.0361],[141.03298,43.043],[141.0449,43.05144],[141.04501,43.06084]]]},"properties":{"pref":"北海道","office":"後志総合振興局","county":"余市郡","city":"赤井川村","code5":"01409","code6":"014095"}},
{"type":"Feature","geometry":{"type":"Polygon","coordinates":[[[141.6688,43.12067],[141.58329,43.077],[141.59076,43.07483],[141.58795,43.0694],[141.58925,43.05527],[141.58327,43.05185],[141.57478,43.04996],[141.57402,43.04352],[141.56977,43.03772],[141.56432,43.03553],[141.56867,43.0248],[141.56855,43.02136],[141.57557,43.02054],[141.58082,43.01656],[141.57972,43.00911],[141.59459,42.99726],[141.60019,42.99601],[141.60984,42.99947],[141.61016,43.00354],[141.62379,43.01319],[141.62409,43.01718],[141.63021,43.02268],[141.63713,43.0212],[141.64902,43.02965],[141.6631,43.03108],[141.6619,43.03693],[141.66575,43.04459],[141.67567,43.04404],[141.68366,43.05154],[141.67934,43.05737],[141.69046,43.0672],[141.70216,43.06881],[141.70302,43.07527],[141.70979,43.07829],[141.70441,43.08313],[141.6688,43.12067]]]},"properties":{"pref":"北海道","office":"空知総合振興局","county":"空知郡","city":"南幌町","code5":"01423","code6":"014231"}},
{"type":"Feature","geometry":{"type":"Polygon","coordinates":[[[142.05017,43.4014],[142.05381,43.40562],[142.05123,43.41491],[142.0532,43.42256],[142.04766,43.42508],[142.03235,43.42508],[142.0301,43.4218],[142.01431,43.42174],[142.01343,43.41777],[141.98859,43.4121],[141.98357,43.41245],[141.97213,43.40902],[141.97148,43.41623],[141.9802,43.42475],[141.98314,43.42996],[141.98174,43.43992],[141.98283,43.45063],[141.96812,43.45633],[141.9453,43.44932],[141.87163,43.46063],[141.87012,43.45629],[141.87387,43.45045],[141.86573,43.443],[141.85866,43.43797],[141.84962,43.43744],[141.8446,43.42799],[141.83781,43.42071],[141.83338,43.41124],[141.82617,43.40931],[141.82298,43.40062],[141.85714,43.39518],[141.85862,43.4005],[141.9048,43.39196],[141.91435,43.39316],[141.92789,43.38391],[141.92908,43.3784],[141.93329,43.37659],[141.94332,43.37923],[141.95485,43.37732],[141.96148,43.37256],[141.967,43.37201],[141.97408,43.38044],[141.97874,43.38301],[141.98283,43.3916],[141.99624,43.3949],[142.00103,43.4013],[142.00842,43.40509],[142.01977,43.41807],[142.02487,43.41966],[142.03234,43.41857],[142.03469,43.41348],[142.04458,43.41116],[142.05017,43.4014]]]},"properties":{"pref":"北海道","office":"空知総合振興局","county":"空知郡","city":"奈井江町","code5":"01424","code6":"014249"}},
{"type":"Feature","geometry":{"type":"Polygon","coordinates":[[[142.07244,43.43648],[142.06015,43.43765],[142.05123,43.44074],[142.03854,43.44974],[142.03407,43.45564],[142.0296,43.45774],[142.0193,43.47081],[142.018,43.48049],[142.01415,43.48219],[142.00835,43.47842],[142.00226,43.48321],[141.99179,43.48265],[141.98206,43.48487],[141.9692,43.48441],[141.96863,43.48279],[141.94929,43.48487],[141.94545,43.48197],[141.94583,43.47634],[141.9759,43.47169],[141.97517,43.46914],[141.96358,43.46027],[141.95436,43.45802],[141.95229,43.45335],[141.9453,43.44932],[141.96812,43.45633],[141.98283,43.45063],[141.98174,43.43992],[141.98314,43.42996],[141.9802,43.42475],[141.97148,43.41623],[141.97213,43.40902],[141.98357,43.41245],[141.98859,43.4121],[142.01343,43.41777],[142.01431,43.42174],[142.0301,43.4218],[142.03235,43.42508],[142.04766,43.42508],[142.0532,43.42256],[142.05927,43.42476],[142.05998,43.42992],[142.06606,43.43431],[142.07244,43.43648]]]},"properties":{"pref":"北海道","office":"空知総合振興局","county":"空知郡","city":"上砂川町","code5":"01425","code6":"014257"}},
{"type":"Feature","geometry":{"type":"Polygon","coordinates":[[[141.96263,42.9134],[141.95278,42.91654],[141.93354,42.90263],[141.9217,42.90487],[141.91251,42.9166],[141.90409,42.92196],[141.89478,42.92499],[141.89155,42.93078],[141.89095,42.93724],[141.87669,42.94332],[141.8711,42.94964],[141.87415,42.95819],[141.86932,42.96202],[141.86952,42.96671],[141.85756,42.96721],[141.85549,42.97091],[141.86178,42.97462],[141.85943,42.98377],[141.86092,42.98773],[141.85526,42.98929],[141.84615,42.98404],[141.84025,42.98861],[141.84007,42.99713],[141.83173,42.99825],[141.82544,43.00633],[141.81202,43.01482],[141.81159,43.02154],[141.80131,43.02764],[141.79159,43.02576],[141.78961,43.02059],[141.78371,43.02444],[141.778,43.02518],[141.77418,43.02841],[141.77689,43.03458],[141.76675,43.03189],[141.76741,43.04002],[141.76156,43.04305],[141.76382,43.04756],[141.76612,43.05133],[141.76114,43.05327],[141.75791,43.04842],[141.7552,43.0376],[141.75638,43.03197],[141.7477,43.02616],[141.75559,43.0139],[141.75414,43.00391],[141.75443,42.99612],[141.74699,42.99119],[141.74614,42.97882],[141.75263,42.97449],[141.75472,42.97082],[141.75458,42.95924],[141.75575,42.95318],[141.76254,42.95092],[141.77646,42.94024],[141.78143,42.9323],[141.79137,42.92898],[141.80419,42.93121],[141.80743,42.92927],[141.82217,42.92976],[141.82856,42.92742],[141.8411,42.92924],[141.8524,42.93304],[141.85926,42.93094],[141.86998,42.92205],[141.87293,42.92127],[141.88113,42.91281],[141.89108,42.90949],[141.89662,42.90545],[141.90221,42.90517],[141.90761,42.90117],[141.91378,42.90081],[141.91682,42.89797],[141.91751,42.89008],[141.92502,42.88684],[141.92868,42.88802],[141.93709,42.8829],[141.94394,42.87108],[141.95095,42.86268],[141.9509,42.85813],[141.95442,42.85438],[141.96228,42.84326],[141.96792,42.84417],[141.97538,42.84171],[141.98031,42.83742],[141.98791,42.84168],[141.99568,42.84943],[142.00643,42.84492],[142.01495,42.84858],[142.02332,42.84939],[142.03339,42.85801],[142.03728,42.85764],[142.04358,42.8624],[142.03672,42.86214],[142.02881,42.86678],[142.01985,42.86615],[142.00947,42.86309],[142.00138,42.88019],[141.99528,42.88931],[141.99393,42.89563],[141.98981,42.90369],[141.97787,42.90622],[141.96904,42.91181],[141.96263,42.9134]]]},"properties":{"pref":"北海道","office":"空知総合振興局","county":"夕張郡","city":"由仁町","code5":"01427","code6":"014273"}},
{"type":"Feature","geometry":{"type":"Polygon","coordinates":[[[141.70441,43.08313],[141.70979,43.07829],[141.70302,43.07527],[141.70216,43.06881],[141.69046,43.0672],[141.67934,43.05737],[141.68366,43.05154],[141.67567,43.04404],[141.66575,43.04459],[141.6619,43.03693],[141.6631,43.03108],[141.64902,43.02965],[141.63713,43.0212],[141.63021,43.02268],[141.62409,43.01718],[141.62379,43.01319],[141.61016,43.00354],[141.60984,42.99947],[141.60019,42.99601],[141.59459,42.99726],[141.57972,43.00911],[141.58013,43.0055],[141.58707,42.99598],[141.59488,42.9921],[141.59579,42.98466],[141.60491,42.98703],[141.62152,42.9835],[141.62508,42.98045],[141.62066,42.97475],[141.62955,42.97228],[141.63318,42.96892],[141.6355,42.96078],[141.63391,42.95698],[141.6373,42.95019],[141.64527,42.94873],[141.65267,42.94141],[141.64962,42.93248],[141.65147,42.92605],[141.65909,42.91716],[141.65986,42.91234],[141.65205,42.90653],[141.65471,42.90159],[141.65075,42.89548],[141.65286,42.88895],[141.66411,42.88501],[141.66964,42.8891],[141.67323,42.89837],[141.68192,42.91091],[141.68875,42.90831],[141.69259,42.89948],[141.70061,42.89564],[141.70732,42.89983],[141.70532,42.90651],[141.70979,42.91498],[141.71763,42.91571],[141.72177,42.9194],[141.72826,42.91943],[141.73097,42.92242],[141.74067,42.92328],[141.74692,42.93467],[141.75323,42.93815],[141.75661,42.94457],[141.75575,42.95318],[141.75458,42.95924],[141.75472,42.97082],[141.75263,42.97449],[141.74614,42.97882],[141.74699,42.99119],[141.75443,42.99612],[141.75414,43.00391],[141.75559,43.0139],[141.7477,43.02616],[141.75638,43.03197],[141.7552,43.0376],[141.75791,43.04842],[141.76114,43.05327],[141.76612,43.05133],[141.76382,43.04756],[141.76936,43.05114],[141.76694,43.06293],[141.75983,43.07358],[141.75517,43.07568],[141.74848,43.07966],[141.74233,43.07537],[141.73696,43.08135],[141.71386,43.08171],[141.70441,43.08313]]]},"properties":{"pref":"北海道","office":"空知総合振興局","county":"夕張郡","city":"長沼町","code5":"01428","code6":"014281"}},
{"type":"Feature","geometry":{"type":"Polygon","coordinates":[[[141.93761,43.1017],[141.92815,43.10557],[141.92082,43.10601],[141.9142,43.11455],[141.90425,43.11114],[141.89674,43.11437],[141.89631,43.11711],[141.88506,43.12379],[141.88544,43.12931],[141.87855,43.13046],[141.86689,43.13025],[141.85153,43.12398],[141.83151,43.11176],[141.82182,43.10294],[141.81278,43.10269],[141.79838,43.0957],[141.79109,43.09368],[141.78253,43.08687],[141.76502,43.08013],[141.76318,43.07652],[141.75517,43.07568],[141.75983,43.07358],[141.76694,43.06293],[141.76936,43.05114],[141.76382,43.04756],[141.76156,43.04305],[141.76741,43.04002],[141.76675,43.03189],[141.77689,43.03458],[141.77418,43.02841],[141.778,43.02518],[141.78371,43.02444],[141.78961,43.02059],[141.79159,43.02576],[141.80131,43.02764],[141.81159,43.02154],[141.81202,43.01482],[141.82544,43.00633],[141.83173,42.99825],[141.84007,42.99713],[141.84025,42.98861],[141.84615,42.98404],[141.85526,42.98929],[141.86092,42.98773],[141.85943,42.98377],[141.86178,42.97462],[141.85549,42.97091],[141.85756,42.96721],[141.86952,42.96671],[141.86932,42.96202],[141.87415,42.95819],[141.8711,42.94964],[141.87669,42.94332],[141.89095,42.93724],[141.89155,42.93078],[141.89478,42.92499],[141.90409,42.92196],[141.91251,42.9166],[141.9217,42.90487],[141.93354,42.90263],[141.95278,42.91654],[141.96263,42.9134],[141.97148,42.92052],[141.97191,42.93503],[141.96941,42.94548],[141.95562,42.94957],[141.95276,42.95373],[141.95226,42.96671],[141.94631,42.97093],[141.9512,42.97769],[141.9505,42.99171],[141.94058,42.99701],[141.91922,42.9939],[141.90992,43.00832],[141.90773,43.01436],[141.91355,43.02114],[141.9103,43.02651],[141.91258,43.02934],[141.90629,43.03517],[141.90544,43.04303],[141.91208,43.04747],[141.91474,43.05584],[141.91335,43.0702],[141.91777,43.07566],[141.91376,43.08306],[141.91278,43.09037],[141.91587,43.09435],[141.92607,43.09858],[141.93856,43.09793],[141.93761,43.1017]]]},"properties":{"pref":"北海道","office":"空知総合振興局","county":"夕張郡","city":"栗山町","code5":"01429","code6":"014290"}},
{"type":"Feature","geometry":{"type":"Polygon","coordinates":[[[141.69442,43.33151],[141.70229,43.34561],[141.71423,43.35041],[141.72827,43.35094],[141.74968,43.35507],[141.75887,43.35064],[141.76299,43.35653],[141.76075,43.36158],[141.77326,43.37937],[141.76666,43.38282],[141.76468,43.38706],[141.75767,43.39276],[141.74443,43.39573],[141.7384,43.39965],[141.73955,43.40423],[141.73409,43.41082],[141.73446,43.41946],[141.73642,43.42366],[141.72946,43.432],[141.72175,43.43527],[141.7208,43.43822],[141.73306,43.44685],[141.72776,43.45239],[141.72851,43.45528],[141.72226,43.45965],[141.71294,43.45385],[141.70262,43.45688],[141.6916,43.44623],[141.68099,43.44183],[141.67617,43.43586],[141.66688,43.43552],[141.66175,43.43268],[141.65972,43.4261],[141.65244,43.4219],[141.65205,43.41422],[141.64506,43.4139],[141.64147,43.40632],[141.63318,43.40245],[141.61994,43.39119],[141.6094,43.38569],[141.60047,43.38531],[141.59597,43.38079],[141.59744,43.36498],[141.59577,43.36069],[141.5903,43.35796],[141.5825,43.35113],[141.58381,43.34739],[141.58897,43.3464],[141.59215,43.34232],[141.59695,43.34168],[141.59963,43.33559],[141.6044,43.33125],[141.60569,43.32352],[141.60119,43.31854],[141.60645,43.308],[141.6086,43.30818],[141.61122,43.28983],[141.62675,43.28962],[141.62004,43.28355],[141.65435,43.28613],[141.65712,43.29237],[141.66758,43.28775],[141.67506,43.28731],[141.67148,43.30066],[141.66633,43.30866],[141.67982,43.31793],[141.68615,43.31996],[141.68843,43.32418],[141.67762,43.33294],[141.67683,43.33772],[141.69442,43.33151]]]},"properties":{"pref":"北海道","office":"空知総合振興局","county":"樺戸郡","city":"月形町","code5":"01430","code6":"014303"}},
{"type":"Feature","geometry":{"type":"Polygon","coordinates":[[[141.82298,43.40062],[141.82617,43.40931],[141.83338,43.41124],[141.83781,43.42071],[141.8446,43.42799],[141.84962,43.43744],[141.85866,43.43797],[141.86573,43.443],[141.86697,43.44776],[141.86278,43.45207],[141.86287,43.46014],[141.86783,43.46539],[141.86623,43.4687],[141.85286,43.47038],[141.84899,43.47712],[141.84357,43.47757],[141.84019,43.48164],[141.83285,43.48466],[141.82475,43.48143],[141.80631,43.47694],[141.80004,43.47636],[141.78417,43.48534],[141.7793,43.49247],[141.77235,43.49391],[141.76566,43.50098],[141.76151,43.50107],[141.7537,43.49206],[141.75274,43.48638],[141.74454,43.4831],[141.73817,43.4756],[141.72776,43.47138],[141.72226,43.45965],[141.72851,43.45528],[141.72776,43.45239],[141.73306,43.44685],[141.7208,43.43822],[141.72175,43.43527],[141.72946,43.432],[141.73642,43.42366],[141.73446,43.41946],[141.73409,43.41082],[141.73955,43.40423],[141.7384,43.39965],[141.74443,43.39573],[141.75767,43.39276],[141.76468,43.38706],[141.76666,43.38282],[141.77326,43.37937],[141.76075,43.36158],[141.76299,43.35653],[141.76642,43.36026],[141.77072,43.37308],[141.77987,43.37792],[141.79268,43.37737],[141.79873,43.37871],[141.81126,43.38555],[141.82056,43.38879],[141.82298,43.40062]]]},"properties":{"pref":"北海道","office":"空知総合振興局","county":"樺戸郡","city":"浦臼町","code5":"01431","code6":"014311"}},
{"type":"Feature","geometry":{"type":"Polygon","coordinates":[[[141.88176,43.60693],[141.8762,43.61111],[141.87223,43.61941],[141.86811,43.61922],[141.85991,43.62711],[141.86073,43.63299],[141.85856,43.63744],[141.85965,43.64776],[141.85472,43.65578],[141.84633,43.66053],[141.84571,43.66569],[141.84184,43.6678],[141.83713,43.66455],[141.82502,43.66623],[141.81861,43.66358],[141.80492,43.6647],[141.80292,43.66969],[141.79744,43.66704],[141.77543,43.66971],[141.75623,43.67891],[141.75141,43.67846],[141.74895,43.68258],[141.73946,43.68427],[141.73429,43.68786],[141.73031,43.69651],[141.72498,43.7009],[141.72091,43.69859],[141.70886,43.69689],[141.69968,43.68907],[141.6909,43.68705],[141.68587,43.68329],[141.68381,43.67612],[141.6749,43.67189],[141.65957,43.6669],[141.65261,43.66771],[141.64098,43.66154],[141.62846,43.66356],[141.61729,43.66938],[141.6015,43.67292],[141.59982,43.68072],[141.59404,43.68211],[141.58707,43.68664],[141.58485,43.69219],[141.57247,43.69386],[141.57011,43.69605],[141.5603,43.69724],[141.55253,43.69657],[141.53628,43.69872],[141.53044,43.70236],[141.52503,43.70836],[141.51973,43.70353],[141.51445,43.7025],[141.51103,43.6985],[141.50545,43.69939],[141.49333,43.69154],[141.49063,43.68444],[141.49838,43.6827],[141.50758,43.67687],[141.5102,43.66867],[141.51719,43.6663],[141.52653,43.64764],[141.53132,43.64627],[141.54548,43.63678],[141.55425,43.63319],[141.55961,43.62894],[141.56279,43.62018],[141.56836,43.61984],[141.57939,43.61333],[141.58473,43.60748],[141.58406,43.60407],[141.58803,43.5953],[141.5977,43.58689],[141.59488,43.58382],[141.59951,43.58486],[141.606,43.58013],[141.61003,43.58142],[141.6182,43.57786],[141.61482,43.57398],[141.61896,43.5653],[141.62253,43.56337],[141.62692,43.55554],[141.62674,43.54996],[141.62352,43.54193],[141.62823,43.53981],[141.63713,43.53054],[141.63989,43.52564],[141.64714,43.52259],[141.65231,43.51355],[141.66068,43.51519],[141.66971,43.50668],[141.66857,43.50211],[141.67293,43.49847],[141.68374,43.50053],[141.69732,43.49575],[141.71661,43.48675],[141.72776,43.47138],[141.73817,43.4756],[141.74454,43.4831],[141.75274,43.48638],[141.7537,43.49206],[141.76151,43.50107],[141.76566,43.50098],[141.77235,43.49391],[141.7793,43.49247],[141.78417,43.48534],[141.80004,43.47636],[141.80631,43.47694],[141.82475,43.48143],[141.83285,43.48466],[141.84019,43.48164],[141.84357,43.47757],[141.84899,43.47712],[141.85286,43.47038],[141.86623,43.4687],[141.86783,43.46539],[141.86287,43.46014],[141.86278,43.45207],[141.86697,43.44776],[141.86573,43.443],[141.87387,43.45045],[141.87012,43.45629],[141.87163,43.46063],[141.87037,43.46103],[141.86912,43.47726],[141.87125,43.48292],[141.87532,43.48627],[141.88948,43.49192],[141.89725,43.49978],[141.89909,43.51251],[141.89236,43.51171],[141.88563,43.50765],[141.8808,43.50754],[141.87413,43.51418],[141.87757,43.51753],[141.88501,43.51791],[141.902,43.51641],[141.90443,43.52193],[141.89671,43.52458],[141.88938,43.53475],[141.88957,43.53944],[141.89207,43.54998],[141.88909,43.55558],[141.87914,43.56571],[141.87828,43.56984],[141.88355,43.58106],[141.88288,43.58883],[141.87925,43.59354],[141.88036,43.59862],[141.88506,43.60382],[141.88176,43.60693]]]},"properties":{"pref":"北海道","office":"空知総合振興局","county":"樺戸郡","city":"新十津川町","code5":"01432","code6":"014320"}},
{"type":"Feature","geometry":{"type":"Polygon","coordinates":[[[141.96186,43.66907],[141.97137,43.67505],[141.98419,43.6794],[141.9893,43.68235],[141.99474,43.68833],[141.98979,43.69677],[141.98387,43.69498],[141.97429,43.71099],[141.9806,43.71298],[141.97661,43.71976],[141.98258,43.72163],[141.96681,43.74888],[141.90534,43.74623],[141.90419,43.74541],[141.90699,43.7438],[141.91187,43.729],[141.90593,43.71988],[141.90774,43.71235],[141.91774,43.70126],[141.91664,43.69153],[141.90212,43.68777],[141.89939,43.68335],[141.90206,43.68076],[141.91349,43.67729],[141.91764,43.66798],[141.91498,43.66207],[141.92359,43.66203],[141.93132,43.66881],[141.94693,43.67239],[141.96186,43.66907]]]},"properties":{"pref":"北海道","office":"空知総合振興局","county":"雨竜郡","city":"妹背牛町","code5":"01433","code6":"014338"}},
{"type":"Feature","geometry":{"type":"Polygon","coordinates":[[[142.00978,43.79784],[142.00657,43.79843],[142.00275,43.80541],[141.99665,43.80901],[141.99257,43.81396],[141.98021,43.8086],[141.96517,43.80898],[141.95539,43.80399],[141.94763,43.80281],[141.93682,43.79858],[141.93812,43.79096],[141.92964,43.78843],[141.93603,43.78501],[141.93671,43.77924],[141.93032,43.77968],[141.92436,43.78662],[141.91578,43.78252],[141.90871,43.7738],[141.89782,43.76745],[141.89495,43.75239],[141.89899,43.74516],[141.90419,43.74541],[141.90534,43.74623],[141.96681,43.74888],[142.00103,43.75],[142.0108,43.79755],[142.00978,43.79784]]]},"properties":{"pref":"北海道","office":"空知総合振興局","county":"雨竜郡","city":"秩父別町","code5":"01434","code6":"014346"}},
{"type":"Feature","geometry":{"type":"Polygon","coordinates":[[[141.91498,43.66207],[141.91764,43.66798],[141.91349,43.67729],[141.90206,43.68076],[141.89939,43.68335],[141.90212,43.68777],[141.91664,43.69153],[141.91774,43.70126],[141.90774,43.71235],[141.90593,43.71988],[141.90003,43.72129],[141.89132,43.71863],[141.87926,43.71899],[141.87663,43.7218],[141.85827,43.71966],[141.84966,43.72033],[141.83289,43.71479],[141.82949,43.71187],[141.82055,43.70958],[141.79726,43.71763],[141.7884,43.72374],[141.77779,43.72553],[141.77284,43.72911],[141.76252,43.72873],[141.7556,43.73179],[141.74986,43.73214],[141.74461,43.73526],[141.73791,43.73516],[141.73029,43.73732],[141.72194,43.73594],[141.70212,43.73983],[141.70093,43.74629],[141.69391,43.74458],[141.67922,43.73812],[141.66867,43.73696],[141.65943,43.73915],[141.64345,43.7403],[141.63213,43.73954],[141.61794,43.73477],[141.61133,43.73376],[141.60678,43.73066],[141.59924,43.72959],[141.59234,43.72666],[141.57672,43.72519],[141.57311,43.71915],[141.56301,43.71049],[141.55661,43.70703],[141.54822,43.70519],[141.53957,43.70865],[141.5304,43.70781],[141.52511,43.71096],[141.52503,43.70836],[141.53044,43.70236],[141.53628,43.69872],[141.55253,43.69657],[141.5603,43.69724],[141.57011,43.69605],[141.57247,43.69386],[141.58485,43.69219],[141.58707,43.68664],[141.59404,43.68211],[141.59982,43.68072],[141.6015,43.67292],[141.61729,43.66938],[141.62846,43.66356],[141.64098,43.66154],[141.65261,43.66771],[141.65957,43.6669],[141.6749,43.67189],[141.68381,43.67612],[141.68587,43.68329],[141.6909,43.68705],[141.69968,43.68907],[141.70886,43.69689],[141.72091,43.69859],[141.72498,43.7009],[141.73031,43.69651],[141.73429,43.68786],[141.73946,43.68427],[141.74895,43.68258],[141.75141,43.67846],[141.75623,43.67891],[141.77543,43.66971],[141.79744,43.66704],[141.80292,43.66969],[141.80492,43.6647],[141.81861,43.66358],[141.82502,43.66623],[141.83713,43.66455],[141.84184,43.6678],[141.84571,43.66569],[141.84633,43.66053],[141.85472,43.65578],[141.85965,43.64776],[141.85856,43.63744],[141.86073,43.63299],[141.85991,43.62711],[141.86811,43.61922],[141.87223,43.61941],[141.8762,43.61111],[141.88176,43.60693],[141.88038,43.61701],[141.8825,43.62322],[141.89261,43.63127],[141.90485,43.62828],[141.91279,43.62893],[141.91664,43.63357],[141.91539,43.63899],[141.90959,43.64108],[141.90698,43.64469],[141.91216,43.64992],[141.92139,43.65323],[141.91563,43.65665],[141.91498,43.66207]]]},"properties":{"pref":"北海道","office":"空知総合振興局","county":"雨竜郡","city":"雨竜町","code5":"01436","code6":"014362"}},
{"type":"Feature","geometry":{"type":"Polygon","coordinates":[[[141.69887,43.79621],[141.69498,43.78578],[141.69972,43.78142],[141.69818,43.77387],[141.7011,43.7631],[141.70474,43.75677],[141.70154,43.75132],[141.69354,43.74635],[141.66408,43.75976],[141.65427,43.75881],[141.64722,43.75626],[141.64029,43.7608],[141.63249,43.75992],[141.61754,43.75243],[141.61759,43.74644],[141.61512,43.74279],[141.60649,43.74511],[141.60108,43.74365],[141.59568,43.73883],[141.57332,43.72858],[141.55888,43.71806],[141.53826,43.71216],[141.52666,43.71313],[141.52511,43.71096],[141.5304,43.70781],[141.53957,43.70865],[141.54822,43.70519],[141.55661,43.70703],[141.56301,43.71049],[141.57311,43.71915],[141.57672,43.72519],[141.59234,43.72666],[141.59924,43.72959],[141.60678,43.73066],[141.61133,43.73376],[141.61794,43.73477],[141.63213,43.73954],[141.64345,43.7403],[141.65943,43.73915],[141.66867,43.73696],[141.67922,43.73812],[141.69391,43.74458],[141.70093,43.74629],[141.70212,43.73983],[141.72194,43.73594],[141.73029,43.73732],[141.73791,43.73516],[141.74461,43.73526],[141.74986,43.73214],[141.7556,43.73179],[141.76252,43.72873],[141.77284,43.72911],[141.77779,43.72553],[141.7884,43.72374],[141.79726,43.71763],[141.82055,43.70958],[141.82949,43.71187],[141.83289,43.71479],[141.84966,43.72033],[141.85827,43.71966],[141.87663,43.7218],[141.87926,43.71899],[141.89132,43.71863],[141.90003,43.72129],[141.90593,43.71988],[141.91187,43.729],[141.90699,43.7438],[141.90419,43.74541],[141.89899,43.74516],[141.89495,43.75239],[141.89782,43.76745],[141.89846,43.77162],[141.88586,43.77137],[141.88309,43.77298],[141.87123,43.77366],[141.8714,43.77884],[141.8747,43.7854],[141.87576,43.80129],[141.87036,43.80418],[141.87028,43.81653],[141.87326,43.82593],[141.86944,43.83267],[141.85993,43.84269],[141.85837,43.84665],[141.85158,43.84788],[141.8455,43.84484],[141.82991,43.84257],[141.83058,43.83227],[141.82286,43.83073],[141.81853,43.8343],[141.81366,43.83452],[141.81088,43.82941],[141.80501,43.83003],[141.79727,43.8267],[141.79863,43.82298],[141.80665,43.81572],[141.80398,43.81201],[141.80443,43.80131],[141.79948,43.79733],[141.78691,43.79055],[141.77094,43.78457],[141.77066,43.7804],[141.77558,43.77639],[141.77447,43.77015],[141.76738,43.75626],[141.7612,43.75814],[141.75402,43.7677],[141.7484,43.77189],[141.74146,43.78561],[141.74233,43.79003],[141.7329,43.78921],[141.72797,43.79341],[141.71955,43.79547],[141.71091,43.79235],[141.69887,43.79621]]]},"properties":{"pref":"北海道","office":"空知総合振興局","county":"雨竜郡","city":"北竜町","code5":"01437","code6":"014371"}},
{"type":"Feature","geometry":{"type":"Polygon","coordinates":[[[141.85837,43.84665],[141.85993,43.84269],[141.86944,43.83267],[141.87326,43.82593],[141.87028,43.81653],[141.87036,43.80418],[141.87576,43.80129],[141.8747,43.7854],[141.8714,43.77884],[141.87123,43.77366],[141.88309,43.77298],[141.88586,43.77137],[141.89846,43.77162],[141.89782,43.76745],[141.90871,43.7738],[141.91578,43.78252],[141.92436,43.78662],[141.93032,43.77968],[141.93671,43.77924],[141.93603,43.78501],[141.92964,43.78843],[141.93812,43.79096],[141.93682,43.79858],[141.94763,43.80281],[141.95539,43.80399],[141.96517,43.80898],[141.98021,43.8086],[141.99257,43.81396],[141.99665,43.80901],[142.00275,43.80541],[142.00657,43.79843],[142.00978,43.79784],[142.0133,43.80389],[142.01465,43.81278],[142.01316,43.81952],[142.02796,43.81984],[142.03503,43.82235],[142.03918,43.83202],[142.05978,43.84112],[142.06527,43.83989],[142.06729,43.84405],[142.0731,43.84538],[142.08115,43.85889],[142.08505,43.86818],[142.07798,43.87209],[142.07281,43.88276],[142.06272,43.89366],[142.06305,43.89674],[142.05383,43.90155],[142.05299,43.90443],[142.04501,43.90825],[142.04261,43.91534],[142.02785,43.92137],[142.02332,43.93392],[142.02267,43.94477],[142.0266,43.95642],[142.02624,43.96436],[142.03157,43.97006],[142.02765,43.97555],[142.02775,43.98609],[142.03179,43.9889],[142.03389,43.99411],[142.03272,43.99839],[142.0262,44.0004],[142.02002,44.00572],[142.01092,44.00384],[141.99568,44.0059],[141.99192,43.99669],[141.98592,43.99336],[141.97631,43.99642],[141.96751,43.99767],[141.96346,44.00034],[141.95649,43.99803],[141.94883,43.99916],[141.93965,43.99089],[141.93929,43.98802],[141.93096,43.98307],[141.92914,43.97183],[141.93128,43.9634],[141.91957,43.95848],[141.90135,43.9567],[141.89523,43.94821],[141.89515,43.94545],[141.8851,43.94329],[141.88938,43.9355],[141.88161,43.9261],[141.88497,43.917],[141.89086,43.91425],[141.90022,43.90139],[141.90026,43.89754],[141.89613,43.89428],[141.88331,43.88962],[141.878,43.88936],[141.86645,43.87932],[141.86609,43.86949],[141.86311,43.86811],[141.85838,43.85881],[141.86062,43.85582],[141.85837,43.84665]]]},"properties":{"pref":"北海道","office":"空知総合振興局","county":"雨竜郡","city":"沼田町","code5":"01438","code6":"014389"}},
{"type":"Feature","geometry":{"type":"Polygon","coordinates":[[[142.4214,43.94361],[142.4126,43.95343],[142.38753,43.95495],[142.37497,43.95794],[142.36736,43.95841],[142.36194,43.96284],[142.35311,43.96207],[142.3324,43.95828],[142.32628,43.9546],[142.31896,43.95782],[142.31133,43.95918],[142.3059,43.95478],[142.30766,43.95103],[142.30444,43.94539],[142.28797,43.94524],[142.28258,43.93955],[142.28466,43.92734],[142.28011,43.92608],[142.27881,43.9218],[142.27273,43.91813],[142.27215,43.91467],[142.27567,43.90835],[142.27127,43.89484],[142.27578,43.88954],[142.28178,43.87473],[142.29041,43.87327],[142.28891,43.8654],[142.28575,43.86046],[142.2786,43.85812],[142.28026,43.84943],[142.28838,43.8477],[142.29331,43.84219],[142.29492,43.83427],[142.28845,43.82858],[142.28949,43.81827],[142.29442,43.8029],[142.29574,43.78674],[142.31055,43.78829],[142.30808,43.79433],[142.31925,43.7973],[142.32834,43.80464],[142.32814,43.80929],[142.3546,43.82834],[142.38556,43.84136],[142.39221,43.84328],[142.36963,43.86029],[142.38325,43.86905],[142.39241,43.87738],[142.39249,43.88857],[142.38772,43.89879],[142.39163,43.90077],[142.39476,43.90822],[142.39987,43.91546],[142.39925,43.92114],[142.4214,43.94361]]]},"properties":{"pref":"北海道","office":"上川総合振興局","county":"上川郡","city":"鷹栖町","code5":"01452","code6":"014524"}},
{"type":"Feature","geometry":{"type":"Polygon","coordinates":[[[142.56092,43.63076],[142.57612,43.63188],[142.57617,43.63493],[142.60302,43.62484],[142.62976,43.62585],[142.59093,43.64726],[142.57685,43.65123],[142.57325,43.65332],[142.56052,43.65466],[142.54324,43.67379],[142.53529,43.67746],[142.5189,43.68698],[142.49946,43.69396],[142.47319,43.70008],[142.4557,43.70722],[142.44902,43.71391],[142.43671,43.7175],[142.42936,43.72089],[142.42032,43.72285],[142.40304,43.73151],[142.39532,43.72387],[142.39135,43.72257],[142.40996,43.68975],[142.4304,43.67584],[142.43455,43.67962],[142.49645,43.63769],[142.50305,43.64039],[142.55735,43.64645],[142.56092,43.63076]]]},"properties":{"pref":"北海道","office":"上川総合振興局","county":"上川郡","city":"東神楽町","code5":"01453","code6":"014532"}},
{"type":"Feature","geometry":{"type":"Polygon","coordinates":[[[142.71274,43.74861],[142.70922,43.76186],[142.70464,43.77139],[142.70125,43.77459],[142.70104,43.78144],[142.69635,43.78438],[142.6999,43.78809],[142.69234,43.79829],[142.69202,43.80769],[142.68925,43.80766],[142.68148,43.81755],[142.6826,43.82872],[142.68066,43.83487],[142.67223,43.83765],[142.66971,43.84296],[142.66204,43.84911],[142.65891,43.85414],[142.65953,43.85863],[142.6504,43.88367],[142.64482,43.88266],[142.6373,43.88408],[142.63368,43.8812],[142.63385,43.87569],[142.61956,43.87689],[142.61442,43.87985],[142.59892,43.88037],[142.592,43.87905],[142.58802,43.88199],[142.57506,43.88262],[142.57258,43.88597],[142.5655,43.88881],[142.56051,43.88658],[142.55048,43.88837],[142.54295,43.89245],[142.53641,43.89357],[142.53218,43.89702],[142.52452,43.89455],[142.51797,43.88821],[142.51382,43.87949],[142.50731,43.87515],[142.503,43.86812],[142.50247,43.86333],[142.49627,43.86149],[142.49445,43.8562],[142.48435,43.85261],[142.47084,43.84476],[142.46726,43.8397],[142.45754,43.83886],[142.50496,43.79904],[142.51309,43.80036],[142.51331,43.79201],[142.5204,43.78626],[142.52963,43.78439],[142.53576,43.78627],[142.54765,43.77511],[142.56209,43.78032],[142.56746,43.76338],[142.57858,43.75993],[142.58389,43.76204],[142.596,43.76057],[142.5994,43.76473],[142.60808,43.76076],[142.61493,43.75979],[142.6224,43.75128],[142.62585,43.75035],[142.64587,43.7536],[142.65513,43.7527],[142.66015,43.74688],[142.66893,43.7413],[142.68068,43.73925],[142.6855,43.74242],[142.69393,43.74007],[142.70095,43.74323],[142.70489,43.74773],[142.71274,43.74861]]]},"properties":{"pref":"北海道","office":"上川総合振興局","county":"上川郡","city":"当麻町","code5":"01454","code6":"014541"}},
{"type":"Feature","geometry":{"type":"Polygon","coordinates":[[[142.45754,43.83886],[142.46726,43.8397],[142.47084,43.84476],[142.48435,43.85261],[142.49445,43.8562],[142.49627,43.86149],[142.50247,43.86333],[142.503,43.86812],[142.50731,43.87515],[142.51382,43.87949],[142.51797,43.88821],[142.52452,43.89455],[142.53218,43.89702],[142.53693,43.90475],[142.54396,43.9091],[142.54397,43.91296],[142.53082,43.9267],[142.52277,43.92918],[142.51144,43.94291],[142.51435,43.94757],[142.51032,43.95536],[142.52482,43.9599],[142.53049,43.95933],[142.53147,43.96344],[142.52815,43.96859],[142.5292,43.97314],[142.54096,43.9794],[142.54122,43.98114],[142.53421,43.99333],[142.52019,43.99329],[142.514,43.98626],[142.49745,43.98123],[142.49162,43.97588],[142.48989,43.96162],[142.48757,43.95635],[142.48048,43.95934],[142.47294,43.96035],[142.46575,43.96545],[142.45878,43.96489],[142.44819,43.96746],[142.44503,43.97348],[142.43392,43.96471],[142.43744,43.96109],[142.43208,43.94729],[142.43616,43.94231],[142.43889,43.9342],[142.43534,43.92508],[142.4431,43.91505],[142.44637,43.90274],[142.44697,43.89146],[142.44344,43.88728],[142.44558,43.8821],[142.45087,43.87841],[142.45021,43.86732],[142.45432,43.86439],[142.45201,43.85513],[142.45959,43.84295],[142.45754,43.83886]]]},"properties":{"pref":"北海道","office":"上川総合振興局","county":"上川郡","city":"比布町","code5":"01455","code6":"014559"}},
{"type":"Feature","geometry":{"type":"Polygon","coordinates":[[[142.53421,43.99333],[142.54122,43.98114],[142.54096,43.9794],[142.5292,43.97314],[142.52815,43.96859],[142.53147,43.96344],[142.53049,43.95933],[142.52482,43.9599],[142.51032,43.95536],[142.51435,43.94757],[142.51144,43.94291],[142.52277,43.92918],[142.53082,43.9267],[142.54397,43.91296],[142.54396,43.9091],[142.53693,43.90475],[142.53218,43.89702],[142.53641,43.89357],[142.54295,43.89245],[142.55048,43.88837],[142.56051,43.88658],[142.5655,43.88881],[142.57258,43.88597],[142.57506,43.88262],[142.58802,43.88199],[142.592,43.87905],[142.59892,43.88037],[142.61442,43.87985],[142.61956,43.87689],[142.63385,43.87569],[142.63368,43.8812],[142.6373,43.88408],[142.64482,43.88266],[142.6504,43.88367],[142.65953,43.85863],[142.65891,43.85414],[142.66204,43.84911],[142.66971,43.84296],[142.67223,43.83765],[142.68066,43.83487],[142.6826,43.82872],[142.7041,43.84413],[142.69755,43.85225],[142.70185,43.85474],[142.6999,43.86111],[142.70405,43.87566],[142.70505,43.88403],[142.70864,43.88827],[142.71035,43.89775],[142.70825,43.90149],[142.70217,43.90505],[142.70526,43.90998],[142.70489,43.91757],[142.71101,43.9215],[142.72556,43.92452],[142.73384,43.92313],[142.74177,43.91854],[142.75165,43.91979],[142.75828,43.9157],[142.76546,43.92259],[142.7733,43.92629],[142.77426,43.93001],[142.76787,43.93506],[142.76699,43.93871],[142.75627,43.94194],[142.75498,43.94689],[142.74694,43.94938],[142.74469,43.9551],[142.7379,43.95505],[142.73872,43.96067],[142.73419,43.97585],[142.72673,43.97852],[142.72163,43.99068],[142.7218,43.99382],[142.70755,44.0003],[142.68836,44.01299],[142.68791,44.0182],[142.68157,44.01985],[142.6595,44.01605],[142.65875,44.01414],[142.64419,44.01029],[142.63727,44.01684],[142.62823,44.01808],[142.62071,44.0244],[142.61098,44.02927],[142.60015,44.0249],[142.59075,44.0244],[142.58699,44.0219],[142.5885,44.01575],[142.582,44.01268],[142.57565,44.01297],[142.56314,44.00767],[142.55615,44.00855],[142.54777,44.00738],[142.54352,44.00072],[142.53421,43.99333]]]},"properties":{"pref":"北海道","office":"上川総合振興局","county":"上川郡","city":"愛別町","code5":"01456","code6":"014567"}},
{"type":"Feature","geometry":{"type":"Polygon","coordinates":[[[142.74007,43.68346],[142.75189,43.69008],[142.75395,43.6931],[142.76732,43.69815],[142.77291,43.6973],[142.78738,43.69987],[142.7941,43.69849],[142.80308,43.70001],[142.81366,43.69822],[142.81938,43.6884],[142.82869,43.68832],[142.83894,43.69081],[142.84669,43.69438],[142.85354,43.69454],[142.86216,43.69925],[142.87006,43.69705],[142.88012,43.69763],[142.88112,43.6899],[142.87611,43.68607],[142.87172,43.67928],[142.87281,43.67176],[142.87905,43.67016],[142.89836,43.67429],[142.90735,43.66895],[142.90615,43.66175],[142.91204,43.65393],[142.90746,43.6439],[142.90785,43.64003],[142.9034,43.63368],[142.89909,43.62307],[142.89696,43.60617],[142.89807,43.59935],[142.89447,43.59103],[142.89679,43.58745],[142.89062,43.58219],[142.89091,43.57556],[142.89428,43.5664],[142.90482,43.56528],[142.90951,43.56328],[142.92369,43.55247],[142.93851,43.54516],[142.94356,43.53614],[142.95772,43.52628],[142.96554,43.53017],[142.96846,43.53412],[142.97385,43.53448],[142.97594,43.53927],[142.9854,43.53417],[143.00516,43.52867],[143.01364,43.52853],[143.02358,43.53461],[143.02024,43.54242],[143.02303,43.54858],[143.03035,43.5501],[143.03559,43.55706],[143.03566,43.561],[143.04123,43.56312],[143.05279,43.55947],[143.05986,43.55519],[143.06866,43.55855],[143.06981,43.56349],[143.0758,43.56588],[143.0798,43.56372],[143.09058,43.5673],[143.10182,43.57325],[143.10279,43.57645],[143.11352,43.5796],[143.11581,43.5834],[143.12113,43.58331],[143.12618,43.5863],[143.13415,43.58792],[143.14141,43.59196],[143.14247,43.59515],[143.13631,43.5997],[143.13653,43.60788],[143.14815,43.61592],[143.15269,43.62165],[143.15574,43.62876],[143.17335,43.63759],[143.17043,43.64898],[143.16251,43.65259],[143.16479,43.65548],[143.16125,43.65983],[143.14172,43.66841],[143.13967,43.67766],[143.14626,43.68144],[143.14667,43.69063],[143.16129,43.70632],[143.17185,43.70692],[143.16813,43.71625],[143.16897,43.72127],[143.17342,43.72409],[143.17449,43.73095],[143.17968,43.73498],[143.17474,43.74216],[143.16855,43.75582],[143.16054,43.76162],[143.15348,43.76338],[143.1425,43.76176],[143.14013,43.75628],[143.13631,43.75424],[143.12829,43.7552],[143.11838,43.75402],[143.11503,43.75092],[143.10584,43.74843],[143.09586,43.74301],[143.09,43.74515],[143.08401,43.73886],[143.07435,43.73789],[143.07439,43.74272],[143.06904,43.74637],[143.06139,43.74638],[143.05097,43.74395],[143.0468,43.74646],[143.03256,43.7489],[143.02437,43.74719],[143.01126,43.75789],[143.00689,43.76835],[143.0072,43.77532],[143.01414,43.78063],[143.01613,43.78911],[143.01226,43.7944],[143.01944,43.8023],[143.03744,43.8091],[143.04343,43.81337],[143.03089,43.81405],[143.02228,43.81714],[143.01698,43.82292],[143.01025,43.82658],[143.00908,43.83701],[143.01396,43.84433],[143.01802,43.84609],[143.0138,43.8509],[143.0112,43.86145],[143.02023,43.86357],[143.02122,43.86669],[143.01704,43.87433],[143.02295,43.87626],[143.01906,43.88551],[143.03389,43.89509],[143.03749,43.90274],[143.04837,43.9067],[143.0553,43.91412],[143.05387,43.91788],[143.03712,43.92814],[143.02935,43.92757],[143.02532,43.92419],[143.01382,43.92162],[143.00954,43.92485],[142.99981,43.92796],[142.98615,43.93896],[142.98309,43.94312],[142.97343,43.94166],[142.96926,43.93745],[142.96345,43.93773],[142.95627,43.93306],[142.94452,43.93019],[142.93526,43.92656],[142.91107,43.92688],[142.90019,43.92179],[142.88847,43.92636],[142.89123,43.93022],[142.88562,43.93443],[142.89234,43.93832],[142.89184,43.94324],[142.88307,43.94443],[142.87963,43.94767],[142.88191,43.95312],[142.86906,43.9506],[142.86252,43.94251],[142.85062,43.94457],[142.84229,43.94074],[142.84057,43.93509],[142.83349,43.93308],[142.83041,43.92997],[142.83031,43.92186],[142.82182,43.91907],[142.81613,43.915],[142.80757,43.91674],[142.79827,43.9162],[142.79591,43.92229],[142.78341,43.92497],[142.77426,43.93001],[142.7733,43.92629],[142.76546,43.92259],[142.75828,43.9157],[142.75165,43.91979],[142.74177,43.91854],[142.73384,43.92313],[142.72556,43.92452],[142.71101,43.9215],[142.70489,43.91757],[142.70526,43.90998],[142.70217,43.90505],[142.70825,43.90149],[142.71035,43.89775],[142.70864,43.88827],[142.70505,43.88403],[142.70405,43.87566],[142.6999,43.86111],[142.70185,43.85474],[142.69755,43.85225],[142.7041,43.84413],[142.6826,43.82872],[142.68148,43.81755],[142.68925,43.80766],[142.69202,43.80769],[142.69234,43.79829],[142.6999,43.78809],[142.69635,43.78438],[142.70104,43.78144],[142.70125,43.77459],[142.70464,43.77139],[142.70922,43.76186],[142.71274,43.74861],[142.72234,43.74382],[142.72247,43.73796],[142.72686,43.7338],[142.73441,43.731],[142.73134,43.72016],[142.73921,43.71593],[142.74146,43.71278],[142.73594,43.70748],[142.73537,43.69845],[142.74039,43.68926],[142.74007,43.68346]]]},"properties":{"pref":"北海道","office":"上川総合振興局","county":"上川郡","city":"上川町","code5":"01457","code6":"014575"}},
{"type":"Feature","geometry":{"type":"Polygon","coordinates":[[[142.47319,43.70008],[142.49946,43.69396],[142.5189,43.68698],[142.53529,43.67746],[142.54324,43.67379],[142.56052,43.65466],[142.57325,43.65332],[142.57685,43.65123],[142.59093,43.64726],[142.62976,43.62585],[142.65311,43.62627],[142.66378,43.6284],[142.67427,43.62683],[142.68933,43.62993],[142.70626,43.62862],[142.72749,43.62362],[142.73579,43.62438],[142.74736,43.62095],[142.76301,43.62017],[142.77243,43.61713],[142.78302,43.62238],[142.7989,43.6232],[142.80233,43.62446],[142.81169,43.62322],[142.82174,43.62834],[142.82401,43.62536],[142.83308,43.6209],[142.83896,43.61545],[142.84449,43.61874],[142.84483,43.62631],[142.85373,43.62789],[142.86361,43.62579],[142.86986,43.63362],[142.87961,43.63824],[142.87862,43.64197],[142.88601,43.64711],[142.89833,43.66186],[142.90048,43.66707],[142.90735,43.66895],[142.89836,43.67429],[142.87905,43.67016],[142.87281,43.67176],[142.87172,43.67928],[142.87611,43.68607],[142.88112,43.6899],[142.88012,43.69763],[142.87006,43.69705],[142.86216,43.69925],[142.85354,43.69454],[142.84669,43.69438],[142.83894,43.69081],[142.82869,43.68832],[142.81938,43.6884],[142.81366,43.69822],[142.80308,43.70001],[142.7941,43.69849],[142.78738,43.69987],[142.77291,43.6973],[142.76732,43.69815],[142.75395,43.6931],[142.75189,43.69008],[142.74007,43.68346],[142.73676,43.68525],[142.72586,43.68496],[142.71314,43.68627],[142.70517,43.68283],[142.69735,43.68283],[142.69127,43.68068],[142.68912,43.68434],[142.68209,43.68586],[142.67628,43.69135],[142.66219,43.69841],[142.65606,43.69675],[142.63951,43.70175],[142.63734,43.70762],[142.62554,43.71777],[142.62091,43.72041],[142.61238,43.72012],[142.6066,43.71794],[142.59962,43.71967],[142.58938,43.71669],[142.5817,43.72328],[142.57379,43.72594],[142.57018,43.7215],[142.56111,43.72313],[142.54909,43.72708],[142.54322,43.73444],[142.53729,43.7337],[142.52566,43.7447],[142.51986,43.74466],[142.50692,43.7507],[142.49389,43.75073],[142.48465,43.74222],[142.47638,43.74266],[142.47319,43.70008]]]},"properties":{"pref":"北海道","office":"上川総合振興局","county":"上川郡","city":"東川町","code5":"01458","code6":"014583"}},
{"type":"Feature","geometry":{"type":"Polygon","coordinates":[[[142.32178,43.5443],[142.32308,43.53746],[142.32053,43.5333],[142.32611,43.52972],[142.32493,43.52509],[142.33174,43.52126],[142.33531,43.51428],[142.33703,43.50605],[142.34552,43.50652],[142.35262,43.49972],[142.35597,43.49964],[142.36444,43.49474],[142.36811,43.48641],[142.36511,43.48216],[142.35544,43.47423],[142.35704,43.46622],[142.36737,43.46755],[142.37647,43.47139],[142.38203,43.46887],[142.38827,43.47199],[142.39366,43.47037],[142.39865,43.47383],[142.39686,43.48138],[142.39862,43.49379],[142.39803,43.49938],[142.40224,43.50362],[142.40083,43.51772],[142.4025,43.53799],[142.40992,43.54031],[142.41683,43.53363],[142.42484,43.53468],[142.43044,43.54024],[142.43122,43.54398],[142.42734,43.54928],[142.43336,43.55106],[142.43713,43.54849],[142.44188,43.53871],[142.44973,43.53387],[142.45337,43.52893],[142.45966,43.52468],[142.47022,43.51217],[142.48167,43.5068],[142.50887,43.50261],[142.51016,43.50607],[142.51904,43.50757],[142.52424,43.51194],[142.53497,43.50899],[142.53844,43.50961],[142.54577,43.50407],[142.55271,43.50943],[142.56075,43.5079],[142.57046,43.5138],[142.57865,43.51101],[142.59108,43.50303],[142.59704,43.4979],[142.59038,43.49411],[142.59441,43.48373],[142.59928,43.47983],[142.60682,43.47047],[142.61242,43.46653],[142.63021,43.46213],[142.63737,43.45853],[142.64889,43.44801],[142.65025,43.44445],[142.66103,43.43558],[142.67671,43.42649],[142.67529,43.42219],[142.68631,43.41781],[142.70132,43.42563],[142.70392,43.43006],[142.71057,43.43276],[142.71037,43.4401],[142.7146,43.45178],[142.72399,43.45202],[142.73213,43.46169],[142.74218,43.4682],[142.75283,43.47097],[142.75395,43.47382],[142.77147,43.48476],[142.77683,43.48713],[142.77969,43.49524],[142.78708,43.4959],[142.79129,43.50061],[142.79797,43.50089],[142.80552,43.511],[142.81326,43.51389],[142.81422,43.52258],[142.80686,43.52802],[142.8148,43.53074],[142.83008,43.52341],[142.83933,43.52212],[142.85226,43.53013],[142.85392,43.53623],[142.8502,43.54892],[142.85537,43.55531],[142.86067,43.55848],[142.86064,43.56398],[142.87166,43.56471],[142.87541,43.57],[142.89091,43.5657],[142.89428,43.5664],[142.89091,43.57556],[142.89062,43.58219],[142.89679,43.58745],[142.89447,43.59103],[142.89807,43.59935],[142.89696,43.60617],[142.89909,43.62307],[142.9034,43.63368],[142.90785,43.64003],[142.90746,43.6439],[142.91204,43.65393],[142.90615,43.66175],[142.90735,43.66895],[142.90048,43.66707],[142.89833,43.66186],[142.88601,43.64711],[142.87862,43.64197],[142.87961,43.63824],[142.86986,43.63362],[142.86361,43.62579],[142.85373,43.62789],[142.84483,43.62631],[142.84449,43.61874],[142.83896,43.61545],[142.83308,43.6209],[142.82401,43.62536],[142.82174,43.62834],[142.81169,43.62322],[142.80233,43.62446],[142.7989,43.6232],[142.78302,43.62238],[142.77243,43.61713],[142.76301,43.62017],[142.74736,43.62095],[142.73579,43.62438],[142.72749,43.62362],[142.70626,43.62862],[142.68933,43.62993],[142.67427,43.62683],[142.66378,43.6284],[142.65311,43.62627],[142.62976,43.62585],[142.60302,43.62484],[142.57617,43.63493],[142.57612,43.63188],[142.56092,43.63076],[142.53949,43.62931],[142.53348,43.62545],[142.5126,43.62444],[142.50079,43.62255],[142.49364,43.62408],[142.48522,43.62042],[142.47861,43.62214],[142.47143,43.62077],[142.45719,43.63128],[142.44786,43.63638],[142.4478,43.64244],[142.44501,43.64819],[142.42816,43.66185],[142.41732,43.66396],[142.41105,43.66323],[142.40234,43.66491],[142.39505,43.66122],[142.3941,43.65344],[142.39987,43.64968],[142.39872,43.64545],[142.38826,43.63823],[142.3897,43.62569],[142.38302,43.62359],[142.38304,43.62002],[142.37521,43.61606],[142.36585,43.61947],[142.35184,43.61241],[142.34166,43.59866],[142.34142,43.58696],[142.32398,43.57628],[142.3227,43.57354],[142.32896,43.56384],[142.32809,43.55606],[142.32294,43.54972],[142.32178,43.5443]]]},"properties":{"pref":"北海道","office":"上川総合振興局","county":"上川郡","city":"美瑛町","code5":"01459","code6":"014591"}},
{"type":"Feature","geometry":{"type":"Polygon","coordinates":[[[142.66799,43.40137],[142.6718,43.4051],[142.67893,43.41465],[142.68631,43.41781],[142.67529,43.42219],[142.67671,43.42649],[142.66103,43.43558],[142.65025,43.44445],[142.64889,43.44801],[142.63737,43.45853],[142.63021,43.46213],[142.61242,43.46653],[142.60682,43.47047],[142.59928,43.47983],[142.59441,43.48373],[142.59038,43.49411],[142.59704,43.4979],[142.59108,43.50303],[142.57865,43.51101],[142.57046,43.5138],[142.56075,43.5079],[142.55271,43.50943],[142.54577,43.50407],[142.53844,43.50961],[142.53497,43.50899],[142.52424,43.51194],[142.51904,43.50757],[142.51016,43.50607],[142.50887,43.50261],[142.48167,43.5068],[142.47022,43.51217],[142.45966,43.52468],[142.45337,43.52893],[142.44973,43.53387],[142.44188,43.53871],[142.43713,43.54849],[142.43336,43.55106],[142.42734,43.54928],[142.43122,43.54398],[142.43044,43.54024],[142.42484,43.53468],[142.41683,43.53363],[142.40992,43.54031],[142.4025,43.53799],[142.40083,43.51772],[142.40224,43.50362],[142.39803,43.49938],[142.39862,43.49379],[142.39686,43.48138],[142.39865,43.47383],[142.39366,43.47037],[142.38827,43.47199],[142.38203,43.46887],[142.47054,43.42749],[142.45315,43.40784],[142.48509,43.39273],[142.52681,43.39484],[142.56091,43.38249],[142.56611,43.38251],[142.57845,43.3865],[142.58869,43.39134],[142.60094,43.38889],[142.60386,43.38352],[142.60843,43.38156],[142.61735,43.38394],[142.62386,43.38943],[142.63184,43.39354],[142.63968,43.39361],[142.64975,43.39695],[142.65543,43.39618],[142.66799,43.40137]]]},"properties":{"pref":"北海道","office":"上川総合振興局","county":"空知郡","city":"上富良野町","code5":"01460","code6":"014605"}},
{"type":"Feature","geometry":{"type":"Polygon","coordinates":[[[142.3476,43.40052],[142.35019,43.39761],[142.3456,43.39071],[142.34907,43.383],[142.35431,43.3793],[142.37513,43.37208],[142.3784,43.37544],[142.39257,43.36888],[142.39146,43.36743],[142.42555,43.35146],[142.4404,43.36827],[142.45389,43.3619],[142.45931,43.36326],[142.48522,43.36304],[142.49967,43.36412],[142.51537,43.36666],[142.52361,43.36449],[142.52821,43.36135],[142.53535,43.36483],[142.53638,43.36765],[142.56171,43.37216],[142.55932,43.37675],[142.56091,43.38249],[142.52681,43.39484],[142.48509,43.39273],[142.45315,43.40784],[142.47054,43.42749],[142.38203,43.46887],[142.37647,43.47139],[142.36737,43.46755],[142.35704,43.46622],[142.36057,43.45794],[142.36168,43.44079],[142.36812,43.43583],[142.36683,43.42416],[142.3575,43.41965],[142.35143,43.40166],[142.3476,43.40052]]]},"properties":{"pref":"北海道","office":"上川総合振興局","county":"空知郡","city":"中富良野町","code5":"01461","code6":"014613"}},
{"type":"Feature","geometry":{"type":"Polygon","coordinates":[[[142.31289,43.04888],[142.32142,43.0581],[142.32762,43.05858],[142.33496,43.06188],[142.3381,43.06814],[142.33797,43.08504],[142.34144,43.08881],[142.35288,43.0907],[142.35517,43.10189],[142.36327,43.10376],[142.36406,43.09829],[142.37483,43.09619],[142.37704,43.09909],[142.38914,43.09993],[142.39623,43.0962],[142.39688,43.09263],[142.40638,43.08853],[142.42235,43.09008],[142.42658,43.09312],[142.44337,43.08275],[142.4493,43.08534],[142.45917,43.08645],[142.46586,43.09167],[142.46698,43.09532],[142.47715,43.09735],[142.48179,43.09623],[142.48955,43.1001],[142.49166,43.10367],[142.48849,43.10812],[142.48885,43.11318],[142.50255,43.11677],[142.50985,43.12565],[142.51434,43.12753],[142.51567,43.13254],[142.52419,43.13316],[142.53555,43.13198],[142.5533,43.12679],[142.55677,43.12189],[142.56364,43.11856],[142.56877,43.11363],[142.57458,43.11383],[142.58124,43.11104],[142.58411,43.10638],[142.59684,43.10366],[142.59639,43.09873],[142.5909,43.08955],[142.59601,43.07868],[142.6245,43.07936],[142.63052,43.07508],[142.64023,43.07297],[142.64413,43.07062],[142.64796,43.06203],[142.65432,43.05955],[142.65602,43.05354],[142.66135,43.05203],[142.67311,43.0426],[142.6951,43.02831],[142.69963,43.02164],[142.70935,43.02504],[142.72154,43.01667],[142.72777,43.0098],[142.74087,43.00499],[142.75437,43.01311],[142.75248,43.01887],[142.75371,43.02608],[142.75074,43.02971],[142.75344,43.03634],[142.74807,43.04188],[142.74909,43.05168],[142.7468,43.05834],[142.74249,43.06093],[142.73971,43.06638],[142.72813,43.0728],[142.72767,43.07771],[142.73719,43.08181],[142.74386,43.08776],[142.73813,43.09097],[142.73693,43.09548],[142.74459,43.10207],[142.74474,43.10489],[142.75113,43.10983],[142.74528,43.115],[142.75296,43.12311],[142.76042,43.1212],[142.7653,43.12468],[142.76724,43.13041],[142.76444,43.13775],[142.76729,43.14452],[142.76708,43.15907],[142.76466,43.16193],[142.77911,43.17356],[142.76757,43.18035],[142.76926,43.18884],[142.76212,43.19409],[142.76327,43.20049],[142.75292,43.20676],[142.74868,43.21102],[142.74032,43.2127],[142.73643,43.21941],[142.73374,43.23426],[142.7421,43.24065],[142.7339,43.24897],[142.73999,43.25247],[142.74151,43.25791],[142.74704,43.25996],[142.74714,43.26548],[142.74014,43.27708],[142.74112,43.28063],[142.73682,43.28479],[142.73742,43.2923],[142.73496,43.29763],[142.73629,43.30721],[142.73927,43.31308],[142.73632,43.31856],[142.74479,43.32426],[142.74804,43.33207],[142.74862,43.34013],[142.75533,43.34537],[142.76773,43.34466],[142.76897,43.34658],[142.76128,43.35728],[142.75681,43.35429],[142.74992,43.35343],[142.72052,43.35995],[142.71541,43.3683],[142.70849,43.37366],[142.70606,43.37846],[142.69452,43.38487],[142.68897,43.39383],[142.68358,43.39535],[142.6774,43.4036],[142.6718,43.4051],[142.66799,43.40137],[142.66955,43.39633],[142.66976,43.38508],[142.66069,43.37369],[142.65494,43.36998],[142.65091,43.36399],[142.65238,43.35672],[142.64552,43.353],[142.63282,43.3498],[142.62956,43.34236],[142.63463,43.33918],[142.63613,43.333],[142.64491,43.32303],[142.65452,43.32078],[142.65802,43.30991],[142.67206,43.29826],[142.67758,43.29579],[142.66916,43.28822],[142.67642,43.28421],[142.67751,43.27306],[142.66807,43.26207],[142.66262,43.25847],[142.67122,43.25177],[142.67266,43.24788],[142.66928,43.24326],[142.66258,43.24104],[142.66001,43.23569],[142.64827,43.23345],[142.64694,43.22983],[142.63796,43.21907],[142.62763,43.21923],[142.62043,43.21412],[142.60837,43.21329],[142.60264,43.20939],[142.59908,43.20306],[142.58984,43.19615],[142.5828,43.19761],[142.5771,43.1963],[142.57324,43.19191],[142.56548,43.18914],[142.5566,43.1891],[142.53303,43.19227],[142.52662,43.19614],[142.51502,43.19063],[142.51425,43.18829],[142.50242,43.18231],[142.50051,43.17783],[142.48884,43.17827],[142.47754,43.17353],[142.47367,43.17684],[142.46378,43.17598],[142.45189,43.17669],[142.44034,43.18602],[142.44221,43.19191],[142.43867,43.19929],[142.43238,43.20002],[142.43367,43.20406],[142.4267,43.20571],[142.42448,43.2015],[142.41607,43.20906],[142.3949,43.20893],[142.39348,43.20478],[142.39567,43.20017],[142.39153,43.18963],[142.38612,43.18287],[142.3729,43.18106],[142.37138,43.1766],[142.37546,43.16622],[142.36728,43.16735],[142.35784,43.16609],[142.35671,43.15964],[142.35127,43.15669],[142.34777,43.15944],[142.33809,43.16194],[142.32941,43.16016],[142.32364,43.16618],[142.32279,43.17448],[142.32404,43.1863],[142.32594,43.18981],[142.32246,43.19646],[142.32372,43.19886],[142.32,43.20681],[142.30426,43.22251],[142.29788,43.22482],[142.29525,43.22863],[142.29764,43.23598],[142.28985,43.23762],[142.28015,43.23525],[142.27644,43.23347],[142.27865,43.22526],[142.28383,43.21326],[142.28161,43.20204],[142.28395,43.19775],[142.2705,43.1885],[142.26771,43.18147],[142.26954,43.1795],[142.26301,43.16677],[142.25556,43.16013],[142.25737,43.15546],[142.25343,43.15123],[142.26265,43.13577],[142.2548,43.13213],[142.25598,43.12748],[142.25335,43.12177],[142.24506,43.11745],[142.24315,43.11291],[142.24358,43.10565],[142.25099,43.09964],[142.24961,43.09271],[142.26305,43.0842],[142.26241,43.08177],[142.26831,43.07108],[142.26798,43.0672],[142.29432,43.05105],[142.29942,43.0517],[142.31289,43.04888]]]},"properties":{"pref":"北海道","office":"上川総合振興局","county":"空知郡","city":"南富良野町","code5":"01462","code6":"014621"}},
{"type":"Feature","geometry":{"type":"Polygon","coordinates":[[[142.27979,42.98112],[142.28415,42.97307],[142.28309,42.96587],[142.27356,42.95616],[142.27279,42.95017],[142.27866,42.94391],[142.28838,42.94196],[142.30181,42.94087],[142.30126,42.93336],[142.30495,42.93293],[142.31049,42.92698],[142.31234,42.91832],[142.32044,42.91331],[142.33272,42.90879],[142.33307,42.89978],[142.32463,42.89077],[142.3394,42.88383],[142.34401,42.884],[142.36059,42.89148],[142.37035,42.89005],[142.37824,42.88652],[142.38618,42.89157],[142.39173,42.89872],[142.3964,42.90018],[142.39786,42.90774],[142.40431,42.91426],[142.40203,42.91881],[142.39891,42.9315],[142.409,42.9336],[142.41959,42.92887],[142.42449,42.92876],[142.42781,42.92216],[142.43292,42.92235],[142.43548,42.91642],[142.44363,42.91147],[142.45654,42.91386],[142.46581,42.91722],[142.4749,42.91477],[142.48646,42.92346],[142.49231,42.91889],[142.49795,42.9197],[142.49875,42.91456],[142.50306,42.91397],[142.51154,42.91789],[142.51105,42.91998],[142.52141,42.92327],[142.5253,42.9189],[142.53268,42.91728],[142.53621,42.91068],[142.54003,42.91252],[142.54603,42.91089],[142.5513,42.91655],[142.56003,42.91711],[142.57299,42.93156],[142.57106,42.94196],[142.57758,42.94776],[142.57843,42.95263],[142.583,42.95703],[142.58708,42.96594],[142.59821,42.97097],[142.60662,42.97341],[142.61383,42.97313],[142.62707,42.98102],[142.63191,42.98628],[142.64008,42.98506],[142.65228,42.98588],[142.66621,42.98198],[142.67811,42.99078],[142.6835,42.99113],[142.68953,42.98784],[142.70263,42.99025],[142.71042,42.99372],[142.71986,43.00467],[142.72777,43.0098],[142.72154,43.01667],[142.70935,43.02504],[142.69963,43.02164],[142.6951,43.02831],[142.67311,43.0426],[142.66135,43.05203],[142.65602,43.05354],[142.65432,43.05955],[142.64796,43.06203],[142.64413,43.07062],[142.64023,43.07297],[142.63052,43.07508],[142.6245,43.07936],[142.59601,43.07868],[142.5909,43.08955],[142.59639,43.09873],[142.59684,43.10366],[142.58411,43.10638],[142.58124,43.11104],[142.57458,43.11383],[142.56877,43.11363],[142.56364,43.11856],[142.55677,43.12189],[142.5533,43.12679],[142.53555,43.13198],[142.52419,43.13316],[142.51567,43.13254],[142.51434,43.12753],[142.50985,43.12565],[142.50255,43.11677],[142.48885,43.11318],[142.48849,43.10812],[142.49166,43.10367],[142.48955,43.1001],[142.48179,43.09623],[142.47715,43.09735],[142.46698,43.09532],[142.46586,43.09167],[142.45917,43.08645],[142.4493,43.08534],[142.44337,43.08275],[142.42658,43.09312],[142.42235,43.09008],[142.40638,43.08853],[142.39688,43.09263],[142.39623,43.0962],[142.38914,43.09993],[142.37704,43.09909],[142.37483,43.09619],[142.36406,43.09829],[142.36327,43.10376],[142.35517,43.10189],[142.35288,43.0907],[142.34144,43.08881],[142.33797,43.08504],[142.3381,43.06814],[142.33496,43.06188],[142.32762,43.05858],[142.32142,43.0581],[142.31289,43.04888],[142.32048,43.04667],[142.3249,43.03948],[142.32344,43.03623],[142.33018,43.03167],[142.32324,43.02562],[142.30225,43.01666],[142.29585,43.01516],[142.2897,43.00911],[142.29119,43.00248],[142.28543,42.98841],[142.27979,42.98112]]]},"properties":{"pref":"北海道","office":"上川総合振興局","county":"勇払郡","city":"占冠村","code5":"01463","code6":"014630"}},
{"type":"Feature","geometry":{"type":"Polygon","coordinates":[[[142.43208,43.94729],[142.43744,43.96109],[142.43392,43.96471],[142.44503,43.97348],[142.44819,43.96746],[142.45878,43.96489],[142.46575,43.96545],[142.47294,43.96035],[142.48048,43.95934],[142.48757,43.95635],[142.48989,43.96162],[142.49162,43.97588],[142.48294,43.98177],[142.48147,43.98729],[142.47345,43.99326],[142.47867,44.00282],[142.48029,44.01268],[142.47711,44.01956],[142.48058,44.02737],[142.47868,44.03612],[142.48247,44.04081],[142.4835,44.04876],[142.48194,44.05692],[142.48365,44.06071],[142.47932,44.06463],[142.47558,44.07341],[142.46498,44.08191],[142.46674,44.0857],[142.4584,44.09493],[142.46189,44.09638],[142.46294,44.10231],[142.45715,44.10909],[142.44762,44.11332],[142.43777,44.10553],[142.43361,44.09541],[142.42843,44.09509],[142.42642,44.08859],[142.41715,44.07736],[142.40956,44.07126],[142.39354,44.06686],[142.38554,44.06207],[142.37925,44.06439],[142.37103,44.07371],[142.36636,44.06874],[142.36813,44.0661],[142.3629,44.05658],[142.35765,44.05196],[142.35055,44.05095],[142.34494,44.05268],[142.33385,44.04565],[142.32581,44.04284],[142.31783,44.0378],[142.31218,44.03742],[142.30816,44.04064],[142.2864,44.03816],[142.27474,44.04034],[142.25898,44.03629],[142.2528,44.03184],[142.24931,44.02688],[142.23985,44.02371],[142.23624,44.02048],[142.2357,44.01752],[142.2414,44.01287],[142.24493,44.00045],[142.25038,43.99501],[142.24718,43.99312],[142.24268,43.98467],[142.25307,43.98163],[142.25458,43.97446],[142.25284,43.96667],[142.24528,43.96255],[142.24477,43.95622],[142.24919,43.95015],[142.25371,43.94923],[142.26276,43.94393],[142.27423,43.94001],[142.28258,43.93955],[142.28797,43.94524],[142.30444,43.94539],[142.30766,43.95103],[142.3059,43.95478],[142.31133,43.95918],[142.31896,43.95782],[142.32628,43.9546],[142.3324,43.95828],[142.35311,43.96207],[142.36194,43.96284],[142.36736,43.95841],[142.37497,43.95794],[142.38753,43.95495],[142.4126,43.95343],[142.4214,43.94361],[142.42474,43.94248],[142.43208,43.94729]]]},"properties":{"pref":"北海道","office":"上川総合振興局","county":"上川郡","city":"和寒町","code5":"01464","code6":"014648"}},
{"type":"Feature","geometry":{"type":"Polygon","coordinates":[[[142.27474,44.04034],[142.2864,44.03816],[142.30816,44.04064],[142.31218,44.03742],[142.31783,44.0378],[142.32581,44.04284],[142.33385,44.04565],[142.34494,44.05268],[142.35055,44.05095],[142.35765,44.05196],[142.3629,44.05658],[142.36813,44.0661],[142.36636,44.06874],[142.37103,44.07371],[142.37925,44.06439],[142.38554,44.06207],[142.39354,44.06686],[142.40956,44.07126],[142.41715,44.07736],[142.42642,44.08859],[142.42843,44.09509],[142.43361,44.09541],[142.43777,44.10553],[142.44762,44.11332],[142.44079,44.11805],[142.43109,44.1154],[142.42428,44.11694],[142.40837,44.12412],[142.41266,44.13734],[142.41143,44.14762],[142.40142,44.14696],[142.39764,44.142],[142.39331,44.14606],[142.38787,44.1437],[142.36959,44.14073],[142.35803,44.14132],[142.35383,44.13977],[142.34596,44.14752],[142.3421,44.16021],[142.33382,44.16449],[142.32465,44.16586],[142.32156,44.16932],[142.32142,44.18033],[142.31032,44.18638],[142.3111,44.17711],[142.30159,44.1763],[142.30273,44.17187],[142.29708,44.17034],[142.29256,44.16249],[142.28541,44.15888],[142.28331,44.1494],[142.28483,44.14407],[142.27771,44.13295],[142.27809,44.12491],[142.27403,44.11758],[142.28,44.10719],[142.28165,44.09785],[142.27927,44.09483],[142.28082,44.08931],[142.27583,44.08554],[142.2692,44.08479],[142.26809,44.07504],[142.27082,44.06778],[142.27469,44.06427],[142.27597,44.05633],[142.28078,44.05307],[142.28159,44.04347],[142.27474,44.04034]]]},"properties":{"pref":"北海道","office":"上川総合振興局","county":"上川郡","city":"剣淵町","code5":"01465","code6":"014656"}},
{"type":"Feature","geometry":{"type":"Polygon","coordinates":[[[142.83829,44.15682],[142.84173,44.15892],[142.85239,44.15827],[142.86277,44.15479],[142.87693,44.15965],[142.88245,44.16868],[142.87747,44.17486],[142.87662,44.18518],[142.86839,44.18833],[142.87275,44.19418],[142.86892,44.19819],[142.87249,44.20352],[142.86571,44.21153],[142.86481,44.21865],[142.87111,44.22635],[142.87559,44.2288],[142.86979,44.2323],[142.86582,44.2406],[142.86669,44.24843],[142.86218,44.25056],[142.85925,44.25727],[142.85219,44.25895],[142.85125,44.26273],[142.84562,44.26725],[142.82637,44.27241],[142.82424,44.27923],[142.82724,44.28289],[142.82923,44.29337],[142.82381,44.305],[142.82748,44.30689],[142.82275,44.31358],[142.82417,44.32885],[142.81726,44.33213],[142.80264,44.33154],[142.80245,44.3426],[142.80875,44.34896],[142.81558,44.35032],[142.81515,44.35632],[142.82102,44.36287],[142.81695,44.36659],[142.82567,44.36945],[142.82868,44.37938],[142.82393,44.38847],[142.8294,44.39196],[142.83038,44.39726],[142.82581,44.40486],[142.81839,44.41389],[142.81876,44.41886],[142.82449,44.42371],[142.8357,44.42609],[142.84038,44.43242],[142.8513,44.43833],[142.84029,44.44648],[142.84454,44.45377],[142.84364,44.45942],[142.83225,44.45708],[142.82842,44.45837],[142.8218,44.45483],[142.81171,44.45875],[142.79499,44.45631],[142.78953,44.45351],[142.78528,44.45921],[142.77806,44.46012],[142.76542,44.46447],[142.75796,44.46101],[142.75652,44.45648],[142.74918,44.45496],[142.73917,44.46322],[142.73363,44.46004],[142.72119,44.46083],[142.71731,44.46293],[142.72071,44.46854],[142.71709,44.47655],[142.71269,44.48124],[142.69498,44.48191],[142.69193,44.47662],[142.68343,44.47348],[142.66763,44.45388],[142.65483,44.44774],[142.65374,44.44117],[142.65071,44.43776],[142.6407,44.43601],[142.63098,44.43608],[142.6199,44.43465],[142.6065,44.43666],[142.5939,44.43229],[142.58407,44.43368],[142.58066,44.43256],[142.56604,44.42032],[142.56459,44.41505],[142.55901,44.40992],[142.55956,44.40624],[142.56578,44.39943],[142.56261,44.39687],[142.56367,44.39094],[142.56759,44.38394],[142.57179,44.36774],[142.58282,44.35974],[142.57852,44.35563],[142.57926,44.35036],[142.57625,44.34684],[142.57408,44.33281],[142.56945,44.3268],[142.55098,44.32268],[142.52953,44.29082],[142.53809,44.28849],[142.54996,44.29056],[142.55726,44.28841],[142.57184,44.28907],[142.58199,44.28631],[142.58956,44.28609],[142.59316,44.28163],[142.58888,44.27552],[142.59149,44.26703],[142.59881,44.26465],[142.60294,44.25928],[142.59962,44.24732],[142.6085,44.24602],[142.6095,44.23722],[142.61533,44.22868],[142.62845,44.21548],[142.62515,44.21189],[142.62548,44.20686],[142.6315,44.20516],[142.6404,44.19974],[142.63955,44.19685],[142.62804,44.19161],[142.62637,44.18644],[142.62827,44.17917],[142.62186,44.17911],[142.61714,44.17255],[142.6222,44.16903],[142.63352,44.1656],[142.64273,44.16891],[142.65926,44.17236],[142.65795,44.17623],[142.66272,44.18232],[142.67744,44.1831],[142.68605,44.18765],[142.69022,44.18583],[142.69358,44.17213],[142.69916,44.17004],[142.70122,44.17833],[142.71129,44.18184],[142.71561,44.18061],[142.71727,44.18808],[142.72675,44.1885],[142.7364,44.19227],[142.74141,44.19219],[142.74864,44.18665],[142.75009,44.18018],[142.75619,44.1813],[142.76925,44.17894],[142.77827,44.17066],[142.78553,44.16043],[142.79268,44.15767],[142.78818,44.15213],[142.79017,44.14854],[142.80217,44.14175],[142.81149,44.14473],[142.816,44.15049],[142.82148,44.15396],[142.83829,44.15682]]]},"properties":{"pref":"北海道","office":"上川総合振興局","county":"上川郡","city":"下川町","code5":"01468","code6":"014681"}},
{"type":"Feature","geometry":{"type":"Polygon","coordinates":[[[142.58634,44.4453],[142.59325,44.4552],[142.59794,44.46625],[142.59331,44.47256],[142.59671,44.47472],[142.60149,44.48649],[142.61331,44.49397],[142.61833,44.50009],[142.61792,44.50488],[142.62053,44.51448],[142.62618,44.51863],[142.62794,44.52299],[142.63481,44.52373],[142.64615,44.53058],[142.64303,44.53472],[142.63619,44.53613],[142.63475,44.54591],[142.63776,44.54818],[142.63624,44.55351],[142.65288,44.56758],[142.65565,44.57813],[142.64533,44.58061],[142.64695,44.58995],[142.6418,44.59719],[142.62228,44.59479],[142.60906,44.59796],[142.6008,44.59664],[142.59393,44.59376],[142.58827,44.59686],[142.57566,44.60022],[142.56473,44.60035],[142.56104,44.60749],[142.56319,44.61215],[142.5577,44.61524],[142.54765,44.61306],[142.53672,44.61475],[142.52431,44.60908],[142.51932,44.59588],[142.5148,44.59223],[142.51058,44.5833],[142.4954,44.57843],[142.49293,44.58164],[142.49306,44.58928],[142.48398,44.58985],[142.47774,44.59644],[142.47904,44.60594],[142.47271,44.61182],[142.47331,44.61764],[142.46859,44.61989],[142.45832,44.61617],[142.44734,44.6188],[142.44055,44.61746],[142.43581,44.62039],[142.43161,44.62787],[142.41791,44.63678],[142.41336,44.63669],[142.40932,44.64548],[142.40547,44.64867],[142.40853,44.65326],[142.40925,44.66114],[142.41212,44.66576],[142.39178,44.66053],[142.38542,44.66222],[142.37275,44.67084],[142.3653,44.66803],[142.35665,44.66686],[142.34912,44.66766],[142.33657,44.66204],[142.32969,44.65769],[142.31297,44.65514],[142.30331,44.65559],[142.29423,44.65797],[142.28359,44.65452],[142.27654,44.6543],[142.26441,44.64184],[142.26282,44.63652],[142.25134,44.63091],[142.24314,44.63194],[142.23986,44.63031],[142.22551,44.63124],[142.22082,44.62248],[142.21089,44.61712],[142.21407,44.60601],[142.20624,44.60564],[142.19004,44.60295],[142.18894,44.59617],[142.18011,44.59002],[142.18012,44.58317],[142.19461,44.57104],[142.20629,44.56419],[142.206,44.55424],[142.20122,44.55165],[142.20333,44.54126],[142.2111,44.53771],[142.21223,44.52839],[142.22163,44.5237],[142.21988,44.51532],[142.22249,44.51237],[142.21903,44.50857],[142.22185,44.49955],[142.20732,44.49562],[142.20965,44.48992],[142.20689,44.48623],[142.20509,44.47684],[142.19595,44.46865],[142.19268,44.45984],[142.19643,44.45226],[142.2093,44.45399],[142.21838,44.45048],[142.22175,44.44124],[142.22539,44.43716],[142.23451,44.43117],[142.23404,44.42636],[142.23901,44.42154],[142.24701,44.41763],[142.25025,44.40992],[142.26033,44.41016],[142.27133,44.40241],[142.27746,44.40192],[142.28184,44.39608],[142.29031,44.39333],[142.30427,44.40169],[142.31405,44.40378],[142.31506,44.40884],[142.31236,44.41822],[142.30827,44.41907],[142.30921,44.42699],[142.3041,44.43638],[142.30666,44.43961],[142.31754,44.4433],[142.33341,44.4535],[142.33748,44.45796],[142.34495,44.45391],[142.35607,44.4573],[142.36074,44.45403],[142.36696,44.45428],[142.368,44.4583],[142.37806,44.4676],[142.38842,44.46843],[142.391,44.47527],[142.39904,44.48076],[142.40896,44.4831],[142.41637,44.48157],[142.41558,44.4771],[142.41818,44.47142],[142.4337,44.46972],[142.44296,44.47338],[142.45666,44.47082],[142.46356,44.47567],[142.47255,44.47391],[142.47715,44.46906],[142.48417,44.45836],[142.49087,44.45232],[142.49982,44.45183],[142.50356,44.44781],[142.51284,44.44697],[142.52037,44.44448],[142.54264,44.44619],[142.54702,44.44898],[142.55311,44.44829],[142.56631,44.44955],[142.57933,44.44801],[142.58634,44.4453]]]},"properties":{"pref":"北海道","office":"上川総合振興局","county":"中川郡","city":"美深町","code5":"01469","code6":"014699"}},
{"type":"Feature","geometry":{"type":"Polygon","coordinates":[[[142.41212,44.66576],[142.41841,44.67374],[142.40929,44.6871],[142.39689,44.695],[142.39525,44.70075],[142.38866,44.70088],[142.38391,44.70336],[142.37629,44.70181],[142.36275,44.70525],[142.35887,44.71009],[142.35012,44.70681],[142.34266,44.70608],[142.33781,44.70944],[142.32745,44.71016],[142.32435,44.72677],[142.31872,44.73326],[142.31145,44.7382],[142.3086,44.74617],[142.30266,44.74795],[142.30538,44.75791],[142.30486,44.76231],[142.30941,44.76825],[142.30945,44.77512],[142.31205,44.77795],[142.30049,44.78372],[142.29558,44.78829],[142.28347,44.78855],[142.28032,44.80271],[142.2827,44.81303],[142.2811,44.8223],[142.27306,44.82167],[142.26328,44.81735],[142.24015,44.82149],[142.23568,44.82698],[142.22689,44.82314],[142.20896,44.82122],[142.20508,44.80823],[142.19101,44.79924],[142.17351,44.7981],[142.16991,44.7873],[142.16162,44.78028],[142.16395,44.76399],[142.15875,44.75945],[142.15036,44.74724],[142.14882,44.74091],[142.14481,44.7356],[142.15263,44.73532],[142.16379,44.7313],[142.16572,44.72758],[142.15286,44.72287],[142.14755,44.71873],[142.14208,44.70805],[142.14347,44.7043],[142.13983,44.69946],[142.14281,44.69436],[142.15952,44.69272],[142.15546,44.68053],[142.15701,44.67753],[142.14974,44.67253],[142.148,44.66602],[142.15201,44.66136],[142.15086,44.65563],[142.15684,44.65555],[142.1653,44.64986],[142.16736,44.6405],[142.16547,44.6363],[142.16976,44.63004],[142.17734,44.62588],[142.18461,44.62487],[142.18981,44.61672],[142.18616,44.60964],[142.19004,44.60295],[142.20624,44.60564],[142.21407,44.60601],[142.21089,44.61712],[142.22082,44.62248],[142.22551,44.63124],[142.23986,44.63031],[142.24314,44.63194],[142.25134,44.63091],[142.26282,44.63652],[142.26441,44.64184],[142.27654,44.6543],[142.28359,44.65452],[142.29423,44.65797],[142.30331,44.65559],[142.31297,44.65514],[142.32969,44.65769],[142.33657,44.66204],[142.34912,44.66766],[142.35665,44.66686],[142.3653,44.66803],[142.37275,44.67084],[142.38542,44.66222],[142.39178,44.66053],[142.41212,44.66576]]]},"properties":{"pref":"北海道","office":"上川総合振興局","county":"中川郡","city":"音威子府村","code5":"01470","code6":"014702"}},
{"type":"Feature","geometry":{"type":"Polygon","coordinates":[[[142.19004,44.60295],[142.18616,44.60964],[142.18981,44.61672],[142.18461,44.62487],[142.17734,44.62588],[142.16976,44.63004],[142.16547,44.6363],[142.16736,44.6405],[142.1653,44.64986],[142.15684,44.65555],[142.15086,44.65563],[142.15201,44.66136],[142.148,44.66602],[142.14974,44.67253],[142.15701,44.67753],[142.15546,44.68053],[142.15952,44.69272],[142.14281,44.69436],[142.13983,44.69946],[142.14347,44.7043],[142.14208,44.70805],[142.14755,44.71873],[142.15286,44.72287],[142.16572,44.72758],[142.16379,44.7313],[142.15263,44.73532],[142.14481,44.7356],[142.14882,44.74091],[142.15036,44.74724],[142.15875,44.75945],[142.16395,44.76399],[142.16162,44.78028],[142.16991,44.7873],[142.17351,44.7981],[142.16892,44.80298],[142.16118,44.80438],[142.15874,44.81259],[142.16594,44.82334],[142.16358,44.82658],[142.16741,44.83028],[142.16695,44.83512],[142.16202,44.83667],[142.16657,44.8465],[142.16573,44.85237],[142.15213,44.85495],[142.15063,44.86015],[142.15963,44.86553],[142.16016,44.87009],[142.15216,44.8858],[142.14715,44.88861],[142.14116,44.89574],[142.13646,44.8959],[142.13333,44.90215],[142.12102,44.89794],[142.11091,44.89836],[142.10238,44.90244],[142.09628,44.90118],[142.08576,44.90191],[142.07407,44.9005],[142.06966,44.90141],[142.05311,44.8983],[142.02957,44.89863],[142.0282,44.90519],[142.02042,44.90261],[142.01936,44.89631],[142.00322,44.89406],[141.99952,44.8897],[141.99941,44.88018],[141.99082,44.87633],[141.98943,44.87068],[141.99657,44.86272],[142.00323,44.86109],[142.00751,44.85284],[142.00452,44.84786],[142.00957,44.84342],[142.00389,44.84103],[141.99792,44.83346],[142.00499,44.81872],[141.9971,44.80512],[142.00108,44.80085],[141.99774,44.79548],[141.99586,44.78791],[141.99081,44.77972],[141.99246,44.7764],[141.98707,44.76823],[141.98969,44.76097],[141.98535,44.75775],[141.9764,44.74556],[141.98123,44.74052],[141.98211,44.73275],[141.98454,44.72847],[141.99098,44.72457],[141.99963,44.72369],[141.99517,44.71964],[141.99572,44.71476],[141.99258,44.70902],[141.99375,44.70566],[142.00129,44.70083],[141.99589,44.69008],[141.98867,44.6858],[141.99334,44.67802],[141.99726,44.67501],[141.9946,44.67119],[141.99816,44.664],[141.99844,44.659],[142.00978,44.65395],[142.00314,44.64587],[142.00331,44.64103],[142.00917,44.63684],[142.00442,44.63331],[142.0033,44.62437],[142.01412,44.61956],[142.01434,44.61009],[142.00756,44.60594],[142.00917,44.59893],[142.01551,44.59275],[142.02366,44.58917],[142.02934,44.59033],[142.04025,44.58594],[142.04075,44.57941],[142.04387,44.57096],[142.04809,44.56586],[142.04723,44.56009],[142.05531,44.55204],[142.05091,44.54809],[142.05045,44.54078],[142.045,44.53353],[142.04068,44.53055],[142.05439,44.51359],[142.06729,44.5045],[142.07291,44.49615],[142.07983,44.49685],[142.0811,44.4922],[142.08607,44.48902],[142.0962,44.49035],[142.10848,44.48868],[142.11535,44.47459],[142.12415,44.47489],[142.13265,44.47808],[142.13448,44.47524],[142.14498,44.47855],[142.15449,44.47789],[142.15933,44.47371],[142.1678,44.47348],[142.17663,44.46949],[142.18394,44.46329],[142.19268,44.45984],[142.19595,44.46865],[142.20509,44.47684],[142.20689,44.48623],[142.20965,44.48992],[142.20732,44.49562],[142.22185,44.49955],[142.21903,44.50857],[142.22249,44.51237],[142.21988,44.51532],[142.22163,44.5237],[142.21223,44.52839],[142.2111,44.53771],[142.20333,44.54126],[142.20122,44.55165],[142.206,44.55424],[142.20629,44.56419],[142.19461,44.57104],[142.18012,44.58317],[142.18011,44.59002],[142.18894,44.59617],[142.19004,44.60295]]]},"properties":{"pref":"北海道","office":"上川総合振興局","county":"中川郡","city":"中川町","code5":"01471","code6":"014711"}},
{"type":"Feature","geometry":{"type":"Polygon","coordinates":[[[142.24477,43.95622],[142.24528,43.96255],[142.25284,43.96667],[142.25458,43.97446],[142.25307,43.98163],[142.24268,43.98467],[142.24718,43.99312],[142.25038,43.99501],[142.24493,44.00045],[142.2414,44.01287],[142.2357,44.01752],[142.23624,44.02048],[142.21,44.03522],[142.20645,44.03252],[142.18722,44.04299],[142.18185,44.04843],[142.17687,44.04926],[142.17418,44.06186],[142.18038,44.07124],[142.17953,44.0789],[142.18209,44.08127],[142.1784,44.08856],[142.18104,44.09514],[142.19563,44.10904],[142.20309,44.11004],[142.19869,44.11513],[142.20401,44.12311],[142.1973,44.13119],[142.18811,44.13883],[142.18521,44.15237],[142.17932,44.15765],[142.18935,44.16671],[142.186,44.1689],[142.18798,44.17644],[142.18579,44.18518],[142.17741,44.18653],[142.17214,44.19295],[142.18328,44.19754],[142.18487,44.20093],[142.19897,44.2077],[142.20234,44.21386],[142.20161,44.21837],[142.20523,44.22274],[142.20422,44.22698],[142.20671,44.23997],[142.2133,44.24094],[142.21125,44.24948],[142.2135,44.25182],[142.20067,44.25621],[142.19439,44.25447],[142.18522,44.24788],[142.17724,44.25075],[142.17334,44.25422],[142.1745,44.26104],[142.18296,44.27229],[142.19217,44.27943],[142.19508,44.28559],[142.20745,44.27788],[142.21401,44.27803],[142.21242,44.28381],[142.21368,44.29525],[142.23182,44.29722],[142.24008,44.29541],[142.2492,44.28599],[142.25686,44.28598],[142.26722,44.28048],[142.27325,44.28358],[142.28028,44.28143],[142.28101,44.27627],[142.29238,44.27141],[142.29083,44.26641],[142.29496,44.26221],[142.31189,44.26686],[142.31072,44.27317],[142.31107,44.27652],[142.30519,44.2792],[142.29835,44.28607],[142.2962,44.29074],[142.29204,44.29154],[142.28724,44.29831],[142.28835,44.3043],[142.27802,44.30832],[142.28092,44.31097],[142.27933,44.31545],[142.2881,44.31643],[142.30726,44.32852],[142.30851,44.33677],[142.30639,44.33963],[142.30784,44.34581],[142.31458,44.3472],[142.32313,44.35441],[142.32275,44.3655],[142.3202,44.37989],[142.32075,44.38701],[142.31862,44.39035],[142.317,44.40013],[142.31405,44.40378],[142.30427,44.40169],[142.29031,44.39333],[142.28184,44.39608],[142.27746,44.40192],[142.27133,44.40241],[142.26033,44.41016],[142.25025,44.40992],[142.24701,44.41763],[142.23901,44.42154],[142.23404,44.42636],[142.23451,44.43117],[142.22539,44.43716],[142.22175,44.44124],[142.21838,44.45048],[142.2093,44.45399],[142.19643,44.45226],[142.19268,44.45984],[142.18394,44.46329],[142.17663,44.46949],[142.1678,44.47348],[142.15933,44.47371],[142.15449,44.47789],[142.14498,44.47855],[142.13448,44.47524],[142.13265,44.47808],[142.12415,44.47489],[142.11535,44.47459],[142.11299,44.4694],[142.11562,44.46523],[142.11147,44.46007],[142.11219,44.45293],[142.1074,44.44619],[142.10554,44.43879],[142.0945,44.43653],[142.08832,44.43866],[142.07998,44.43353],[142.07734,44.42433],[142.07128,44.42309],[142.06464,44.41672],[142.05716,44.41399],[142.05427,44.40882],[142.03526,44.40556],[142.03568,44.40075],[142.02965,44.39493],[142.02194,44.39426],[142.02129,44.39022],[142.02638,44.38168],[142.03165,44.37755],[142.02881,44.37081],[142.03186,44.36543],[142.03208,44.35563],[142.03667,44.34587],[142.04283,44.34374],[142.04832,44.34454],[142.06101,44.33606],[142.05975,44.33127],[142.05378,44.32647],[142.05409,44.32104],[142.05894,44.31459],[142.05266,44.31305],[142.05331,44.30856],[142.06047,44.29812],[142.05997,44.29493],[142.05318,44.29427],[142.04585,44.29014],[142.03982,44.2889],[142.03093,44.28465],[142.03908,44.26972],[142.03466,44.26513],[142.0339,44.25934],[142.03866,44.25857],[142.04593,44.26296],[142.05767,44.25585],[142.05597,44.25183],[142.06157,44.25012],[142.06239,44.24356],[142.06638,44.23545],[142.05046,44.23206],[142.04347,44.22802],[142.0499,44.21735],[142.04354,44.21247],[142.04959,44.20404],[142.05743,44.20273],[142.05985,44.19749],[142.07373,44.19416],[142.08186,44.19566],[142.08818,44.18839],[142.08809,44.18223],[142.07894,44.17229],[142.07561,44.16492],[142.07126,44.15776],[142.07136,44.15138],[142.07555,44.14609],[142.07203,44.13946],[142.07292,44.1322],[142.07818,44.12923],[142.07144,44.12413],[142.07087,44.11944],[142.06383,44.11233],[142.05252,44.10437],[142.05993,44.08668],[142.06237,44.07845],[142.06998,44.06953],[142.06468,44.06203],[142.05695,44.05596],[142.05833,44.0508],[142.06606,44.04827],[142.08563,44.0469],[142.09496,44.04464],[142.09809,44.03941],[142.09678,44.03358],[142.09326,44.02948],[142.08863,44.02934],[142.09102,44.01468],[142.09711,44.00705],[142.09564,44.00059],[142.10206,43.9974],[142.10533,43.99043],[142.10456,43.98613],[142.1127,43.97726],[142.11199,43.97154],[142.10532,43.96532],[142.11511,43.95593],[142.1139,43.94856],[142.11996,43.94638],[142.12271,43.9338],[142.12946,43.92884],[142.13513,43.92135],[142.13977,43.9189],[142.143,43.91231],[142.14938,43.90536],[142.15853,43.9141],[142.1643,43.91509],[142.17132,43.92288],[142.18031,43.92542],[142.18665,43.93],[142.18797,43.9349],[142.19861,43.94532],[142.20784,43.94909],[142.2204,43.94774],[142.23285,43.94947],[142.23692,43.94879],[142.24357,43.95225],[142.24477,43.95622]]]},"properties":{"pref":"北海道","office":"上川総合振興局","county":"雨竜郡","city":"幌加内町","code5":"01472","code6":"014729"}},
{"type":"Feature","geometry":{"type":"Polygon","coordinates":[[[141.60789,43.90312],[141.59741,43.88433],[141.58806,43.88194],[141.58217,43.87264],[141.57518,43.86808],[141.56499,43.86668],[141.56213,43.85977],[141.55471,43.85853],[141.54655,43.86048],[141.54404,43.8547],[141.53734,43.85183],[141.52917,43.85361],[141.52933,43.8573],[141.51927,43.85889],[141.50981,43.85517],[141.50494,43.85047],[141.49739,43.83886],[141.49357,43.8362],[141.48194,43.8358],[141.47888,43.83407],[141.46644,43.83305],[141.45751,43.83573],[141.44672,43.82878],[141.43363,43.8259],[141.42726,43.8218],[141.40975,43.81385],[141.39926,43.81185],[141.39316,43.80684],[141.38138,43.80175],[141.37199,43.7918],[141.36846,43.78443],[141.36991,43.777],[141.36508,43.76992],[141.36245,43.76281],[141.35102,43.75484],[141.34508,43.74489],[141.33774,43.73739],[141.34701,43.73392],[141.37127,43.72762],[141.37913,43.7296],[141.39324,43.7376],[141.40498,43.73779],[141.41092,43.72824],[141.41388,43.72655],[141.41167,43.719],[141.41734,43.7112],[141.42671,43.70978],[141.43168,43.71065],[141.43912,43.70719],[141.43883,43.70383],[141.45309,43.7009],[141.46871,43.70078],[141.48,43.68797],[141.49063,43.68444],[141.49333,43.69154],[141.50545,43.69939],[141.51103,43.6985],[141.51445,43.7025],[141.51973,43.70353],[141.52503,43.70836],[141.52511,43.71096],[141.52666,43.71313],[141.53826,43.71216],[141.55888,43.71806],[141.57332,43.72858],[141.59568,43.73883],[141.60108,43.74365],[141.60649,43.74511],[141.61512,43.74279],[141.61759,43.74644],[141.61754,43.75243],[141.63249,43.75992],[141.64029,43.7608],[141.64722,43.75626],[141.65427,43.75881],[141.66408,43.75976],[141.69354,43.74635],[141.70154,43.75132],[141.70474,43.75677],[141.7011,43.7631],[141.69818,43.77387],[141.69972,43.78142],[141.69498,43.78578],[141.69887,43.79621],[141.6985,43.80586],[141.69511,43.80927],[141.69314,43.81601],[141.69529,43.82482],[141.68664,43.82845],[141.68644,43.8332],[141.67551,43.84163],[141.66937,43.8527],[141.66179,43.85467],[141.66209,43.86324],[141.66425,43.86445],[141.66244,43.87423],[141.64725,43.88142],[141.63956,43.89016],[141.63576,43.89009],[141.62473,43.89922],[141.60789,43.90312]]]},"properties":{"pref":"北海道","office":"留萌振興局","county":"増毛郡","city":"増毛町","code5":"01481","code6":"014818"}},
{"type":"Feature","geometry":{"type":"Polygon","coordinates":[[[141.8851,43.94329],[141.89515,43.94545],[141.89523,43.94821],[141.90135,43.9567],[141.91957,43.95848],[141.93128,43.9634],[141.92914,43.97183],[141.93096,43.98307],[141.93929,43.98802],[141.93965,43.99089],[141.94883,43.99916],[141.95649,43.99803],[141.96346,44.00034],[141.96751,43.99767],[141.97631,43.99642],[141.98592,43.99336],[141.99192,43.99669],[141.99568,44.0059],[142.01092,44.00384],[142.02002,44.00572],[142.0262,44.0004],[142.03272,43.99839],[142.04057,43.99953],[142.04384,44.00629],[142.04295,44.00927],[142.04775,44.01343],[142.05954,44.01169],[142.05375,44.01867],[142.05864,44.02509],[142.05545,44.02759],[142.06136,44.03098],[142.05798,44.03731],[142.0598,44.04488],[142.06606,44.04827],[142.05833,44.0508],[142.05695,44.05596],[142.06468,44.06203],[142.06998,44.06953],[142.06237,44.07845],[142.05993,44.08668],[142.05252,44.10437],[142.06383,44.11233],[142.07087,44.11944],[142.07144,44.12413],[142.07818,44.12923],[142.07292,44.1322],[142.07203,44.13946],[142.07555,44.14609],[142.07136,44.15138],[142.07126,44.15776],[142.07561,44.16492],[142.06909,44.16704],[142.05521,44.16928],[142.04763,44.15653],[142.03349,44.14664],[142.02169,44.15128],[142.01596,44.14681],[142.00237,44.1445],[141.98717,44.1486],[141.97856,44.14668],[141.96841,44.14173],[141.95575,44.14676],[141.94743,44.14602],[141.94683,44.14093],[141.95062,44.13777],[141.95112,44.13275],[141.9471,44.12821],[141.95148,44.12457],[141.94621,44.11572],[141.93193,44.1187],[141.93031,44.12337],[141.92123,44.12303],[141.91548,44.12115],[141.91135,44.11301],[141.90037,44.11035],[141.89771,44.107],[141.88943,44.10518],[141.87134,44.10686],[141.8662,44.11082],[141.85816,44.11239],[141.84844,44.11634],[141.83962,44.11729],[141.83589,44.11205],[141.82423,44.10795],[141.82481,44.09935],[141.82083,44.09407],[141.81263,44.09079],[141.80083,44.09561],[141.78524,44.09828],[141.7822,44.10212],[141.77558,44.10529],[141.77041,44.1121],[141.77783,44.12127],[141.77644,44.12777],[141.7723,44.13371],[141.77173,44.14186],[141.76555,44.14883],[141.74812,44.16356],[141.72981,44.16794],[141.72756,44.17146],[141.72206,44.17268],[141.72364,44.17838],[141.72883,44.18231],[141.72809,44.1872],[141.73254,44.19064],[141.72167,44.19206],[141.71163,44.20084],[141.70778,44.20608],[141.6981,44.2058],[141.69591,44.20901],[141.68609,44.21489],[141.66733,44.21341],[141.65617,44.209],[141.65798,44.18806],[141.65751,44.17699],[141.65831,44.16178],[141.65393,44.15448],[141.65321,44.14249],[141.65511,44.12819],[141.65987,44.1006],[141.6621,44.07841],[141.66281,44.05842],[141.66239,44.03867],[141.66053,44.0285],[141.66227,44.02342],[141.65991,44.0084],[141.65709,44.00211],[141.6508,43.99757],[141.65102,43.99386],[141.65459,43.98936],[141.65415,43.98541],[141.66782,43.97758],[141.67052,43.97205],[141.67889,43.96487],[141.68943,43.96378],[141.69398,43.95786],[141.70435,43.95816],[141.71026,43.95361],[141.71947,43.95066],[141.72141,43.94362],[141.7343,43.94098],[141.73677,43.93488],[141.74301,43.93092],[141.74993,43.93257],[141.76128,43.93286],[141.77165,43.93129],[141.78239,43.93683],[141.7953,43.95129],[141.79778,43.95841],[141.80893,43.95851],[141.82109,43.96322],[141.83446,43.9602],[141.84157,43.96708],[141.85116,43.96478],[141.85947,43.96475],[141.8661,43.95727],[141.87531,43.9536],[141.879,43.94743],[141.8851,43.94329]]]},"properties":{"pref":"北海道","office":"留萌振興局","county":"留萌郡","city":"小平町","code5":"01482","code6":"014826"}},
{"type":"Feature","geometry":{"type":"Polygon","coordinates":[[[142.04347,44.22802],[142.03555,44.23422],[142.02633,44.22896],[142.02523,44.21827],[142.02037,44.21425],[142.00618,44.21366],[141.99528,44.20706],[141.98923,44.20758],[141.98078,44.21461],[141.97583,44.21537],[141.97619,44.22238],[141.96091,44.22442],[141.95197,44.22369],[141.94575,44.22651],[141.94562,44.2327],[141.9339,44.23814],[141.92437,44.24873],[141.91956,44.25119],[141.91059,44.25203],[141.90337,44.25684],[141.89162,44.25498],[141.88566,44.25875],[141.87806,44.26086],[141.87742,44.26474],[141.86541,44.26854],[141.85176,44.26896],[141.8398,44.27149],[141.82559,44.26962],[141.82298,44.27177],[141.8134,44.2729],[141.79971,44.27734],[141.78625,44.27785],[141.78517,44.28007],[141.77248,44.28233],[141.76913,44.28438],[141.76808,44.29596],[141.76237,44.29848],[141.74848,44.29916],[141.73847,44.31139],[141.7272,44.31197],[141.72377,44.31759],[141.72452,44.32504],[141.69784,44.34201],[141.69207,44.34293],[141.68368,44.3472],[141.67878,44.33272],[141.67206,44.32386],[141.6617,44.31561],[141.64855,44.31419],[141.64702,44.31211],[141.64889,44.29737],[141.64762,44.2921],[141.65432,44.2643],[141.65397,44.26003],[141.65799,44.24216],[141.65444,44.22004],[141.65617,44.209],[141.66733,44.21341],[141.68609,44.21489],[141.69591,44.20901],[141.6981,44.2058],[141.70778,44.20608],[141.71163,44.20084],[141.72167,44.19206],[141.73254,44.19064],[141.72809,44.1872],[141.72883,44.18231],[141.72364,44.17838],[141.72206,44.17268],[141.72756,44.17146],[141.72981,44.16794],[141.74812,44.16356],[141.76555,44.14883],[141.77173,44.14186],[141.7723,44.13371],[141.77644,44.12777],[141.77783,44.12127],[141.77041,44.1121],[141.77558,44.10529],[141.7822,44.10212],[141.78524,44.09828],[141.80083,44.09561],[141.81263,44.09079],[141.82083,44.09407],[141.82481,44.09935],[141.82423,44.10795],[141.83589,44.11205],[141.83962,44.11729],[141.84844,44.11634],[141.85816,44.11239],[141.8662,44.11082],[141.87134,44.10686],[141.88943,44.10518],[141.89771,44.107],[141.90037,44.11035],[141.91135,44.11301],[141.91548,44.12115],[141.92123,44.12303],[141.93031,44.12337],[141.93193,44.1187],[141.94621,44.11572],[141.95148,44.12457],[141.9471,44.12821],[141.95112,44.13275],[141.95062,44.13777],[141.94683,44.14093],[141.94743,44.14602],[141.95575,44.14676],[141.96841,44.14173],[141.97856,44.14668],[141.98717,44.1486],[142.00237,44.1445],[142.01596,44.14681],[142.02169,44.15128],[142.03349,44.14664],[142.04763,44.15653],[142.05521,44.16928],[142.06909,44.16704],[142.07561,44.16492],[142.07894,44.17229],[142.08809,44.18223],[142.08818,44.18839],[142.08186,44.19566],[142.07373,44.19416],[142.05985,44.19749],[142.05743,44.20273],[142.04959,44.20404],[142.04354,44.21247],[142.0499,44.21735],[142.04347,44.22802]]]},"properties":{"pref":"北海道","office":"留萌振興局","county":"苫前郡","city":"苫前町","code5":"01483","code6":"014834"}},
{"type":"Feature","geometry":{"type":"MultiPolygon","coordinates":[[[[142.03208,44.35563],[142.01927,44.35561],[142.01296,44.36178],[142.01374,44.36638],[142.00993,44.37198],[142.00827,44.38756],[142,44.40428],[142.00063,44.41122],[141.99706,44.41565],[141.99031,44.41817],[141.98346,44.42808],[141.97526,44.42915],[141.9763,44.43291],[141.97306,44.43973],[141.97389,44.44291],[141.96817,44.44586],[141.95591,44.44824],[141.95243,44.45301],[141.94785,44.45474],[141.93911,44.45111],[141.93073,44.44467],[141.92312,44.44121],[141.90627,44.43586],[141.90348,44.43301],[141.88938,44.43122],[141.88007,44.42472],[141.88508,44.41698],[141.88501,44.41268],[141.88071,44.41027],[141.87607,44.40358],[141.8748,44.39611],[141.86569,44.39208],[141.84717,44.38746],[141.8424,44.39064],[141.83193,44.39284],[141.8135,44.3949],[141.80642,44.39432],[141.80113,44.39799],[141.79346,44.39698],[141.78763,44.39959],[141.78195,44.41021],[141.77479,44.41713],[141.77271,44.42352],[141.75875,44.42707],[141.74706,44.4328],[141.73615,44.41536],[141.72529,44.40458],[141.71175,44.39429],[141.70953,44.39141],[141.70696,44.37796],[141.69875,44.36937],[141.69213,44.36624],[141.68368,44.3472],[141.69207,44.34293],[141.69784,44.34201],[141.72452,44.32504],[141.72377,44.31759],[141.7272,44.31197],[141.73847,44.31139],[141.74848,44.29916],[141.76237,44.29848],[141.76808,44.29596],[141.76913,44.28438],[141.77248,44.28233],[141.78517,44.28007],[141.78625,44.27785],[141.79971,44.27734],[141.8134,44.2729],[141.82298,44.27177],[141.82559,44.26962],[141.8398,44.27149],[141.85176,44.26896],[141.86541,44.26854],[141.87742,44.26474],[141.87806,44.26086],[141.88566,44.25875],[141.89162,44.25498],[141.90337,44.25684],[141.91059,44.25203],[141.91956,44.25119],[141.92437,44.24873],[141.9339,44.23814],[141.94562,44.2327],[141.94575,44.22651],[141.95197,44.22369],[141.96091,44.22442],[141.97619,44.22238],[141.97583,44.21537],[141.98078,44.21461],[141.98923,44.20758],[141.99528,44.20706],[142.00618,44.21366],[142.02037,44.21425],[142.02523,44.21827],[142.02633,44.22896],[142.03555,44.23422],[142.04347,44.22802],[142.05046,44.23206],[142.06638,44.23545],[142.06239,44.24356],[142.06157,44.25012],[142.05597,44.25183],[142.05767,44.25585],[142.04593,44.26296],[142.03866,44.25857],[142.0339,44.25934],[142.03466,44.26513],[142.03908,44.26972],[142.03093,44.28465],[142.03982,44.2889],[142.04585,44.29014],[142.05318,44.29427],[142.05997,44.29493],[142.06047,44.29812],[142.05331,44.30856],[142.05266,44.31305],[142.05894,44.31459],[142.05409,44.32104],[142.05378,44.32647],[142.05975,44.33127],[142.06101,44.33606],[142.04832,44.34454],[142.04283,44.34374],[142.03667,44.34587],[142.03208,44.35563]]],[[[141.3267,44.44239],[141.31436,44.43446],[141.30738,44.42735],[141.29632,44.42322],[141.29298,44.41958],[141.29444,44.41266],[141.3196,44.41559],[141.33268,44.42813],[141.33557,44.43228],[141.32754,44.43787],[141.3267,44.44239]]],[[[141.42574,44.44657],[141.40893,44.44407],[141.40171,44.44053],[141.39605,44.44111],[141.38639,44.43801],[141.38071,44.43379],[141.38432,44.4304],[141.39385,44.43099],[141.40709,44.42975],[141.41581,44.42772],[141.42601,44.42816],[141.42909,44.43349],[141.42574,44.44657]]]]},"properties":{"pref":"北海道","office":"留萌振興局","county":"苫前郡","city":"羽幌町","code5":"01484","code6":"014842"}},
{"type":"Feature","geometry":{"type":"Polygon","coordinates":[[[141.93911,44.45111],[141.93158,44.4552],[141.93226,44.4595],[141.92673,44.46264],[141.9206,44.46286],[141.92071,44.46757],[141.90974,44.46821],[141.90662,44.47184],[141.91018,44.47778],[141.90737,44.48312],[141.91341,44.49001],[141.90577,44.49461],[141.8982,44.49589],[141.89703,44.50211],[141.90687,44.50705],[141.9072,44.51076],[141.9141,44.51644],[141.92382,44.52112],[141.92988,44.5216],[141.92756,44.53291],[141.92381,44.53611],[141.92796,44.54034],[141.92684,44.54482],[141.9317,44.55342],[141.93282,44.56316],[141.93004,44.56827],[141.93107,44.57195],[141.92342,44.5785],[141.92438,44.58746],[141.9293,44.59433],[141.92114,44.59992],[141.90344,44.60151],[141.89724,44.60357],[141.88931,44.60123],[141.88256,44.60339],[141.87248,44.59989],[141.8645,44.60092],[141.85742,44.60475],[141.85626,44.60924],[141.84811,44.61132],[141.84233,44.60974],[141.83353,44.61075],[141.82144,44.62237],[141.82032,44.63024],[141.81316,44.63219],[141.81094,44.63799],[141.79675,44.63679],[141.79232,44.64294],[141.78989,44.60506],[141.78739,44.58672],[141.78245,44.57168],[141.77808,44.56543],[141.77308,44.56452],[141.76746,44.55572],[141.76562,44.53748],[141.76316,44.53085],[141.76434,44.51068],[141.76062,44.47239],[141.75504,44.45124],[141.74706,44.4328],[141.75875,44.42707],[141.77271,44.42352],[141.77479,44.41713],[141.78195,44.41021],[141.78763,44.39959],[141.79346,44.39698],[141.80113,44.39799],[141.80642,44.39432],[141.8135,44.3949],[141.83193,44.39284],[141.8424,44.39064],[141.84717,44.38746],[141.86569,44.39208],[141.8748,44.39611],[141.87607,44.40358],[141.88071,44.41027],[141.88501,44.41268],[141.88508,44.41698],[141.88007,44.42472],[141.88938,44.43122],[141.90348,44.43301],[141.90627,44.43586],[141.92312,44.44121],[141.93073,44.44467],[141.93911,44.45111]]]},"properties":{"pref":"北海道","office":"留萌振興局","county":"苫前郡","city":"初山別村","code5":"01485","code6":"014851"}},
{"type":"Feature","geometry":{"type":"Polygon","coordinates":[[[141.99081,44.77972],[141.97323,44.77911],[141.9661,44.77635],[141.95966,44.77701],[141.95222,44.77399],[141.94845,44.77535],[141.93966,44.76759],[141.92569,44.76395],[141.91739,44.76705],[141.91251,44.76339],[141.90702,44.76332],[141.9012,44.76633],[141.89013,44.76594],[141.89529,44.77049],[141.89558,44.77534],[141.89004,44.78506],[141.88651,44.79804],[141.88389,44.80219],[141.88788,44.81046],[141.87967,44.80916],[141.87582,44.81085],[141.86839,44.82232],[141.86629,44.83204],[141.85807,44.84523],[141.85274,44.84134],[141.85484,44.83319],[141.85374,44.82436],[141.84324,44.82267],[141.83156,44.81915],[141.80339,44.81477],[141.76337,44.80776],[141.77524,44.76572],[141.78276,44.72823],[141.78051,44.72158],[141.78342,44.71619],[141.78768,44.69492],[141.79189,44.66161],[141.79232,44.64294],[141.79675,44.63679],[141.81094,44.63799],[141.81316,44.63219],[141.82032,44.63024],[141.82144,44.62237],[141.83353,44.61075],[141.84233,44.60974],[141.84811,44.61132],[141.85626,44.60924],[141.85742,44.60475],[141.8645,44.60092],[141.87248,44.59989],[141.88256,44.60339],[141.88931,44.60123],[141.89724,44.60357],[141.90344,44.60151],[141.92114,44.59992],[141.9293,44.59433],[141.92438,44.58746],[141.92342,44.5785],[141.93107,44.57195],[141.93004,44.56827],[141.93282,44.56316],[141.9317,44.55342],[141.92684,44.54482],[141.92796,44.54034],[141.92381,44.53611],[141.92756,44.53291],[141.92988,44.5216],[141.92382,44.52112],[141.9141,44.51644],[141.9072,44.51076],[141.90687,44.50705],[141.89703,44.50211],[141.8982,44.49589],[141.90577,44.49461],[141.91341,44.49001],[141.90737,44.48312],[141.91018,44.47778],[141.90662,44.47184],[141.90974,44.46821],[141.92071,44.46757],[141.9206,44.46286],[141.92673,44.46264],[141.93226,44.4595],[141.93158,44.4552],[141.93911,44.45111],[141.94785,44.45474],[141.95243,44.45301],[141.95591,44.44824],[141.96817,44.44586],[141.97389,44.44291],[141.97306,44.43973],[141.9763,44.43291],[141.97526,44.42915],[141.98346,44.42808],[141.99031,44.41817],[141.99706,44.41565],[142.00063,44.41122],[142,44.40428],[142.00827,44.38756],[142.00993,44.37198],[142.01374,44.36638],[142.01296,44.36178],[142.01927,44.35561],[142.03208,44.35563],[142.03186,44.36543],[142.02881,44.37081],[142.03165,44.37755],[142.02638,44.38168],[142.02129,44.39022],[142.02194,44.39426],[142.02965,44.39493],[142.03568,44.40075],[142.03526,44.40556],[142.05427,44.40882],[142.05716,44.41399],[142.06464,44.41672],[142.07128,44.42309],[142.07734,44.42433],[142.07998,44.43353],[142.08832,44.43866],[142.0945,44.43653],[142.10554,44.43879],[142.1074,44.44619],[142.11219,44.45293],[142.11147,44.46007],[142.11562,44.46523],[142.11299,44.4694],[142.11535,44.47459],[142.10848,44.48868],[142.0962,44.49035],[142.08607,44.48902],[142.0811,44.4922],[142.07983,44.49685],[142.07291,44.49615],[142.06729,44.5045],[142.05439,44.51359],[142.04068,44.53055],[142.045,44.53353],[142.05045,44.54078],[142.05091,44.54809],[142.05531,44.55204],[142.04723,44.56009],[142.04809,44.56586],[142.04387,44.57096],[142.04075,44.57941],[142.04025,44.58594],[142.02934,44.59033],[142.02366,44.58917],[142.01551,44.59275],[142.00917,44.59893],[142.00756,44.60594],[142.01434,44.61009],[142.01412,44.61956],[142.0033,44.62437],[142.00442,44.63331],[142.00917,44.63684],[142.00331,44.64103],[142.00314,44.64587],[142.00978,44.65395],[141.99844,44.659],[141.99816,44.664],[141.9946,44.67119],[141.99726,44.67501],[141.99334,44.67802],[141.98867,44.6858],[141.99589,44.69008],[142.00129,44.70083],[141.99375,44.70566],[141.99258,44.70902],[141.99572,44.71476],[141.99517,44.71964],[141.99963,44.72369],[141.99098,44.72457],[141.98454,44.72847],[141.98211,44.73275],[141.98123,44.74052],[141.9764,44.74556],[141.98535,44.75775],[141.98969,44.76097],[141.98707,44.76823],[141.99246,44.7764],[141.99081,44.77972]]]},"properties":{"pref":"北海道","office":"留萌振興局","county":"天塩郡","city":"遠別町","code5":"01486","code6":"014869"}},
{"type":"Feature","geometry":{"type":"Polygon","coordinates":[[[142.0282,44.90519],[142.02525,44.91005],[142.02109,44.91094],[142.01244,44.90691],[142.00441,44.89792],[141.99321,44.90351],[141.99025,44.9076],[141.98965,44.91618],[141.98319,44.91597],[141.97477,44.91122],[141.96651,44.90256],[141.95301,44.89809],[141.94899,44.91083],[141.93019,44.90815],[141.929,44.90041],[141.9204,44.90527],[141.91259,44.90544],[141.90975,44.90921],[141.91857,44.91555],[141.91765,44.91826],[141.90948,44.92157],[141.8987,44.92275],[141.87656,44.92945],[141.87437,44.9323],[141.87708,44.94745],[141.87622,44.95629],[141.87155,44.97091],[141.86372,44.98002],[141.86297,44.98774],[141.8555,44.99322],[141.83814,44.99192],[141.83314,44.98972],[141.8204,44.99285],[141.79624,44.99175],[141.78995,44.9905],[141.77791,44.985],[141.76648,44.98498],[141.76159,44.98255],[141.74452,44.96859],[141.73304,44.96604],[141.71516,44.95263],[141.71611,44.94624],[141.72079,44.94196],[141.72662,44.92723],[141.72949,44.91433],[141.73726,44.89407],[141.74042,44.88193],[141.73662,44.87821],[141.74078,44.8679],[141.74716,44.85711],[141.75472,44.83598],[141.76337,44.80776],[141.80339,44.81477],[141.83156,44.81915],[141.84324,44.82267],[141.85374,44.82436],[141.85484,44.83319],[141.85274,44.84134],[141.85807,44.84523],[141.86629,44.83204],[141.86839,44.82232],[141.87582,44.81085],[141.87967,44.80916],[141.88788,44.81046],[141.88389,44.80219],[141.88651,44.79804],[141.89004,44.78506],[141.89558,44.77534],[141.89529,44.77049],[141.89013,44.76594],[141.9012,44.76633],[141.90702,44.76332],[141.91251,44.76339],[141.91739,44.76705],[141.92569,44.76395],[141.93966,44.76759],[141.94845,44.77535],[141.95222,44.77399],[141.95966,44.77701],[141.9661,44.77635],[141.97323,44.77911],[141.99081,44.77972],[141.99586,44.78791],[141.99774,44.79548],[142.00108,44.80085],[141.9971,44.80512],[142.00499,44.81872],[141.99792,44.83346],[142.00389,44.84103],[142.00957,44.84342],[142.00452,44.84786],[142.00751,44.85284],[142.00323,44.86109],[141.99657,44.86272],[141.98943,44.87068],[141.99082,44.87633],[141.99941,44.88018],[141.99952,44.8897],[142.00322,44.89406],[142.01936,44.89631],[142.02042,44.90261],[142.0282,44.90519]]]},"properties":{"pref":"北海道","office":"留萌振興局","county":"天塩郡","city":"天塩町","code5":"01487","code6":"014877"}},
{"type":"Feature","geometry":{"type":"Polygon","coordinates":[[[141.99675,45.23582],[142.0001,45.23108],[141.99637,45.22732],[142.00231,45.2236],[141.99613,45.21884],[141.99268,45.21122],[141.97994,45.20673],[141.97827,45.20394],[141.98731,45.19798],[141.98698,45.19361],[141.99279,45.19183],[141.99218,45.18399],[142.00534,45.18086],[142.00503,45.1736],[142.00961,45.16469],[142.0115,45.15426],[142.01717,45.15019],[142.01864,45.14353],[142.01428,45.13888],[142.00619,45.1364],[142.00234,45.13028],[141.99624,45.12999],[141.98754,45.12379],[141.989,45.11687],[141.98652,45.10834],[141.9922,45.10117],[142.00419,45.10055],[142.00522,45.09337],[142.01511,45.09307],[142.02485,45.0859],[142.03707,45.08691],[142.03676,45.08383],[142.04792,45.07025],[142.05129,45.06447],[142.06342,45.06899],[142.06561,45.0738],[142.07168,45.07862],[142.07776,45.08629],[142.08457,45.08971],[142.09586,45.09237],[142.09368,45.09917],[142.09817,45.09991],[142.1009,45.09393],[142.1068,45.08795],[142.11564,45.08765],[142.13128,45.0817],[142.12892,45.07859],[142.13439,45.07283],[142.13282,45.06986],[142.14359,45.06474],[142.14652,45.06065],[142.16433,45.05119],[142.17252,45.05393],[142.18274,45.05448],[142.1799,45.06456],[142.18254,45.06787],[142.18586,45.07838],[142.19752,45.08222],[142.19888,45.09119],[142.19309,45.09828],[142.1917,45.10955],[142.18886,45.1142],[142.18984,45.11834],[142.18225,45.11891],[142.18157,45.12769],[142.17241,45.13067],[142.17297,45.13427],[142.16906,45.14077],[142.17832,45.14218],[142.1861,45.14554],[142.18564,45.16047],[142.19144,45.16497],[142.19197,45.16855],[142.20469,45.1787],[142.21091,45.1794],[142.21821,45.17521],[142.22515,45.17568],[142.23125,45.17961],[142.2389,45.18005],[142.24342,45.18453],[142.24454,45.19127],[142.25127,45.19212],[142.25712,45.18754],[142.26441,45.18642],[142.28127,45.17832],[142.29631,45.17302],[142.31268,45.16204],[142.31942,45.16052],[142.3449,45.17479],[142.31231,45.20297],[142.30452,45.20874],[142.28455,45.22572],[142.26327,45.24541],[142.22702,45.28253],[142.21223,45.29588],[142.19228,45.31497],[142.18397,45.32372],[142.17974,45.33],[142.16609,45.34211],[142.16089,45.3438],[142.14907,45.35091],[142.11621,45.36642],[142.08526,45.38339],[142.0801,45.38512],[142.06324,45.39363],[142.05017,45.40234],[142.05342,45.39659],[142.04898,45.39501],[142.04904,45.38595],[142.04491,45.38121],[142.04392,45.37639],[142.02806,45.3738],[142.02513,45.37053],[142.02512,45.36503],[142.01722,45.36186],[142.00075,45.36056],[141.98257,45.3534],[141.97682,45.35405],[141.96211,45.34418],[141.96321,45.33889],[141.95961,45.33608],[141.96888,45.32808],[141.97508,45.31848],[141.97365,45.30897],[141.96676,45.30453],[141.96081,45.29363],[141.96757,45.29347],[141.98098,45.28724],[141.98586,45.28859],[141.99114,45.28616],[141.99104,45.27839],[141.9949,45.27346],[141.98887,45.26643],[141.99331,45.2577],[141.9996,45.25584],[142.00583,45.25016],[142.00093,45.24713],[141.9967,45.24136],[141.99675,45.23582]]]},"properties":{"pref":"北海道","office":"宗谷総合振興局","county":"宗谷郡","city":"猿払村","code5":"01511","code6":"015113"}},
{"type":"Feature","geometry":{"type":"Polygon","coordinates":[[[142.16433,45.05119],[142.15737,45.04363],[142.15641,45.03784],[142.17047,45.03762],[142.16988,45.0301],[142.16479,45.02136],[142.15552,45.01704],[142.1536,45.01086],[142.15867,44.99907],[142.1594,44.99184],[142.16953,44.98186],[142.16581,44.97085],[142.17132,44.96803],[142.18413,44.97095],[142.19753,44.96878],[142.20488,44.97038],[142.20877,44.97633],[142.22015,44.98206],[142.22123,44.98462],[142.21222,44.99216],[142.21615,44.99345],[142.22423,44.9919],[142.23475,44.9929],[142.23561,44.99728],[142.2521,44.99897],[142.25178,45.00531],[142.25749,45.01122],[142.26957,45.01202],[142.2821,45.02147],[142.28913,45.02339],[142.29674,45.02298],[142.30599,45.02467],[142.31189,45.01936],[142.32651,45.01793],[142.34534,45.01251],[142.36098,45.01484],[142.3732,45.00728],[142.38246,45.00788],[142.38831,45.01001],[142.39168,45.00291],[142.39766,44.99591],[142.39743,44.98252],[142.40525,44.97749],[142.41535,44.97691],[142.42542,44.98133],[142.42481,44.98676],[142.42895,44.99123],[142.4432,44.99817],[142.44795,44.99357],[142.45999,44.98898],[142.4664,44.99167],[142.47151,45.0039],[142.48369,45.00528],[142.47845,45.01521],[142.48317,45.0194],[142.49145,45.02216],[142.48546,45.02697],[142.48521,45.03198],[142.47564,45.03938],[142.47666,45.04308],[142.47086,45.04813],[142.47712,45.05307],[142.49307,45.05483],[142.50396,45.05973],[142.48709,45.05959],[142.48221,45.06143],[142.46362,45.07646],[142.44071,45.09608],[142.41864,45.11097],[142.40672,45.12068],[142.38978,45.137],[142.38516,45.13935],[142.36933,45.15275],[142.35391,45.16746],[142.3449,45.17479],[142.31942,45.16052],[142.31268,45.16204],[142.29631,45.17302],[142.28127,45.17832],[142.26441,45.18642],[142.25712,45.18754],[142.25127,45.19212],[142.24454,45.19127],[142.24342,45.18453],[142.2389,45.18005],[142.23125,45.17961],[142.22515,45.17568],[142.21821,45.17521],[142.21091,45.1794],[142.20469,45.1787],[142.19197,45.16855],[142.19144,45.16497],[142.18564,45.16047],[142.1861,45.14554],[142.17832,45.14218],[142.16906,45.14077],[142.17297,45.13427],[142.17241,45.13067],[142.18157,45.12769],[142.18225,45.11891],[142.18984,45.11834],[142.18886,45.1142],[142.1917,45.10955],[142.19309,45.09828],[142.19888,45.09119],[142.19752,45.08222],[142.18586,45.07838],[142.18254,45.06787],[142.1799,45.06456],[142.18274,45.05448],[142.17252,45.05393],[142.16433,45.05119]]]},"properties":{"pref":"北海道","office":"宗谷総合振興局","county":"枝幸郡","city":"浜頓別町","code5":"01512","code6":"015121"}},
{"type":"Feature","geometry":{"type":"Polygon","coordinates":[[[142.31205,44.77795],[142.31482,44.78872],[142.32217,44.79454],[142.3214,44.80218],[142.3134,44.80611],[142.31683,44.81129],[142.31398,44.81332],[142.31543,44.82568],[142.31907,44.83141],[142.33097,44.83497],[142.3305,44.8446],[142.33962,44.85452],[142.34705,44.85987],[142.352,44.86139],[142.35351,44.86592],[142.3623,44.87059],[142.36703,44.86545],[142.37601,44.86499],[142.38322,44.87269],[142.39132,44.87122],[142.39957,44.87587],[142.39795,44.88492],[142.40622,44.8927],[142.40517,44.89902],[142.41282,44.90573],[142.41107,44.91062],[142.41536,44.91997],[142.42308,44.92454],[142.42779,44.93492],[142.42863,44.9415],[142.42299,44.9484],[142.42371,44.95635],[142.42014,44.96073],[142.4261,44.96775],[142.41827,44.96977],[142.41535,44.97691],[142.40525,44.97749],[142.39743,44.98252],[142.39766,44.99591],[142.39168,45.00291],[142.38831,45.01001],[142.38246,45.00788],[142.3732,45.00728],[142.36098,45.01484],[142.34534,45.01251],[142.32651,45.01793],[142.31189,45.01936],[142.30599,45.02467],[142.29674,45.02298],[142.28913,45.02339],[142.2821,45.02147],[142.26957,45.01202],[142.25749,45.01122],[142.25178,45.00531],[142.2521,44.99897],[142.23561,44.99728],[142.23475,44.9929],[142.22423,44.9919],[142.21615,44.99345],[142.21222,44.99216],[142.22123,44.98462],[142.22015,44.98206],[142.20877,44.97633],[142.20488,44.97038],[142.19753,44.96878],[142.18413,44.97095],[142.17132,44.96803],[142.16581,44.97085],[142.15428,44.96512],[142.15014,44.9582],[142.14131,44.95252],[142.14518,44.94304],[142.14175,44.93609],[142.14095,44.92903],[142.13092,44.92486],[142.12705,44.9107],[142.13383,44.9059],[142.13333,44.90215],[142.13646,44.8959],[142.14116,44.89574],[142.14715,44.88861],[142.15216,44.8858],[142.16016,44.87009],[142.15963,44.86553],[142.15063,44.86015],[142.15213,44.85495],[142.16573,44.85237],[142.16657,44.8465],[142.16202,44.83667],[142.16695,44.83512],[142.16741,44.83028],[142.16358,44.82658],[142.16594,44.82334],[142.15874,44.81259],[142.16118,44.80438],[142.16892,44.80298],[142.17351,44.7981],[142.19101,44.79924],[142.20508,44.80823],[142.20896,44.82122],[142.22689,44.82314],[142.23568,44.82698],[142.24015,44.82149],[142.26328,44.81735],[142.27306,44.82167],[142.2811,44.8223],[142.2827,44.81303],[142.28032,44.80271],[142.28347,44.78855],[142.29558,44.78829],[142.30049,44.78372],[142.31205,44.77795]]]},"properties":{"pref":"北海道","office":"宗谷総合振興局","county":"枝幸郡","city":"中頓別町","code5":"01513","code6":"015130"}},
{"type":"Feature","geometry":{"type":"Polygon","coordinates":[[[142.64695,44.58995],[142.65075,44.59068],[142.65674,44.59697],[142.67101,44.59773],[142.68718,44.60288],[142.68942,44.60995],[142.6856,44.61686],[142.6963,44.62146],[142.69761,44.62628],[142.70228,44.63001],[142.71415,44.63066],[142.72067,44.63247],[142.73071,44.63884],[142.73984,44.64133],[142.75084,44.64007],[142.75405,44.637],[142.76162,44.63463],[142.76635,44.63924],[142.77739,44.64012],[142.78311,44.63905],[142.7913,44.64023],[142.79233,44.64294],[142.80152,44.64995],[142.80953,44.65416],[142.81036,44.65681],[142.82378,44.6642],[142.82458,44.66784],[142.83073,44.67038],[142.83471,44.68109],[142.84206,44.6872],[142.82928,44.69257],[142.81564,44.70341],[142.81498,44.70659],[142.80454,44.70898],[142.79303,44.71703],[142.78418,44.72696],[142.77761,44.72913],[142.77267,44.73779],[142.76327,44.74245],[142.75531,44.75063],[142.73895,44.75996],[142.73015,44.7681],[142.71942,44.78605],[142.70415,44.79537],[142.70097,44.79857],[142.7024,44.80588],[142.68376,44.82058],[142.68025,44.82982],[142.67487,44.83558],[142.66211,44.83843],[142.65811,44.84175],[142.65683,44.84822],[142.65116,44.85428],[142.64605,44.86583],[142.63605,44.87617],[142.63599,44.88261],[142.63236,44.88731],[142.62411,44.88917],[142.61435,44.89372],[142.59501,44.91145],[142.58635,44.92152],[142.58792,44.92697],[142.58659,44.93377],[142.58992,44.93959],[142.5791,44.94836],[142.57868,44.95561],[142.58478,44.96094],[142.57796,44.96157],[142.56577,44.96922],[142.5609,44.97749],[142.55035,44.9849],[142.54488,44.98635],[142.53958,44.99194],[142.5366,44.99893],[142.54177,45.0035],[142.53645,45.00599],[142.53165,45.01231],[142.53217,45.02706],[142.51819,45.03283],[142.51869,45.03641],[142.5078,45.04001],[142.49853,45.05248],[142.50396,45.05973],[142.49307,45.05483],[142.47712,45.05307],[142.47086,45.04813],[142.47666,45.04308],[142.47564,45.03938],[142.48521,45.03198],[142.48546,45.02697],[142.49145,45.02216],[142.48317,45.0194],[142.47845,45.01521],[142.48369,45.00528],[142.47151,45.0039],[142.4664,44.99167],[142.45999,44.98898],[142.44795,44.99357],[142.4432,44.99817],[142.42895,44.99123],[142.42481,44.98676],[142.42542,44.98133],[142.41535,44.97691],[142.41827,44.96977],[142.4261,44.96775],[142.42014,44.96073],[142.42371,44.95635],[142.42299,44.9484],[142.42863,44.9415],[142.42779,44.93492],[142.42308,44.92454],[142.41536,44.91997],[142.41107,44.91062],[142.41282,44.90573],[142.40517,44.89902],[142.40622,44.8927],[142.39795,44.88492],[142.39957,44.87587],[142.39132,44.87122],[142.38322,44.87269],[142.37601,44.86499],[142.36703,44.86545],[142.3623,44.87059],[142.35351,44.86592],[142.352,44.86139],[142.34705,44.85987],[142.33962,44.85452],[142.3305,44.8446],[142.33097,44.83497],[142.31907,44.83141],[142.31543,44.82568],[142.31398,44.81332],[142.31683,44.81129],[142.3134,44.80611],[142.3214,44.80218],[142.32217,44.79454],[142.31482,44.78872],[142.31205,44.77795],[142.30945,44.77512],[142.30941,44.76825],[142.30486,44.76231],[142.30538,44.75791],[142.30266,44.74795],[142.3086,44.74617],[142.31145,44.7382],[142.31872,44.73326],[142.32435,44.72677],[142.32745,44.71016],[142.33781,44.70944],[142.34266,44.70608],[142.35012,44.70681],[142.35887,44.71009],[142.36275,44.70525],[142.37629,44.70181],[142.38391,44.70336],[142.38866,44.70088],[142.39525,44.70075],[142.39689,44.695],[142.40929,44.6871],[142.41841,44.67374],[142.41212,44.66576],[142.40925,44.66114],[142.40853,44.65326],[142.40547,44.64867],[142.40932,44.64548],[142.41336,44.63669],[142.41791,44.63678],[142.43161,44.62787],[142.43581,44.62039],[142.44055,44.61746],[142.44734,44.6188],[142.45832,44.61617],[142.46859,44.61989],[142.47331,44.61764],[142.47271,44.61182],[142.47904,44.60594],[142.47774,44.59644],[142.48398,44.58985],[142.49306,44.58928],[142.49293,44.58164],[142.4954,44.57843],[142.51058,44.5833],[142.5148,44.59223],[142.51932,44.59588],[142.52431,44.60908],[142.53672,44.61475],[142.54765,44.61306],[142.5577,44.61524],[142.56319,44.61215],[142.56104,44.60749],[142.56473,44.60035],[142.57566,44.60022],[142.58827,44.59686],[142.59393,44.59376],[142.6008,44.59664],[142.60906,44.59796],[142.62228,44.59479],[142.6418,44.59719],[142.64695,44.58995]]]},"properties":{"pref":"北海道","office":"宗谷総合振興局","county":"枝幸郡","city":"枝幸町","code5":"01514","code6":"015148"}},
{"type":"Feature","geometry":{"type":"Polygon","coordinates":[[[141.57825,45.17609],[141.5843,45.16003],[141.59107,45.14677],[141.60014,45.13316],[141.61289,45.11205],[141.62663,45.09128],[141.64916,45.05545],[141.66348,45.03133],[141.66539,45.03219],[141.6752,45.049],[141.73421,45.07963],[141.74853,45.0807],[141.74831,45.07613],[141.75743,45.07653],[141.76509,45.07397],[141.7681,45.06924],[141.76865,45.05752],[141.77528,45.05769],[141.78065,45.05223],[141.78639,45.05287],[141.79267,45.05044],[141.80436,45.04856],[141.8095,45.05185],[141.8211,45.04912],[141.83615,45.05128],[141.86813,45.08512],[141.88181,45.07874],[141.8973,45.07759],[141.91566,45.08098],[141.92285,45.08018],[141.93245,45.08418],[141.94349,45.07973],[141.94822,45.07577],[141.9567,45.07872],[141.96983,45.07262],[141.97577,45.07472],[141.9818,45.08324],[141.98808,45.08626],[141.99456,45.08259],[142.00353,45.08882],[142.00522,45.09337],[142.00419,45.10055],[141.9922,45.10117],[141.98652,45.10834],[141.989,45.11687],[141.98754,45.12379],[141.99624,45.12999],[142.00234,45.13028],[142.00619,45.1364],[142.01428,45.13888],[142.01864,45.14353],[142.01717,45.15019],[142.0115,45.15426],[142.00961,45.16469],[142.00503,45.1736],[142.00534,45.18086],[141.99218,45.18399],[141.99279,45.19183],[141.98698,45.19361],[141.98731,45.19798],[141.97827,45.20394],[141.97994,45.20673],[141.99268,45.21122],[141.99613,45.21884],[142.00231,45.2236],[141.99637,45.22732],[142.0001,45.23108],[141.99675,45.23582],[141.99115,45.23114],[141.97904,45.23209],[141.96455,45.22501],[141.95775,45.22446],[141.9441,45.22612],[141.92445,45.20966],[141.91382,45.20321],[141.91254,45.20015],[141.90175,45.19068],[141.90198,45.17683],[141.86299,45.17632],[141.86333,45.18956],[141.85531,45.1933],[141.84654,45.19343],[141.83241,45.18783],[141.82279,45.19367],[141.83657,45.2007],[141.83005,45.20361],[141.82652,45.20156],[141.82151,45.20588],[141.82201,45.2116],[141.79876,45.19989],[141.76986,45.2281],[141.78382,45.23506],[141.77921,45.23885],[141.77977,45.24371],[141.77532,45.24745],[141.76716,45.25902],[141.76736,45.26998],[141.76321,45.27404],[141.75026,45.27],[141.74698,45.26688],[141.73448,45.26505],[141.73787,45.25531],[141.72993,45.24687],[141.73121,45.23891],[141.71795,45.23502],[141.71302,45.23133],[141.69598,45.24051],[141.69096,45.23798],[141.68128,45.24036],[141.6694,45.23867],[141.6575,45.23444],[141.65579,45.22296],[141.64345,45.21901],[141.6329,45.20993],[141.62515,45.21036],[141.61668,45.20526],[141.6067,45.20319],[141.6046,45.20072],[141.59647,45.20098],[141.59303,45.19433],[141.59861,45.1899],[141.60088,45.18209],[141.6001,45.17535],[141.59272,45.17252],[141.58191,45.1777],[141.57825,45.17609]]]},"properties":{"pref":"北海道","office":"宗谷総合振興局","county":"天塩郡","city":"豊富町","code5":"01516","code6":"015164"}},
{"type":"Feature","geometry":{"type":"Polygon","coordinates":[[[140.96735,45.46422],[140.96761,45.45305],[140.97327,45.45227],[140.97685,45.44763],[140.97503,45.44346],[140.96635,45.4386],[140.98206,45.43557],[140.99132,45.42927],[140.99405,45.42031],[140.98795,45.41595],[140.98687,45.4124],[140.99153,45.40697],[140.98658,45.40279],[140.98517,45.39616],[140.98911,45.39248],[140.99072,45.38614],[140.98269,45.38309],[140.98305,45.37962],[140.98944,45.36801],[140.99457,45.36287],[140.99949,45.35141],[140.99989,45.34365],[141.00415,45.33488],[141.00204,45.33087],[141.00641,45.3243],[141.02033,45.31283],[141.02287,45.30868],[141.02674,45.29619],[141.02486,45.29003],[141.02114,45.28933],[141.01675,45.28347],[141.01851,45.2796],[141.02543,45.27399],[141.03648,45.27529],[141.04207,45.2738],[141.04648,45.27818],[141.04731,45.28827],[141.04498,45.29515],[141.05113,45.30615],[141.05665,45.31934],[141.04934,45.34064],[141.05467,45.34309],[141.05892,45.35155],[141.06001,45.36316],[141.05893,45.37828],[141.05651,45.38596],[141.05847,45.3959],[141.05657,45.40854],[141.06179,45.42113],[141.06698,45.42251],[141.05528,45.43926],[141.05488,45.44311],[141.04948,45.45075],[141.03316,45.46105],[141.03636,45.44317],[141.03268,45.43852],[141.02421,45.43496],[141.01332,45.43303],[140.9985,45.435],[140.99111,45.43873],[140.98513,45.44379],[140.97957,45.45265],[140.97084,45.45898],[140.96735,45.46422]]]},"properties":{"pref":"北海道","office":"宗谷総合振興局","county":"礼文郡","city":"礼文町","code5":"01517","code6":"015172"}},
{"type":"Feature","geometry":{"type":"Polygon","coordinates":[[[141.24611,45.10069],[141.24391,45.10593],[141.25069,45.11301],[141.25298,45.1227],[141.25118,45.12541],[141.2544,45.13575],[141.25347,45.14137],[141.25639,45.14717],[141.2503,45.15005],[141.25086,45.1591],[141.2468,45.16267],[141.24109,45.18061],[141.22773,45.18683],[141.21506,45.18948],[141.20265,45.2035],[141.19688,45.20671],[141.18595,45.2088],[141.17978,45.20849],[141.16636,45.21069],[141.15723,45.21508],[141.1491,45.22448],[141.14231,45.22389],[141.13238,45.21346],[141.13589,45.20643],[141.13939,45.2046],[141.13548,45.19971],[141.14247,45.19388],[141.14065,45.18924],[141.12925,45.18439],[141.13986,45.18131],[141.13562,45.17721],[141.14098,45.16218],[141.14903,45.15907],[141.1523,45.15139],[141.16138,45.14665],[141.1657,45.13746],[141.18002,45.12802],[141.19335,45.12462],[141.20459,45.11387],[141.20986,45.11289],[141.21835,45.10805],[141.22751,45.10493],[141.22685,45.09998],[141.23751,45.09701],[141.24611,45.10069]]]},"properties":{"pref":"北海道","office":"宗谷総合振興局","county":"利尻郡","city":"利尻町","code5":"01518","code6":"015181"}},
{"type":"Feature","geometry":{"type":"Polygon","coordinates":[[[141.24611,45.10069],[141.24842,45.10324],[141.27551,45.1106],[141.28012,45.10691],[141.28702,45.11024],[141.28627,45.11458],[141.29295,45.1192],[141.295,45.12497],[141.30095,45.12512],[141.30874,45.13011],[141.30718,45.13393],[141.31074,45.13775],[141.32275,45.14613],[141.32947,45.14908],[141.32926,45.16014],[141.32721,45.17207],[141.32482,45.17622],[141.32461,45.18366],[141.31366,45.1991],[141.3109,45.20535],[141.30355,45.21464],[141.29614,45.22001],[141.28231,45.22331],[141.28064,45.22878],[141.27675,45.23152],[141.26901,45.23586],[141.26642,45.23231],[141.26282,45.23038],[141.25386,45.23523],[141.23413,45.23393],[141.22721,45.23716],[141.22757,45.24427],[141.21824,45.25019],[141.21181,45.25154],[141.20088,45.25623],[141.19919,45.25882],[141.18925,45.25684],[141.18554,45.25265],[141.17909,45.25],[141.17606,45.24307],[141.17046,45.23847],[141.16378,45.23846],[141.15612,45.23513],[141.1491,45.22448],[141.15723,45.21508],[141.16636,45.21069],[141.17978,45.20849],[141.18595,45.2088],[141.19688,45.20671],[141.20265,45.2035],[141.21506,45.18948],[141.22773,45.18683],[141.24109,45.18061],[141.2468,45.16267],[141.25086,45.1591],[141.2503,45.15005],[141.25639,45.14717],[141.25347,45.14137],[141.2544,45.13575],[141.25118,45.12541],[141.25298,45.1227],[141.25069,45.11301],[141.24391,45.10593],[141.24611,45.10069]]]},"properties":{"pref":"北海道","office":"宗谷総合振興局","county":"利尻郡","city":"利尻富士町","code5":"01519","code6":"015199"}},
{"type":"Feature","geometry":{"type":"Polygon","coordinates":[[[142.13333,44.90215],[142.13383,44.9059],[142.12705,44.9107],[142.13092,44.92486],[142.14095,44.92903],[142.14175,44.93609],[142.14518,44.94304],[142.14131,44.95252],[142.15014,44.9582],[142.15428,44.96512],[142.16581,44.97085],[142.16953,44.98186],[142.1594,44.99184],[142.15867,44.99907],[142.1536,45.01086],[142.15552,45.01704],[142.16479,45.02136],[142.16988,45.0301],[142.17047,45.03762],[142.15641,45.03784],[142.15737,45.04363],[142.16433,45.05119],[142.14652,45.06065],[142.14359,45.06474],[142.13282,45.06986],[142.13439,45.07283],[142.12892,45.07859],[142.13128,45.0817],[142.11564,45.08765],[142.1068,45.08795],[142.1009,45.09393],[142.09817,45.09991],[142.09368,45.09917],[142.09586,45.09237],[142.08457,45.08971],[142.07776,45.08629],[142.07168,45.07862],[142.06561,45.0738],[142.06342,45.06899],[142.05129,45.06447],[142.04792,45.07025],[142.03676,45.08383],[142.03707,45.08691],[142.02485,45.0859],[142.01511,45.09307],[142.00522,45.09337],[142.00353,45.08882],[141.99456,45.08259],[141.98808,45.08626],[141.9818,45.08324],[141.97577,45.07472],[141.96983,45.07262],[141.9567,45.07872],[141.94822,45.07577],[141.94349,45.07973],[141.93245,45.08418],[141.92285,45.08018],[141.91566,45.08098],[141.8973,45.07759],[141.88181,45.07874],[141.86813,45.08512],[141.83615,45.05128],[141.8211,45.04912],[141.8095,45.05185],[141.80436,45.04856],[141.79267,45.05044],[141.78639,45.05287],[141.78065,45.05223],[141.77528,45.05769],[141.76865,45.05752],[141.7681,45.06924],[141.76509,45.07397],[141.75743,45.07653],[141.74831,45.07613],[141.74853,45.0807],[141.73421,45.07963],[141.6752,45.049],[141.66539,45.03219],[141.66348,45.03133],[141.67166,45.01731],[141.69772,44.9701],[141.71801,44.92974],[141.73191,44.8999],[141.7372,44.88565],[141.73662,44.87821],[141.74042,44.88193],[141.73726,44.89407],[141.72949,44.91433],[141.72662,44.92723],[141.72079,44.94196],[141.71611,44.94624],[141.71516,44.95263],[141.73304,44.96604],[141.74452,44.96859],[141.76159,44.98255],[141.76648,44.98498],[141.77791,44.985],[141.78995,44.9905],[141.79624,44.99175],[141.8204,44.99285],[141.83314,44.98972],[141.83814,44.99192],[141.8555,44.99322],[141.86297,44.98774],[141.86372,44.98002],[141.87155,44.97091],[141.87622,44.95629],[141.87708,44.94745],[141.87437,44.9323],[141.87656,44.92945],[141.8987,44.92275],[141.90948,44.92157],[141.91765,44.91826],[141.91857,44.91555],[141.90975,44.90921],[141.91259,44.90544],[141.9204,44.90527],[141.929,44.90041],[141.93019,44.90815],[141.94899,44.91083],[141.95301,44.89809],[141.96651,44.90256],[141.97477,44.91122],[141.98319,44.91597],[141.98965,44.91618],[141.99025,44.9076],[141.99321,44.90351],[142.00441,44.89792],[142.01244,44.90691],[142.02109,44.91094],[142.02525,44.91005],[142.0282,44.90519],[142.02957,44.89863],[142.05311,44.8983],[142.06966,44.90141],[142.07407,44.9005],[142.08576,44.90191],[142.09628,44.90118],[142.10238,44.90244],[142.11091,44.89836],[142.12102,44.89794],[142.13333,44.90215]]]},"properties":{"pref":"北海道","office":"宗谷総合振興局","county":"天塩郡","city":"幌延町","code5":"01520","code6":"015202"}},
{"type":"Feature","geometry":{"type":"Polygon","coordinates":[[[143.91325,43.7337],[143.92401,43.73334],[143.92939,43.72933],[143.94266,43.72345],[143.9529,43.73043],[143.95742,43.72738],[143.96455,43.72676],[143.97162,43.7312],[143.98233,43.7286],[143.99395,43.7291],[143.99775,43.73158],[144.01155,43.72997],[144.02103,43.736],[144.02213,43.73857],[144.03425,43.74856],[144.03921,43.75039],[144.05097,43.7615],[144.05573,43.76782],[144.06986,43.76301],[144.08298,43.75347],[144.09613,43.7383],[144.09084,43.73566],[144.09963,43.72452],[144.09909,43.7206],[144.10878,43.70792],[144.11532,43.70318],[144.11401,43.69653],[144.12053,43.69362],[144.12929,43.68507],[144.1231,43.66984],[144.12665,43.666],[144.12301,43.66176],[144.12479,43.65536],[144.12126,43.64893],[144.12642,43.64413],[144.13232,43.63579],[144.1372,43.63288],[144.13839,43.62657],[144.14685,43.62575],[144.1513,43.62762],[144.15651,43.62483],[144.16863,43.6252],[144.18272,43.61531],[144.18798,43.60708],[144.19946,43.60742],[144.20074,43.60547],[144.21399,43.59787],[144.21771,43.59896],[144.22328,43.6051],[144.22245,43.61168],[144.22702,43.62896],[144.23103,43.63398],[144.24313,43.64],[144.24825,43.64865],[144.25914,43.65356],[144.27087,43.66646],[144.27791,43.66929],[144.27317,43.67514],[144.27441,43.6815],[144.2796,43.68557],[144.2973,43.68871],[144.30501,43.69158],[144.31346,43.69805],[144.32329,43.70325],[144.33194,43.70494],[144.33166,43.7066],[144.32838,43.70899],[144.31528,43.70808],[144.31175,43.70535],[144.30021,43.70527],[144.29218,43.70702],[144.27319,43.70863],[144.26291,43.71545],[144.26153,43.71998],[144.25302,43.73093],[144.24595,43.7526],[144.24865,43.76614],[144.24566,43.77469],[144.23403,43.78684],[144.2363,43.79109],[144.23609,43.79983],[144.23354,43.80161],[144.21966,43.801],[144.21417,43.81443],[144.21663,43.82255],[144.21266,43.82558],[144.20625,43.82659],[144.19712,43.8338],[144.19483,43.83974],[144.18634,43.8429],[144.18471,43.84766],[144.19088,43.85241],[144.19127,43.8555],[144.13109,43.87412],[144.12986,43.87106],[144.11818,43.86347],[144.11276,43.85851],[144.10557,43.85598],[144.09548,43.85743],[144.09255,43.85944],[144.09395,43.86528],[144.08587,43.87482],[144.0861,43.87895],[144.08256,43.88546],[144.07542,43.88731],[144.07045,43.89348],[144.06565,43.88933],[144.05242,43.88784],[144.05705,43.88042],[144.05509,43.87739],[144.04548,43.87495],[144.02522,43.86525],[144.02831,43.85959],[144.02135,43.8567],[144.01868,43.85319],[144.01163,43.85094],[144.01346,43.84558],[144.01093,43.842],[144.01285,43.83804],[144.00808,43.82966],[144.00399,43.82629],[144.00264,43.81841],[143.99273,43.81663],[143.98885,43.81139],[143.99351,43.80328],[143.99061,43.79913],[143.98264,43.79396],[143.98257,43.79133],[143.97321,43.78264],[143.97403,43.77423],[143.97257,43.76928],[143.96615,43.76575],[143.96011,43.76594],[143.95113,43.77583],[143.93961,43.7669],[143.94463,43.76043],[143.94127,43.7558],[143.91918,43.74611],[143.91147,43.73963],[143.91325,43.7337]]]},"properties":{"pref":"北海道","office":"オホーツク総合振興局","county":"網走郡","city":"美幌町","code5":"01543","code6":"015431"}},
{"type":"Feature","geometry":{"type":"Polygon","coordinates":[[[144.22198,43.52107],[144.22656,43.52694],[144.23004,43.52767],[144.23345,43.53333],[144.23221,43.53687],[144.23529,43.54556],[144.23249,43.5556],[144.23516,43.56032],[144.22731,43.56411],[144.22624,43.57102],[144.22935,43.57311],[144.22283,43.57854],[144.21749,43.58994],[144.21771,43.59896],[144.21399,43.59787],[144.20074,43.60547],[144.19946,43.60742],[144.18798,43.60708],[144.18272,43.61531],[144.16863,43.6252],[144.15651,43.62483],[144.1513,43.62762],[144.14685,43.62575],[144.13839,43.62657],[144.1372,43.63288],[144.13232,43.63579],[144.12642,43.64413],[144.12126,43.64893],[144.12479,43.65536],[144.12301,43.66176],[144.12665,43.666],[144.1231,43.66984],[144.12929,43.68507],[144.12053,43.69362],[144.11401,43.69653],[144.11532,43.70318],[144.10878,43.70792],[144.09909,43.7206],[144.09963,43.72452],[144.09084,43.73566],[144.09613,43.7383],[144.08298,43.75347],[144.06986,43.76301],[144.05573,43.76782],[144.05097,43.7615],[144.03921,43.75039],[144.03425,43.74856],[144.02213,43.73857],[144.02103,43.736],[144.01155,43.72997],[143.99775,43.73158],[143.99395,43.7291],[143.98233,43.7286],[143.97162,43.7312],[143.96455,43.72676],[143.95742,43.72738],[143.9529,43.73043],[143.94266,43.72345],[143.92939,43.72933],[143.92401,43.73334],[143.91325,43.7337],[143.90733,43.72853],[143.90166,43.71856],[143.90366,43.7146],[143.89823,43.70469],[143.8904,43.70158],[143.87714,43.70721],[143.8572,43.70925],[143.85308,43.70393],[143.84489,43.70271],[143.8419,43.69552],[143.83457,43.69438],[143.82546,43.68586],[143.81986,43.68259],[143.81675,43.67735],[143.8165,43.6719],[143.82604,43.6694],[143.8342,43.66306],[143.829,43.65281],[143.82395,43.65187],[143.82053,43.6457],[143.8049,43.64769],[143.79892,43.64546],[143.79245,43.64029],[143.78514,43.64411],[143.77891,43.64269],[143.77864,43.62598],[143.77457,43.62294],[143.77475,43.61619],[143.78148,43.61162],[143.78266,43.60782],[143.78787,43.60604],[143.79275,43.59052],[143.7991,43.58978],[143.80444,43.58332],[143.81671,43.58119],[143.82094,43.57872],[143.82187,43.57159],[143.83286,43.5538],[143.83696,43.54967],[143.84526,43.54735],[143.85494,43.54091],[143.85599,43.5381],[143.87669,43.52771],[143.87683,43.52326],[143.8849,43.52214],[143.89075,43.52845],[143.89707,43.53138],[143.90913,43.52693],[143.91519,43.52207],[143.9277,43.5195],[143.93065,43.51131],[143.92945,43.50337],[143.94018,43.50257],[143.94385,43.4993],[143.94027,43.4899],[143.94961,43.4859],[143.95775,43.48266],[143.95525,43.47604],[143.95975,43.47277],[143.97716,43.47167],[143.99882,43.46495],[144.02029,43.46101],[144.0287,43.46146],[144.03298,43.46387],[144.0402,43.46427],[144.04357,43.46914],[144.05143,43.46965],[144.06581,43.47491],[144.07116,43.47457],[144.07242,43.48283],[144.07789,43.49094],[144.07363,43.49329],[144.07139,43.50156],[144.07814,43.50823],[144.08217,43.51495],[144.09627,43.51641],[144.10821,43.51252],[144.11536,43.51397],[144.12105,43.51194],[144.12703,43.51316],[144.13277,43.51732],[144.13474,43.52694],[144.14243,43.53117],[144.14804,43.52808],[144.16377,43.52535],[144.16815,43.52062],[144.17532,43.51711],[144.18098,43.51076],[144.19044,43.52197],[144.20122,43.52516],[144.2068,43.52075],[144.22198,43.52107]]]},"properties":{"pref":"北海道","office":"オホーツク総合振興局","county":"網走郡","city":"津別町","code5":"01544","code6":"015440"}},
{"type":"Feature","geometry":{"type":"Polygon","coordinates":[[[145.33764,44.34131],[145.329,44.34511],[145.32218,44.33877],[145.31371,44.3332],[145.31024,44.31938],[145.30633,44.31239],[145.29533,44.30803],[145.29214,44.30992],[145.28654,44.30291],[145.28928,44.30066],[145.28306,44.29585],[145.28099,44.29021],[145.27242,44.28335],[145.26858,44.28338],[145.2588,44.27486],[145.25908,44.27055],[145.25202,44.26718],[145.23318,44.25455],[145.22762,44.24852],[145.22267,44.23607],[145.21797,44.23264],[145.21599,44.22731],[145.20886,44.21548],[145.19976,44.2033],[145.19148,44.19502],[145.17579,44.1893],[145.16581,44.18369],[145.1548,44.18055],[145.15211,44.17706],[145.14456,44.17278],[145.1358,44.17056],[145.1323,44.16534],[145.12673,44.16564],[145.11883,44.15584],[145.10983,44.1504],[145.09922,44.14876],[145.09255,44.14169],[145.07077,44.12733],[145.05528,44.11974],[145.04241,44.11083],[145.04203,44.10828],[145.02848,44.10609],[145.01931,44.1023],[145.01705,44.09912],[145.00905,44.09449],[145.01003,44.08617],[145.0068,44.08087],[144.9987,44.07503],[144.98918,44.07251],[144.98979,44.06775],[144.97781,44.06549],[144.9764,44.0624],[144.96904,44.05692],[144.96086,44.05511],[144.95791,44.04816],[144.94597,44.0399],[144.93363,44.04091],[144.92438,44.01939],[144.91676,44.01294],[144.91475,44.00808],[144.89246,43.99351],[144.88555,43.99133],[144.88036,43.98545],[144.86046,43.97633],[144.84871,43.97365],[144.84091,43.96488],[144.83478,43.96034],[144.83533,43.95252],[144.83019,43.94939],[144.80565,43.94252],[144.79599,43.93191],[144.76848,43.92627],[144.74541,43.92283],[144.71942,43.92002],[144.69641,43.91819],[144.67589,43.9178],[144.66325,43.91942],[144.66164,43.91676],[144.63252,43.91685],[144.60378,43.91763],[144.57067,43.91975],[144.55419,43.92131],[144.5573,43.88064],[144.61639,43.8834],[144.61899,43.85493],[144.62225,43.85537],[144.62424,43.83362],[144.65456,43.82166],[144.71747,43.7659],[144.72249,43.76178],[144.74676,43.76049],[144.75516,43.75733],[144.76427,43.75739],[144.79648,43.76303],[144.80197,43.76589],[144.81019,43.77484],[144.80523,43.77751],[144.81144,43.78156],[144.80758,43.78726],[144.81483,43.79044],[144.81576,43.79576],[144.82747,43.79428],[144.83043,43.7993],[144.83799,43.79717],[144.84384,43.78675],[144.85289,43.789],[144.85892,43.78595],[144.86751,43.79794],[144.86387,43.80344],[144.86314,43.81181],[144.87177,43.82099],[144.87956,43.82243],[144.87703,43.83188],[144.88464,43.83268],[144.89589,43.83955],[144.89683,43.84519],[144.90512,43.85033],[144.90194,43.86229],[144.90449,43.86648],[144.88772,43.87028],[144.87676,43.87679],[144.89337,43.88382],[144.90003,43.89134],[144.9009,43.89614],[144.90556,43.89862],[144.90489,43.90554],[144.91416,43.90614],[144.91607,43.91195],[144.92306,43.91634],[144.94105,43.9203],[144.95679,43.9205],[144.965,43.92221],[144.98215,43.9329],[144.98537,43.93907],[145.00323,43.94706],[144.99666,43.95616],[144.99762,43.96175],[144.99518,43.96797],[145.00387,43.97547],[145.00532,43.98384],[145.01034,43.98826],[145.01549,43.99763],[145.02203,44.00119],[145.02605,44.00626],[145.03867,44.00528],[145.04316,44.0088],[145.04944,44.00808],[145.04946,44.01691],[145.05138,44.02229],[145.05504,44.02313],[145.05772,44.03685],[145.06515,44.04309],[145.07734,44.04303],[145.08734,44.04429],[145.10108,44.04885],[145.10579,44.05541],[145.11326,44.05791],[145.12102,44.07498],[145.1272,44.07911],[145.13938,44.09093],[145.14076,44.09885],[145.14658,44.10564],[145.14996,44.11226],[145.16067,44.11193],[145.16413,44.11516],[145.16896,44.12448],[145.17851,44.12725],[145.18242,44.1374],[145.1995,44.14072],[145.21777,44.14668],[145.22467,44.1563],[145.23437,44.15741],[145.23544,44.15988],[145.24467,44.16417],[145.25419,44.16528],[145.25933,44.16768],[145.27199,44.16755],[145.27395,44.17158],[145.27093,44.17547],[145.27331,44.17928],[145.28693,44.18655],[145.28053,44.19051],[145.28536,44.19955],[145.27689,44.20602],[145.28021,44.22532],[145.28769,44.22862],[145.29418,44.24011],[145.30271,44.24659],[145.30149,44.25177],[145.30926,44.25366],[145.31415,44.25759],[145.31973,44.27155],[145.3178,44.27556],[145.32134,44.27853],[145.3206,44.28405],[145.31731,44.28733],[145.32229,44.29736],[145.32236,44.30367],[145.32853,44.30935],[145.32578,44.32543],[145.33086,44.33504],[145.33764,44.34131]]]},"properties":{"pref":"北海道","office":"オホーツク総合振興局","county":"斜里郡","city":"斜里町","code5":"01545","code6":"015458"}},
{"type":"Feature","geometry":{"type":"Polygon","coordinates":[[[144.5573,43.88064],[144.56129,43.83628],[144.54751,43.83505],[144.52014,43.83382],[144.52081,43.82395],[144.50721,43.82321],[144.51287,43.75855],[144.49828,43.75774],[144.49418,43.75119],[144.49364,43.74123],[144.49098,43.73879],[144.4923,43.72416],[144.48513,43.70483],[144.4876,43.69049],[144.49022,43.68595],[144.4817,43.67814],[144.48654,43.66568],[144.48628,43.66019],[144.49158,43.65971],[144.50205,43.65542],[144.51269,43.65471],[144.51684,43.64839],[144.51736,43.64296],[144.52092,43.63846],[144.51851,43.63031],[144.52503,43.622],[144.52489,43.61763],[144.53001,43.61525],[144.53012,43.61175],[144.5398,43.60777],[144.5483,43.6129],[144.56295,43.60813],[144.57063,43.60068],[144.59297,43.60939],[144.59172,43.61898],[144.60091,43.6199],[144.61404,43.63451],[144.62689,43.63375],[144.63309,43.62854],[144.63389,43.62494],[144.64165,43.62511],[144.64218,43.62837],[144.64847,43.63517],[144.66038,43.63825],[144.66673,43.64503],[144.67876,43.65243],[144.68302,43.65198],[144.68763,43.65635],[144.69626,43.657],[144.70626,43.65995],[144.70475,43.66782],[144.7179,43.67883],[144.73273,43.68402],[144.7342,43.68654],[144.73137,43.69281],[144.73017,43.70147],[144.7248,43.70546],[144.72364,43.70946],[144.72553,43.71928],[144.72172,43.72751],[144.72327,43.73142],[144.72025,43.74178],[144.72155,43.75055],[144.72006,43.755],[144.72249,43.76178],[144.71747,43.7659],[144.65456,43.82166],[144.62424,43.83362],[144.62225,43.85537],[144.61899,43.85493],[144.61639,43.8834],[144.5573,43.88064]]]},"properties":{"pref":"北海道","office":"オホーツク総合振興局","county":"斜里郡","city":"清里町","code5":"01546","code6":"015466"}},
{"type":"Feature","geometry":{"type":"Polygon","coordinates":[[[144.38795,43.78287],[144.3863,43.77222],[144.37935,43.76147],[144.37573,43.74894],[144.37198,43.74509],[144.37255,43.73692],[144.36995,43.73326],[144.36989,43.72679],[144.36519,43.7221],[144.35711,43.71991],[144.35136,43.71568],[144.33166,43.7066],[144.33194,43.70494],[144.33802,43.70258],[144.34693,43.7044],[144.35741,43.70089],[144.36956,43.69889],[144.37902,43.68869],[144.39071,43.68784],[144.40439,43.69087],[144.40837,43.69304],[144.41888,43.69438],[144.42889,43.69709],[144.45721,43.69239],[144.46552,43.68663],[144.47481,43.68566],[144.4817,43.67814],[144.49022,43.68595],[144.4876,43.69049],[144.48513,43.70483],[144.4923,43.72416],[144.49098,43.73879],[144.49364,43.74123],[144.49418,43.75119],[144.49828,43.75774],[144.51287,43.75855],[144.50721,43.82321],[144.52081,43.82395],[144.52014,43.83382],[144.54751,43.83505],[144.56129,43.83628],[144.5573,43.88064],[144.55419,43.92131],[144.50046,43.92734],[144.48049,43.93022],[144.42578,43.94027],[144.39838,43.94613],[144.36313,43.95579],[144.36051,43.95049],[144.38782,43.93819],[144.39191,43.93702],[144.42521,43.93194],[144.42911,43.93009],[144.42933,43.92371],[144.43328,43.91934],[144.42903,43.91144],[144.42725,43.90408],[144.4286,43.89873],[144.42718,43.89064],[144.42287,43.88641],[144.42244,43.88043],[144.41944,43.87556],[144.40754,43.86613],[144.40997,43.85602],[144.40565,43.85391],[144.39884,43.85493],[144.39204,43.85272],[144.39082,43.84925],[144.39397,43.84046],[144.38988,43.8374],[144.38684,43.82778],[144.38239,43.81842],[144.38852,43.80994],[144.39161,43.80065],[144.38817,43.79454],[144.38795,43.78287]]]},"properties":{"pref":"北海道","office":"オホーツク総合振興局","county":"斜里郡","city":"小清水町","code5":"01547","code6":"015474"}},
{"type":"Feature","geometry":{"type":"Polygon","coordinates":[[[143.65948,43.77587],[143.65837,43.775],[143.66501,43.72447],[143.67178,43.72488],[143.67391,43.70792],[143.66566,43.70646],[143.66705,43.69451],[143.67681,43.68443],[143.67512,43.67978],[143.66958,43.67708],[143.67446,43.67141],[143.66263,43.66685],[143.65494,43.66181],[143.6378,43.66008],[143.61728,43.64369],[143.62567,43.6377],[143.63954,43.63981],[143.65023,43.63471],[143.65557,43.63373],[143.65833,43.62694],[143.674,43.62829],[143.68043,43.6259],[143.68593,43.63175],[143.69271,43.63411],[143.69643,43.63952],[143.70241,43.6389],[143.71098,43.63533],[143.71894,43.63754],[143.72282,43.64048],[143.72965,43.63639],[143.73766,43.63543],[143.74004,43.62747],[143.74028,43.61925],[143.74978,43.61898],[143.75931,43.61653],[143.76647,43.61835],[143.76786,43.62295],[143.77457,43.62294],[143.77864,43.62598],[143.77891,43.64269],[143.78514,43.64411],[143.79245,43.64029],[143.79892,43.64546],[143.8049,43.64769],[143.82053,43.6457],[143.82395,43.65187],[143.829,43.65281],[143.8342,43.66306],[143.82604,43.6694],[143.8165,43.6719],[143.81072,43.67174],[143.80682,43.6759],[143.80703,43.6814],[143.80261,43.68651],[143.79093,43.69263],[143.7899,43.6996],[143.80341,43.72776],[143.79622,43.78383],[143.76839,43.78184],[143.69839,43.77747],[143.69106,43.77542],[143.68273,43.76987],[143.67348,43.77023],[143.66524,43.77537],[143.65948,43.77587]]]},"properties":{"pref":"北海道","office":"オホーツク総合振興局","county":"常呂郡","city":"訓子府町","code5":"01549","code6":"015491"}},
{"type":"Feature","geometry":{"type":"Polygon","coordinates":[[[143.17299,43.59486],[143.1855,43.58578],[143.18705,43.58236],[143.19441,43.58467],[143.20033,43.58302],[143.20896,43.58413],[143.21304,43.57546],[143.22575,43.57496],[143.22392,43.56864],[143.22587,43.56218],[143.22533,43.55498],[143.23551,43.55119],[143.2538,43.55576],[143.26157,43.55929],[143.26934,43.55397],[143.2878,43.55095],[143.29795,43.54691],[143.31441,43.54694],[143.32472,43.55115],[143.33429,43.55724],[143.33917,43.55015],[143.34385,43.55169],[143.3519,43.54988],[143.35688,43.54651],[143.36252,43.55012],[143.37241,43.54922],[143.37403,43.55225],[143.38528,43.54879],[143.3907,43.5444],[143.39941,43.54667],[143.40897,43.54112],[143.415,43.53408],[143.41944,43.5333],[143.42431,43.5256],[143.43002,43.52221],[143.43551,43.52181],[143.44301,43.5155],[143.45644,43.50987],[143.46374,43.50815],[143.46512,43.51298],[143.47097,43.52139],[143.47226,43.52928],[143.48259,43.53271],[143.48928,43.54085],[143.49474,43.54326],[143.49846,43.55036],[143.50272,43.54742],[143.5155,43.54649],[143.5194,43.5479],[143.51946,43.55398],[143.52459,43.56148],[143.52911,43.56452],[143.52762,43.572],[143.52995,43.57953],[143.53432,43.58241],[143.53344,43.58806],[143.54421,43.59847],[143.56175,43.59534],[143.57081,43.59475],[143.57441,43.5975],[143.59171,43.60378],[143.60329,43.60302],[143.60732,43.60494],[143.61734,43.60603],[143.61864,43.61229],[143.63205,43.62249],[143.62627,43.63265],[143.62567,43.6377],[143.61728,43.64369],[143.6378,43.66008],[143.65494,43.66181],[143.66263,43.66685],[143.67446,43.67141],[143.66958,43.67708],[143.67512,43.67978],[143.67681,43.68443],[143.66705,43.69451],[143.66566,43.70646],[143.67391,43.70792],[143.67178,43.72488],[143.66501,43.72447],[143.65837,43.775],[143.65948,43.77587],[143.62537,43.75769],[143.61522,43.7587],[143.60999,43.75596],[143.60597,43.7599],[143.58675,43.7621],[143.54629,43.74097],[143.53471,43.74454],[143.52936,43.73712],[143.52934,43.7294],[143.52644,43.72781],[143.52751,43.72144],[143.52212,43.71172],[143.52501,43.70585],[143.50809,43.70515],[143.49199,43.69878],[143.48198,43.699],[143.47484,43.70079],[143.45948,43.69927],[143.4539,43.6972],[143.45243,43.69284],[143.43656,43.69383],[143.42964,43.68783],[143.43138,43.68315],[143.42778,43.67956],[143.43094,43.67654],[143.42528,43.67211],[143.42609,43.66912],[143.42078,43.66407],[143.4113,43.66728],[143.40462,43.67364],[143.40224,43.66623],[143.39369,43.66106],[143.39001,43.65536],[143.38351,43.65405],[143.37765,43.65559],[143.3741,43.64803],[143.3679,43.64509],[143.35541,43.64309],[143.35194,43.63836],[143.3459,43.64068],[143.33808,43.64072],[143.33594,43.64517],[143.33022,43.64386],[143.31779,43.64474],[143.31043,43.6469],[143.30048,43.65225],[143.29051,43.6528],[143.28183,43.65157],[143.27317,43.64629],[143.26285,43.64764],[143.25762,43.64608],[143.25505,43.64024],[143.23181,43.64133],[143.22246,43.63799],[143.21817,43.63439],[143.20884,43.63023],[143.18806,43.62441],[143.18262,43.61482],[143.18723,43.60787],[143.18126,43.60315],[143.1745,43.60086],[143.17299,43.59486]]]},"properties":{"pref":"北海道","office":"オホーツク総合振興局","county":"常呂郡","city":"置戸町","code5":"01550","code6":"015504"}},
{"type":"Feature","geometry":{"type":"Polygon","coordinates":[[[143.77569,44.14434],[143.74189,44.12066],[143.74405,44.1139],[143.74152,44.10427],[143.74687,44.10199],[143.74676,44.09313],[143.74068,44.08931],[143.74114,44.0807],[143.73856,44.06256],[143.73513,44.05525],[143.72931,44.04938],[143.72893,44.04548],[143.71814,44.03001],[143.71328,44.01936],[143.71602,44.01493],[143.71417,44.00866],[143.70787,44.01066],[143.69841,44.01115],[143.69102,44.01672],[143.68182,44.01691],[143.67433,44.01242],[143.66405,44.01101],[143.66191,44.0057],[143.6573,44.00381],[143.65117,43.99786],[143.65467,43.99173],[143.64354,43.98699],[143.63781,43.99342],[143.62719,43.99438],[143.6222,43.99187],[143.61757,43.9945],[143.60869,43.99538],[143.60112,43.99375],[143.59684,43.99022],[143.58729,43.98934],[143.58962,43.98434],[143.58528,43.97546],[143.58889,43.96976],[143.57344,43.96414],[143.57097,43.95676],[143.57438,43.94962],[143.58309,43.94667],[143.58775,43.94686],[143.59081,43.94566],[143.60357,43.94786],[143.60605,43.93946],[143.61639,43.93369],[143.62972,43.93661],[143.63781,43.94198],[143.64159,43.93278],[143.65024,43.93019],[143.64595,43.92529],[143.65168,43.92076],[143.66625,43.92518],[143.67283,43.9237],[143.68059,43.927],[143.68604,43.92574],[143.6864,43.92203],[143.67577,43.92001],[143.6723,43.91622],[143.67381,43.91209],[143.66991,43.90866],[143.67804,43.90465],[143.68144,43.89417],[143.69007,43.89163],[143.68998,43.88616],[143.70069,43.87542],[143.70506,43.87466],[143.71177,43.87756],[143.71998,43.8787],[143.72082,43.88837],[143.72649,43.89426],[143.72773,43.9006],[143.73823,43.90479],[143.75789,43.92015],[143.75566,43.92418],[143.75693,43.92918],[143.74975,43.93135],[143.75074,43.94389],[143.74778,43.9456],[143.74796,43.95278],[143.75133,43.95701],[143.76369,43.95193],[143.77146,43.95272],[143.78098,43.96256],[143.7851,43.97082],[143.78058,43.97533],[143.79344,43.98377],[143.80319,43.97784],[143.8127,43.98757],[143.83289,43.98339],[143.84036,43.98602],[143.84404,43.98044],[143.86318,43.97691],[143.8778,43.98132],[143.88896,43.98995],[143.89346,43.99751],[143.89935,43.99563],[143.90814,44.00001],[143.90655,44.00372],[143.91588,44.00998],[143.92839,44.01228],[143.93383,44.01816],[143.93442,44.02319],[143.93869,44.03071],[143.94399,44.03482],[143.95245,44.03628],[143.95374,44.04281],[143.95193,44.04877],[143.9475,44.05276],[143.94641,44.06002],[143.95308,44.06586],[143.9667,44.08489],[143.95054,44.0909],[143.911,44.1259],[143.85178,44.13385],[143.77569,44.14434]]]},"properties":{"pref":"北海道","office":"オホーツク総合振興局","county":"常呂郡","city":"佐呂間町","code5":"01552","code6":"015521"}},
{"type":"Feature","geometry":{"type":"Polygon","coordinates":[[[143.58775,43.94686],[143.58309,43.94667],[143.57438,43.94962],[143.57097,43.95676],[143.57344,43.96414],[143.58889,43.96976],[143.58528,43.97546],[143.58962,43.98434],[143.58729,43.98934],[143.58653,43.99227],[143.5797,43.99483],[143.57401,43.99366],[143.56429,43.9982],[143.56776,44.00434],[143.56458,44.00758],[143.56666,44.0137],[143.56026,44.02502],[143.56172,44.02889],[143.56824,44.03264],[143.57274,44.03746],[143.57043,44.04046],[143.57159,44.04707],[143.57513,44.05247],[143.57354,44.0568],[143.57586,44.06839],[143.57381,44.07352],[143.57931,44.07955],[143.57822,44.08223],[143.58301,44.08732],[143.5757,44.08927],[143.57059,44.09617],[143.56348,44.09403],[143.5541,44.09424],[143.54005,44.09661],[143.52268,44.08966],[143.52153,44.08478],[143.50725,44.07944],[143.50678,44.08884],[143.49716,44.08956],[143.49703,44.07754],[143.49268,44.07685],[143.41077,44.102],[143.40268,44.10733],[143.39876,44.10704],[143.3914,44.11225],[143.38599,44.11015],[143.38375,44.10586],[143.37794,44.10952],[143.37562,44.10463],[143.37072,44.10164],[143.3702,44.09417],[143.3573,44.0844],[143.35869,44.0796],[143.35235,44.07933],[143.34595,44.07299],[143.34603,44.07028],[143.33638,44.06761],[143.33341,44.06433],[143.33472,44.06006],[143.32606,44.05139],[143.31527,44.05159],[143.31094,44.04508],[143.29931,44.03656],[143.30281,44.03108],[143.29374,44.0304],[143.28986,44.02809],[143.28455,44.03438],[143.27405,44.03652],[143.26593,44.03598],[143.25572,44.0414],[143.23887,44.03403],[143.23636,44.03183],[143.22366,44.03168],[143.22129,44.02335],[143.20978,44.01654],[143.19426,44.0168],[143.17782,44.01342],[143.17251,44.00368],[143.17344,44.00052],[143.16438,43.99212],[143.15092,43.99507],[143.14218,44.00057],[143.12882,44.00062],[143.1256,44.00332],[143.11819,43.99889],[143.11206,43.99902],[143.09602,43.99555],[143.09648,43.99015],[143.0916,43.98722],[143.09157,43.98262],[143.10187,43.97793],[143.10383,43.96985],[143.1077,43.96526],[143.10789,43.96014],[143.10334,43.95595],[143.09653,43.95313],[143.09509,43.94608],[143.09056,43.94058],[143.08705,43.94095],[143.07838,43.93451],[143.06342,43.92552],[143.06376,43.91486],[143.0553,43.91412],[143.04837,43.9067],[143.03749,43.90274],[143.03389,43.89509],[143.01906,43.88551],[143.02295,43.87626],[143.01704,43.87433],[143.02122,43.86669],[143.02023,43.86357],[143.0112,43.86145],[143.0138,43.8509],[143.01802,43.84609],[143.01396,43.84433],[143.00908,43.83701],[143.01025,43.82658],[143.01698,43.82292],[143.02228,43.81714],[143.03089,43.81405],[143.04343,43.81337],[143.03744,43.8091],[143.01944,43.8023],[143.01226,43.7944],[143.01613,43.78911],[143.01414,43.78063],[143.0072,43.77532],[143.00689,43.76835],[143.01126,43.75789],[143.02437,43.74719],[143.03256,43.7489],[143.0468,43.74646],[143.05097,43.74395],[143.06139,43.74638],[143.06904,43.74637],[143.07439,43.74272],[143.07435,43.73789],[143.08401,43.73886],[143.09,43.74515],[143.09586,43.74301],[143.10584,43.74843],[143.11503,43.75092],[143.11838,43.75402],[143.12829,43.7552],[143.13631,43.75424],[143.14013,43.75628],[143.1425,43.76176],[143.15348,43.76338],[143.16054,43.76162],[143.16855,43.75582],[143.17474,43.74216],[143.17968,43.73498],[143.17449,43.73095],[143.17342,43.72409],[143.16897,43.72127],[143.16813,43.71625],[143.17185,43.70692],[143.18167,43.70682],[143.1887,43.70189],[143.19551,43.70026],[143.20911,43.70226],[143.22605,43.6968],[143.23627,43.70074],[143.24336,43.70557],[143.25304,43.70995],[143.25567,43.72219],[143.24906,43.7329],[143.25065,43.73871],[143.25775,43.74247],[143.26974,43.74678],[143.27321,43.75409],[143.27886,43.75458],[143.28909,43.7635],[143.30369,43.76116],[143.30702,43.75947],[143.3185,43.76967],[143.32629,43.76416],[143.33689,43.76557],[143.33938,43.7713],[143.35085,43.77374],[143.36422,43.78229],[143.36166,43.78839],[143.367,43.79129],[143.37572,43.79095],[143.37691,43.79791],[143.38956,43.79668],[143.39362,43.79865],[143.39885,43.79531],[143.40899,43.7958],[143.41733,43.79852],[143.43312,43.79904],[143.44648,43.80757],[143.45258,43.8128],[143.47158,43.81189],[143.47773,43.81472],[143.48076,43.81148],[143.4882,43.80944],[143.50571,43.81431],[143.51351,43.81432],[143.51939,43.82006],[143.52515,43.8197],[143.53011,43.82224],[143.52568,43.8262],[143.52902,43.83518],[143.53662,43.83845],[143.54639,43.83957],[143.55373,43.84524],[143.55962,43.84007],[143.56455,43.84094],[143.57259,43.8454],[143.56777,43.85076],[143.56562,43.85797],[143.5691,43.86107],[143.56772,43.86641],[143.56987,43.87919],[143.57752,43.88162],[143.58353,43.88719],[143.58355,43.89598],[143.58728,43.89645],[143.58638,43.90919],[143.58381,43.91529],[143.58448,43.92282],[143.59036,43.92588],[143.58765,43.92986],[143.59046,43.93987],[143.58775,43.94686]]]},"properties":{"pref":"北海道","office":"オホーツク総合振興局","county":"紋別郡","city":"遠軽町","code5":"01555","code6":"015555"}},
{"type":"Feature","geometry":{"type":"Polygon","coordinates":[[[143.77645,44.18469],[143.77029,44.1859],[143.73831,44.19456],[143.69131,44.20819],[143.65127,44.22144],[143.62949,44.22813],[143.62699,44.23055],[143.57777,44.24604],[143.55904,44.25252],[143.55804,44.25061],[143.54464,44.24144],[143.54158,44.24225],[143.5262,44.23694],[143.51605,44.22794],[143.51046,44.22663],[143.5051,44.21818],[143.49922,44.21486],[143.48889,44.20605],[143.48716,44.20252],[143.46937,44.18346],[143.46107,44.1778],[143.45177,44.17378],[143.44521,44.17356],[143.43291,44.16571],[143.43106,44.16175],[143.42199,44.15035],[143.41621,44.1482],[143.41418,44.14037],[143.41047,44.13892],[143.41465,44.12899],[143.41667,44.10528],[143.41077,44.102],[143.49268,44.07685],[143.49703,44.07754],[143.49716,44.08956],[143.50678,44.08884],[143.50725,44.07944],[143.52153,44.08478],[143.52268,44.08966],[143.54005,44.09661],[143.5541,44.09424],[143.56348,44.09403],[143.57059,44.09617],[143.5757,44.08927],[143.58301,44.08732],[143.57822,44.08223],[143.57931,44.07955],[143.57381,44.07352],[143.57586,44.06839],[143.57354,44.0568],[143.57513,44.05247],[143.57159,44.04707],[143.57043,44.04046],[143.57274,44.03746],[143.56824,44.03264],[143.56172,44.02889],[143.56026,44.02502],[143.56666,44.0137],[143.56458,44.00758],[143.56776,44.00434],[143.56429,43.9982],[143.57401,43.99366],[143.5797,43.99483],[143.58653,43.99227],[143.58729,43.98934],[143.59684,43.99022],[143.60112,43.99375],[143.60869,43.99538],[143.61757,43.9945],[143.6222,43.99187],[143.62719,43.99438],[143.63781,43.99342],[143.64354,43.98699],[143.65467,43.99173],[143.65117,43.99786],[143.6573,44.00381],[143.66191,44.0057],[143.66405,44.01101],[143.67433,44.01242],[143.68182,44.01691],[143.69102,44.01672],[143.69841,44.01115],[143.70787,44.01066],[143.71417,44.00866],[143.71602,44.01493],[143.71328,44.01936],[143.71814,44.03001],[143.72893,44.04548],[143.72931,44.04938],[143.73513,44.05525],[143.73856,44.06256],[143.74114,44.0807],[143.74068,44.08931],[143.74676,44.09313],[143.74687,44.10199],[143.74152,44.10427],[143.74405,44.1139],[143.74189,44.12066],[143.77569,44.14434],[143.77645,44.18469]]]},"properties":{"pref":"北海道","office":"オホーツク総合振興局","county":"紋別郡","city":"湧別町","code5":"01559","code6":"015598"}},
{"type":"Feature","geometry":{"type":"Polygon","coordinates":[[[143.09527,44.28686],[143.08504,44.28764],[143.08254,44.29173],[143.07243,44.2912],[143.06385,44.28912],[143.05188,44.28247],[143.03652,44.27759],[143.03065,44.27388],[143.02607,44.27457],[143.01354,44.269],[143.01196,44.26691],[142.99372,44.25912],[142.99347,44.24722],[142.98958,44.23387],[142.98183,44.23346],[142.96782,44.22133],[142.96181,44.21859],[142.95066,44.21593],[142.94199,44.21586],[142.93695,44.21953],[142.93148,44.21961],[142.92675,44.21651],[142.91775,44.21548],[142.91245,44.22575],[142.90678,44.22924],[142.9,44.2281],[142.89257,44.22376],[142.87969,44.22581],[142.87559,44.2288],[142.87111,44.22635],[142.86481,44.21865],[142.86571,44.21153],[142.87249,44.20352],[142.86892,44.19819],[142.87275,44.19418],[142.86839,44.18833],[142.87662,44.18518],[142.87747,44.17486],[142.88245,44.16868],[142.87693,44.15965],[142.86277,44.15479],[142.85239,44.15827],[142.84173,44.15892],[142.83829,44.15682],[142.83828,44.1503],[142.84315,44.14568],[142.83978,44.13574],[142.84383,44.13329],[142.84175,44.12772],[142.85128,44.12263],[142.85264,44.11732],[142.86051,44.10754],[142.85635,44.10427],[142.85694,44.09037],[142.86008,44.08768],[142.87047,44.08493],[142.86807,44.07766],[142.86064,44.07006],[142.86425,44.06368],[142.8743,44.05952],[142.87899,44.04902],[142.87344,44.04735],[142.86647,44.04033],[142.86748,44.03713],[142.87656,44.03261],[142.87406,44.01969],[142.88961,44.02076],[142.89349,44.01355],[142.8982,44.00988],[142.89433,44.00354],[142.90255,43.98972],[142.89973,43.98176],[142.88894,43.97656],[142.89091,43.97101],[142.89009,43.9652],[142.88668,43.96422],[142.88506,43.95719],[142.88191,43.95312],[142.87963,43.94767],[142.88307,43.94443],[142.89184,43.94324],[142.89234,43.93832],[142.88562,43.93443],[142.89123,43.93022],[142.88847,43.92636],[142.90019,43.92179],[142.91107,43.92688],[142.93526,43.92656],[142.94452,43.93019],[142.95627,43.93306],[142.96345,43.93773],[142.96926,43.93745],[142.97343,43.94166],[142.98309,43.94312],[142.98615,43.93896],[142.99981,43.92796],[143.00954,43.92485],[143.01382,43.92162],[143.02532,43.92419],[143.02935,43.92757],[143.03712,43.92814],[143.05387,43.91788],[143.0553,43.91412],[143.06376,43.91486],[143.06342,43.92552],[143.07838,43.93451],[143.08705,43.94095],[143.09056,43.94058],[143.09509,43.94608],[143.09653,43.95313],[143.10334,43.95595],[143.10789,43.96014],[143.1077,43.96526],[143.10383,43.96985],[143.10187,43.97793],[143.09157,43.98262],[143.0916,43.98722],[143.09648,43.99015],[143.09602,43.99555],[143.11206,43.99902],[143.11819,43.99889],[143.1256,44.00332],[143.12583,44.00928],[143.12961,44.01605],[143.13469,44.02106],[143.13359,44.02847],[143.12657,44.03292],[143.12964,44.03791],[143.13383,44.03966],[143.13523,44.04421],[143.13152,44.04686],[143.12918,44.05516],[143.12362,44.05843],[143.12634,44.06127],[143.13465,44.06438],[143.13815,44.06862],[143.13381,44.07361],[143.14138,44.07935],[143.14366,44.08359],[143.14993,44.08566],[143.15224,44.0909],[143.15087,44.09496],[143.15158,44.10366],[143.14864,44.10488],[143.13776,44.1221],[143.13328,44.13392],[143.14161,44.14553],[143.15698,44.14807],[143.15761,44.15408],[143.16732,44.16561],[143.16711,44.17394],[143.17236,44.18038],[143.1746,44.18604],[143.18621,44.19237],[143.1869,44.19504],[143.19545,44.19827],[143.19788,44.203],[143.19409,44.21534],[143.19403,44.22216],[143.17468,44.23152],[143.17399,44.2333],[143.15832,44.23371],[143.15414,44.23016],[143.14966,44.23615],[143.14926,44.24067],[143.13943,44.24768],[143.12769,44.26004],[143.12151,44.25974],[143.11169,44.26687],[143.10661,44.26663],[143.10349,44.27599],[143.09527,44.28686]]]},"properties":{"pref":"北海道","office":"オホーツク総合振興局","county":"紋別郡","city":"滝上町","code5":"01560","code6":"015601"}},
{"type":"Feature","geometry":{"type":"Polygon","coordinates":[[[143.27614,44.40079],[143.26608,44.40522],[143.23365,44.42192],[143.22964,44.42571],[143.22999,44.43257],[143.22713,44.43771],[143.22221,44.44083],[143.21412,44.44058],[143.15203,44.47086],[143.12351,44.48636],[143.10047,44.49785],[143.09966,44.49133],[143.09642,44.48452],[143.08532,44.47319],[143.07029,44.4674],[143.0662,44.46335],[143.05237,44.46082],[143.05133,44.45487],[143.04474,44.45077],[143.03167,44.45278],[143.03034,44.45684],[143.02329,44.46051],[143.00664,44.45432],[143.00264,44.44819],[142.99156,44.44264],[142.98413,44.44497],[142.96819,44.44275],[142.96394,44.44597],[142.95349,44.44546],[142.94551,44.45127],[142.92959,44.4469],[142.92242,44.45428],[142.92167,44.46094],[142.9119,44.46706],[142.90645,44.46148],[142.90724,44.45803],[142.89829,44.45412],[142.89178,44.44929],[142.8919,44.44398],[142.88635,44.44298],[142.8758,44.43684],[142.86769,44.44173],[142.86144,44.43788],[142.86137,44.43264],[142.85763,44.42871],[142.87129,44.42498],[142.87199,44.42129],[142.88731,44.40107],[142.89447,44.39707],[142.89985,44.40012],[142.91822,44.39571],[142.92084,44.39092],[142.92754,44.38935],[142.93289,44.38521],[142.94856,44.38904],[142.95561,44.39297],[142.96734,44.39435],[142.97442,44.39129],[142.98564,44.39072],[143.00227,44.39653],[143.01096,44.39795],[143.03229,44.37273],[143.03249,44.36568],[143.02758,44.36051],[143.02911,44.35377],[143.03324,44.35127],[143.02562,44.34109],[143.02683,44.33035],[143.03307,44.32668],[143.03576,44.31544],[143.04687,44.3124],[143.05108,44.30874],[143.04809,44.30382],[143.05075,44.3006],[143.06119,44.29648],[143.06385,44.28912],[143.07243,44.2912],[143.08254,44.29173],[143.08504,44.28764],[143.09527,44.28686],[143.09903,44.28949],[143.10482,44.2881],[143.11383,44.29144],[143.11577,44.29845],[143.11324,44.30271],[143.11823,44.30613],[143.1206,44.31397],[143.12652,44.31281],[143.13944,44.31475],[143.14648,44.31843],[143.14516,44.32153],[143.15562,44.32389],[143.15627,44.33049],[143.16696,44.33194],[143.17167,44.3298],[143.17622,44.33377],[143.18613,44.33304],[143.19143,44.32723],[143.20461,44.33404],[143.20572,44.34375],[143.20846,44.34835],[143.2184,44.34685],[143.22647,44.34993],[143.23393,44.34949],[143.24369,44.35139],[143.24365,44.35696],[143.24721,44.36525],[143.25541,44.36797],[143.2594,44.37393],[143.2751,44.38374],[143.27241,44.39283],[143.27614,44.40079]]]},"properties":{"pref":"北海道","office":"オホーツク総合振興局","county":"紋別郡","city":"興部町","code5":"01561","code6":"015610"}},
{"type":"Feature","geometry":{"type":"Polygon","coordinates":[[[142.87559,44.2288],[142.87969,44.22581],[142.89257,44.22376],[142.9,44.2281],[142.90678,44.22924],[142.91245,44.22575],[142.91775,44.21548],[142.92675,44.21651],[142.93148,44.21961],[142.93695,44.21953],[142.94199,44.21586],[142.95066,44.21593],[142.96181,44.21859],[142.96782,44.22133],[142.98183,44.23346],[142.98958,44.23387],[142.99347,44.24722],[142.99372,44.25912],[143.01196,44.26691],[143.01354,44.269],[143.02607,44.27457],[143.03065,44.27388],[143.03652,44.27759],[143.05188,44.28247],[143.06385,44.28912],[143.06119,44.29648],[143.05075,44.3006],[143.04809,44.30382],[143.05108,44.30874],[143.04687,44.3124],[143.03576,44.31544],[143.03307,44.32668],[143.02683,44.33035],[143.02562,44.34109],[143.03324,44.35127],[143.02911,44.35377],[143.02758,44.36051],[143.03249,44.36568],[143.03229,44.37273],[143.01096,44.39795],[143.00227,44.39653],[142.98564,44.39072],[142.97442,44.39129],[142.96734,44.39435],[142.95561,44.39297],[142.94856,44.38904],[142.93289,44.38521],[142.92754,44.38935],[142.92084,44.39092],[142.91822,44.39571],[142.89985,44.40012],[142.89447,44.39707],[142.88731,44.40107],[142.87199,44.42129],[142.87129,44.42498],[142.85763,44.42871],[142.86137,44.43264],[142.86144,44.43788],[142.8513,44.43833],[142.84038,44.43242],[142.8357,44.42609],[142.82449,44.42371],[142.81876,44.41886],[142.81839,44.41389],[142.82581,44.40486],[142.83038,44.39726],[142.8294,44.39196],[142.82393,44.38847],[142.82868,44.37938],[142.82567,44.36945],[142.81695,44.36659],[142.82102,44.36287],[142.81515,44.35632],[142.81558,44.35032],[142.80875,44.34896],[142.80245,44.3426],[142.80264,44.33154],[142.81726,44.33213],[142.82417,44.32885],[142.82275,44.31358],[142.82748,44.30689],[142.82381,44.305],[142.82923,44.29337],[142.82724,44.28289],[142.82424,44.27923],[142.82637,44.27241],[142.84562,44.26725],[142.85125,44.26273],[142.85219,44.25895],[142.85925,44.25727],[142.86218,44.25056],[142.86669,44.24843],[142.86582,44.2406],[142.86979,44.2323],[142.87559,44.2288]]]},"properties":{"pref":"北海道","office":"オホーツク総合振興局","county":"紋別郡","city":"西興部村","code5":"01562","code6":"015628"}},
{"type":"Feature","geometry":{"type":"Polygon","coordinates":[[[142.58407,44.43368],[142.5939,44.43229],[142.6065,44.43666],[142.6199,44.43465],[142.63098,44.43608],[142.6407,44.43601],[142.65071,44.43776],[142.65374,44.44117],[142.65483,44.44774],[142.66763,44.45388],[142.68343,44.47348],[142.69193,44.47662],[142.69498,44.48191],[142.71269,44.48124],[142.71709,44.47655],[142.72071,44.46854],[142.71731,44.46293],[142.72119,44.46083],[142.73363,44.46004],[142.73917,44.46322],[142.74918,44.45496],[142.75652,44.45648],[142.75796,44.46101],[142.76542,44.46447],[142.77806,44.46012],[142.78528,44.45921],[142.78953,44.45351],[142.79499,44.45631],[142.81171,44.45875],[142.8218,44.45483],[142.82842,44.45837],[142.83225,44.45708],[142.84364,44.45942],[142.84454,44.45377],[142.84029,44.44648],[142.8513,44.43833],[142.86144,44.43788],[142.86769,44.44173],[142.8758,44.43684],[142.88635,44.44298],[142.8919,44.44398],[142.89178,44.44929],[142.89829,44.45412],[142.90724,44.45803],[142.90645,44.46148],[142.9119,44.46706],[142.92167,44.46094],[142.92242,44.45428],[142.92959,44.4469],[142.94551,44.45127],[142.95349,44.44546],[142.96394,44.44597],[142.96819,44.44275],[142.98413,44.44497],[142.99156,44.44264],[143.00264,44.44819],[143.00664,44.45432],[143.02329,44.46051],[143.03034,44.45684],[143.03167,44.45278],[143.04474,44.45077],[143.05133,44.45487],[143.05237,44.46082],[143.0662,44.46335],[143.07029,44.4674],[143.08532,44.47319],[143.09642,44.48452],[143.09966,44.49133],[143.10047,44.49785],[143.08251,44.50746],[143.06421,44.51859],[143.05851,44.5283],[143.04805,44.52875],[143.04172,44.53343],[143.03633,44.53434],[142.99424,44.55773],[142.97603,44.57182],[142.95758,44.59305],[142.95527,44.59832],[142.94473,44.60117],[142.94299,44.60803],[142.93319,44.61373],[142.93087,44.61906],[142.93284,44.62179],[142.92745,44.62885],[142.91814,44.62867],[142.89642,44.64611],[142.89307,44.65204],[142.87108,44.66214],[142.86264,44.67226],[142.86281,44.67513],[142.85227,44.67788],[142.84206,44.6872],[142.83471,44.68109],[142.83073,44.67038],[142.82458,44.66784],[142.82378,44.6642],[142.81036,44.65681],[142.80953,44.65416],[142.80152,44.64995],[142.79233,44.64294],[142.7913,44.64023],[142.78311,44.63905],[142.77739,44.64012],[142.76635,44.63924],[142.76162,44.63463],[142.75405,44.637],[142.75084,44.64007],[142.73984,44.64133],[142.73071,44.63884],[142.72067,44.63247],[142.71415,44.63066],[142.70228,44.63001],[142.69761,44.62628],[142.6963,44.62146],[142.6856,44.61686],[142.68942,44.60995],[142.68718,44.60288],[142.67101,44.59773],[142.65674,44.59697],[142.65075,44.59068],[142.64695,44.58995],[142.64533,44.58061],[142.65565,44.57813],[142.65288,44.56758],[142.63624,44.55351],[142.63776,44.54818],[142.63475,44.54591],[142.63619,44.53613],[142.64303,44.53472],[142.64615,44.53058],[142.63481,44.52373],[142.62794,44.52299],[142.62618,44.51863],[142.62053,44.51448],[142.61792,44.50488],[142.61833,44.50009],[142.61331,44.49397],[142.60149,44.48649],[142.59671,44.47472],[142.59331,44.47256],[142.59794,44.46625],[142.59325,44.4552],[142.58634,44.4453],[142.58407,44.43368]]]},"properties":{"pref":"北海道","office":"オホーツク総合振興局","county":"紋別郡","city":"雄武町","code5":"01563","code6":"015636"}},
{"type":"Feature","geometry":{"type":"Polygon","coordinates":[[[144.05242,43.88784],[144.06565,43.88933],[144.07045,43.89348],[144.07542,43.88731],[144.08256,43.88546],[144.0861,43.87895],[144.08587,43.87482],[144.09395,43.86528],[144.09255,43.85944],[144.09548,43.85743],[144.10557,43.85598],[144.11276,43.85851],[144.11818,43.86347],[144.12986,43.87106],[144.13109,43.87412],[144.19127,43.8555],[144.19088,43.85241],[144.18471,43.84766],[144.18634,43.8429],[144.19483,43.83974],[144.19712,43.8338],[144.20625,43.82659],[144.21266,43.82558],[144.21663,43.82255],[144.21417,43.81443],[144.21966,43.801],[144.23354,43.80161],[144.23609,43.79983],[144.2363,43.79109],[144.23403,43.78684],[144.24566,43.77469],[144.24865,43.76614],[144.24595,43.7526],[144.25302,43.73093],[144.26153,43.71998],[144.26291,43.71545],[144.27319,43.70863],[144.29218,43.70702],[144.30021,43.70527],[144.31175,43.70535],[144.31528,43.70808],[144.32838,43.70899],[144.33166,43.7066],[144.35136,43.71568],[144.35711,43.71991],[144.36519,43.7221],[144.36989,43.72679],[144.36995,43.73326],[144.37255,43.73692],[144.37198,43.74509],[144.37573,43.74894],[144.37935,43.76147],[144.3863,43.77222],[144.38795,43.78287],[144.38028,43.78533],[144.38363,43.79097],[144.37824,43.80213],[144.3749,43.80587],[144.36609,43.8216],[144.36448,43.83037],[144.36667,43.8407],[144.38226,43.84444],[144.3748,43.86108],[144.37252,43.86186],[144.37778,43.87117],[144.34638,43.88092],[144.30126,43.89411],[144.29622,43.88519],[144.29988,43.88395],[144.30477,43.87338],[144.29192,43.87038],[144.28728,43.87457],[144.26264,43.86908],[144.2559,43.88323],[144.24421,43.90153],[144.23896,43.90321],[144.2375,43.91305],[144.23037,43.9243],[144.2229,43.92999],[144.22342,43.93408],[144.21318,43.93749],[144.20832,43.94301],[144.20518,43.95347],[144.19998,43.95992],[144.17313,43.96797],[144.1266,43.93719],[144.12596,43.93286],[144.10339,43.939],[144.08964,43.93984],[144.08198,43.93925],[144.07513,43.93549],[144.06347,43.92171],[144.06179,43.91615],[144.0628,43.90976],[144.04654,43.89385],[144.05242,43.88784]]]},"properties":{"pref":"北海道","office":"オホーツク総合振興局","county":"網走郡","city":"大空町","code5":"01564","code6":"015644"}},
{"type":"Feature","geometry":{"type":"Polygon","coordinates":[[[140.53711,42.58741],[140.55225,42.57789],[140.56452,42.57496],[140.56902,42.57057],[140.58179,42.56702],[140.58879,42.56884],[140.59049,42.57264],[140.6009,42.57579],[140.60688,42.57434],[140.61221,42.5771],[140.63846,42.58522],[140.64833,42.58478],[140.66216,42.58748],[140.66937,42.58614],[140.68642,42.58731],[140.69544,42.58655],[140.70863,42.58259],[140.71195,42.57964],[140.71042,42.5751],[140.72159,42.57477],[140.7257,42.57185],[140.73387,42.5786],[140.73968,42.5784],[140.74815,42.5847],[140.74831,42.59464],[140.75855,42.59398],[140.76216,42.6014],[140.75179,42.60181],[140.74837,42.60844],[140.7425,42.61244],[140.7424,42.61673],[140.73698,42.62335],[140.73691,42.63265],[140.7333,42.63651],[140.74235,42.64078],[140.74265,42.64411],[140.74919,42.64929],[140.75411,42.65088],[140.75519,42.65949],[140.75189,42.665],[140.75688,42.66889],[140.75521,42.67961],[140.76238,42.69357],[140.7606,42.70204],[140.75293,42.709],[140.74566,42.71357],[140.73751,42.71546],[140.71871,42.71574],[140.70435,42.71778],[140.69926,42.71592],[140.69119,42.71727],[140.67684,42.71013],[140.66942,42.70842],[140.65544,42.71035],[140.63493,42.70718],[140.62688,42.71033],[140.61257,42.71145],[140.60229,42.70723],[140.59107,42.70759],[140.57419,42.71573],[140.56538,42.7152],[140.56228,42.71722],[140.56549,42.71229],[140.56539,42.70188],[140.56961,42.68302],[140.57585,42.6794],[140.57424,42.67508],[140.57728,42.66474],[140.56845,42.6628],[140.56065,42.6552],[140.56643,42.6513],[140.55679,42.64348],[140.5567,42.63541],[140.54319,42.62114],[140.53317,42.61611],[140.53389,42.6129],[140.54537,42.60651],[140.54483,42.60304],[140.54651,42.59904],[140.5444,42.59463],[140.539,42.59278],[140.53711,42.58741]]]},"properties":{"pref":"北海道","office":"胆振総合振興局","county":"虻田郡","city":"豊浦町","code5":"01571","code6":"015717"}},
{"type":"Feature","geometry":{"type":"Polygon","coordinates":[[[141.08533,42.55421],[141.08741,42.56119],[141.08521,42.57898],[141.07412,42.58245],[141.07169,42.59019],[141.06361,42.5924],[141.04544,42.59439],[141.02876,42.59179],[141.02961,42.5958],[141.02643,42.60058],[141.02459,42.61116],[140.96068,42.64462],[140.95794,42.64136],[140.92962,42.64565],[140.91867,42.64525],[140.91051,42.63842],[140.91223,42.6307],[140.90711,42.62307],[140.84318,42.60364],[140.83009,42.56527],[140.82556,42.54246],[140.87752,42.53154],[140.88089,42.53341],[140.90238,42.5368],[140.91343,42.54341],[140.9174,42.54133],[140.926,42.54488],[140.93585,42.54165],[140.93968,42.5431],[140.94777,42.5411],[140.95773,42.53665],[140.95715,42.53144],[140.9632,42.52874],[140.96439,42.52366],[140.96971,42.51947],[140.96744,42.51041],[140.97055,42.50503],[140.97703,42.50349],[140.98539,42.50726],[140.99277,42.50707],[140.99502,42.51217],[141.00772,42.51257],[141.01552,42.51469],[141.02311,42.51138],[141.03492,42.51808],[141.04044,42.51795],[141.0463,42.52521],[141.05311,42.52883],[141.06348,42.53013],[141.06894,42.52942],[141.06913,42.53619],[141.06613,42.53746],[141.06506,42.54452],[141.07468,42.54951],[141.07828,42.55436],[141.08533,42.55421]]]},"properties":{"pref":"北海道","office":"胆振総合振興局","county":"有珠郡","city":"壮瞥町","code5":"01575","code6":"015750"}},
{"type":"Feature","geometry":{"type":"Polygon","coordinates":[[[141.3603,42.68161],[141.35089,42.6845],[141.34646,42.68262],[141.3403,42.68493],[141.32292,42.68256],[141.31141,42.68424],[141.30042,42.69327],[141.28814,42.69862],[141.28381,42.70339],[141.27789,42.70359],[141.25876,42.71384],[141.25118,42.7107],[141.24667,42.70487],[141.24389,42.69814],[141.23338,42.69989],[141.21861,42.69862],[141.2167,42.70131],[141.20975,42.70059],[141.20716,42.69591],[141.19695,42.68712],[141.19147,42.68579],[141.18387,42.68323],[141.18328,42.67816],[141.16277,42.66541],[141.16081,42.65873],[141.15651,42.65626],[141.15556,42.6428],[141.14461,42.6381],[141.14255,42.63355],[141.14953,42.62875],[141.14694,42.62244],[141.14145,42.62086],[141.1365,42.61667],[141.12594,42.61164],[141.11383,42.61246],[141.11161,42.60466],[141.09345,42.59472],[141.08598,42.58416],[141.08521,42.57898],[141.08741,42.56119],[141.08533,42.55421],[141.09963,42.55394],[141.11117,42.54822],[141.12354,42.53739],[141.12309,42.52299],[141.12682,42.52154],[141.13371,42.52405],[141.14641,42.52288],[141.14946,42.52503],[141.15796,42.52181],[141.16413,42.52197],[141.17084,42.51447],[141.17088,42.51193],[141.16279,42.50956],[141.1617,42.49702],[141.16808,42.48599],[141.16789,42.4826],[141.17311,42.47303],[141.17931,42.47019],[141.18235,42.45664],[141.18914,42.45256],[141.19574,42.45162],[141.20596,42.45336],[141.21486,42.4596],[141.28034,42.50239],[141.30741,42.5179],[141.31227,42.52133],[141.31654,42.52041],[141.32569,42.52866],[141.33978,42.53708],[141.37903,42.55678],[141.41833,42.57487],[141.42127,42.57839],[141.42027,42.58256],[141.41231,42.58482],[141.40977,42.5878],[141.40086,42.59045],[141.39393,42.59981],[141.39165,42.60511],[141.38496,42.60656],[141.37832,42.61056],[141.37733,42.61397],[141.3641,42.61875],[141.34512,42.63266],[141.34356,42.63705],[141.34609,42.64033],[141.33934,42.64891],[141.34005,42.65746],[141.34245,42.66242],[141.34203,42.67134],[141.34628,42.67926],[141.3603,42.68161]]]},"properties":{"pref":"北海道","office":"胆振総合振興局","county":"白老郡","city":"白老町","code5":"01578","code6":"015784"}},
{"type":"Feature","geometry":{"type":"Polygon","coordinates":[[[142.04358,42.8624],[142.03728,42.85764],[142.03339,42.85801],[142.02332,42.84939],[142.01495,42.84858],[142.00643,42.84492],[141.99568,42.84943],[141.98791,42.84168],[141.98031,42.83742],[141.97538,42.84171],[141.96792,42.84417],[141.96228,42.84326],[141.95442,42.85438],[141.94874,42.84997],[141.93953,42.83905],[141.93167,42.83911],[141.92449,42.82914],[141.92281,42.81807],[141.9165,42.81062],[141.907,42.80565],[141.90415,42.80136],[141.89591,42.79676],[141.894,42.79081],[141.88642,42.78345],[141.8827,42.78244],[141.88198,42.77618],[141.87397,42.76941],[141.86252,42.76708],[141.85894,42.76184],[141.86009,42.7525],[141.85789,42.74713],[141.85218,42.74796],[141.8491,42.74256],[141.84394,42.74047],[141.84847,42.73675],[141.84827,42.73106],[141.84054,42.72346],[141.83225,42.71835],[141.82358,42.71703],[141.82621,42.71231],[141.82579,42.69907],[141.82977,42.68748],[141.82944,42.67392],[141.8228,42.66812],[141.81555,42.6669],[141.81667,42.65952],[141.81488,42.62507],[141.80385,42.61446],[141.79885,42.60225],[141.80111,42.60164],[141.8104,42.61176],[141.8206,42.61182],[141.81719,42.60565],[141.82642,42.60153],[141.84704,42.5948],[141.87681,42.58653],[141.87988,42.59086],[141.87828,42.59539],[141.88991,42.6004],[141.89209,42.60637],[141.90221,42.61181],[141.90928,42.61223],[141.91876,42.61484],[141.92427,42.61789],[141.9232,42.62807],[141.92516,42.6338],[141.93114,42.6406],[141.93942,42.64355],[141.95055,42.64225],[141.95892,42.63927],[141.96918,42.63806],[141.98075,42.64258],[141.98952,42.63912],[141.99767,42.64217],[142.00308,42.65251],[141.99992,42.65879],[142.00153,42.66327],[141.99611,42.66615],[141.99544,42.6763],[141.99664,42.68311],[141.99345,42.6902],[142.00384,42.70406],[142.01294,42.71041],[142.01513,42.71434],[142.02134,42.71324],[142.03311,42.72171],[142.04337,42.7237],[142.04672,42.73779],[142.05177,42.74025],[142.05309,42.74439],[142.06203,42.74625],[142.06574,42.75563],[142.07245,42.75782],[142.074,42.76693],[142.08899,42.77656],[142.08875,42.78246],[142.09196,42.7867],[142.08969,42.79159],[142.09682,42.79306],[142.09348,42.79955],[142.10107,42.80256],[142.11232,42.81239],[142.10857,42.81684],[142.10871,42.82571],[142.10265,42.83592],[142.10524,42.85177],[142.0988,42.85072],[142.09224,42.85503],[142.08989,42.86365],[142.08485,42.86804],[142.08057,42.86868],[142.07082,42.87311],[142.06442,42.87407],[142.06396,42.86954],[142.05344,42.8598],[142.04358,42.8624]]]},"properties":{"pref":"北海道","office":"胆振総合振興局","county":"勇払郡","city":"厚真町","code5":"01581","code6":"015814"}},
{"type":"Feature","geometry":{"type":"Polygon","coordinates":[[[140.96751,42.6709],[140.95617,42.67539],[140.95328,42.68009],[140.94385,42.6841],[140.92792,42.68491],[140.91945,42.68848],[140.90837,42.68614],[140.90026,42.68775],[140.89062,42.68768],[140.88296,42.69245],[140.86268,42.69724],[140.85751,42.69948],[140.84892,42.69662],[140.84225,42.68585],[140.8224,42.68063],[140.81843,42.678],[140.81166,42.67808],[140.79859,42.66985],[140.78399,42.67051],[140.77798,42.6685],[140.77745,42.66082],[140.76699,42.66119],[140.76146,42.65913],[140.75519,42.65949],[140.75411,42.65088],[140.74919,42.64929],[140.74265,42.64411],[140.74235,42.64078],[140.7333,42.63651],[140.73691,42.63265],[140.73698,42.62335],[140.7424,42.61673],[140.7425,42.61244],[140.74837,42.60844],[140.75179,42.60181],[140.76216,42.6014],[140.75855,42.59398],[140.74831,42.59464],[140.74815,42.5847],[140.73968,42.5784],[140.73387,42.5786],[140.7257,42.57185],[140.74519,42.55712],[140.75086,42.55578],[140.7586,42.55118],[140.76991,42.541],[140.77751,42.52895],[140.77123,42.52233],[140.77314,42.52039],[140.78046,42.52701],[140.78867,42.53147],[140.79808,42.53344],[140.80661,42.53702],[140.81047,42.54084],[140.81746,42.54342],[140.82556,42.54246],[140.83009,42.56527],[140.84318,42.60364],[140.90711,42.62307],[140.91223,42.6307],[140.91051,42.63842],[140.91867,42.64525],[140.92962,42.64565],[140.95794,42.64136],[140.96068,42.64462],[140.96209,42.65076],[140.96641,42.65303],[140.96678,42.6587],[140.97034,42.66921],[140.96751,42.6709]]]},"properties":{"pref":"北海道","office":"胆振総合振興局","county":"虻田郡","city":"洞爺湖町","code5":"01584","code6":"015849"}},
{"type":"Feature","geometry":{"type":"Polygon","coordinates":[[[141.82579,42.69907],[141.82621,42.71231],[141.82358,42.71703],[141.83225,42.71835],[141.84054,42.72346],[141.84827,42.73106],[141.84847,42.73675],[141.84394,42.74047],[141.8491,42.74256],[141.85218,42.74796],[141.85789,42.74713],[141.86009,42.7525],[141.85894,42.76184],[141.86252,42.76708],[141.87397,42.76941],[141.88198,42.77618],[141.8827,42.78244],[141.88642,42.78345],[141.894,42.79081],[141.89591,42.79676],[141.90415,42.80136],[141.907,42.80565],[141.9165,42.81062],[141.92281,42.81807],[141.92449,42.82914],[141.93167,42.83911],[141.93953,42.83905],[141.94874,42.84997],[141.95442,42.85438],[141.9509,42.85813],[141.95095,42.86268],[141.94394,42.87108],[141.93709,42.8829],[141.92868,42.88802],[141.92502,42.88684],[141.91751,42.89008],[141.91682,42.89797],[141.91378,42.90081],[141.90761,42.90117],[141.90221,42.90517],[141.89662,42.90545],[141.89108,42.90949],[141.88113,42.91281],[141.87293,42.92127],[141.86998,42.92205],[141.86743,42.9177],[141.84475,42.90904],[141.83701,42.9078],[141.81752,42.89806],[141.81566,42.8943],[141.80641,42.89273],[141.79519,42.8785],[141.7909,42.8761],[141.79378,42.86715],[141.79173,42.85849],[141.79517,42.85662],[141.78503,42.84925],[141.78954,42.84137],[141.77554,42.83527],[141.76442,42.83266],[141.7669,42.82704],[141.7761,42.82322],[141.77578,42.81344],[141.77018,42.80754],[141.76479,42.80918],[141.76107,42.80314],[141.75432,42.79842],[141.75685,42.79197],[141.74259,42.78772],[141.7475,42.77993],[141.74186,42.76873],[141.74422,42.76286],[141.74459,42.75439],[141.73665,42.74871],[141.73656,42.74586],[141.74291,42.73815],[141.74876,42.72857],[141.75542,42.72518],[141.77653,42.7109],[141.79538,42.69681],[141.82579,42.69907]]]},"properties":{"pref":"北海道","office":"胆振総合振興局","county":"勇払郡","city":"安平町","code5":"01585","code6":"015857"}},
{"type":"Feature","geometry":{"type":"Polygon","coordinates":[[[142.08057,42.86868],[142.08485,42.86804],[142.08989,42.86365],[142.09224,42.85503],[142.0988,42.85072],[142.10524,42.85177],[142.10265,42.83592],[142.10871,42.82571],[142.10857,42.81684],[142.11232,42.81239],[142.10107,42.80256],[142.09348,42.79955],[142.09682,42.79306],[142.08969,42.79159],[142.09196,42.7867],[142.08875,42.78246],[142.08899,42.77656],[142.074,42.76693],[142.07245,42.75782],[142.06574,42.75563],[142.06203,42.74625],[142.05309,42.74439],[142.05177,42.74025],[142.04672,42.73779],[142.04337,42.7237],[142.03311,42.72171],[142.02134,42.71324],[142.01513,42.71434],[142.01294,42.71041],[142.00384,42.70406],[141.99345,42.6902],[141.99664,42.68311],[141.99544,42.6763],[141.99611,42.66615],[142.00153,42.66327],[141.99992,42.65879],[142.00308,42.65251],[141.99767,42.64217],[141.98952,42.63912],[141.98075,42.64258],[141.96918,42.63806],[141.95892,42.63927],[141.95055,42.64225],[141.93942,42.64355],[141.93114,42.6406],[141.92516,42.6338],[141.9232,42.62807],[141.92427,42.61789],[141.91876,42.61484],[141.90928,42.61223],[141.90221,42.61181],[141.89209,42.60637],[141.88991,42.6004],[141.87828,42.59539],[141.87988,42.59086],[141.87681,42.58653],[141.89349,42.58157],[141.90381,42.57743],[141.9186,42.56004],[141.92407,42.55918],[141.93586,42.5522],[141.94158,42.54497],[141.95604,42.5389],[141.96745,42.5312],[141.96694,42.52851],[141.97908,42.53552],[141.98247,42.54526],[141.99572,42.54492],[142.01137,42.53989],[142.01246,42.54609],[142.02132,42.55049],[142.03458,42.55209],[142.04709,42.56041],[142.0508,42.56226],[142.06055,42.57315],[142.06663,42.57133],[142.08422,42.57471],[142.09075,42.58196],[142.10938,42.59098],[142.1192,42.59317],[142.12204,42.59575],[142.12064,42.60084],[142.12299,42.61901],[142.12517,42.6265],[142.1291,42.62861],[142.13027,42.63534],[142.1382,42.64381],[142.13693,42.6496],[142.13917,42.65605],[142.14862,42.66101],[142.1484,42.6719],[142.15809,42.67443],[142.16211,42.67988],[142.16023,42.68379],[142.16706,42.69244],[142.18559,42.70069],[142.18479,42.70599],[142.18963,42.72017],[142.21208,42.72389],[142.2101,42.72807],[142.2143,42.73257],[142.21988,42.73422],[142.21969,42.74453],[142.22501,42.7462],[142.23007,42.74409],[142.23671,42.74695],[142.24034,42.74307],[142.24522,42.74628],[142.25264,42.74716],[142.25358,42.75032],[142.26191,42.75298],[142.26513,42.75888],[142.27132,42.75955],[142.27773,42.76485],[142.29866,42.773],[142.29899,42.78699],[142.3052,42.79071],[142.30533,42.8012],[142.30804,42.80316],[142.30722,42.81886],[142.31182,42.82494],[142.30941,42.83474],[142.30536,42.83782],[142.30452,42.8424],[142.31105,42.84743],[142.30771,42.85251],[142.31285,42.86038],[142.31802,42.8654],[142.31309,42.88137],[142.31716,42.88618],[142.32463,42.89077],[142.33307,42.89978],[142.33272,42.90879],[142.32044,42.91331],[142.31234,42.91832],[142.31049,42.92698],[142.30495,42.93293],[142.30126,42.93336],[142.30181,42.94087],[142.28838,42.94196],[142.27866,42.94391],[142.27279,42.95017],[142.27356,42.95616],[142.28309,42.96587],[142.28415,42.97307],[142.27979,42.98112],[142.27204,42.98713],[142.26247,42.98227],[142.25868,42.9761],[142.25525,42.96661],[142.24692,42.96874],[142.23864,42.97417],[142.22905,42.97174],[142.22309,42.96813],[142.22372,42.96293],[142.21114,42.96012],[142.20494,42.95343],[142.19883,42.95353],[142.1865,42.9514],[142.18342,42.95765],[142.17728,42.95931],[142.16225,42.95057],[142.15568,42.95446],[142.14434,42.94877],[142.1437,42.94327],[142.14538,42.92796],[142.13775,42.92719],[142.1279,42.92262],[142.12705,42.91941],[142.11943,42.9193],[142.11053,42.91485],[142.11222,42.90392],[142.10678,42.90105],[142.10708,42.8939],[142.10009,42.88548],[142.09554,42.88412],[142.08116,42.87113],[142.08057,42.86868]]]},"properties":{"pref":"北海道","office":"胆振総合振興局","county":"勇払郡","city":"むかわ町","code5":"01586","code6":"015865"}},
{"type":"Feature","geometry":{"type":"MultiPolygon","coordinates":[[[[142.71983,42.77575],[142.71644,42.78355],[142.72157,42.79183],[142.72023,42.80425],[142.72929,42.81942],[142.73271,42.82297],[142.72929,42.82668],[142.73215,42.83569],[142.74369,42.84714],[142.75675,42.85174],[142.76332,42.85038],[142.77223,42.85102],[142.7805,42.85935],[142.7878,42.86319],[142.78542,42.86884],[142.77904,42.87169],[142.77127,42.8722],[142.76286,42.89275],[142.75612,42.89775],[142.77086,42.91879],[142.778,42.92557],[142.7724,42.93641],[142.76723,42.93635],[142.75948,42.9424],[142.76005,42.9516],[142.7567,42.95292],[142.75221,42.96327],[142.74961,42.96476],[142.75488,42.97508],[142.76197,42.97758],[142.76388,42.98121],[142.76343,42.98939],[142.75018,42.99669],[142.74488,42.99778],[142.74087,43.00499],[142.72777,43.0098],[142.71986,43.00467],[142.71042,42.99372],[142.70263,42.99025],[142.68953,42.98784],[142.6835,42.99113],[142.67811,42.99078],[142.66621,42.98198],[142.65228,42.98588],[142.64008,42.98506],[142.63191,42.98628],[142.62707,42.98102],[142.61383,42.97313],[142.60662,42.97341],[142.59821,42.97097],[142.58708,42.96594],[142.583,42.95703],[142.57843,42.95263],[142.57758,42.94776],[142.57106,42.94196],[142.57299,42.93156],[142.56003,42.91711],[142.5513,42.91655],[142.54603,42.91089],[142.54003,42.91252],[142.53621,42.91068],[142.53268,42.91728],[142.5253,42.9189],[142.52141,42.92327],[142.51105,42.91998],[142.51154,42.91789],[142.50306,42.91397],[142.49875,42.91456],[142.49795,42.9197],[142.49231,42.91889],[142.48646,42.92346],[142.4749,42.91477],[142.46581,42.91722],[142.45654,42.91386],[142.44363,42.91147],[142.43548,42.91642],[142.43292,42.92235],[142.42781,42.92216],[142.42449,42.92876],[142.41959,42.92887],[142.409,42.9336],[142.39891,42.9315],[142.40203,42.91881],[142.40431,42.91426],[142.39786,42.90774],[142.3964,42.90018],[142.39173,42.89872],[142.38618,42.89157],[142.37824,42.88652],[142.37739,42.88151],[142.37359,42.87683],[142.37843,42.87025],[142.37757,42.86185],[142.38219,42.85514],[142.3921,42.85613],[142.39896,42.85269],[142.3987,42.84616],[142.40172,42.84257],[142.40041,42.83634],[142.39414,42.83312],[142.39535,42.82058],[142.38824,42.8125],[142.38751,42.80719],[142.38373,42.80495],[142.38112,42.79737],[142.38429,42.78958],[142.39178,42.78752],[142.40435,42.79084],[142.41425,42.78669],[142.42684,42.7851],[142.43139,42.78279],[142.44675,42.78148],[142.45487,42.77424],[142.45535,42.77186],[142.47908,42.77515],[142.48455,42.77337],[142.49719,42.77639],[142.50176,42.78203],[142.50764,42.78272],[142.51114,42.78854],[142.50937,42.79616],[142.51279,42.79855],[142.5323,42.80433],[142.53619,42.8094],[142.54934,42.81375],[142.56829,42.81639],[142.57544,42.80949],[142.57476,42.8048],[142.57928,42.80229],[142.58168,42.79289],[142.60051,42.78371],[142.60902,42.78201],[142.62028,42.77731],[142.6289,42.77231],[142.63533,42.77291],[142.64322,42.76139],[142.64309,42.75621],[142.65908,42.7511],[142.68708,42.75044],[142.69042,42.75413],[142.69782,42.7676],[142.7066,42.77214],[142.71983,42.77575]]],[[[141.96694,42.52851],[141.98197,42.51603],[142.00068,42.50885],[142.01546,42.49921],[142.01906,42.49322],[142.0273,42.48509],[142.04379,42.48288],[142.07108,42.47743],[142.07907,42.4698],[142.08918,42.47019],[142.11136,42.46922],[142.14115,42.466],[142.16939,42.45916],[142.17687,42.45489],[142.19165,42.44928],[142.20709,42.43804],[142.20718,42.43161],[142.21705,42.42754],[142.22224,42.42258],[142.22847,42.4212],[142.23516,42.42666],[142.24522,42.42643],[142.25435,42.43148],[142.25839,42.43021],[142.27419,42.4357],[142.27478,42.44085],[142.28021,42.441],[142.28437,42.4444],[142.28388,42.44899],[142.29554,42.45512],[142.29947,42.46017],[142.30025,42.46764],[142.30539,42.46988],[142.30493,42.47716],[142.30914,42.4827],[142.30498,42.48466],[142.30856,42.48926],[142.3053,42.50062],[142.3142,42.50995],[142.32117,42.51945],[142.33236,42.52049],[142.3375,42.53009],[142.33503,42.53345],[142.33643,42.53792],[142.33155,42.54276],[142.33521,42.54666],[142.34257,42.54386],[142.35612,42.54635],[142.365,42.545],[142.37125,42.54237],[142.37682,42.54483],[142.38601,42.54233],[142.38831,42.54846],[142.39776,42.55588],[142.4019,42.55583],[142.40814,42.56121],[142.40932,42.56489],[142.43502,42.56493],[142.44436,42.56886],[142.44612,42.57124],[142.4556,42.57479],[142.46077,42.58085],[142.46579,42.58387],[142.46779,42.58979],[142.46642,42.59407],[142.47096,42.59584],[142.47818,42.59479],[142.50443,42.60141],[142.49525,42.60445],[142.4935,42.61291],[142.48453,42.62111],[142.4824,42.62114],[142.47229,42.61364],[142.46152,42.61473],[142.45201,42.61904],[142.44731,42.61939],[142.43909,42.62409],[142.42844,42.62418],[142.42051,42.62085],[142.41229,42.62414],[142.40733,42.62114],[142.3971,42.62115],[142.38215,42.61954],[142.37499,42.61403],[142.36944,42.61354],[142.35524,42.61892],[142.34836,42.61775],[142.34502,42.61488],[142.33761,42.61461],[142.33022,42.61693],[142.32574,42.62062],[142.32044,42.62098],[142.31084,42.6184],[142.3116,42.62257],[142.30842,42.62774],[142.30328,42.62867],[142.29794,42.63552],[142.28944,42.6353],[142.28516,42.62809],[142.27671,42.62192],[142.26549,42.62107],[142.26021,42.62971],[142.2561,42.63056],[142.25407,42.6231],[142.23955,42.62232],[142.22538,42.61662],[142.22433,42.60939],[142.22057,42.60546],[142.21432,42.60351],[142.21241,42.59864],[142.2035,42.59376],[142.19782,42.59312],[142.19354,42.58722],[142.18729,42.58205],[142.18396,42.57433],[142.17994,42.57365],[142.17497,42.56561],[142.17474,42.56135],[142.16848,42.55667],[142.1573,42.5565],[142.15138,42.55226],[142.14516,42.54371],[142.13738,42.53886],[142.13038,42.53723],[142.12865,42.53092],[142.12256,42.5279],[142.11631,42.52861],[142.10696,42.52153],[142.09209,42.53136],[142.08704,42.5324],[142.07584,42.53988],[142.06887,42.53876],[142.06557,42.53585],[142.05723,42.54045],[142.05063,42.54218],[142.05871,42.55053],[142.04709,42.56041],[142.03458,42.55209],[142.02132,42.55049],[142.01246,42.54609],[142.01137,42.53989],[141.99572,42.54492],[141.98247,42.54526],[141.97908,42.53552],[141.96694,42.52851]]]]},"properties":{"pref":"北海道","office":"日高振興局","county":"沙流郡","city":"日高町","code5":"01601","code6":"016012"}},
{"type":"Feature","geometry":{"type":"Polygon","coordinates":[[[142.68708,42.75044],[142.65908,42.7511],[142.64309,42.75621],[142.64322,42.76139],[142.63533,42.77291],[142.6289,42.77231],[142.62028,42.77731],[142.60902,42.78201],[142.60051,42.78371],[142.58168,42.79289],[142.57928,42.80229],[142.57476,42.8048],[142.57544,42.80949],[142.56829,42.81639],[142.54934,42.81375],[142.53619,42.8094],[142.5323,42.80433],[142.51279,42.79855],[142.50937,42.79616],[142.51114,42.78854],[142.50764,42.78272],[142.50176,42.78203],[142.49719,42.77639],[142.48455,42.77337],[142.47908,42.77515],[142.45535,42.77186],[142.45487,42.77424],[142.44675,42.78148],[142.43139,42.78279],[142.42684,42.7851],[142.41425,42.78669],[142.40435,42.79084],[142.39178,42.78752],[142.38429,42.78958],[142.38112,42.79737],[142.38373,42.80495],[142.38751,42.80719],[142.38824,42.8125],[142.39535,42.82058],[142.39414,42.83312],[142.40041,42.83634],[142.40172,42.84257],[142.3987,42.84616],[142.39896,42.85269],[142.3921,42.85613],[142.38219,42.85514],[142.37757,42.86185],[142.37843,42.87025],[142.37359,42.87683],[142.37739,42.88151],[142.37824,42.88652],[142.37035,42.89005],[142.36059,42.89148],[142.34401,42.884],[142.3394,42.88383],[142.32463,42.89077],[142.31716,42.88618],[142.31309,42.88137],[142.31802,42.8654],[142.31285,42.86038],[142.30771,42.85251],[142.31105,42.84743],[142.30452,42.8424],[142.30536,42.83782],[142.30941,42.83474],[142.31182,42.82494],[142.30722,42.81886],[142.30804,42.80316],[142.30533,42.8012],[142.3052,42.79071],[142.29899,42.78699],[142.29866,42.773],[142.27773,42.76485],[142.27132,42.75955],[142.26513,42.75888],[142.26191,42.75298],[142.25358,42.75032],[142.25264,42.74716],[142.24522,42.74628],[142.24034,42.74307],[142.23671,42.74695],[142.23007,42.74409],[142.22501,42.7462],[142.21969,42.74453],[142.21988,42.73422],[142.2143,42.73257],[142.2101,42.72807],[142.21208,42.72389],[142.18963,42.72017],[142.18479,42.70599],[142.18559,42.70069],[142.16706,42.69244],[142.16023,42.68379],[142.16211,42.67988],[142.15809,42.67443],[142.1484,42.6719],[142.14862,42.66101],[142.13917,42.65605],[142.13693,42.6496],[142.1382,42.64381],[142.13027,42.63534],[142.1291,42.62861],[142.12517,42.6265],[142.12299,42.61901],[142.12064,42.60084],[142.12204,42.59575],[142.1192,42.59317],[142.10938,42.59098],[142.09075,42.58196],[142.08422,42.57471],[142.06663,42.57133],[142.06055,42.57315],[142.0508,42.56226],[142.04709,42.56041],[142.05871,42.55053],[142.05063,42.54218],[142.05723,42.54045],[142.06557,42.53585],[142.06887,42.53876],[142.07584,42.53988],[142.08704,42.5324],[142.09209,42.53136],[142.10696,42.52153],[142.11631,42.52861],[142.12256,42.5279],[142.12865,42.53092],[142.13038,42.53723],[142.13738,42.53886],[142.14516,42.54371],[142.15138,42.55226],[142.1573,42.5565],[142.16848,42.55667],[142.17474,42.56135],[142.17497,42.56561],[142.17994,42.57365],[142.18396,42.57433],[142.18729,42.58205],[142.19354,42.58722],[142.19782,42.59312],[142.2035,42.59376],[142.21241,42.59864],[142.21432,42.60351],[142.22057,42.60546],[142.22433,42.60939],[142.22538,42.61662],[142.23955,42.62232],[142.25407,42.6231],[142.2561,42.63056],[142.26021,42.62971],[142.26549,42.62107],[142.27671,42.62192],[142.28516,42.62809],[142.28944,42.6353],[142.29794,42.63552],[142.30328,42.62867],[142.30842,42.62774],[142.3116,42.62257],[142.31084,42.6184],[142.32044,42.62098],[142.32574,42.62062],[142.33022,42.61693],[142.33761,42.61461],[142.34502,42.61488],[142.34836,42.61775],[142.35524,42.61892],[142.36944,42.61354],[142.37499,42.61403],[142.38215,42.61954],[142.3971,42.62115],[142.40733,42.62114],[142.41229,42.62414],[142.42051,42.62085],[142.42844,42.62418],[142.43909,42.62409],[142.44731,42.61939],[142.45201,42.61904],[142.46152,42.61473],[142.47229,42.61364],[142.4824,42.62114],[142.48453,42.62111],[142.49053,42.62881],[142.49948,42.63481],[142.5125,42.63304],[142.52395,42.63533],[142.53076,42.63236],[142.53862,42.63763],[142.54542,42.63958],[142.54245,42.65195],[142.55008,42.65876],[142.54202,42.66677],[142.54978,42.67437],[142.5452,42.67939],[142.54786,42.68328],[142.54511,42.69103],[142.55213,42.69422],[142.54998,42.69889],[142.55074,42.70466],[142.56196,42.70663],[142.56606,42.72116],[142.57174,42.72781],[142.58209,42.72777],[142.58765,42.73603],[142.59447,42.73792],[142.60208,42.73563],[142.60842,42.73718],[142.61562,42.72801],[142.62214,42.72513],[142.62862,42.72781],[142.64614,42.72553],[142.64843,42.72731],[142.65883,42.72784],[142.6652,42.72499],[142.67395,42.72443],[142.67771,42.71834],[142.6921,42.726],[142.69149,42.73229],[142.69505,42.73865],[142.68796,42.7435],[142.68708,42.75044]]]},"properties":{"pref":"北海道","office":"日高振興局","county":"沙流郡","city":"平取町","code5":"01602","code6":"016021"}},
{"type":"Feature","geometry":{"type":"Polygon","coordinates":[[[142.69505,42.73865],[142.69149,42.73229],[142.6921,42.726],[142.67771,42.71834],[142.67395,42.72443],[142.6652,42.72499],[142.65883,42.72784],[142.64843,42.72731],[142.64614,42.72553],[142.62862,42.72781],[142.62214,42.72513],[142.61562,42.72801],[142.60842,42.73718],[142.60208,42.73563],[142.59447,42.73792],[142.58765,42.73603],[142.58209,42.72777],[142.57174,42.72781],[142.56606,42.72116],[142.56196,42.70663],[142.55074,42.70466],[142.54998,42.69889],[142.55213,42.69422],[142.54511,42.69103],[142.54786,42.68328],[142.5452,42.67939],[142.54978,42.67437],[142.54202,42.66677],[142.55008,42.65876],[142.54245,42.65195],[142.54542,42.63958],[142.53862,42.63763],[142.53076,42.63236],[142.52395,42.63533],[142.5125,42.63304],[142.49948,42.63481],[142.49053,42.62881],[142.48453,42.62111],[142.4935,42.61291],[142.49525,42.60445],[142.50443,42.60141],[142.47818,42.59479],[142.47096,42.59584],[142.46642,42.59407],[142.46779,42.58979],[142.46579,42.58387],[142.46077,42.58085],[142.4556,42.57479],[142.44612,42.57124],[142.44436,42.56886],[142.43502,42.56493],[142.40932,42.56489],[142.40814,42.56121],[142.4019,42.55583],[142.39776,42.55588],[142.38831,42.54846],[142.38601,42.54233],[142.37682,42.54483],[142.37125,42.54237],[142.365,42.545],[142.35612,42.54635],[142.34257,42.54386],[142.33521,42.54666],[142.33155,42.54276],[142.33643,42.53792],[142.33503,42.53345],[142.3375,42.53009],[142.33236,42.52049],[142.32117,42.51945],[142.3142,42.50995],[142.3053,42.50062],[142.30856,42.48926],[142.30498,42.48466],[142.30914,42.4827],[142.30493,42.47716],[142.30539,42.46988],[142.30025,42.46764],[142.29947,42.46017],[142.29554,42.45512],[142.28388,42.44899],[142.28437,42.4444],[142.28021,42.441],[142.27478,42.44085],[142.27419,42.4357],[142.25839,42.43021],[142.25435,42.43148],[142.24522,42.42643],[142.23516,42.42666],[142.22847,42.4212],[142.22224,42.42258],[142.22489,42.4175],[142.24175,42.40853],[142.26605,42.39056],[142.27536,42.38097],[142.27795,42.37593],[142.29274,42.36862],[142.30046,42.36242],[142.30568,42.36137],[142.3203,42.35477],[142.33454,42.34501],[142.34563,42.35685],[142.35861,42.36195],[142.36481,42.36746],[142.37368,42.36958],[142.40953,42.39176],[142.41867,42.39547],[142.42109,42.40122],[142.42831,42.40842],[142.43763,42.41396],[142.44133,42.41934],[142.45229,42.4281],[142.46431,42.43465],[142.47072,42.43479],[142.47563,42.43803],[142.47421,42.44502],[142.47912,42.44754],[142.48661,42.45834],[142.49143,42.46799],[142.49973,42.47126],[142.50134,42.47589],[142.50604,42.47983],[142.51458,42.48028],[142.52152,42.48275],[142.52795,42.49023],[142.53743,42.48839],[142.5455,42.49234],[142.55108,42.4981],[142.55291,42.51069],[142.56294,42.51599],[142.56652,42.52008],[142.56713,42.52793],[142.56044,42.5351],[142.56585,42.54259],[142.56274,42.54822],[142.55549,42.55452],[142.55867,42.56351],[142.56427,42.57138],[142.56448,42.57957],[142.57244,42.58855],[142.567,42.59566],[142.57178,42.60014],[142.58898,42.60216],[142.59033,42.60544],[142.60277,42.60716],[142.62002,42.60634],[142.62602,42.61471],[142.64175,42.62431],[142.65058,42.63236],[142.66084,42.63718],[142.66391,42.64352],[142.66785,42.64573],[142.67402,42.65325],[142.68277,42.65527],[142.69727,42.66108],[142.70497,42.65814],[142.71672,42.65931],[142.72203,42.66438],[142.7258,42.66356],[142.73731,42.66747],[142.74365,42.6647],[142.75184,42.66375],[142.75444,42.67076],[142.76406,42.68393],[142.75603,42.69085],[142.75828,42.70233],[142.75581,42.70699],[142.75737,42.71151],[142.75566,42.72203],[142.74917,42.72479],[142.74451,42.72238],[142.73415,42.7214],[142.72823,42.72364],[142.72479,42.73286],[142.71522,42.73819],[142.70459,42.73655],[142.69505,42.73865]]]},"properties":{"pref":"北海道","office":"日高振興局","county":"新冠郡","city":"新冠町","code5":"01604","code6":"016047"}},
{"type":"Feature","geometry":{"type":"Polygon","coordinates":[[[142.99984,42.37152],[142.9899,42.37356],[142.98256,42.37964],[142.98133,42.38374],[142.97588,42.38889],[142.9702,42.39162],[142.96678,42.40218],[142.96389,42.40228],[142.95724,42.41103],[142.95005,42.41468],[142.94692,42.42751],[142.93123,42.4296],[142.92469,42.43432],[142.91148,42.43137],[142.9041,42.43181],[142.90249,42.44101],[142.89801,42.44492],[142.89873,42.44921],[142.89273,42.45044],[142.88849,42.45427],[142.8821,42.46632],[142.86856,42.4638],[142.86962,42.45838],[142.86642,42.45245],[142.85551,42.45107],[142.85087,42.45229],[142.84037,42.44686],[142.83203,42.4494],[142.82178,42.44552],[142.81698,42.44034],[142.81208,42.43985],[142.80423,42.43599],[142.79522,42.43601],[142.78583,42.43291],[142.77858,42.43209],[142.77697,42.41187],[142.78165,42.40317],[142.78845,42.39956],[142.78375,42.39033],[142.79333,42.37919],[142.78609,42.37202],[142.78588,42.36698],[142.77859,42.35975],[142.77822,42.35659],[142.76894,42.34897],[142.77025,42.34381],[142.76521,42.33901],[142.76427,42.33337],[142.7661,42.32814],[142.76396,42.32467],[142.76844,42.32025],[142.76715,42.3126],[142.75962,42.31125],[142.75059,42.30194],[142.75081,42.29284],[142.74571,42.28924],[142.74248,42.28051],[142.7355,42.27595],[142.73908,42.26808],[142.73408,42.26596],[142.72866,42.26055],[142.72122,42.25572],[142.71385,42.24793],[142.70429,42.24358],[142.69921,42.23963],[142.6833,42.23877],[142.6693,42.23139],[142.67158,42.22332],[142.66828,42.22089],[142.66053,42.22132],[142.6532,42.21775],[142.64896,42.2125],[142.64913,42.20894],[142.65513,42.20512],[142.66147,42.19789],[142.67068,42.19152],[142.68135,42.19265],[142.69255,42.19107],[142.6992,42.18582],[142.71005,42.18631],[142.72399,42.18411],[142.7326,42.1778],[142.7376,42.17651],[142.74835,42.17705],[142.76088,42.17439],[142.77113,42.16209],[142.77114,42.16215],[142.78794,42.15623],[142.80203,42.15027],[142.81444,42.14172],[142.82684,42.13995],[142.84101,42.14054],[142.86381,42.13609],[142.86864,42.14367],[142.86827,42.14717],[142.88472,42.15874],[142.88062,42.16504],[142.88436,42.16901],[142.8839,42.17277],[142.8913,42.17717],[142.89336,42.18371],[142.9051,42.18709],[142.91335,42.19078],[142.91644,42.19583],[142.92294,42.19827],[142.92612,42.20323],[142.93372,42.20749],[142.93726,42.20498],[142.95449,42.20715],[142.9605,42.21374],[142.96773,42.21051],[142.9778,42.21542],[142.98534,42.21587],[142.99012,42.21415],[142.99515,42.21921],[143.00912,42.22384],[143.01862,42.22267],[143.02011,42.2274],[143.02789,42.23057],[143.04087,42.22833],[143.04923,42.22852],[143.0533,42.22658],[143.06804,42.22938],[143.0733,42.2371],[143.07545,42.24336],[143.08155,42.24231],[143.09058,42.24688],[143.09988,42.24766],[143.10169,42.25063],[143.10923,42.25356],[143.11703,42.26025],[143.11115,42.27256],[143.11244,42.27977],[143.10647,42.28559],[143.08871,42.28779],[143.07744,42.29076],[143.07469,42.29447],[143.07516,42.30138],[143.06564,42.30523],[143.06179,42.30969],[143.05482,42.30934],[143.05456,42.31367],[143.04756,42.32917],[143.039,42.32931],[143.03608,42.33344],[143.02767,42.33895],[143.02496,42.34725],[143.01985,42.35032],[143.01009,42.35299],[143.0062,42.3624],[142.99984,42.37152]]]},"properties":{"pref":"北海道","office":"日高振興局","county":"浦河郡","city":"浦河町","code5":"01607","code6":"016071"}},
{"type":"Feature","geometry":{"type":"Polygon","coordinates":[[[142.86381,42.13609],[142.87591,42.13228],[142.88652,42.13337],[142.90294,42.13138],[142.90903,42.13219],[142.91954,42.12603],[142.93385,42.12577],[142.94542,42.12257],[142.95562,42.12154],[142.96605,42.11777],[142.96755,42.11371],[142.97827,42.10174],[142.98894,42.09958],[142.99822,42.09404],[143,42.08732],[143.0088,42.08306],[143.06172,42.06525],[143.06786,42.06102],[143.07397,42.06497],[143.08025,42.07319],[143.09366,42.07778],[143.10282,42.0754],[143.10908,42.07711],[143.11312,42.07488],[143.12038,42.07535],[143.12744,42.07351],[143.15077,42.07643],[143.15548,42.07905],[143.15977,42.07701],[143.17141,42.08382],[143.17659,42.09617],[143.18188,42.09589],[143.19089,42.09929],[143.1951,42.09575],[143.20308,42.1047],[143.18957,42.11187],[143.17696,42.11334],[143.17122,42.12114],[143.17805,42.12677],[143.17912,42.13002],[143.18781,42.1321],[143.18951,42.13801],[143.17721,42.1561],[143.17809,42.16283],[143.17158,42.17083],[143.17602,42.17543],[143.17455,42.17938],[143.17746,42.18398],[143.19302,42.19015],[143.19919,42.19104],[143.19189,42.19941],[143.18675,42.21098],[143.18606,42.21895],[143.17866,42.22364],[143.16563,42.22318],[143.16067,42.22617],[143.14759,42.2406],[143.14884,42.25214],[143.13253,42.25835],[143.11703,42.26025],[143.10923,42.25356],[143.10169,42.25063],[143.09988,42.24766],[143.09058,42.24688],[143.08155,42.24231],[143.07545,42.24336],[143.0733,42.2371],[143.06804,42.22938],[143.0533,42.22658],[143.04923,42.22852],[143.04087,42.22833],[143.02789,42.23057],[143.02011,42.2274],[143.01862,42.22267],[143.00912,42.22384],[142.99515,42.21921],[142.99012,42.21415],[142.98534,42.21587],[142.9778,42.21542],[142.96773,42.21051],[142.9605,42.21374],[142.95449,42.20715],[142.93726,42.20498],[142.93372,42.20749],[142.92612,42.20323],[142.92294,42.19827],[142.91644,42.19583],[142.91335,42.19078],[142.9051,42.18709],[142.89336,42.18371],[142.8913,42.17717],[142.8839,42.17277],[142.88436,42.16901],[142.88062,42.16504],[142.88472,42.15874],[142.86827,42.14717],[142.86864,42.14367],[142.86381,42.13609]]]},"properties":{"pref":"北海道","office":"日高振興局","county":"様似郡","city":"様似町","code5":"01608","code6":"016080"}},
{"type":"Feature","geometry":{"type":"Polygon","coordinates":[[[143.06786,42.06102],[143.0715,42.05783],[143.07842,42.05636],[143.09545,42.05],[143.10351,42.04336],[143.11202,42.04075],[143.11848,42.03496],[143.13426,42.02784],[143.14621,42.01715],[143.14941,42.00966],[143.15428,42.00575],[143.16092,41.9968],[143.16091,41.99149],[143.16359,41.98273],[143.17908,41.97339],[143.18309,41.96691],[143.19333,41.96396],[143.1953,41.9585],[143.20336,41.95459],[143.21535,41.95134],[143.22009,41.94761],[143.223,41.94157],[143.22943,41.93865],[143.24178,41.92685],[143.24661,41.9277],[143.24532,41.9349],[143.24072,41.94191],[143.24059,41.94833],[143.24341,41.95557],[143.24431,41.96633],[143.24909,41.98069],[143.25948,42.00386],[143.27086,42.01828],[143.276,42.0227],[143.28419,42.02502],[143.29022,42.02995],[143.28785,42.03326],[143.29235,42.03746],[143.2941,42.04303],[143.30999,42.0475],[143.30833,42.0507],[143.31219,42.05443],[143.30959,42.0595],[143.31116,42.06303],[143.30781,42.07016],[143.30813,42.08014],[143.31322,42.09332],[143.31561,42.09552],[143.31656,42.10474],[143.32123,42.11324],[143.31679,42.12277],[143.31896,42.13577],[143.32367,42.15066],[143.3241,42.16004],[143.31168,42.16066],[143.30471,42.16248],[143.29849,42.16744],[143.29321,42.16846],[143.28818,42.1659],[143.26652,42.1628],[143.266,42.16884],[143.25902,42.17051],[143.25347,42.16855],[143.24968,42.176],[143.24015,42.18151],[143.23015,42.18258],[143.22036,42.17841],[143.21065,42.18392],[143.20608,42.18879],[143.19919,42.19104],[143.19302,42.19015],[143.17746,42.18398],[143.17455,42.17938],[143.17602,42.17543],[143.17158,42.17083],[143.17809,42.16283],[143.17721,42.1561],[143.18951,42.13801],[143.18781,42.1321],[143.17912,42.13002],[143.17805,42.12677],[143.17122,42.12114],[143.17696,42.11334],[143.18957,42.11187],[143.20308,42.1047],[143.1951,42.09575],[143.19089,42.09929],[143.18188,42.09589],[143.17659,42.09617],[143.17141,42.08382],[143.15977,42.07701],[143.15548,42.07905],[143.15077,42.07643],[143.12744,42.07351],[143.12038,42.07535],[143.11312,42.07488],[143.10908,42.07711],[143.10282,42.0754],[143.09366,42.07778],[143.08025,42.07319],[143.07397,42.06497],[143.06786,42.06102]]]},"properties":{"pref":"北海道","office":"日高振興局","county":"幌泉郡","city":"えりも町","code5":"01609","code6":"016098"}},
{"type":"Feature","geometry":{"type":"Polygon","coordinates":[[[142.33454,42.34501],[142.35782,42.33631],[142.36226,42.33378],[142.37048,42.3243],[142.37787,42.32245],[142.38785,42.31751],[142.39496,42.31591],[142.40651,42.30855],[142.41787,42.30959],[142.43863,42.30632],[142.45113,42.29955],[142.45223,42.29491],[142.47599,42.27426],[142.48454,42.26967],[142.49538,42.26559],[142.5074,42.26706],[142.51189,42.26594],[142.5229,42.25997],[142.54379,42.2509],[142.56844,42.24492],[142.57694,42.24517],[142.58516,42.24316],[142.59041,42.23929],[142.60752,42.23131],[142.61543,42.22523],[142.62839,42.22259],[142.63831,42.21444],[142.64913,42.20894],[142.64896,42.2125],[142.6532,42.21775],[142.66053,42.22132],[142.66828,42.22089],[142.67158,42.22332],[142.6693,42.23139],[142.6833,42.23877],[142.69921,42.23963],[142.70429,42.24358],[142.71385,42.24793],[142.72122,42.25572],[142.72866,42.26055],[142.73408,42.26596],[142.73908,42.26808],[142.7355,42.27595],[142.74248,42.28051],[142.74571,42.28924],[142.75081,42.29284],[142.75059,42.30194],[142.75962,42.31125],[142.76715,42.3126],[142.76844,42.32025],[142.76396,42.32467],[142.7661,42.32814],[142.76427,42.33337],[142.76521,42.33901],[142.77025,42.34381],[142.76894,42.34897],[142.77822,42.35659],[142.77859,42.35975],[142.78588,42.36698],[142.78609,42.37202],[142.79333,42.37919],[142.78375,42.39033],[142.78845,42.39956],[142.78165,42.40317],[142.77697,42.41187],[142.77858,42.43209],[142.78583,42.43291],[142.79522,42.43601],[142.80423,42.43599],[142.81208,42.43985],[142.81698,42.44034],[142.82178,42.44552],[142.83203,42.4494],[142.84037,42.44686],[142.85087,42.45229],[142.85551,42.45107],[142.86642,42.45245],[142.86962,42.45838],[142.86856,42.4638],[142.8821,42.46632],[142.88518,42.46973],[142.88526,42.47637],[142.8898,42.48139],[142.89098,42.4886],[142.88529,42.49753],[142.87121,42.49913],[142.86485,42.5075],[142.85608,42.51343],[142.85676,42.52006],[142.86171,42.52335],[142.86414,42.52909],[142.86209,42.53161],[142.86379,42.54157],[142.85325,42.54516],[142.84498,42.54471],[142.82821,42.54882],[142.82694,42.55091],[142.82748,42.56348],[142.82512,42.57043],[142.81695,42.57277],[142.81171,42.57761],[142.81017,42.58823],[142.80064,42.59635],[142.7981,42.6015],[142.79597,42.61291],[142.78873,42.61989],[142.77114,42.6216],[142.7666,42.62504],[142.76932,42.62778],[142.76791,42.63675],[142.76221,42.6385],[142.75495,42.6449],[142.75417,42.64942],[142.75602,42.65733],[142.75184,42.66375],[142.74365,42.6647],[142.73731,42.66747],[142.7258,42.66356],[142.72203,42.66438],[142.71672,42.65931],[142.70497,42.65814],[142.69727,42.66108],[142.68277,42.65527],[142.67402,42.65325],[142.66785,42.64573],[142.66391,42.64352],[142.66084,42.63718],[142.65058,42.63236],[142.64175,42.62431],[142.62602,42.61471],[142.62002,42.60634],[142.60277,42.60716],[142.59033,42.60544],[142.58898,42.60216],[142.57178,42.60014],[142.567,42.59566],[142.57244,42.58855],[142.56448,42.57957],[142.56427,42.57138],[142.55867,42.56351],[142.55549,42.55452],[142.56274,42.54822],[142.56585,42.54259],[142.56044,42.5351],[142.56713,42.52793],[142.56652,42.52008],[142.56294,42.51599],[142.55291,42.51069],[142.55108,42.4981],[142.5455,42.49234],[142.53743,42.48839],[142.52795,42.49023],[142.52152,42.48275],[142.51458,42.48028],[142.50604,42.47983],[142.50134,42.47589],[142.49973,42.47126],[142.49143,42.46799],[142.48661,42.45834],[142.47912,42.44754],[142.47421,42.44502],[142.47563,42.43803],[142.47072,42.43479],[142.46431,42.43465],[142.45229,42.4281],[142.44133,42.41934],[142.43763,42.41396],[142.42831,42.40842],[142.42109,42.40122],[142.41867,42.39547],[142.40953,42.39176],[142.37368,42.36958],[142.36481,42.36746],[142.35861,42.36195],[142.34563,42.35685],[142.33454,42.34501]]]},"properties":{"pref":"北海道","office":"日高振興局","county":"日高郡","city":"新ひだか町","code5":"01610","code6":"016101"}},
{"type":"Feature","geometry":{"type":"Polygon","coordinates":[[[143.24696,42.93432],[143.25228,42.93239],[143.25936,42.93379],[143.27286,42.93394],[143.27723,42.93635],[143.28316,42.93582],[143.28725,42.9322],[143.29305,42.93253],[143.30576,42.92493],[143.31418,42.92672],[143.31443,42.93232],[143.32088,42.93627],[143.32315,42.94376],[143.32004,42.94883],[143.3254,42.95363],[143.32563,42.9633],[143.33656,42.96802],[143.34203,42.96498],[143.36707,42.96994],[143.37049,42.97749],[143.36782,42.98141],[143.37535,42.99144],[143.37047,42.99846],[143.36921,43.00399],[143.35958,43.02294],[143.35373,43.02615],[143.35728,43.03427],[143.35555,43.03924],[143.34567,43.05647],[143.34193,43.05751],[143.34027,43.06362],[143.34093,43.07024],[143.3437,43.07215],[143.34425,43.07935],[143.33347,43.08072],[143.32423,43.08687],[143.32894,43.09249],[143.32736,43.10593],[143.32352,43.11454],[143.24974,43.12352],[143.241,43.08417],[143.20286,43.08865],[143.20218,43.09332],[143.20475,43.1012],[143.21101,43.10877],[143.2169,43.12594],[143.21193,43.13403],[143.21239,43.14093],[143.15048,43.15242],[143.07484,43.16651],[143.04074,43.07056],[143.06346,43.06227],[143.07022,43.01095],[143.08615,43.00453],[143.09488,43.00471],[143.10091,43.00012],[143.12116,42.97926],[143.13002,42.96715],[143.13131,42.96209],[143.14368,42.95416],[143.1473,42.95068],[143.15054,42.9447],[143.16132,42.94666],[143.17506,42.94406],[143.18109,42.94889],[143.19384,42.94652],[143.1966,42.94435],[143.19949,42.93635],[143.21641,42.93741],[143.22001,42.93888],[143.23102,42.93712],[143.24164,42.93935],[143.24696,42.93432]]]},"properties":{"pref":"北海道","office":"十勝総合振興局","county":"河東郡","city":"音更町","code5":"01631","code6":"016314"}},
{"type":"Feature","geometry":{"type":"Polygon","coordinates":[[[143.34425,43.07935],[143.35012,43.07783],[143.35657,43.0814],[143.37387,43.08362],[143.37681,43.08548],[143.38691,43.08584],[143.41576,43.11544],[143.40557,43.11944],[143.40267,43.12948],[143.39018,43.14177],[143.38856,43.17799],[143.39192,43.18759],[143.37311,43.18955],[143.37565,43.19854],[143.36405,43.20097],[143.25582,43.21397],[143.26024,43.22013],[143.1844,43.2343],[143.14923,43.2413],[143.10289,43.24951],[143.09961,43.24101],[143.10831,43.22872],[143.10802,43.22414],[143.11725,43.21251],[143.11581,43.20457],[143.1218,43.19819],[143.11758,43.18161],[143.12277,43.17329],[143.13036,43.16628],[143.14647,43.15684],[143.15048,43.15242],[143.21239,43.14093],[143.21193,43.13403],[143.2169,43.12594],[143.21101,43.10877],[143.20475,43.1012],[143.20218,43.09332],[143.20286,43.08865],[143.241,43.08417],[143.24974,43.12352],[143.32352,43.11454],[143.32736,43.10593],[143.32894,43.09249],[143.32423,43.08687],[143.33347,43.08072],[143.34425,43.07935]]]},"properties":{"pref":"北海道","office":"十勝総合振興局","county":"河東郡","city":"士幌町","code5":"01632","code6":"016322"}},
{"type":"Feature","geometry":{"type":"Polygon","coordinates":[[[143.14247,43.59515],[143.14141,43.59196],[143.13415,43.58792],[143.12618,43.5863],[143.12113,43.58331],[143.11581,43.5834],[143.11352,43.5796],[143.10279,43.57645],[143.10182,43.57325],[143.09058,43.5673],[143.0798,43.56372],[143.0758,43.56588],[143.06981,43.56349],[143.06866,43.55855],[143.05986,43.55519],[143.05279,43.55947],[143.04123,43.56312],[143.03566,43.561],[143.03559,43.55706],[143.03035,43.5501],[143.02303,43.54858],[143.02024,43.54242],[143.02358,43.53461],[143.01364,43.52853],[143.01413,43.52617],[143.00854,43.52007],[143.01051,43.51464],[143.0233,43.5083],[143.02814,43.49718],[143.03158,43.49316],[143.03184,43.48781],[143.04269,43.47864],[143.04546,43.47317],[143.04064,43.46416],[143.03183,43.45353],[143.03531,43.44483],[143.03085,43.43913],[143.02884,43.43003],[143.02587,43.42533],[143.03101,43.41766],[143.02734,43.41092],[143.03212,43.40701],[143.03192,43.39644],[143.04619,43.39065],[143.05429,43.38545],[143.06977,43.38449],[143.07555,43.38993],[143.08893,43.38839],[143.0964,43.38552],[143.09674,43.38277],[143.10683,43.3728],[143.10678,43.36989],[143.11271,43.36507],[143.11174,43.3579],[143.11882,43.35592],[143.12997,43.34623],[143.13693,43.33266],[143.14215,43.33038],[143.14357,43.31893],[143.13057,43.3132],[143.11968,43.3015],[143.11649,43.27716],[143.10903,43.26151],[143.10819,43.25647],[143.10289,43.24951],[143.14923,43.2413],[143.1844,43.2343],[143.26024,43.22013],[143.25582,43.21397],[143.36405,43.20097],[143.37565,43.19854],[143.37311,43.18955],[143.39192,43.18759],[143.39873,43.19907],[143.39476,43.20746],[143.40594,43.21272],[143.40651,43.21613],[143.40041,43.21967],[143.40314,43.23312],[143.41102,43.24455],[143.40216,43.24513],[143.41209,43.28808],[143.3999,43.29442],[143.3969,43.29934],[143.39116,43.30297],[143.38188,43.3061],[143.37096,43.30715],[143.31285,43.31405],[143.31118,43.32068],[143.31843,43.32397],[143.31881,43.33161],[143.31042,43.33936],[143.30801,43.34348],[143.29154,43.35112],[143.28682,43.35745],[143.28539,43.36637],[143.28064,43.37257],[143.2695,43.37239],[143.25931,43.37675],[143.25088,43.37678],[143.24705,43.3865],[143.23946,43.38553],[143.23835,43.39233],[143.24356,43.39733],[143.2425,43.4054],[143.24406,43.40901],[143.2386,43.41546],[143.23192,43.41914],[143.23136,43.42309],[143.23659,43.42882],[143.22238,43.44202],[143.21476,43.44533],[143.21125,43.44915],[143.21866,43.45965],[143.21569,43.46853],[143.22443,43.48869],[143.22842,43.49438],[143.23763,43.49739],[143.23866,43.50031],[143.23152,43.5134],[143.23251,43.51865],[143.22766,43.52771],[143.22673,43.53371],[143.23094,43.5396],[143.23551,43.55119],[143.22533,43.55498],[143.22587,43.56218],[143.22392,43.56864],[143.22575,43.57496],[143.21304,43.57546],[143.20896,43.58413],[143.20033,43.58302],[143.19441,43.58467],[143.18705,43.58236],[143.1855,43.58578],[143.17299,43.59486],[143.15896,43.59376],[143.15475,43.59152],[143.14649,43.59538],[143.14247,43.59515]]]},"properties":{"pref":"北海道","office":"十勝総合振興局","county":"河東郡","city":"上士幌町","code5":"01633","code6":"016331"}},
{"type":"Feature","geometry":{"type":"Polygon","coordinates":[[[143.15048,43.15242],[143.14647,43.15684],[143.13036,43.16628],[143.12277,43.17329],[143.11758,43.18161],[143.1218,43.19819],[143.11581,43.20457],[143.11725,43.21251],[143.10802,43.22414],[143.10831,43.22872],[143.09961,43.24101],[143.10289,43.24951],[143.10819,43.25647],[143.10903,43.26151],[143.11649,43.27716],[143.11968,43.3015],[143.13057,43.3132],[143.14357,43.31893],[143.14215,43.33038],[143.13693,43.33266],[143.12997,43.34623],[143.11882,43.35592],[143.11174,43.3579],[143.11271,43.36507],[143.10678,43.36989],[143.10683,43.3728],[143.09674,43.38277],[143.0964,43.38552],[143.08893,43.38839],[143.07555,43.38993],[143.06977,43.38449],[143.05429,43.38545],[143.04619,43.39065],[143.03192,43.39644],[143.02671,43.39195],[143.02601,43.38532],[143.01851,43.37817],[143.0068,43.37581],[143.00883,43.36697],[143.00528,43.36295],[143.00564,43.35686],[143.00042,43.35386],[143.00111,43.3485],[143.00668,43.34552],[143.00818,43.33995],[143.01348,43.33421],[143.00978,43.32221],[142.99262,43.3173],[142.98592,43.30123],[142.9869,43.29767],[142.97993,43.29501],[142.97452,43.28528],[142.98022,43.28151],[142.98005,43.27334],[142.97462,43.26788],[142.98029,43.26012],[142.973,43.24981],[142.97877,43.24642],[142.97758,43.24058],[142.98845,43.23432],[142.98205,43.23038],[142.98053,43.22521],[142.97499,43.22175],[142.96577,43.2193],[142.97384,43.21254],[142.97149,43.20997],[142.97013,43.19981],[142.96164,43.19757],[142.95315,43.19961],[142.95191,43.19028],[142.95342,43.18631],[142.9482,43.18283],[142.94812,43.17831],[142.93922,43.17811],[142.93366,43.17307],[142.92576,43.16202],[142.92801,43.15657],[142.92255,43.15283],[142.92702,43.148],[142.92489,43.14084],[142.92856,43.13117],[142.92684,43.12866],[142.9294,43.12044],[142.92845,43.11636],[142.9333,43.10305],[142.94384,43.09555],[142.94682,43.08749],[142.95331,43.0836],[142.9543,43.08052],[142.96819,43.06807],[142.97843,43.06133],[142.98782,43.05783],[143.00065,43.04813],[143.02126,43.03476],[143.03181,43.02927],[143.04142,43.02596],[143.06208,43.01621],[143.07022,43.01095],[143.06346,43.06227],[143.04074,43.07056],[143.07484,43.16651],[143.15048,43.15242]]]},"properties":{"pref":"北海道","office":"十勝総合振興局","county":"河東郡","city":"鹿追町","code5":"01634","code6":"016349"}},
{"type":"Feature","geometry":{"type":"Polygon","coordinates":[[[142.89428,43.5664],[142.89091,43.5657],[142.87541,43.57],[142.87166,43.56471],[142.86064,43.56398],[142.86067,43.55848],[142.85537,43.55531],[142.8502,43.54892],[142.85392,43.53623],[142.85226,43.53013],[142.83933,43.52212],[142.83008,43.52341],[142.8148,43.53074],[142.80686,43.52802],[142.81422,43.52258],[142.81326,43.51389],[142.80552,43.511],[142.79797,43.50089],[142.79129,43.50061],[142.78708,43.4959],[142.77969,43.49524],[142.77683,43.48713],[142.77147,43.48476],[142.75395,43.47382],[142.75283,43.47097],[142.74218,43.4682],[142.73213,43.46169],[142.72399,43.45202],[142.7146,43.45178],[142.71037,43.4401],[142.71057,43.43276],[142.70392,43.43006],[142.70132,43.42563],[142.68631,43.41781],[142.67893,43.41465],[142.6718,43.4051],[142.6774,43.4036],[142.68358,43.39535],[142.68897,43.39383],[142.69452,43.38487],[142.70606,43.37846],[142.70849,43.37366],[142.71541,43.3683],[142.72052,43.35995],[142.74992,43.35343],[142.75681,43.35429],[142.76128,43.35728],[142.76897,43.34658],[142.76773,43.34466],[142.75533,43.34537],[142.74862,43.34013],[142.74804,43.33207],[142.74479,43.32426],[142.73632,43.31856],[142.73927,43.31308],[142.73629,43.30721],[142.73496,43.29763],[142.73742,43.2923],[142.73682,43.28479],[142.74112,43.28063],[142.74014,43.27708],[142.74714,43.26548],[142.74704,43.25996],[142.74151,43.25791],[142.73999,43.25247],[142.7339,43.24897],[142.7421,43.24065],[142.73374,43.23426],[142.73643,43.21941],[142.74032,43.2127],[142.74868,43.21102],[142.75292,43.20676],[142.76327,43.20049],[142.76212,43.19409],[142.76926,43.18884],[142.76757,43.18035],[142.77911,43.17356],[142.76466,43.16193],[142.76708,43.15907],[142.76729,43.14452],[142.76444,43.13775],[142.76724,43.13041],[142.7653,43.12468],[142.76042,43.1212],[142.75296,43.12311],[142.74528,43.115],[142.75113,43.10983],[142.74474,43.10489],[142.74459,43.10207],[142.73693,43.09548],[142.73813,43.09097],[142.74386,43.08776],[142.73719,43.08181],[142.72767,43.07771],[142.72813,43.0728],[142.73971,43.06638],[142.74249,43.06093],[142.7468,43.05834],[142.74909,43.05168],[142.74807,43.04188],[142.75344,43.03634],[142.75074,43.02971],[142.75371,43.02608],[142.75248,43.01887],[142.75437,43.01311],[142.76114,43.01271],[142.77583,43.01515],[142.78192,43.01901],[142.78837,43.02003],[142.79595,43.02688],[142.80574,43.03012],[142.81388,43.03523],[142.82337,43.03417],[142.83944,43.03751],[142.85222,43.0361],[142.85233,43.04356],[142.85907,43.04678],[142.85551,43.05099],[142.86115,43.05356],[142.85588,43.06156],[142.89574,43.0702],[142.88649,43.08778],[142.91977,43.09312],[142.91671,43.09886],[142.91997,43.10517],[142.91554,43.10995],[142.91706,43.11834],[142.92398,43.11755],[142.9294,43.12044],[142.92684,43.12866],[142.92856,43.13117],[142.92489,43.14084],[142.92702,43.148],[142.92255,43.15283],[142.92801,43.15657],[142.92576,43.16202],[142.93366,43.17307],[142.93922,43.17811],[142.94812,43.17831],[142.9482,43.18283],[142.95342,43.18631],[142.95191,43.19028],[142.95315,43.19961],[142.96164,43.19757],[142.97013,43.19981],[142.97149,43.20997],[142.97384,43.21254],[142.96577,43.2193],[142.97499,43.22175],[142.98053,43.22521],[142.98205,43.23038],[142.98845,43.23432],[142.97758,43.24058],[142.97877,43.24642],[142.973,43.24981],[142.98029,43.26012],[142.97462,43.26788],[142.98005,43.27334],[142.98022,43.28151],[142.97452,43.28528],[142.97993,43.29501],[142.9869,43.29767],[142.98592,43.30123],[142.99262,43.3173],[143.00978,43.32221],[143.01348,43.33421],[143.00818,43.33995],[143.00668,43.34552],[143.00111,43.3485],[143.00042,43.35386],[143.00564,43.35686],[143.00528,43.36295],[143.00883,43.36697],[143.0068,43.37581],[143.01851,43.37817],[143.02601,43.38532],[143.02671,43.39195],[143.03192,43.39644],[143.03212,43.40701],[143.02734,43.41092],[143.03101,43.41766],[143.02587,43.42533],[143.02884,43.43003],[143.03085,43.43913],[143.03531,43.44483],[143.03183,43.45353],[143.04064,43.46416],[143.04546,43.47317],[143.04269,43.47864],[143.03184,43.48781],[143.03158,43.49316],[143.02814,43.49718],[143.0233,43.5083],[143.01051,43.51464],[143.00854,43.52007],[143.01413,43.52617],[143.01364,43.52853],[143.00516,43.52867],[142.9854,43.53417],[142.97594,43.53927],[142.97385,43.53448],[142.96846,43.53412],[142.96554,43.53017],[142.95772,43.52628],[142.94356,43.53614],[142.93851,43.54516],[142.92369,43.55247],[142.90951,43.56328],[142.90482,43.56528],[142.89428,43.5664]]]},"properties":{"pref":"北海道","office":"十勝総合振興局","county":"上川郡","city":"新得町","code5":"01635","code6":"016357"}},
{"type":"Feature","geometry":{"type":"Polygon","coordinates":[[[142.74087,43.00499],[142.74488,42.99778],[142.75018,42.99669],[142.76343,42.98939],[142.76388,42.98121],[142.76197,42.97758],[142.75488,42.97508],[142.74961,42.96476],[142.75221,42.96327],[142.7567,42.95292],[142.76005,42.9516],[142.75948,42.9424],[142.76723,42.93635],[142.7724,42.93641],[142.778,42.92557],[142.77086,42.91879],[142.75612,42.89775],[142.76286,42.89275],[142.77127,42.8722],[142.77904,42.87169],[142.78542,42.86884],[142.80739,42.87438],[142.81405,42.86728],[142.82887,42.865],[142.83545,42.85679],[142.84302,42.85255],[142.85188,42.85052],[142.87174,42.84973],[142.89482,42.84443],[142.90584,42.85004],[142.91481,42.84512],[142.91843,42.84153],[142.92893,42.83896],[142.94502,42.85992],[142.93319,42.8648],[142.9388,42.87221],[142.92383,42.87663],[142.92418,42.88168],[142.93757,42.88486],[142.94892,42.89256],[142.95626,42.9],[142.95094,42.91189],[142.96347,42.9229],[142.9562,42.92319],[142.95213,42.91797],[142.94523,42.92191],[142.95149,42.92758],[142.95437,42.92496],[142.96823,42.92743],[142.9784,42.92409],[142.98297,42.91944],[142.98637,42.9224],[142.98538,42.92666],[142.99549,42.93072],[142.99884,42.9346],[142.99182,42.93604],[142.99094,42.9413],[142.97948,42.94948],[142.97532,42.94732],[142.96092,42.95734],[142.96394,42.9599],[143.0012,42.96265],[142.99497,43.01048],[143.02425,43.01268],[143.02126,43.03476],[143.00065,43.04813],[142.98782,43.05783],[142.97843,43.06133],[142.96819,43.06807],[142.9543,43.08052],[142.95331,43.0836],[142.94682,43.08749],[142.94384,43.09555],[142.9333,43.10305],[142.92845,43.11636],[142.9294,43.12044],[142.92398,43.11755],[142.91706,43.11834],[142.91554,43.10995],[142.91997,43.10517],[142.91671,43.09886],[142.91977,43.09312],[142.88649,43.08778],[142.89574,43.0702],[142.85588,43.06156],[142.86115,43.05356],[142.85551,43.05099],[142.85907,43.04678],[142.85233,43.04356],[142.85222,43.0361],[142.83944,43.03751],[142.82337,43.03417],[142.81388,43.03523],[142.80574,43.03012],[142.79595,43.02688],[142.78837,43.02003],[142.78192,43.01901],[142.77583,43.01515],[142.76114,43.01271],[142.75437,43.01311],[142.74087,43.00499]]]},"properties":{"pref":"北海道","office":"十勝総合振興局","county":"上川郡","city":"清水町","code5":"01636","code6":"016365"}},
{"type":"Feature","geometry":{"type":"Polygon","coordinates":[[[143.1473,42.95068],[143.14368,42.95416],[143.13131,42.96209],[143.13002,42.96715],[143.12116,42.97926],[143.10091,43.00012],[143.09488,43.00471],[143.08615,43.00453],[143.07022,43.01095],[143.06208,43.01621],[143.04142,43.02596],[143.03181,43.02927],[143.02126,43.03476],[143.02425,43.01268],[142.99497,43.01048],[143.0012,42.96265],[142.96394,42.9599],[142.96092,42.95734],[142.97532,42.94732],[142.97948,42.94948],[142.99094,42.9413],[142.99182,42.93604],[142.99884,42.9346],[142.99549,42.93072],[142.98538,42.92666],[142.98637,42.9224],[142.98297,42.91944],[142.9784,42.92409],[142.96823,42.92743],[142.95437,42.92496],[142.95149,42.92758],[142.94523,42.92191],[142.95213,42.91797],[142.9562,42.92319],[142.96347,42.9229],[142.95094,42.91189],[142.95626,42.9],[142.94892,42.89256],[142.93757,42.88486],[142.92418,42.88168],[142.92383,42.87663],[142.9388,42.87221],[142.93319,42.8648],[142.94502,42.85992],[142.92893,42.83896],[142.91843,42.84153],[142.91481,42.84512],[142.90584,42.85004],[142.89482,42.84443],[142.87174,42.84973],[142.85188,42.85052],[142.84302,42.85255],[142.83545,42.85679],[142.82887,42.865],[142.81405,42.86728],[142.80739,42.87438],[142.78542,42.86884],[142.7878,42.86319],[142.7805,42.85935],[142.77223,42.85102],[142.76332,42.85038],[142.75675,42.85174],[142.74369,42.84714],[142.73215,42.83569],[142.72929,42.82668],[142.73271,42.82297],[142.72929,42.81942],[142.72023,42.80425],[142.72157,42.79183],[142.71644,42.78355],[142.71983,42.77575],[142.72704,42.77305],[142.74425,42.77079],[142.7575,42.77209],[142.76699,42.77597],[142.78042,42.76391],[142.80077,42.76535],[142.81411,42.76523],[142.81689,42.76116],[142.83141,42.75995],[142.83792,42.75631],[142.85348,42.75685],[142.85558,42.75943],[142.86392,42.75815],[142.8663,42.75558],[142.87637,42.75504],[142.88673,42.75228],[142.89435,42.75425],[142.89787,42.75036],[142.89713,42.7402],[142.91349,42.72994],[142.92028,42.72875],[142.92169,42.7246],[142.93472,42.72372],[142.93612,42.72206],[142.97177,42.7535],[142.99078,42.77068],[142.99633,42.77931],[143.0078,42.78051],[143.02196,42.78633],[143.02689,42.78547],[143.03527,42.78784],[143.03831,42.79215],[143.05351,42.79904],[143.0596,42.80047],[143.07465,42.81026],[143.08639,42.82159],[143.09198,42.83061],[143.12003,42.85612],[143.14748,42.89264],[143.14658,42.89761],[143.11323,42.89525],[143.10877,42.92945],[143.11623,42.93785],[143.11451,42.94302],[143.12715,42.94745],[143.13042,42.95283],[143.13784,42.95053],[143.1473,42.95068]]]},"properties":{"pref":"北海道","office":"十勝総合振興局","county":"河西郡","city":"芽室町","code5":"01637","code6":"016373"}},
{"type":"Feature","geometry":{"type":"Polygon","coordinates":[[[142.76406,42.68393],[142.75444,42.67076],[142.75184,42.66375],[142.75602,42.65733],[142.75417,42.64942],[142.75495,42.6449],[142.76221,42.6385],[142.76791,42.63675],[142.76932,42.62778],[142.7666,42.62504],[142.77114,42.6216],[142.78873,42.61989],[142.79597,42.61291],[142.7981,42.6015],[142.80064,42.59635],[142.81017,42.58823],[142.81171,42.57761],[142.81695,42.57277],[142.82512,42.57043],[142.83498,42.57161],[142.84226,42.57392],[142.84905,42.57809],[142.85599,42.57646],[142.8659,42.57686],[142.87203,42.57182],[142.879,42.56932],[142.89339,42.56726],[142.91017,42.56863],[142.91712,42.56182],[142.92696,42.5606],[142.93753,42.56948],[142.94208,42.57584],[142.95152,42.57907],[142.95898,42.57503],[142.97086,42.57781],[142.97804,42.58233],[142.98447,42.58019],[143.00362,42.57816],[143.00791,42.58415],[143.02269,42.59082],[143.02701,42.58718],[143.04054,42.58826],[143.04511,42.58884],[143.05584,42.59415],[143.07032,42.59438],[143.07798,42.59707],[143.09106,42.59977],[143.09856,42.59309],[143.11107,42.60077],[143.10583,42.60703],[143.12893,42.62099],[143.12274,42.62669],[143.13851,42.63623],[143.16319,42.66519],[143.18331,42.69629],[143.19097,42.6995],[143.18943,42.70474],[143.19691,42.72454],[143.15867,42.73259],[143.14965,42.73122],[143.14605,42.7255],[143.13973,42.72099],[143.11931,42.73002],[143.11575,42.72557],[143.10236,42.73135],[143.09806,42.7217],[143.08216,42.71118],[143.07865,42.70528],[143.07259,42.70191],[143.07364,42.69727],[143.08203,42.6935],[143.05534,42.66017],[143.0452,42.65537],[143.03969,42.64629],[143.03139,42.64655],[143.03122,42.63733],[143.02072,42.63378],[143.01146,42.63559],[143.0073,42.63081],[143.00004,42.63071],[142.9912,42.62546],[142.98196,42.626],[142.97484,42.62445],[142.9621,42.61906],[142.95367,42.62272],[142.93267,42.62225],[142.92813,42.62549],[142.91943,42.6269],[142.90084,42.61486],[142.89045,42.62149],[142.88904,42.62594],[142.88383,42.62743],[142.87885,42.63185],[142.87036,42.63232],[142.86788,42.63652],[142.85953,42.64108],[142.86461,42.6543],[142.86251,42.65781],[142.86585,42.66865],[142.86365,42.67457],[142.87049,42.6835],[142.864,42.68933],[142.86298,42.69395],[142.85764,42.69518],[142.84879,42.69115],[142.83949,42.69122],[142.82795,42.68703],[142.81957,42.69181],[142.81111,42.69099],[142.79275,42.69401],[142.78594,42.69069],[142.77926,42.69024],[142.7703,42.68526],[142.76406,42.68393]]]},"properties":{"pref":"北海道","office":"十勝総合振興局","county":"河西郡","city":"中札内村","code5":"01638","code6":"016381"}},
{"type":"Feature","geometry":{"type":"Polygon","coordinates":[[[143.19097,42.6995],[143.18331,42.69629],[143.16319,42.66519],[143.13851,42.63623],[143.12274,42.62669],[143.12893,42.62099],[143.10583,42.60703],[143.11107,42.60077],[143.09856,42.59309],[143.09106,42.59977],[143.07798,42.59707],[143.07032,42.59438],[143.05584,42.59415],[143.04511,42.58884],[143.04054,42.58826],[143.04617,42.58603],[143.05607,42.57867],[143.06116,42.58022],[143.07436,42.57867],[143.08613,42.57841],[143.0978,42.58121],[143.11651,42.57445],[143.12494,42.57647],[143.14324,42.57735],[143.15423,42.57496],[143.18155,42.57393],[143.19527,42.57452],[143.20553,42.57381],[143.22236,42.57072],[143.22947,42.57009],[143.24736,42.57728],[143.25255,42.58087],[143.25621,42.57961],[143.26531,42.58434],[143.27097,42.585],[143.27364,42.58863],[143.28278,42.59042],[143.28829,42.5934],[143.29528,42.59262],[143.30419,42.62584],[143.30234,42.6309],[143.26931,42.63419],[143.26144,42.64197],[143.27721,42.68813],[143.27956,42.70832],[143.28469,42.71864],[143.24843,42.72556],[143.24007,42.70178],[143.20764,42.70784],[143.20756,42.70231],[143.19097,42.6995]]]},"properties":{"pref":"北海道","office":"十勝総合振興局","county":"河西郡","city":"更別村","code5":"01639","code6":"016390"}},
{"type":"Feature","geometry":{"type":"Polygon","coordinates":[[[142.99984,42.37152],[143.0076,42.38109],[143.01651,42.38932],[143.02551,42.393],[143.03254,42.3982],[143.03344,42.40676],[143.03132,42.41114],[143.03674,42.41817],[143.04311,42.41761],[143.05105,42.42305],[143.06402,42.42803],[143.07137,42.42812],[143.07654,42.42305],[143.0853,42.42437],[143.10058,42.42063],[143.10613,42.42373],[143.11442,42.4231],[143.12297,42.41901],[143.13491,42.41977],[143.14161,42.42356],[143.14765,42.42273],[143.15389,42.42898],[143.16706,42.4293],[143.17153,42.43168],[143.19301,42.43161],[143.19297,42.4354],[143.19744,42.43884],[143.20682,42.44241],[143.21388,42.44123],[143.21951,42.44315],[143.22409,42.4413],[143.23463,42.44442],[143.24255,42.44396],[143.24731,42.44606],[143.25481,42.44333],[143.26274,42.44606],[143.27078,42.44294],[143.28319,42.44671],[143.29459,42.44573],[143.30714,42.4459],[143.30941,42.4423],[143.31977,42.43924],[143.32711,42.44113],[143.33033,42.43683],[143.33823,42.43354],[143.34953,42.43075],[143.35672,42.43369],[143.36752,42.43058],[143.36932,42.4251],[143.37605,42.42408],[143.3783,42.42135],[143.38581,42.41975],[143.38907,42.41491],[143.39382,42.4233],[143.41078,42.44485],[143.42301,42.46169],[143.42982,42.4696],[143.43664,42.48102],[143.46274,42.50987],[143.48436,42.53083],[143.52416,42.57347],[143.51813,42.57648],[143.52212,42.58254],[143.51667,42.58619],[143.51537,42.59122],[143.52057,42.59994],[143.51089,42.59789],[143.50396,42.60134],[143.49429,42.6111],[143.49789,42.61499],[143.48743,42.61981],[143.47942,42.62183],[143.47962,42.62844],[143.48412,42.6346],[143.47456,42.63945],[143.46784,42.63253],[143.45254,42.64431],[143.44458,42.64756],[143.44384,42.65179],[143.4388,42.65725],[143.43901,42.66609],[143.43329,42.66473],[143.42556,42.67142],[143.41365,42.67698],[143.40586,42.67215],[143.39694,42.66125],[143.38845,42.65829],[143.39082,42.64914],[143.38251,42.65048],[143.37299,42.65011],[143.36926,42.64524],[143.36885,42.64167],[143.36413,42.63755],[143.37006,42.63122],[143.37116,42.62516],[143.36333,42.61011],[143.36743,42.6028],[143.371,42.60147],[143.37025,42.59404],[143.37978,42.58979],[143.38692,42.58887],[143.39488,42.5933],[143.40332,42.58986],[143.40881,42.57981],[143.41221,42.5765],[143.40981,42.57069],[143.41202,42.56171],[143.4176,42.55937],[143.41725,42.55609],[143.42816,42.55099],[143.42867,42.5482],[143.44384,42.53433],[143.44951,42.53306],[143.45261,42.52761],[143.40603,42.51722],[143.40576,42.5153],[143.378,42.50926],[143.36937,42.5303],[143.36321,42.52897],[143.36109,42.5337],[143.35694,42.53387],[143.33872,42.54095],[143.2991,42.52839],[143.26355,42.5423],[143.262,42.54016],[143.24395,42.54736],[143.24229,42.54495],[143.22385,42.55216],[143.23023,42.56104],[143.2186,42.56563],[143.22236,42.57072],[143.20553,42.57381],[143.19527,42.57452],[143.18155,42.57393],[143.15423,42.57496],[143.14324,42.57735],[143.12494,42.57647],[143.11651,42.57445],[143.0978,42.58121],[143.08613,42.57841],[143.07436,42.57867],[143.06116,42.58022],[143.05607,42.57867],[143.04617,42.58603],[143.04054,42.58826],[143.02701,42.58718],[143.02269,42.59082],[143.00791,42.58415],[143.00362,42.57816],[142.98447,42.58019],[142.97804,42.58233],[142.97086,42.57781],[142.95898,42.57503],[142.95152,42.57907],[142.94208,42.57584],[142.93753,42.56948],[142.92696,42.5606],[142.91712,42.56182],[142.91017,42.56863],[142.89339,42.56726],[142.879,42.56932],[142.87203,42.57182],[142.8659,42.57686],[142.85599,42.57646],[142.84905,42.57809],[142.84226,42.57392],[142.83498,42.57161],[142.82512,42.57043],[142.82748,42.56348],[142.82694,42.55091],[142.82821,42.54882],[142.84498,42.54471],[142.85325,42.54516],[142.86379,42.54157],[142.86209,42.53161],[142.86414,42.52909],[142.86171,42.52335],[142.85676,42.52006],[142.85608,42.51343],[142.86485,42.5075],[142.87121,42.49913],[142.88529,42.49753],[142.89098,42.4886],[142.8898,42.48139],[142.88526,42.47637],[142.88518,42.46973],[142.8821,42.46632],[142.88849,42.45427],[142.89273,42.45044],[142.89873,42.44921],[142.89801,42.44492],[142.90249,42.44101],[142.9041,42.43181],[142.91148,42.43137],[142.92469,42.43432],[142.93123,42.4296],[142.94692,42.42751],[142.95005,42.41468],[142.95724,42.41103],[142.96389,42.40228],[142.96678,42.40218],[142.9702,42.39162],[142.97588,42.38889],[142.98133,42.38374],[142.98256,42.37964],[142.9899,42.37356],[142.99984,42.37152]]]},"properties":{"pref":"北海道","office":"十勝総合振興局","county":"広尾郡","city":"大樹町","code5":"01641","code6":"016411"}},
{"type":"Feature","geometry":{"type":"Polygon","coordinates":[[[143.11703,42.26025],[143.13253,42.25835],[143.14884,42.25214],[143.14759,42.2406],[143.16067,42.22617],[143.16563,42.22318],[143.17866,42.22364],[143.18606,42.21895],[143.18675,42.21098],[143.19189,42.19941],[143.19919,42.19104],[143.20608,42.18879],[143.21065,42.18392],[143.22036,42.17841],[143.23015,42.18258],[143.24015,42.18151],[143.24968,42.176],[143.25347,42.16855],[143.25902,42.17051],[143.266,42.16884],[143.26652,42.1628],[143.28818,42.1659],[143.29321,42.16846],[143.29849,42.16744],[143.30471,42.16248],[143.31168,42.16066],[143.3241,42.16004],[143.33312,42.1746],[143.33308,42.18166],[143.33578,42.18964],[143.33301,42.19193],[143.33589,42.20178],[143.32405,42.20671],[143.31896,42.21261],[143.32076,42.22342],[143.31567,42.22722],[143.31471,42.23602],[143.30821,42.24351],[143.31005,42.26108],[143.32179,42.28606],[143.31949,42.29056],[143.3208,42.29756],[143.32696,42.29535],[143.33259,42.30263],[143.3264,42.30501],[143.32631,42.30885],[143.33,42.31939],[143.33956,42.33725],[143.35171,42.3537],[143.35592,42.36623],[143.36391,42.37915],[143.37455,42.39385],[143.38337,42.40774],[143.38907,42.41491],[143.38581,42.41975],[143.3783,42.42135],[143.37605,42.42408],[143.36932,42.4251],[143.36752,42.43058],[143.35672,42.43369],[143.34953,42.43075],[143.33823,42.43354],[143.33033,42.43683],[143.32711,42.44113],[143.31977,42.43924],[143.30941,42.4423],[143.30714,42.4459],[143.29459,42.44573],[143.28319,42.44671],[143.27078,42.44294],[143.26274,42.44606],[143.25481,42.44333],[143.24731,42.44606],[143.24255,42.44396],[143.23463,42.44442],[143.22409,42.4413],[143.21951,42.44315],[143.21388,42.44123],[143.20682,42.44241],[143.19744,42.43884],[143.19297,42.4354],[143.19301,42.43161],[143.17153,42.43168],[143.16706,42.4293],[143.15389,42.42898],[143.14765,42.42273],[143.14161,42.42356],[143.13491,42.41977],[143.12297,42.41901],[143.11442,42.4231],[143.10613,42.42373],[143.10058,42.42063],[143.0853,42.42437],[143.07654,42.42305],[143.07137,42.42812],[143.06402,42.42803],[143.05105,42.42305],[143.04311,42.41761],[143.03674,42.41817],[143.03132,42.41114],[143.03344,42.40676],[143.03254,42.3982],[143.02551,42.393],[143.01651,42.38932],[143.0076,42.38109],[142.99984,42.37152],[143.0062,42.3624],[143.01009,42.35299],[143.01985,42.35032],[143.02496,42.34725],[143.02767,42.33895],[143.03608,42.33344],[143.039,42.32931],[143.04756,42.32917],[143.05456,42.31367],[143.05482,42.30934],[143.06179,42.30969],[143.06564,42.30523],[143.07516,42.30138],[143.07469,42.29447],[143.07744,42.29076],[143.08871,42.28779],[143.10647,42.28559],[143.11244,42.27977],[143.11115,42.27256],[143.11703,42.26025]]]},"properties":{"pref":"北海道","office":"十勝総合振興局","county":"広尾郡","city":"広尾町","code5":"01642","code6":"016420"}},
{"type":"Feature","geometry":{"type":"Polygon","coordinates":[[[143.24843,42.72556],[143.28469,42.71864],[143.27956,42.70832],[143.27721,42.68813],[143.26144,42.64197],[143.26931,42.63419],[143.30234,42.6309],[143.30419,42.62584],[143.29528,42.59262],[143.28829,42.5934],[143.28278,42.59042],[143.27364,42.58863],[143.27097,42.585],[143.26531,42.58434],[143.25621,42.57961],[143.25255,42.58087],[143.24736,42.57728],[143.22947,42.57009],[143.22236,42.57072],[143.2186,42.56563],[143.23023,42.56104],[143.22385,42.55216],[143.24229,42.54495],[143.24395,42.54736],[143.262,42.54016],[143.26355,42.5423],[143.2991,42.52839],[143.33872,42.54095],[143.35694,42.53387],[143.36109,42.5337],[143.36321,42.52897],[143.36937,42.5303],[143.378,42.50926],[143.40576,42.5153],[143.40603,42.51722],[143.45261,42.52761],[143.44951,42.53306],[143.44384,42.53433],[143.42867,42.5482],[143.42816,42.55099],[143.41725,42.55609],[143.4176,42.55937],[143.41202,42.56171],[143.40981,42.57069],[143.41221,42.5765],[143.40881,42.57981],[143.40332,42.58986],[143.39488,42.5933],[143.38692,42.58887],[143.37978,42.58979],[143.37025,42.59404],[143.371,42.60147],[143.36743,42.6028],[143.36333,42.61011],[143.37116,42.62516],[143.37006,42.63122],[143.36413,42.63755],[143.36885,42.64167],[143.36926,42.64524],[143.36128,42.65246],[143.36164,42.65482],[143.35196,42.65714],[143.33767,42.65694],[143.33588,42.66379],[143.33865,42.66581],[143.33342,42.67181],[143.33071,42.67797],[143.33167,42.68371],[143.32806,42.69149],[143.33397,42.70181],[143.33087,42.7066],[143.33666,42.72118],[143.34093,42.72483],[143.34599,42.73441],[143.34971,42.73699],[143.35101,42.78172],[143.3965,42.81727],[143.3895,42.87016],[143.44345,42.87385],[143.42595,42.89777],[143.41575,42.90736],[143.40946,42.91147],[143.39001,42.92052],[143.37914,42.93019],[143.38074,42.93794],[143.37441,42.94285],[143.36384,42.94083],[143.34717,42.94021],[143.34044,42.94123],[143.32088,42.93627],[143.31443,42.93232],[143.31418,42.92672],[143.30576,42.92493],[143.29305,42.93253],[143.28725,42.9322],[143.28316,42.93582],[143.27723,42.93635],[143.27286,42.93394],[143.25936,42.93379],[143.25228,42.93239],[143.24696,42.93432],[143.23924,42.93229],[143.2368,42.92844],[143.23038,42.92456],[143.22975,42.91355],[143.22542,42.90764],[143.21414,42.89568],[143.22578,42.88987],[143.22406,42.88422],[143.22575,42.87169],[143.21954,42.85491],[143.2128,42.84446],[143.21855,42.84213],[143.20334,42.81989],[143.22865,42.81173],[143.22148,42.79963],[143.2461,42.79173],[143.23339,42.76981],[143.2683,42.76324],[143.25813,42.73394],[143.25183,42.73516],[143.24843,42.72556]]]},"properties":{"pref":"北海道","office":"十勝総合振興局","county":"中川郡","city":"幕別町","code5":"01643","code6":"016438"}},
{"type":"Feature","geometry":{"type":"Polygon","coordinates":[[[143.32088,42.93627],[143.34044,42.94123],[143.34717,42.94021],[143.36384,42.94083],[143.37441,42.94285],[143.38074,42.93794],[143.37914,42.93019],[143.39001,42.92052],[143.40946,42.91147],[143.41575,42.90736],[143.42595,42.89777],[143.44345,42.87385],[143.48025,42.87636],[143.49003,42.87617],[143.51336,42.88135],[143.55096,42.89395],[143.55018,42.90019],[143.56005,42.90906],[143.56821,42.91145],[143.57021,42.91996],[143.57293,42.9244],[143.57832,42.92763],[143.57708,42.94573],[143.56992,42.948],[143.56488,42.96178],[143.57613,42.97198],[143.58288,42.97537],[143.58209,42.98237],[143.57646,42.98787],[143.57743,42.99331],[143.5752,42.9988],[143.57906,43.00878],[143.58538,43.01673],[143.59104,43.02755],[143.59047,43.03249],[143.58218,43.03572],[143.58133,43.0401],[143.57458,43.04079],[143.57371,43.04449],[143.56514,43.04933],[143.56272,43.0552],[143.56248,43.06337],[143.55816,43.06755],[143.55995,43.07412],[143.55745,43.07604],[143.51066,43.05672],[143.49833,43.06329],[143.48078,43.07381],[143.46958,43.07815],[143.45485,43.09248],[143.44864,43.10076],[143.44383,43.10001],[143.41576,43.11544],[143.38691,43.08584],[143.37681,43.08548],[143.37387,43.08362],[143.35657,43.0814],[143.35012,43.07783],[143.34425,43.07935],[143.3437,43.07215],[143.34093,43.07024],[143.34027,43.06362],[143.34193,43.05751],[143.34567,43.05647],[143.35555,43.03924],[143.35728,43.03427],[143.35373,43.02615],[143.35958,43.02294],[143.36921,43.00399],[143.37047,42.99846],[143.37535,42.99144],[143.36782,42.98141],[143.37049,42.97749],[143.36707,42.96994],[143.34203,42.96498],[143.33656,42.96802],[143.32563,42.9633],[143.3254,42.95363],[143.32004,42.94883],[143.32315,42.94376],[143.32088,42.93627]]]},"properties":{"pref":"北海道","office":"十勝総合振興局","county":"中川郡","city":"池田町","code5":"01644","code6":"016446"}},
{"type":"Feature","geometry":{"type":"Polygon","coordinates":[[[143.52416,42.57347],[143.57756,42.62421],[143.60022,42.64378],[143.61989,42.65945],[143.63173,42.66991],[143.64171,42.67572],[143.6506,42.68357],[143.66167,42.69117],[143.66646,42.69258],[143.67213,42.69846],[143.69075,42.71297],[143.67941,42.70701],[143.67225,42.70455],[143.6676,42.70693],[143.65627,42.70706],[143.64747,42.70229],[143.64265,42.70456],[143.63385,42.70491],[143.62822,42.70333],[143.62427,42.69832],[143.60992,42.69883],[143.60613,42.70099],[143.59742,42.71511],[143.6047,42.72298],[143.6031,42.72506],[143.593,42.7277],[143.59192,42.73466],[143.59414,42.74003],[143.58829,42.74925],[143.58854,42.75302],[143.59573,42.80283],[143.58383,42.80615],[143.57697,42.8131],[143.58045,42.81996],[143.57009,42.82552],[143.56939,42.83128],[143.55895,42.84715],[143.56473,42.85674],[143.572,42.85658],[143.58535,42.86863],[143.57554,42.87189],[143.57209,42.87775],[143.56431,42.88362],[143.55927,42.88444],[143.55077,42.88953],[143.55096,42.89395],[143.51336,42.88135],[143.49003,42.87617],[143.48025,42.87636],[143.44345,42.87385],[143.3895,42.87016],[143.3965,42.81727],[143.35101,42.78172],[143.34971,42.73699],[143.34599,42.73441],[143.34093,42.72483],[143.33666,42.72118],[143.33087,42.7066],[143.33397,42.70181],[143.32806,42.69149],[143.33167,42.68371],[143.33071,42.67797],[143.33342,42.67181],[143.33865,42.66581],[143.33588,42.66379],[143.33767,42.65694],[143.35196,42.65714],[143.36164,42.65482],[143.36128,42.65246],[143.36926,42.64524],[143.37299,42.65011],[143.38251,42.65048],[143.39082,42.64914],[143.38845,42.65829],[143.39694,42.66125],[143.40586,42.67215],[143.41365,42.67698],[143.42556,42.67142],[143.43329,42.66473],[143.43901,42.66609],[143.4388,42.65725],[143.44384,42.65179],[143.44458,42.64756],[143.45254,42.64431],[143.46784,42.63253],[143.47456,42.63945],[143.48412,42.6346],[143.47962,42.62844],[143.47942,42.62183],[143.48743,42.61981],[143.49789,42.61499],[143.49429,42.6111],[143.50396,42.60134],[143.51089,42.59789],[143.52057,42.59994],[143.51537,42.59122],[143.51667,42.58619],[143.52212,42.58254],[143.51813,42.57648],[143.52416,42.57347]]]},"properties":{"pref":"北海道","office":"十勝総合振興局","county":"中川郡","city":"豊頃町","code5":"01645","code6":"016454"}},
{"type":"Feature","geometry":{"type":"Polygon","coordinates":[[[143.41576,43.11544],[143.44383,43.10001],[143.44864,43.10076],[143.45485,43.09248],[143.46958,43.07815],[143.48078,43.07381],[143.49833,43.06329],[143.51066,43.05672],[143.55745,43.07604],[143.55995,43.07412],[143.56266,43.07816],[143.5684,43.081],[143.56599,43.0854],[143.57328,43.0899],[143.58026,43.0889],[143.58938,43.09065],[143.59954,43.0951],[143.60209,43.10328],[143.61007,43.10384],[143.61526,43.11044],[143.62214,43.11346],[143.6337,43.11511],[143.65088,43.12456],[143.66194,43.13296],[143.66616,43.13211],[143.67538,43.13466],[143.67708,43.13895],[143.70154,43.15213],[143.71928,43.15293],[143.72713,43.15913],[143.74325,43.16441],[143.7539,43.16152],[143.76329,43.16383],[143.76777,43.16305],[143.77258,43.16779],[143.78201,43.1676],[143.78284,43.1728],[143.77707,43.17751],[143.77704,43.18661],[143.78987,43.1931],[143.79342,43.19856],[143.79266,43.20364],[143.78211,43.20427],[143.77346,43.21131],[143.75515,43.20931],[143.74617,43.21034],[143.74039,43.20909],[143.73437,43.2039],[143.72513,43.19993],[143.70338,43.20849],[143.69653,43.21906],[143.68615,43.22054],[143.67992,43.225],[143.67356,43.22638],[143.66647,43.23106],[143.65956,43.23963],[143.58077,43.20264],[143.58073,43.19369],[143.57124,43.19073],[143.56444,43.20182],[143.56323,43.20739],[143.55736,43.21133],[143.54654,43.22519],[143.53423,43.23274],[143.51657,43.22948],[143.50245,43.23597],[143.48962,43.23548],[143.47853,43.23747],[143.477,43.24011],[143.41102,43.24455],[143.40314,43.23312],[143.40041,43.21967],[143.40651,43.21613],[143.40594,43.21272],[143.39476,43.20746],[143.39873,43.19907],[143.39192,43.18759],[143.38856,43.17799],[143.39018,43.14177],[143.40267,43.12948],[143.40557,43.11944],[143.41576,43.11544]]]},"properties":{"pref":"北海道","office":"十勝総合振興局","county":"中川郡","city":"本別町","code5":"01646","code6":"016462"}},
{"type":"Feature","geometry":{"type":"Polygon","coordinates":[[[143.99882,43.46495],[143.97716,43.47167],[143.95975,43.47277],[143.95525,43.47604],[143.95775,43.48266],[143.94961,43.4859],[143.93828,43.4846],[143.93522,43.48195],[143.92407,43.4817],[143.91359,43.47858],[143.90812,43.47865],[143.89476,43.47564],[143.88707,43.47546],[143.88093,43.47858],[143.87506,43.47733],[143.87091,43.48019],[143.86212,43.48025],[143.85967,43.4853],[143.84875,43.49119],[143.83189,43.49573],[143.82499,43.49149],[143.8296,43.48372],[143.83493,43.47852],[143.81683,43.47039],[143.82627,43.46044],[143.82407,43.45312],[143.82021,43.4523],[143.81152,43.44598],[143.80962,43.43671],[143.80641,43.43467],[143.80145,43.42603],[143.80892,43.41767],[143.8028,43.41095],[143.80094,43.40656],[143.7941,43.40152],[143.78859,43.40272],[143.78752,43.39259],[143.7812,43.38788],[143.77268,43.38488],[143.76552,43.38499],[143.75912,43.38048],[143.7559,43.3741],[143.74775,43.37476],[143.74764,43.36419],[143.72651,43.36152],[143.71973,43.35879],[143.72049,43.3556],[143.7138,43.34866],[143.69647,43.34574],[143.6935,43.34728],[143.68042,43.3488],[143.67561,43.3624],[143.67087,43.36382],[143.66221,43.36125],[143.65772,43.36832],[143.66131,43.37107],[143.66114,43.37657],[143.66589,43.37795],[143.66987,43.38655],[143.67943,43.38557],[143.68508,43.39215],[143.69691,43.39623],[143.70243,43.39345],[143.70883,43.40956],[143.70726,43.41581],[143.7184,43.4173],[143.72444,43.42433],[143.72343,43.42969],[143.73479,43.4396],[143.72844,43.44381],[143.72395,43.44026],[143.71411,43.44688],[143.70909,43.44289],[143.70239,43.44468],[143.6921,43.43839],[143.68224,43.43686],[143.67219,43.43911],[143.66074,43.44858],[143.65568,43.45417],[143.64583,43.45953],[143.63206,43.46301],[143.62673,43.4654],[143.60879,43.46824],[143.5989,43.46008],[143.59296,43.46094],[143.58075,43.44961],[143.54583,43.46017],[143.45631,43.44767],[143.46374,43.50815],[143.45644,43.50987],[143.44301,43.5155],[143.43551,43.52181],[143.43002,43.52221],[143.42431,43.5256],[143.41944,43.5333],[143.415,43.53408],[143.40897,43.54112],[143.39941,43.54667],[143.3907,43.5444],[143.38528,43.54879],[143.37403,43.55225],[143.37241,43.54922],[143.36252,43.55012],[143.35688,43.54651],[143.3519,43.54988],[143.34385,43.55169],[143.33917,43.55015],[143.33429,43.55724],[143.32472,43.55115],[143.31441,43.54694],[143.29795,43.54691],[143.2878,43.55095],[143.26934,43.55397],[143.26157,43.55929],[143.2538,43.55576],[143.23551,43.55119],[143.23094,43.5396],[143.22673,43.53371],[143.22766,43.52771],[143.23251,43.51865],[143.23152,43.5134],[143.23866,43.50031],[143.23763,43.49739],[143.22842,43.49438],[143.22443,43.48869],[143.21569,43.46853],[143.21866,43.45965],[143.21125,43.44915],[143.21476,43.44533],[143.22238,43.44202],[143.23659,43.42882],[143.23136,43.42309],[143.23192,43.41914],[143.2386,43.41546],[143.24406,43.40901],[143.2425,43.4054],[143.24356,43.39733],[143.23835,43.39233],[143.23946,43.38553],[143.24705,43.3865],[143.25088,43.37678],[143.25931,43.37675],[143.2695,43.37239],[143.28064,43.37257],[143.28539,43.36637],[143.28682,43.35745],[143.29154,43.35112],[143.30801,43.34348],[143.31042,43.33936],[143.31881,43.33161],[143.31843,43.32397],[143.31118,43.32068],[143.31285,43.31405],[143.37096,43.30715],[143.38188,43.3061],[143.39116,43.30297],[143.3969,43.29934],[143.3999,43.29442],[143.41209,43.28808],[143.40216,43.24513],[143.41102,43.24455],[143.477,43.24011],[143.47853,43.23747],[143.48962,43.23548],[143.50245,43.23597],[143.51657,43.22948],[143.53423,43.23274],[143.54654,43.22519],[143.55736,43.21133],[143.56323,43.20739],[143.56444,43.20182],[143.57124,43.19073],[143.58073,43.19369],[143.58077,43.20264],[143.65956,43.23963],[143.66647,43.23106],[143.67356,43.22638],[143.67992,43.225],[143.68615,43.22054],[143.69653,43.21906],[143.70338,43.20849],[143.72513,43.19993],[143.73437,43.2039],[143.74039,43.20909],[143.74617,43.21034],[143.75515,43.20931],[143.77346,43.21131],[143.78211,43.20427],[143.79266,43.20364],[143.79721,43.20743],[143.79655,43.21263],[143.78989,43.21671],[143.78996,43.22209],[143.79367,43.22986],[143.79966,43.231],[143.80007,43.23817],[143.80237,43.24259],[143.80226,43.24883],[143.8115,43.24704],[143.81224,43.25357],[143.82013,43.2606],[143.82729,43.26226],[143.82656,43.26802],[143.82211,43.2703],[143.82595,43.2742],[143.8246,43.28519],[143.82595,43.29116],[143.83272,43.28826],[143.84595,43.28475],[143.84982,43.28968],[143.86344,43.30217],[143.87183,43.30749],[143.88054,43.30637],[143.8838,43.30793],[143.88972,43.31528],[143.89584,43.31405],[143.89786,43.31777],[143.89603,43.32438],[143.90645,43.32893],[143.91213,43.3357],[143.91817,43.3343],[143.92097,43.3404],[143.9272,43.33714],[143.93307,43.33757],[143.93756,43.34405],[143.94381,43.34807],[143.95139,43.3505],[143.95236,43.35812],[143.96052,43.35638],[143.96613,43.36168],[143.97174,43.36072],[143.97683,43.36499],[143.98381,43.36492],[143.98881,43.36944],[143.99585,43.37028],[144.00812,43.37523],[144.01026,43.38152],[144.00459,43.38361],[144.01967,43.38694],[144.02701,43.39188],[144.02219,43.3958],[144.02548,43.40055],[144.0293,43.41188],[144.02977,43.41984],[144.02595,43.42849],[144.01705,43.42751],[144.00434,43.4351],[144.00052,43.44286],[144.00505,43.44894],[144.00004,43.4587],[143.99882,43.46495]]]},"properties":{"pref":"北海道","office":"十勝総合振興局","county":"足寄郡","city":"足寄町","code5":"01647","code6":"016471"}},
{"type":"Feature","geometry":{"type":"Polygon","coordinates":[[[143.77457,43.62294],[143.76786,43.62295],[143.76647,43.61835],[143.75931,43.61653],[143.74978,43.61898],[143.74028,43.61925],[143.74004,43.62747],[143.73766,43.63543],[143.72965,43.63639],[143.72282,43.64048],[143.71894,43.63754],[143.71098,43.63533],[143.70241,43.6389],[143.69643,43.63952],[143.69271,43.63411],[143.68593,43.63175],[143.68043,43.6259],[143.674,43.62829],[143.65833,43.62694],[143.65557,43.63373],[143.65023,43.63471],[143.63954,43.63981],[143.62567,43.6377],[143.62627,43.63265],[143.63205,43.62249],[143.61864,43.61229],[143.61734,43.60603],[143.60732,43.60494],[143.60329,43.60302],[143.59171,43.60378],[143.57441,43.5975],[143.57081,43.59475],[143.56175,43.59534],[143.54421,43.59847],[143.53344,43.58806],[143.53432,43.58241],[143.52995,43.57953],[143.52762,43.572],[143.52911,43.56452],[143.52459,43.56148],[143.51946,43.55398],[143.5194,43.5479],[143.5155,43.54649],[143.50272,43.54742],[143.49846,43.55036],[143.49474,43.54326],[143.48928,43.54085],[143.48259,43.53271],[143.47226,43.52928],[143.47097,43.52139],[143.46512,43.51298],[143.46374,43.50815],[143.45631,43.44767],[143.54583,43.46017],[143.58075,43.44961],[143.59296,43.46094],[143.5989,43.46008],[143.60879,43.46824],[143.62673,43.4654],[143.63206,43.46301],[143.64583,43.45953],[143.65568,43.45417],[143.66074,43.44858],[143.67219,43.43911],[143.68224,43.43686],[143.6921,43.43839],[143.70239,43.44468],[143.70909,43.44289],[143.71411,43.44688],[143.72395,43.44026],[143.72844,43.44381],[143.73479,43.4396],[143.72343,43.42969],[143.72444,43.42433],[143.7184,43.4173],[143.70726,43.41581],[143.70883,43.40956],[143.70243,43.39345],[143.69691,43.39623],[143.68508,43.39215],[143.67943,43.38557],[143.66987,43.38655],[143.66589,43.37795],[143.66114,43.37657],[143.66131,43.37107],[143.65772,43.36832],[143.66221,43.36125],[143.67087,43.36382],[143.67561,43.3624],[143.68042,43.3488],[143.6935,43.34728],[143.69647,43.34574],[143.7138,43.34866],[143.72049,43.3556],[143.71973,43.35879],[143.72651,43.36152],[143.74764,43.36419],[143.74775,43.37476],[143.7559,43.3741],[143.75912,43.38048],[143.76552,43.38499],[143.77268,43.38488],[143.7812,43.38788],[143.78752,43.39259],[143.78859,43.40272],[143.7941,43.40152],[143.80094,43.40656],[143.8028,43.41095],[143.80892,43.41767],[143.80145,43.42603],[143.80641,43.43467],[143.80962,43.43671],[143.81152,43.44598],[143.82021,43.4523],[143.82407,43.45312],[143.82627,43.46044],[143.81683,43.47039],[143.83493,43.47852],[143.8296,43.48372],[143.82499,43.49149],[143.83189,43.49573],[143.84875,43.49119],[143.85967,43.4853],[143.86212,43.48025],[143.87091,43.48019],[143.87506,43.47733],[143.88093,43.47858],[143.88707,43.47546],[143.89476,43.47564],[143.90812,43.47865],[143.91359,43.47858],[143.92407,43.4817],[143.93522,43.48195],[143.93828,43.4846],[143.94961,43.4859],[143.94027,43.4899],[143.94385,43.4993],[143.94018,43.50257],[143.92945,43.50337],[143.93065,43.51131],[143.9277,43.5195],[143.91519,43.52207],[143.90913,43.52693],[143.89707,43.53138],[143.89075,43.52845],[143.8849,43.52214],[143.87683,43.52326],[143.87669,43.52771],[143.85599,43.5381],[143.85494,43.54091],[143.84526,43.54735],[143.83696,43.54967],[143.83286,43.5538],[143.82187,43.57159],[143.82094,43.57872],[143.81671,43.58119],[143.80444,43.58332],[143.7991,43.58978],[143.79275,43.59052],[143.78787,43.60604],[143.78266,43.60782],[143.78148,43.61162],[143.77475,43.61619],[143.77457,43.62294]]]},"properties":{"pref":"北海道","office":"十勝総合振興局","county":"足寄郡","city":"陸別町","code5":"01648","code6":"016489"}},
{"type":"Feature","geometry":{"type":"Polygon","coordinates":[[[143.75474,43.12039],[143.75935,43.12368],[143.76039,43.12815],[143.76807,43.13194],[143.7705,43.14423],[143.77492,43.15056],[143.77465,43.15432],[143.76728,43.15912],[143.76777,43.16305],[143.76329,43.16383],[143.7539,43.16152],[143.74325,43.16441],[143.72713,43.15913],[143.71928,43.15293],[143.70154,43.15213],[143.67708,43.13895],[143.67538,43.13466],[143.66616,43.13211],[143.66194,43.13296],[143.65088,43.12456],[143.6337,43.11511],[143.62214,43.11346],[143.61526,43.11044],[143.61007,43.10384],[143.60209,43.10328],[143.59954,43.0951],[143.58938,43.09065],[143.58026,43.0889],[143.57328,43.0899],[143.56599,43.0854],[143.5684,43.081],[143.56266,43.07816],[143.55995,43.07412],[143.55816,43.06755],[143.56248,43.06337],[143.56272,43.0552],[143.56514,43.04933],[143.57371,43.04449],[143.57458,43.04079],[143.58133,43.0401],[143.58218,43.03572],[143.59047,43.03249],[143.59104,43.02755],[143.58538,43.01673],[143.57906,43.00878],[143.5752,42.9988],[143.57743,42.99331],[143.57646,42.98787],[143.58209,42.98237],[143.58288,42.97537],[143.57613,42.97198],[143.56488,42.96178],[143.56992,42.948],[143.57708,42.94573],[143.57832,42.92763],[143.57293,42.9244],[143.57021,42.91996],[143.56821,42.91145],[143.56005,42.90906],[143.55018,42.90019],[143.55096,42.89395],[143.55077,42.88953],[143.55927,42.88444],[143.56431,42.88362],[143.57209,42.87775],[143.57554,42.87189],[143.58535,42.86863],[143.572,42.85658],[143.56473,42.85674],[143.55895,42.84715],[143.56939,42.83128],[143.57009,42.82552],[143.58045,42.81996],[143.57697,42.8131],[143.58383,42.80615],[143.59573,42.80283],[143.58854,42.75302],[143.58829,42.74925],[143.59414,42.74003],[143.59192,42.73466],[143.593,42.7277],[143.6031,42.72506],[143.6047,42.72298],[143.59742,42.71511],[143.60613,42.70099],[143.60992,42.69883],[143.62427,42.69832],[143.62822,42.70333],[143.63385,42.70491],[143.64265,42.70456],[143.64747,42.70229],[143.65627,42.70706],[143.6676,42.70693],[143.67225,42.70455],[143.67941,42.70701],[143.69075,42.71297],[143.69962,42.71985],[143.71492,42.72993],[143.73679,42.74647],[143.7604,42.76255],[143.76436,42.7632],[143.77524,42.77374],[143.79597,42.78865],[143.80298,42.79205],[143.81266,42.79995],[143.81908,42.80289],[143.82314,42.80818],[143.84904,42.8285],[143.86935,42.84225],[143.85514,42.85092],[143.84908,42.85206],[143.83839,42.86334],[143.82721,42.86894],[143.8196,42.87537],[143.80747,42.87889],[143.79493,42.88726],[143.78951,42.88579],[143.78853,42.89158],[143.77718,42.89616],[143.78251,42.90273],[143.77132,42.9131],[143.77112,42.92233],[143.76453,42.92925],[143.76645,42.93721],[143.76176,42.93775],[143.76198,42.94276],[143.76638,42.94915],[143.76662,42.96009],[143.75845,42.96427],[143.75062,42.97077],[143.75089,42.97759],[143.74484,42.98104],[143.73368,42.99154],[143.72395,42.9959],[143.71624,42.99012],[143.71246,42.99101],[143.71103,42.99641],[143.70315,43.00345],[143.70363,43.0117],[143.70702,43.02006],[143.70653,43.02658],[143.71046,43.03247],[143.7105,43.04292],[143.71735,43.04895],[143.72004,43.05345],[143.72559,43.05699],[143.74026,43.05932],[143.74418,43.06706],[143.74272,43.07321],[143.75023,43.07586],[143.75577,43.08305],[143.75454,43.09115],[143.75584,43.0968],[143.75448,43.10359],[143.7582,43.1076],[143.75428,43.11062],[143.75474,43.12039]]]},"properties":{"pref":"北海道","office":"十勝総合振興局","county":"十勝郡","city":"浦幌町","code5":"01649","code6":"016497"}},
{"type":"Feature","geometry":{"type":"Polygon","coordinates":[[[144.48573,42.93941],[144.49976,42.9422],[144.51502,42.94882],[144.53184,42.95111],[144.54279,42.94943],[144.54309,42.94915],[144.54402,42.94858],[144.55145,42.94677],[144.5615,42.94992],[144.57146,42.95075],[144.59474,42.94903],[144.61072,42.95142],[144.61878,42.95141],[144.63059,42.95141],[144.64121,42.9462],[144.65535,42.94681],[144.66333,42.94563],[144.67351,42.94012],[144.68443,42.93793],[144.69425,42.93846],[144.73722,42.93352],[144.76677,42.93391],[144.77028,42.9339],[144.7713,42.93406],[144.77346,42.93361],[144.77363,42.93325],[144.77482,42.9335],[144.77587,42.93396],[144.77639,42.93403],[144.78104,42.93429],[144.78546,42.93647],[144.78527,42.9372],[144.7852,42.9374],[144.77352,42.94291],[144.77336,42.94307],[144.77277,42.94346],[144.77253,42.94356],[144.7567,42.95431],[144.74835,42.95528],[144.73705,42.96858],[144.72443,42.97376],[144.72197,42.97842],[144.72388,42.99036],[144.72973,43.00161],[144.71472,42.99841],[144.71261,42.99628],[144.71622,42.99072],[144.69053,42.98686],[144.64702,42.97652],[144.62103,42.9783],[144.58217,42.98284],[144.57182,42.99356],[144.56979,42.99864],[144.57495,43.00127],[144.57709,43.01239],[144.57684,43.01889],[144.57041,43.02506],[144.56571,43.02614],[144.55682,43.02209],[144.55477,43.028],[144.55009,43.03365],[144.55858,43.04304],[144.55817,43.05435],[144.55065,43.05895],[144.54964,43.07047],[144.5446,43.07916],[144.54422,43.08998],[144.54034,43.09481],[144.54238,43.10222],[144.53861,43.10496],[144.53331,43.10048],[144.52453,43.1135],[144.51644,43.11123],[144.50962,43.11263],[144.49745,43.11768],[144.46792,43.11592],[144.46488,43.11699],[144.40241,43.10915],[144.39805,43.10176],[144.40371,43.09207],[144.39746,43.08249],[144.40051,43.08036],[144.39916,43.07261],[144.40403,43.06676],[144.41501,43.06135],[144.4177,43.05235],[144.42655,43.04673],[144.41951,43.04434],[144.42273,43.03653],[144.42247,43.02885],[144.41993,43.02327],[144.39763,43.00886],[144.39861,43.00272],[144.40434,42.99685],[144.41633,43.00162],[144.42323,42.99678],[144.43339,42.99489],[144.44099,42.99504],[144.43879,42.98999],[144.44759,42.9826],[144.45465,42.98017],[144.47038,42.97133],[144.48068,42.96279],[144.48033,42.95588],[144.48509,42.94991],[144.48336,42.94474],[144.48573,42.93941]]]},"properties":{"pref":"北海道","office":"釧路総合振興局","county":"釧路郡","city":"釧路町","code5":"01661","code6":"016616"}},
{"type":"Feature","geometry":{"type":"MultiPolygon","coordinates":[[[[144.72973,43.00161],[144.73888,43.01302],[144.73994,43.01705],[144.74525,43.02321],[144.7604,43.03514],[144.77713,43.05109],[144.78518,43.05548],[144.80266,43.05891],[144.81775,43.05914],[144.82899,43.05757],[144.84173,43.05382],[144.84429,43.05138],[144.85432,43.04873],[144.83609,43.03387],[144.83523,43.03032],[144.83842,43.02406],[144.83357,43.0155],[144.84862,43.01463],[144.85605,43.01044],[144.85904,43.00529],[144.85437,43.00208],[144.87151,42.99552],[144.87438,42.98853],[144.88085,42.98473],[144.88684,42.98689],[144.90507,42.98949],[144.91319,42.98637],[144.9144,42.98639],[144.91573,42.98616],[144.91605,42.98626],[144.9168,42.98628],[144.917,42.98638],[144.91717,42.98628],[144.91927,42.986],[144.91945,42.98585],[144.91963,42.98569],[144.91974,42.98538],[144.92068,42.98448],[144.92082,42.98432],[144.92088,42.98412],[144.92093,42.98372],[144.92542,42.98468],[144.92642,42.98981],[144.93819,42.98813],[144.94359,42.98411],[144.94956,42.98261],[144.95533,42.98538],[144.96189,42.9809],[144.9736,42.98154],[144.97914,42.98374],[144.98169,42.98793],[144.99553,42.9937],[144.99692,42.99848],[144.99586,43.0096],[144.99794,43.01353],[144.99209,43.017],[144.99367,43.02375],[144.98798,43.02711],[144.9891,43.03396],[144.97843,43.04003],[144.97425,43.04589],[144.97622,43.04869],[144.97358,43.05384],[144.96574,43.05973],[144.9691,43.06587],[144.97316,43.06467],[144.97723,43.07491],[144.99164,43.07843],[144.99248,43.08436],[144.98497,43.09508],[144.98447,43.10332],[144.99414,43.11363],[144.9989,43.12035],[145.00594,43.12129],[145.00784,43.12428],[144.99262,43.13078],[144.98899,43.13485],[144.97805,43.13782],[144.96795,43.14355],[144.95488,43.14766],[144.95041,43.14756],[144.94687,43.15628],[144.92443,43.16967],[144.94606,43.18937],[144.93544,43.19573],[144.95253,43.21114],[144.92588,43.22697],[144.93016,43.23081],[144.91244,43.24133],[144.91596,43.24468],[144.91077,43.25713],[144.89543,43.26552],[144.88588,43.27214],[144.87872,43.27544],[144.87924,43.27801],[144.87156,43.28187],[144.86216,43.27706],[144.84683,43.28284],[144.84424,43.28926],[144.84072,43.2922],[144.82267,43.29836],[144.81213,43.29996],[144.8007,43.29968],[144.79507,43.30157],[144.78814,43.30103],[144.78507,43.30361],[144.76803,43.30453],[144.76616,43.30916],[144.75826,43.30798],[144.75114,43.31209],[144.73778,43.31755],[144.72606,43.31743],[144.72223,43.32554],[144.70294,43.34117],[144.69604,43.34467],[144.68816,43.33989],[144.68098,43.34334],[144.6779,43.34963],[144.6698,43.35147],[144.66709,43.34535],[144.67197,43.33176],[144.67145,43.31955],[144.68314,43.3145],[144.68487,43.31104],[144.6836,43.30493],[144.68806,43.29909],[144.69275,43.29721],[144.69486,43.28788],[144.70379,43.28812],[144.71234,43.28344],[144.72791,43.27688],[144.73049,43.27412],[144.7395,43.27393],[144.74678,43.26869],[144.75083,43.2617],[144.75357,43.25113],[144.75795,43.24018],[144.75668,43.23415],[144.76006,43.2311],[144.75563,43.22249],[144.75058,43.2193],[144.75593,43.21393],[144.76467,43.21323],[144.76968,43.20855],[144.78489,43.20575],[144.80203,43.19644],[144.80544,43.18951],[144.81267,43.18398],[144.8124,43.17972],[144.81684,43.17183],[144.80623,43.17016],[144.80379,43.17438],[144.79181,43.17689],[144.78582,43.17956],[144.77834,43.18571],[144.76868,43.18588],[144.76243,43.18777],[144.75228,43.18835],[144.7406,43.18128],[144.73145,43.17698],[144.73223,43.16565],[144.72365,43.16298],[144.71623,43.14989],[144.7156,43.15976],[144.70911,43.16037],[144.70582,43.15555],[144.69077,43.14884],[144.6892,43.142],[144.68222,43.13931],[144.67643,43.13966],[144.67392,43.14561],[144.67787,43.14885],[144.67263,43.15469],[144.6604,43.15056],[144.66478,43.13543],[144.66721,43.13276],[144.66786,43.12072],[144.67129,43.11997],[144.67979,43.10947],[144.67949,43.10446],[144.66059,43.10149],[144.65547,43.09879],[144.65651,43.09546],[144.64699,43.08589],[144.64199,43.07855],[144.64252,43.07243],[144.63575,43.06176],[144.63225,43.05865],[144.62297,43.05808],[144.60827,43.05154],[144.60082,43.05478],[144.59682,43.04788],[144.59316,43.04916],[144.58272,43.03679],[144.57041,43.02506],[144.57684,43.01889],[144.57709,43.01239],[144.57495,43.00127],[144.56979,42.99864],[144.57182,42.99356],[144.58217,42.98284],[144.62103,42.9783],[144.64702,42.97652],[144.69053,42.98686],[144.71622,42.99072],[144.71261,42.99628],[144.71472,42.99841],[144.72973,43.00161]]],[[[144.87448,42.96114],[144.86536,42.95223],[144.8651,42.94667],[144.87313,42.94963],[144.88008,42.95789],[144.87448,42.96114]]]]},"properties":{"pref":"北海道","office":"釧路総合振興局","county":"厚岸郡","city":"厚岸町","code5":"01662","code6":"016624"}},
{"type":"Feature","geometry":{"type":"MultiPolygon","coordinates":[[[[145.1956,43.25766],[145.18495,43.25664],[145.17962,43.25933],[145.16764,43.25847],[145.1569,43.25209],[145.14972,43.24355],[145.14188,43.24463],[145.13325,43.23727],[145.12311,43.23382],[145.11307,43.23671],[145.10175,43.23572],[145.09909,43.23826],[145.07423,43.23984],[145.06603,43.24254],[145.05431,43.23573],[145.0438,43.2322],[145.04097,43.22713],[145.03478,43.22463],[145.03512,43.22008],[145.028,43.21875],[145.02372,43.215],[145.01283,43.21594],[144.99598,43.22452],[144.99191,43.22986],[144.98499,43.23383],[144.97222,43.23544],[144.96225,43.23853],[144.95504,43.24427],[144.94686,43.24847],[144.93705,43.2493],[144.9238,43.24726],[144.91596,43.24468],[144.91244,43.24133],[144.93016,43.23081],[144.92588,43.22697],[144.95253,43.21114],[144.93544,43.19573],[144.94606,43.18937],[144.92443,43.16967],[144.94687,43.15628],[144.95041,43.14756],[144.95488,43.14766],[144.96795,43.14355],[144.97805,43.13782],[144.98899,43.13485],[144.99262,43.13078],[145.00784,43.12428],[145.00594,43.12129],[144.9989,43.12035],[144.99414,43.11363],[144.98447,43.10332],[144.98497,43.09508],[144.99248,43.08436],[144.99164,43.07843],[144.97723,43.07491],[144.97316,43.06467],[144.9691,43.06587],[144.96574,43.05973],[144.97358,43.05384],[144.97622,43.04869],[144.97425,43.04589],[144.97843,43.04003],[144.9891,43.03396],[144.98798,43.02711],[144.99367,43.02375],[144.99209,43.017],[144.99794,43.01353],[144.99586,43.0096],[144.99692,42.99848],[144.99553,42.9937],[145.00049,42.99117],[145.011,42.99398],[145.01495,42.99693],[145.02386,42.99928],[145.02443,43.00019],[145.02436,43.00039],[145.02431,43.00057],[145.02467,43.00182],[145.02472,43.002],[145.02491,43.00212],[145.02522,43.00263],[145.02534,43.00272],[145.02557,43.00266],[145.02585,43.00274],[145.02587,43.00349],[145.02581,43.00368],[145.03012,43.01038],[145.02554,43.0133],[145.02383,43.01958],[145.03163,43.02962],[145.05032,43.0309],[145.062,43.04053],[145.06328,43.04092],[145.0644,43.04085],[145.08583,43.04491],[145.08796,43.04766],[145.08474,43.05363],[145.08973,43.0579],[145.08708,43.06549],[145.0893,43.06959],[145.09727,43.07639],[145.10512,43.07948],[145.11961,43.0785],[145.12759,43.0755],[145.13267,43.06895],[145.13806,43.06809],[145.14917,43.06979],[145.1525,43.07629],[145.16061,43.07814],[145.16358,43.08102],[145.16279,43.08272],[145.16274,43.08288],[145.16256,43.08365],[145.16166,43.08398],[145.15992,43.08428],[145.15965,43.0843],[145.15825,43.08429],[145.15799,43.08427],[145.15723,43.08404],[145.15602,43.08384],[145.15406,43.08366],[145.15379,43.08365],[145.15299,43.08362],[145.15171,43.08342],[145.15066,43.08324],[145.14997,43.08302],[145.14905,43.08268],[145.14882,43.08257],[145.1486,43.08245],[145.14836,43.08237],[145.1481,43.08231],[145.14756,43.08227],[145.13821,43.08074],[145.13391,43.08288],[145.1218,43.08219],[145.11447,43.08501],[145.10972,43.0987],[145.10979,43.11025],[145.11267,43.12046],[145.12202,43.13216],[145.12974,43.1343],[145.13021,43.13411],[145.14138,43.1426],[145.1514,43.14577],[145.15269,43.14603],[145.15495,43.14661],[145.1672,43.14993],[145.17641,43.14887],[145.17998,43.14394],[145.18525,43.13973],[145.18546,43.13961],[145.18637,43.13917],[145.18663,43.13911],[145.18753,43.13869],[145.1891,43.13843],[145.18963,43.13834],[145.19013,43.13819],[145.19065,43.13807],[145.19091,43.138],[145.19162,43.13773],[145.19186,43.13764],[145.19391,43.13711],[145.19444,43.13701],[145.19523,43.13697],[145.19683,43.13693],[145.19786,43.13675],[145.19861,43.13675],[145.20972,43.13811],[145.20993,43.13798],[145.21027,43.13823],[145.21052,43.13827],[145.21101,43.13836],[145.21159,43.13837],[145.21314,43.13867],[145.21513,43.1389],[145.21598,43.13877],[145.21695,43.13923],[145.21714,43.13931],[145.21778,43.13954],[145.2177,43.13973],[145.22045,43.14147],[145.22085,43.14134],[145.22103,43.14122],[145.22528,43.14234],[145.22518,43.14303],[145.22496,43.14357],[145.22726,43.14523],[145.22744,43.14538],[145.22786,43.1456],[145.22838,43.14557],[145.22966,43.14603],[145.22914,43.14734],[145.23353,43.14926],[145.23614,43.15051],[145.23803,43.15183],[145.23807,43.15202],[145.23807,43.15221],[145.23822,43.15281],[145.24421,43.1572],[145.25195,43.16027],[145.27834,43.16769],[145.29446,43.17283],[145.29949,43.17029],[145.30584,43.17163],[145.31625,43.16748],[145.32623,43.17346],[145.3215,43.17883],[145.32055,43.18402],[145.31677,43.18736],[145.31619,43.19547],[145.31374,43.20275],[145.30481,43.206],[145.2993,43.20593],[145.29332,43.20924],[145.28315,43.21193],[145.2747,43.21815],[145.27308,43.22329],[145.26769,43.22729],[145.24645,43.22139],[145.23448,43.21317],[145.23264,43.20929],[145.22559,43.20597],[145.21788,43.21873],[145.1956,43.25766]]],[[[145.10952,43.05338],[145.09812,43.05218],[145.09714,43.04844],[145.10405,43.04747],[145.11435,43.04972],[145.10952,43.05338]]]]},"properties":{"pref":"北海道","office":"釧路総合振興局","county":"厚岸郡","city":"浜中町","code5":"01663","code6":"016632"}},
{"type":"Feature","geometry":{"type":"Polygon","coordinates":[[[144.57041,43.02506],[144.58272,43.03679],[144.59316,43.04916],[144.59682,43.04788],[144.60082,43.05478],[144.60827,43.05154],[144.62297,43.05808],[144.63225,43.05865],[144.63575,43.06176],[144.64252,43.07243],[144.64199,43.07855],[144.64699,43.08589],[144.65651,43.09546],[144.65547,43.09879],[144.66059,43.10149],[144.67949,43.10446],[144.67979,43.10947],[144.67129,43.11997],[144.66786,43.12072],[144.66721,43.13276],[144.66478,43.13543],[144.6604,43.15056],[144.67263,43.15469],[144.67787,43.14885],[144.67392,43.14561],[144.67643,43.13966],[144.68222,43.13931],[144.6892,43.142],[144.69077,43.14884],[144.70582,43.15555],[144.70911,43.16037],[144.7156,43.15976],[144.71623,43.14989],[144.72365,43.16298],[144.73223,43.16565],[144.73145,43.17698],[144.7406,43.18128],[144.75228,43.18835],[144.76243,43.18777],[144.76868,43.18588],[144.77834,43.18571],[144.78582,43.17956],[144.79181,43.17689],[144.80379,43.17438],[144.80623,43.17016],[144.81684,43.17183],[144.8124,43.17972],[144.81267,43.18398],[144.80544,43.18951],[144.80203,43.19644],[144.78489,43.20575],[144.76968,43.20855],[144.76467,43.21323],[144.75593,43.21393],[144.75058,43.2193],[144.75563,43.22249],[144.76006,43.2311],[144.75668,43.23415],[144.75795,43.24018],[144.75357,43.25113],[144.75083,43.2617],[144.74678,43.26869],[144.7395,43.27393],[144.73049,43.27412],[144.72791,43.27688],[144.71234,43.28344],[144.70379,43.28812],[144.69486,43.28788],[144.69275,43.29721],[144.68806,43.29909],[144.6836,43.30493],[144.68487,43.31104],[144.68314,43.3145],[144.67145,43.31955],[144.67197,43.33176],[144.66709,43.34535],[144.6698,43.35147],[144.66847,43.36344],[144.6649,43.3655],[144.66205,43.37473],[144.66385,43.38096],[144.65624,43.39542],[144.64428,43.40739],[144.64549,43.41283],[144.6385,43.41872],[144.63845,43.42646],[144.64654,43.42929],[144.64162,43.43643],[144.64642,43.43858],[144.65234,43.44665],[144.65927,43.44358],[144.66255,43.4459],[144.67886,43.44198],[144.7451,43.48593],[144.7452,43.48618],[144.66872,43.54707],[144.61445,43.5706],[144.60035,43.57342],[144.5905,43.57723],[144.57904,43.57692],[144.5723,43.5683],[144.55898,43.55916],[144.55426,43.55401],[144.556,43.54932],[144.56031,43.54703],[144.56622,43.53826],[144.57364,43.53233],[144.57978,43.52],[144.59241,43.50497],[144.59492,43.50051],[144.57449,43.4997],[144.57451,43.49322],[144.58052,43.4875],[144.57591,43.4804],[144.57528,43.46989],[144.57277,43.46741],[144.57894,43.46318],[144.56827,43.45629],[144.56223,43.4502],[144.55973,43.43281],[144.55572,43.4256],[144.5593,43.42095],[144.53181,43.4092],[144.53749,43.40158],[144.5415,43.38893],[144.5267,43.38839],[144.51858,43.39179],[144.51927,43.39865],[144.51402,43.40091],[144.50793,43.40671],[144.49611,43.40539],[144.48803,43.40873],[144.4839,43.41226],[144.47336,43.41342],[144.47051,43.41628],[144.46095,43.41727],[144.4576,43.42087],[144.45137,43.41982],[144.44746,43.42509],[144.44019,43.42489],[144.43765,43.42088],[144.43006,43.41658],[144.42132,43.41908],[144.43066,43.40757],[144.39817,43.39214],[144.39244,43.39726],[144.37533,43.39696],[144.35158,43.42757],[144.34449,43.4244],[144.33966,43.42656],[144.33027,43.42506],[144.31271,43.43144],[144.31008,43.43837],[144.29904,43.43502],[144.28715,43.43881],[144.27753,43.4401],[144.27231,43.43791],[144.25977,43.44216],[144.25261,43.44747],[144.2488,43.45398],[144.23768,43.45376],[144.24742,43.44872],[144.2559,43.4394],[144.26723,43.43247],[144.27456,43.43136],[144.28489,43.42402],[144.28844,43.42312],[144.29134,43.41007],[144.30264,43.39644],[144.30519,43.39116],[144.30214,43.38816],[144.29209,43.37203],[144.29863,43.36938],[144.29894,43.36574],[144.31896,43.36378],[144.32287,43.36472],[144.33122,43.36122],[144.3401,43.3522],[144.33954,43.35024],[144.35025,43.34262],[144.35031,43.33963],[144.35695,43.33598],[144.35861,43.33106],[144.36716,43.32503],[144.36871,43.31098],[144.36611,43.30373],[144.37026,43.29981],[144.36772,43.29353],[144.3704,43.29077],[144.36928,43.28236],[144.37347,43.27493],[144.38332,43.27001],[144.39109,43.26178],[144.39703,43.26016],[144.40074,43.25293],[144.40628,43.24845],[144.41856,43.24667],[144.43029,43.23746],[144.42765,43.23133],[144.43405,43.22899],[144.43965,43.2225],[144.44192,43.21275],[144.44701,43.20709],[144.44638,43.20087],[144.44068,43.19568],[144.44117,43.19262],[144.43192,43.18307],[144.4385,43.17256],[144.441,43.16619],[144.44723,43.16613],[144.45124,43.1542],[144.4462,43.14739],[144.44744,43.14314],[144.4361,43.12931],[144.42415,43.12717],[144.42151,43.12395],[144.40818,43.11782],[144.40729,43.11181],[144.40241,43.10915],[144.46488,43.11699],[144.46792,43.11592],[144.49745,43.11768],[144.50962,43.11263],[144.51644,43.11123],[144.52453,43.1135],[144.53331,43.10048],[144.53861,43.10496],[144.54238,43.10222],[144.54034,43.09481],[144.54422,43.08998],[144.5446,43.07916],[144.54964,43.07047],[144.55065,43.05895],[144.55817,43.05435],[144.55858,43.04304],[144.55009,43.03365],[144.55477,43.028],[144.55682,43.02209],[144.56571,43.02614],[144.57041,43.02506]]]},"properties":{"pref":"北海道","office":"釧路総合振興局","county":"川上郡","city":"標茶町","code5":"01664","code6":"016641"}},
{"type":"Feature","geometry":{"type":"Polygon","coordinates":[[[144.23768,43.45376],[144.2488,43.45398],[144.25261,43.44747],[144.25977,43.44216],[144.27231,43.43791],[144.27753,43.4401],[144.28715,43.43881],[144.29904,43.43502],[144.31008,43.43837],[144.31271,43.43144],[144.33027,43.42506],[144.33966,43.42656],[144.34449,43.4244],[144.35158,43.42757],[144.37533,43.39696],[144.39244,43.39726],[144.39817,43.39214],[144.43066,43.40757],[144.42132,43.41908],[144.43006,43.41658],[144.43765,43.42088],[144.44019,43.42489],[144.44746,43.42509],[144.45137,43.41982],[144.4576,43.42087],[144.46095,43.41727],[144.47051,43.41628],[144.47336,43.41342],[144.4839,43.41226],[144.48803,43.40873],[144.49611,43.40539],[144.50793,43.40671],[144.51402,43.40091],[144.51927,43.39865],[144.51858,43.39179],[144.5267,43.38839],[144.5415,43.38893],[144.53749,43.40158],[144.53181,43.4092],[144.5593,43.42095],[144.55572,43.4256],[144.55973,43.43281],[144.56223,43.4502],[144.56827,43.45629],[144.57894,43.46318],[144.57277,43.46741],[144.57528,43.46989],[144.57591,43.4804],[144.58052,43.4875],[144.57451,43.49322],[144.57449,43.4997],[144.59492,43.50051],[144.59241,43.50497],[144.57978,43.52],[144.57364,43.53233],[144.56622,43.53826],[144.56031,43.54703],[144.556,43.54932],[144.55426,43.55401],[144.55898,43.55916],[144.5723,43.5683],[144.57904,43.57692],[144.57386,43.58731],[144.57493,43.59207],[144.57063,43.60068],[144.56295,43.60813],[144.5483,43.6129],[144.5398,43.60777],[144.53012,43.61175],[144.53001,43.61525],[144.52489,43.61763],[144.52503,43.622],[144.51851,43.63031],[144.52092,43.63846],[144.51736,43.64296],[144.51684,43.64839],[144.51269,43.65471],[144.50205,43.65542],[144.49158,43.65971],[144.48628,43.66019],[144.48654,43.66568],[144.4817,43.67814],[144.47481,43.68566],[144.46552,43.68663],[144.45721,43.69239],[144.42889,43.69709],[144.41888,43.69438],[144.40837,43.69304],[144.40439,43.69087],[144.39071,43.68784],[144.37902,43.68869],[144.36956,43.69889],[144.35741,43.70089],[144.34693,43.7044],[144.33802,43.70258],[144.33194,43.70494],[144.32329,43.70325],[144.31346,43.69805],[144.30501,43.69158],[144.2973,43.68871],[144.2796,43.68557],[144.27441,43.6815],[144.27317,43.67514],[144.27791,43.66929],[144.27087,43.66646],[144.25914,43.65356],[144.24825,43.64865],[144.24313,43.64],[144.23103,43.63398],[144.22702,43.62896],[144.22245,43.61168],[144.22328,43.6051],[144.21771,43.59896],[144.21749,43.58994],[144.22283,43.57854],[144.22935,43.57311],[144.22624,43.57102],[144.22731,43.56411],[144.23516,43.56032],[144.23249,43.5556],[144.23529,43.54556],[144.23221,43.53687],[144.23345,43.53333],[144.23004,43.52767],[144.22656,43.52694],[144.22198,43.52107],[144.24683,43.51205],[144.24568,43.50791],[144.2403,43.50624],[144.23619,43.49661],[144.23512,43.48712],[144.23094,43.48058],[144.23615,43.47647],[144.23718,43.47266],[144.22856,43.46606],[144.23627,43.45887],[144.23768,43.45376]]]},"properties":{"pref":"北海道","office":"釧路総合振興局","county":"川上郡","city":"弟子屈町","code5":"01665","code6":"016659"}},
{"type":"Feature","geometry":{"type":"Polygon","coordinates":[[[144.39916,43.07261],[144.40051,43.08036],[144.39746,43.08249],[144.40371,43.09207],[144.39805,43.10176],[144.40241,43.10915],[144.40729,43.11181],[144.40818,43.11782],[144.42151,43.12395],[144.42415,43.12717],[144.4361,43.12931],[144.44744,43.14314],[144.4462,43.14739],[144.45124,43.1542],[144.44723,43.16613],[144.441,43.16619],[144.4385,43.17256],[144.43192,43.18307],[144.44117,43.19262],[144.44068,43.19568],[144.44638,43.20087],[144.44701,43.20709],[144.44192,43.21275],[144.43965,43.2225],[144.43405,43.22899],[144.42765,43.23133],[144.43029,43.23746],[144.41856,43.24667],[144.40628,43.24845],[144.40074,43.25293],[144.39703,43.26016],[144.39109,43.26178],[144.38332,43.27001],[144.37347,43.27493],[144.36928,43.28236],[144.3704,43.29077],[144.36772,43.29353],[144.37026,43.29981],[144.36611,43.30373],[144.36871,43.31098],[144.36716,43.32503],[144.35861,43.33106],[144.35695,43.33598],[144.35031,43.33963],[144.35025,43.34262],[144.33954,43.35024],[144.3401,43.3522],[144.33122,43.36122],[144.32287,43.36472],[144.31896,43.36378],[144.29894,43.36574],[144.29863,43.36938],[144.29209,43.37203],[144.30214,43.38816],[144.30519,43.39116],[144.30264,43.39644],[144.29134,43.41007],[144.28844,43.42312],[144.28489,43.42402],[144.27456,43.43136],[144.26723,43.43247],[144.2559,43.4394],[144.24742,43.44872],[144.23768,43.45376],[144.22985,43.44486],[144.23826,43.43615],[144.23154,43.43419],[144.22724,43.42763],[144.22153,43.42526],[144.21793,43.42021],[144.21324,43.41924],[144.20634,43.40827],[144.19685,43.40017],[144.18056,43.39137],[144.1802,43.38262],[144.17552,43.37667],[144.15929,43.36758],[144.15918,43.36353],[144.15186,43.35866],[144.15488,43.3536],[144.15028,43.35038],[144.15153,43.34693],[144.14965,43.33826],[144.14368,43.33613],[144.14245,43.33207],[144.14505,43.32318],[144.13805,43.3235],[144.1295,43.32043],[144.13138,43.31667],[144.12797,43.31043],[144.1305,43.3016],[144.14056,43.29647],[144.14771,43.29127],[144.15122,43.28178],[144.16153,43.26964],[144.17129,43.26269],[144.17878,43.26104],[144.19206,43.25252],[144.19921,43.24923],[144.20657,43.24227],[144.20627,43.23497],[144.21411,43.2314],[144.2199,43.2252],[144.21837,43.21824],[144.22468,43.21187],[144.22266,43.21002],[144.22786,43.19631],[144.23053,43.19503],[144.23426,43.1841],[144.24044,43.18023],[144.23748,43.17439],[144.24384,43.17233],[144.2426,43.16418],[144.25123,43.16308],[144.25347,43.16048],[144.2489,43.1508],[144.25101,43.14322],[144.2653,43.12697],[144.26302,43.12095],[144.26429,43.11488],[144.26777,43.11273],[144.27182,43.10436],[144.27939,43.10052],[144.27755,43.09492],[144.2878,43.08748],[144.28864,43.08298],[144.30032,43.08048],[144.30262,43.07775],[144.32107,43.07664],[144.32335,43.08236],[144.32711,43.0848],[144.39916,43.07261]]]},"properties":{"pref":"北海道","office":"釧路総合振興局","county":"阿寒郡","city":"鶴居村","code5":"01667","code6":"016675"}},
{"type":"Feature","geometry":{"type":"Polygon","coordinates":[[[144.00812,43.37523],[143.99585,43.37028],[143.98881,43.36944],[143.98381,43.36492],[143.97683,43.36499],[143.97174,43.36072],[143.96613,43.36168],[143.96052,43.35638],[143.95236,43.35812],[143.95139,43.3505],[143.94381,43.34807],[143.93756,43.34405],[143.93307,43.33757],[143.9272,43.33714],[143.92097,43.3404],[143.91817,43.3343],[143.91213,43.3357],[143.90645,43.32893],[143.89603,43.32438],[143.89786,43.31777],[143.89584,43.31405],[143.88972,43.31528],[143.8838,43.30793],[143.88054,43.30637],[143.87183,43.30749],[143.86344,43.30217],[143.84982,43.28968],[143.84595,43.28475],[143.83272,43.28826],[143.82595,43.29116],[143.8246,43.28519],[143.82595,43.2742],[143.82211,43.2703],[143.82656,43.26802],[143.82729,43.26226],[143.82013,43.2606],[143.81224,43.25357],[143.8115,43.24704],[143.80226,43.24883],[143.80237,43.24259],[143.80007,43.23817],[143.79966,43.231],[143.79367,43.22986],[143.78996,43.22209],[143.78989,43.21671],[143.79655,43.21263],[143.79721,43.20743],[143.79266,43.20364],[143.79342,43.19856],[143.78987,43.1931],[143.77704,43.18661],[143.77707,43.17751],[143.78284,43.1728],[143.78201,43.1676],[143.77258,43.16779],[143.76777,43.16305],[143.76728,43.15912],[143.77465,43.15432],[143.77492,43.15056],[143.7705,43.14423],[143.76807,43.13194],[143.76039,43.12815],[143.75935,43.12368],[143.75474,43.12039],[143.76212,43.11936],[143.77448,43.12178],[143.79372,43.1213],[143.80317,43.12319],[143.80548,43.11932],[143.81085,43.11864],[143.81028,43.11355],[143.81339,43.10597],[143.82009,43.09875],[143.83404,43.09678],[143.83788,43.09154],[143.84288,43.0893],[143.85525,43.09147],[143.86763,43.08736],[143.87298,43.08966],[143.88391,43.08918],[143.8912,43.08626],[143.89984,43.0775],[143.90375,43.07035],[143.90983,43.06927],[143.91815,43.06339],[143.91911,43.05684],[143.92797,43.05207],[143.92451,43.04617],[143.91676,43.04595],[143.91442,43.04093],[143.91873,43.0249],[143.90807,43.02261],[143.90613,43.0137],[143.8988,43.0107],[143.902,43.00335],[143.90271,42.99544],[143.91056,42.99085],[143.91488,42.98464],[143.91438,42.98103],[143.92499,42.97158],[143.93279,42.96789],[143.94981,42.96916],[143.95635,42.966],[143.96202,42.96041],[143.9747,42.95399],[143.98272,42.94488],[143.98742,42.94374],[143.99134,42.93815],[143.98776,42.93274],[143.99168,42.92506],[143.99991,42.92436],[144.00468,42.92065],[144.03876,42.93752],[144.06243,42.94658],[144.06884,42.94805],[144.08025,42.95333],[144.08893,42.95249],[144.10163,42.95636],[144.10803,42.95952],[144.12465,42.96901],[144.15721,42.98079],[144.18146,42.98781],[144.20557,42.99327],[144.22857,42.99726],[144.22224,43.00585],[144.2137,43.00656],[144.22312,43.02835],[144.16699,43.04228],[144.15582,43.05982],[144.15206,43.05659],[144.14051,43.05494],[144.13536,43.05761],[144.12788,43.05784],[144.1201,43.06041],[144.11518,43.05551],[144.10289,43.0616],[144.09718,43.06229],[144.09372,43.06932],[144.08753,43.07489],[144.08871,43.08105],[144.08343,43.08646],[144.0797,43.09692],[144.08218,43.10082],[144.07875,43.10661],[144.07909,43.11753],[144.06848,43.12214],[144.06452,43.1255],[144.05104,43.12807],[144.04027,43.13355],[144.03155,43.14319],[144.03447,43.14475],[144.03481,43.15344],[144.03167,43.15655],[144.03476,43.16204],[144.02511,43.16784],[144.02231,43.17244],[144.0156,43.17647],[144.00216,43.17794],[143.99486,43.18062],[143.98801,43.199],[143.99085,43.20673],[143.98597,43.21276],[143.9824,43.22532],[143.98427,43.22743],[143.97975,43.23301],[143.97489,43.24219],[143.96402,43.24572],[143.9621,43.24991],[143.96599,43.25955],[143.96079,43.26219],[143.96111,43.2674],[143.96607,43.27064],[143.96905,43.28263],[143.97783,43.2853],[143.98601,43.29078],[143.99221,43.30648],[144.00825,43.30778],[144.00675,43.3123],[144.01052,43.3168],[144.00991,43.32203],[144.02058,43.32649],[144.01743,43.33294],[144.02602,43.33719],[144.02379,43.34458],[144.0284,43.34945],[144.03361,43.35131],[144.0316,43.35965],[144.01604,43.37429],[144.00812,43.37523]]]},"properties":{"pref":"北海道","office":"釧路総合振興局","county":"白糠郡","city":"白糠町","code5":"01668","code6":"016683"}},
{"type":"Feature","geometry":{"type":"MultiPolygon","coordinates":[[[[145.39091,43.29449],[145.38627,43.29743],[145.38053,43.30538],[145.37414,43.3096],[145.35767,43.31816],[145.34695,43.32527],[145.32575,43.34163],[145.30868,43.35785],[145.29808,43.37043],[145.29011,43.38211],[145.29008,43.38673],[145.28408,43.3925],[145.27766,43.40258],[145.27071,43.41667],[145.26244,43.43835],[145.26109,43.4559],[145.25904,43.46412],[145.25123,43.48393],[145.24696,43.50012],[145.24511,43.51353],[145.2457,43.52116],[145.23804,43.54019],[145.22207,43.55791],[145.22377,43.56708],[145.21428,43.57736],[145.21877,43.5876],[145.21118,43.58919],[145.19538,43.59947],[145.19518,43.60508],[145.19891,43.60782],[145.19404,43.6131],[145.18011,43.6074],[145.1756,43.60343],[145.17578,43.5936],[145.16943,43.5846],[145.16331,43.58157],[145.15773,43.58128],[145.15139,43.57237],[145.1467,43.57363],[145.13417,43.56392],[145.12996,43.5662],[145.11847,43.5658],[145.11345,43.56378],[145.10489,43.56076],[145.1011,43.55729],[145.09167,43.55347],[145.06778,43.54928],[145.06413,43.54573],[145.04652,43.54523],[145.03574,43.5441],[145.02588,43.53966],[145.02322,43.53681],[145.00955,43.53466],[145.03522,43.51405],[145.02947,43.50858],[145.02887,43.50417],[144.97557,43.46867],[144.96015,43.47028],[144.95311,43.46943],[144.94367,43.46286],[144.93386,43.46166],[144.9005,43.48791],[144.89322,43.48527],[144.88817,43.4813],[144.87663,43.48135],[144.86375,43.47946],[144.84567,43.48301],[144.84171,43.4805],[144.83267,43.47891],[144.82092,43.47851],[144.81623,43.47625],[144.81066,43.47995],[144.80433,43.47866],[144.78351,43.48315],[144.77437,43.48072],[144.76619,43.48398],[144.75559,43.49245],[144.7451,43.48593],[144.67886,43.44198],[144.66255,43.4459],[144.65927,43.44358],[144.65234,43.44665],[144.64642,43.43858],[144.64162,43.43643],[144.64654,43.42929],[144.63845,43.42646],[144.6385,43.41872],[144.64549,43.41283],[144.64428,43.40739],[144.65624,43.39542],[144.66385,43.38096],[144.66205,43.37473],[144.6649,43.3655],[144.66847,43.36344],[144.6698,43.35147],[144.6779,43.34963],[144.68098,43.34334],[144.68816,43.33989],[144.69604,43.34467],[144.70294,43.34117],[144.72223,43.32554],[144.72606,43.31743],[144.73778,43.31755],[144.75114,43.31209],[144.75826,43.30798],[144.76616,43.30916],[144.76803,43.30453],[144.78507,43.30361],[144.78814,43.30103],[144.79507,43.30157],[144.8007,43.29968],[144.81213,43.29996],[144.82267,43.29836],[144.84072,43.2922],[144.84424,43.28926],[144.84683,43.28284],[144.86216,43.27706],[144.87156,43.28187],[144.87924,43.27801],[144.87872,43.27544],[144.88588,43.27214],[144.89543,43.26552],[144.91077,43.25713],[144.91596,43.24468],[144.9238,43.24726],[144.93705,43.2493],[144.94686,43.24847],[144.95504,43.24427],[144.96225,43.23853],[144.97222,43.23544],[144.98499,43.23383],[144.99191,43.22986],[144.99598,43.22452],[145.01283,43.21594],[145.02372,43.215],[145.028,43.21875],[145.03512,43.22008],[145.03478,43.22463],[145.04097,43.22713],[145.0438,43.2322],[145.05431,43.23573],[145.06603,43.24254],[145.07423,43.23984],[145.09909,43.23826],[145.10175,43.23572],[145.11307,43.23671],[145.12311,43.23382],[145.13325,43.23727],[145.14188,43.24463],[145.14972,43.24355],[145.1569,43.25209],[145.16764,43.25847],[145.17962,43.25933],[145.18495,43.25664],[145.1956,43.25766],[145.20413,43.25465],[145.20988,43.2508],[145.2192,43.25667],[145.21712,43.2629],[145.2209,43.26528],[145.2168,43.26965],[145.22584,43.27798],[145.23965,43.27701],[145.25139,43.28398],[145.2531,43.29085],[145.25897,43.293],[145.25612,43.30029],[145.25626,43.31066],[145.25205,43.31771],[145.25324,43.33031],[145.28731,43.33033],[145.29639,43.3296],[145.30711,43.32675],[145.34259,43.31093],[145.37095,43.29059],[145.37993,43.29012],[145.39091,43.29449]]],[[[145.24558,43.61375],[145.26694,43.61038],[145.26671,43.6043],[145.27225,43.5991],[145.26513,43.59712],[145.27058,43.59318],[145.2821,43.60019],[145.28268,43.59205],[145.29305,43.59507],[145.30721,43.60059],[145.31574,43.59786],[145.31848,43.59472],[145.32783,43.59363],[145.33501,43.58986],[145.33462,43.58479],[145.34085,43.57929],[145.34083,43.5715],[145.33376,43.56645],[145.33261,43.56291],[145.31709,43.56325],[145.31558,43.56596],[145.30539,43.56512],[145.3068,43.55815],[145.3006,43.55785],[145.29626,43.55429],[145.30268,43.55156],[145.32298,43.55008],[145.33443,43.55219],[145.3448,43.55795],[145.34984,43.56653],[145.34561,43.57996],[145.33768,43.58947],[145.32771,43.59585],[145.30222,43.60412],[145.26985,43.61088],[145.24556,43.61508],[145.24558,43.61375]]]]},"properties":{"pref":"北海道","office":"根室振興局","county":"野付郡","city":"別海町","code5":"01691","code6":"016918"}},
{"type":"Feature","geometry":{"type":"Polygon","coordinates":[[[144.57063,43.60068],[144.57493,43.59207],[144.57386,43.58731],[144.57904,43.57692],[144.5905,43.57723],[144.60035,43.57342],[144.61445,43.5706],[144.66872,43.54707],[144.7452,43.48618],[144.7451,43.48593],[144.75559,43.49245],[144.76619,43.48398],[144.77437,43.48072],[144.78351,43.48315],[144.80433,43.47866],[144.81066,43.47995],[144.81623,43.47625],[144.82092,43.47851],[144.83267,43.47891],[144.84171,43.4805],[144.84567,43.48301],[144.86375,43.47946],[144.87663,43.48135],[144.88817,43.4813],[144.89322,43.48527],[144.9005,43.48791],[144.93386,43.46166],[144.94367,43.46286],[144.95311,43.46943],[144.96015,43.47028],[144.97557,43.46867],[145.02887,43.50417],[145.02947,43.50858],[145.03522,43.51405],[145.00955,43.53466],[145.02322,43.53681],[145.02588,43.53966],[145.03574,43.5441],[145.04652,43.54523],[145.06413,43.54573],[145.06778,43.54928],[145.09167,43.55347],[145.1011,43.55729],[145.10489,43.56076],[145.11345,43.56378],[145.07872,43.59073],[145.06075,43.60564],[145.06997,43.61429],[145.07133,43.61846],[145.08078,43.62741],[145.0796,43.63625],[145.07375,43.63539],[145.06315,43.63997],[145.05439,43.63874],[145.04954,43.63345],[145.02636,43.63061],[145.02026,43.62588],[144.95076,43.65056],[144.89725,43.66916],[144.88627,43.6726],[144.87961,43.679],[144.87671,43.68931],[144.86732,43.69084],[144.85191,43.69558],[144.84578,43.69531],[144.84053,43.69869],[144.831,43.69895],[144.82781,43.70208],[144.81403,43.70087],[144.80992,43.6938],[144.80248,43.69417],[144.79394,43.6982],[144.78264,43.6988],[144.77793,43.70067],[144.77128,43.6964],[144.75246,43.69271],[144.74662,43.68373],[144.74384,43.68239],[144.73273,43.68402],[144.7179,43.67883],[144.70475,43.66782],[144.70626,43.65995],[144.69626,43.657],[144.68763,43.65635],[144.68302,43.65198],[144.67876,43.65243],[144.66673,43.64503],[144.66038,43.63825],[144.64847,43.63517],[144.64218,43.62837],[144.64165,43.62511],[144.63389,43.62494],[144.63309,43.62854],[144.62689,43.63375],[144.61404,43.63451],[144.60091,43.6199],[144.59172,43.61898],[144.59297,43.60939],[144.57063,43.60068]]]},"properties":{"pref":"北海道","office":"根室振興局","county":"標津郡","city":"中標津町","code5":"01692","code6":"016926"}},
{"type":"Feature","geometry":{"type":"Polygon","coordinates":[[[144.72249,43.76178],[144.72006,43.755],[144.72155,43.75055],[144.72025,43.74178],[144.72327,43.73142],[144.72172,43.72751],[144.72553,43.71928],[144.72364,43.70946],[144.7248,43.70546],[144.73017,43.70147],[144.73137,43.69281],[144.7342,43.68654],[144.73273,43.68402],[144.74384,43.68239],[144.74662,43.68373],[144.75246,43.69271],[144.77128,43.6964],[144.77793,43.70067],[144.78264,43.6988],[144.79394,43.6982],[144.80248,43.69417],[144.80992,43.6938],[144.81403,43.70087],[144.82781,43.70208],[144.831,43.69895],[144.84053,43.69869],[144.84578,43.69531],[144.85191,43.69558],[144.86732,43.69084],[144.87671,43.68931],[144.87961,43.679],[144.88627,43.6726],[144.89725,43.66916],[144.95076,43.65056],[145.02026,43.62588],[145.02636,43.63061],[145.04954,43.63345],[145.05439,43.63874],[145.06315,43.63997],[145.07375,43.63539],[145.0796,43.63625],[145.08078,43.62741],[145.07133,43.61846],[145.06997,43.61429],[145.06075,43.60564],[145.07872,43.59073],[145.11345,43.56378],[145.11847,43.5658],[145.12996,43.5662],[145.13417,43.56392],[145.1467,43.57363],[145.15139,43.57237],[145.15773,43.58128],[145.16331,43.58157],[145.16943,43.5846],[145.17578,43.5936],[145.1756,43.60343],[145.18011,43.6074],[145.19404,43.6131],[145.19891,43.60782],[145.20172,43.60934],[145.20108,43.61599],[145.19407,43.62104],[145.19683,43.62278],[145.20959,43.62317],[145.22148,43.62094],[145.23039,43.6143],[145.24558,43.61375],[145.24556,43.61508],[145.22472,43.6219],[145.20925,43.62516],[145.15747,43.64104],[145.14425,43.64635],[145.13625,43.65336],[145.13702,43.65847],[145.13198,43.66963],[145.12522,43.67579],[145.12087,43.68593],[145.10838,43.70074],[145.09645,43.71802],[145.09425,43.72557],[145.085,43.73154],[145.0759,43.73987],[145.06895,43.74817],[145.06471,43.75849],[145.06377,43.77168],[145.05913,43.78588],[145.06357,43.79197],[145.06108,43.80592],[145.06963,43.81338],[145.08126,43.81887],[145.08802,43.82974],[145.0923,43.8395],[145.09855,43.86092],[145.08258,43.85971],[145.07718,43.86177],[145.06603,43.86007],[145.05936,43.86388],[145.03349,43.86457],[145.02363,43.86756],[145.01308,43.87893],[145.00685,43.87991],[145.00401,43.88449],[144.98857,43.89167],[144.96772,43.896],[144.96164,43.8992],[144.95561,43.89858],[144.95251,43.90174],[144.94333,43.90007],[144.93521,43.90099],[144.92146,43.89586],[144.92121,43.89185],[144.90888,43.88926],[144.90209,43.88509],[144.89819,43.88586],[144.89043,43.8799],[144.87676,43.87679],[144.88772,43.87028],[144.90449,43.86648],[144.90194,43.86229],[144.90512,43.85033],[144.89683,43.84519],[144.89589,43.83955],[144.88464,43.83268],[144.87703,43.83188],[144.87956,43.82243],[144.87177,43.82099],[144.86314,43.81181],[144.86387,43.80344],[144.86751,43.79794],[144.85892,43.78595],[144.85289,43.789],[144.84384,43.78675],[144.83799,43.79717],[144.83043,43.7993],[144.82747,43.79428],[144.81576,43.79576],[144.81483,43.79044],[144.80758,43.78726],[144.81144,43.78156],[144.80523,43.77751],[144.81019,43.77484],[144.80197,43.76589],[144.79648,43.76303],[144.76427,43.75739],[144.75516,43.75733],[144.74676,43.76049],[144.72249,43.76178]]]},"properties":{"pref":"北海道","office":"根室振興局","county":"標津郡","city":"標津町","code5":"01693","code6":"016934"}},
{"type":"Feature","geometry":{"type":"Polygon","coordinates":[[[144.87676,43.87679],[144.89043,43.8799],[144.89819,43.88586],[144.90209,43.88509],[144.90888,43.88926],[144.92121,43.89185],[144.92146,43.89586],[144.93521,43.90099],[144.94333,43.90007],[144.95251,43.90174],[144.95561,43.89858],[144.96164,43.8992],[144.96772,43.896],[144.98857,43.89167],[145.00401,43.88449],[145.00685,43.87991],[145.01308,43.87893],[145.02363,43.86756],[145.03349,43.86457],[145.05936,43.86388],[145.06603,43.86007],[145.07718,43.86177],[145.08258,43.85971],[145.09855,43.86092],[145.09333,43.87258],[145.09678,43.88028],[145.09392,43.88996],[145.09599,43.89501],[145.10657,43.90491],[145.1121,43.91802],[145.11884,43.9235],[145.12089,43.93237],[145.12652,43.93875],[145.12607,43.94236],[145.12986,43.9501],[145.13601,43.95642],[145.14221,43.96846],[145.14948,43.97152],[145.15384,43.97663],[145.15506,43.98251],[145.16323,43.9876],[145.17804,43.99972],[145.18165,44.00822],[145.18958,44.01331],[145.19298,44.01793],[145.1994,44.02128],[145.2049,44.02935],[145.21137,44.03308],[145.22262,44.03715],[145.23177,44.05005],[145.23889,44.05832],[145.23844,44.06242],[145.24504,44.06829],[145.24176,44.07748],[145.24002,44.08921],[145.24531,44.10309],[145.25015,44.10914],[145.25103,44.11432],[145.25485,44.12012],[145.25557,44.1259],[145.26386,44.13819],[145.28276,44.14858],[145.29237,44.15604],[145.29709,44.1644],[145.30329,44.16586],[145.3085,44.17426],[145.31708,44.18165],[145.31932,44.18791],[145.32877,44.19135],[145.33293,44.19729],[145.33272,44.20527],[145.3375,44.21363],[145.34401,44.22078],[145.34822,44.223],[145.34639,44.22965],[145.34963,44.23292],[145.34737,44.2413],[145.35226,44.24661],[145.36172,44.25111],[145.36636,44.26444],[145.36619,44.27006],[145.36162,44.2722],[145.35646,44.28019],[145.3564,44.28329],[145.34876,44.29457],[145.35,44.29859],[145.34623,44.31093],[145.35161,44.31507],[145.35029,44.32097],[145.34188,44.32493],[145.34064,44.33141],[145.34428,44.33945],[145.33764,44.34131],[145.33086,44.33504],[145.32578,44.32543],[145.32853,44.30935],[145.32236,44.30367],[145.32229,44.29736],[145.31731,44.28733],[145.3206,44.28405],[145.32134,44.27853],[145.3178,44.27556],[145.31973,44.27155],[145.31415,44.25759],[145.30926,44.25366],[145.30149,44.25177],[145.30271,44.24659],[145.29418,44.24011],[145.28769,44.22862],[145.28021,44.22532],[145.27689,44.20602],[145.28536,44.19955],[145.28053,44.19051],[145.28693,44.18655],[145.27331,44.17928],[145.27093,44.17547],[145.27395,44.17158],[145.27199,44.16755],[145.25933,44.16768],[145.25419,44.16528],[145.24467,44.16417],[145.23544,44.15988],[145.23437,44.15741],[145.22467,44.1563],[145.21777,44.14668],[145.1995,44.14072],[145.18242,44.1374],[145.17851,44.12725],[145.16896,44.12448],[145.16413,44.11516],[145.16067,44.11193],[145.14996,44.11226],[145.14658,44.10564],[145.14076,44.09885],[145.13938,44.09093],[145.1272,44.07911],[145.12102,44.07498],[145.11326,44.05791],[145.10579,44.05541],[145.10108,44.04885],[145.08734,44.04429],[145.07734,44.04303],[145.06515,44.04309],[145.05772,44.03685],[145.05504,44.02313],[145.05138,44.02229],[145.04946,44.01691],[145.04944,44.00808],[145.04316,44.0088],[145.03867,44.00528],[145.02605,44.00626],[145.02203,44.00119],[145.01549,43.99763],[145.01034,43.98826],[145.00532,43.98384],[145.00387,43.97547],[144.99518,43.96797],[144.99762,43.96175],[144.99666,43.95616],[145.00323,43.94706],[144.98537,43.93907],[144.98215,43.9329],[144.965,43.92221],[144.95679,43.9205],[144.94105,43.9203],[144.92306,43.91634],[144.91607,43.91195],[144.91416,43.90614],[144.90489,43.90554],[144.90556,43.89862],[144.9009,43.89614],[144.90003,43.89134],[144.89337,43.88382],[144.87676,43.87679]]]},"properties":{"pref":"北海道","office":"根室振興局","county":"目梨郡","city":"羅臼町","code5":"01694","code6":"016942"}},
{"type":"Feature","geometry":{"type":"MultiPolygon","coordinates":[[[[146.83199,43.88693],[146.82585,43.8886],[146.81842,43.88612],[146.81924,43.87605],[146.82709,43.87331],[146.82241,43.86666],[146.81348,43.86773],[146.81623,43.87372],[146.81448,43.87685],[146.80533,43.87048],[146.80221,43.87447],[146.79294,43.87988],[146.78789,43.87802],[146.79329,43.86914],[146.794,43.86501],[146.79966,43.86474],[146.80303,43.86054],[146.79629,43.85859],[146.78672,43.87243],[146.77353,43.87604],[146.76729,43.86923],[146.75414,43.86275],[146.74978,43.85818],[146.72073,43.84489],[146.72239,43.83746],[146.73087,43.8333],[146.73707,43.83387],[146.74817,43.82844],[146.74255,43.8253],[146.7352,43.82854],[146.7295,43.8289],[146.72095,43.83226],[146.70908,43.82975],[146.71167,43.8247],[146.70722,43.82323],[146.70256,43.82982],[146.69886,43.83055],[146.68574,43.82809],[146.68174,43.8257],[146.67337,43.828],[146.66227,43.82838],[146.64975,43.82313],[146.6418,43.82336],[146.64024,43.82055],[146.62748,43.81856],[146.60986,43.82028],[146.59685,43.80915],[146.58846,43.80846],[146.585,43.8027],[146.59446,43.78419],[146.606,43.77864],[146.60758,43.76794],[146.60559,43.76408],[146.59935,43.76327],[146.59214,43.75859],[146.58918,43.7539],[146.58927,43.74886],[146.59754,43.74364],[146.59206,43.73872],[146.61036,43.73909],[146.61389,43.74444],[146.60695,43.74792],[146.60701,43.75219],[146.61207,43.75706],[146.62099,43.75737],[146.62513,43.75434],[146.619,43.74985],[146.62209,43.74481],[146.6191,43.73641],[146.63031,43.72067],[146.63789,43.71888],[146.6486,43.71055],[146.63966,43.70667],[146.64395,43.70123],[146.65328,43.70277],[146.66161,43.70755],[146.67619,43.70743],[146.67621,43.71451],[146.68679,43.71873],[146.68284,43.72664],[146.68313,43.73335],[146.69181,43.73791],[146.69133,43.74338],[146.7017,43.7468],[146.71189,43.74168],[146.71117,43.73844],[146.7181,43.73727],[146.72142,43.73364],[146.73319,43.73717],[146.73358,43.74795],[146.74286,43.74976],[146.74683,43.74736],[146.75179,43.74944],[146.74919,43.75494],[146.75636,43.75482],[146.76008,43.74966],[146.76625,43.75276],[146.77319,43.75907],[146.77575,43.76403],[146.78181,43.75685],[146.78715,43.75881],[146.79342,43.7687],[146.78954,43.7711],[146.78877,43.77911],[146.79811,43.78664],[146.80208,43.77991],[146.80952,43.78377],[146.80696,43.78877],[146.81039,43.79207],[146.8165,43.78906],[146.8223,43.7904],[146.82615,43.78545],[146.8323,43.78489],[146.83494,43.78194],[146.84795,43.78812],[146.84003,43.79156],[146.83446,43.79118],[146.82657,43.79662],[146.82607,43.80114],[146.83165,43.80527],[146.84272,43.80964],[146.85069,43.80737],[146.86165,43.80637],[146.86568,43.80998],[146.87899,43.81463],[146.89239,43.81104],[146.89829,43.80582],[146.90119,43.81242],[146.90513,43.81296],[146.90561,43.81899],[146.90113,43.82699],[146.90545,43.831],[146.91417,43.83096],[146.91967,43.83609],[146.90921,43.84242],[146.89524,43.84673],[146.88877,43.85034],[146.88631,43.85433],[146.8745,43.86406],[146.87417,43.86913],[146.86613,43.86963],[146.8637,43.87476],[146.84958,43.87686],[146.85201,43.88261],[146.84493,43.88478],[146.84013,43.88887],[146.83199,43.88693]]],[[[146.80189,43.75968],[146.79471,43.76029],[146.79156,43.75292],[146.80084,43.74853],[146.80647,43.75397],[146.80189,43.75968]]],[[[146.69149,43.73322],[146.69375,43.72286],[146.69833,43.72144],[146.70409,43.72984],[146.69684,43.72807],[146.69149,43.73322]]]]},"properties":{"pref":"北海道","office":"根室振興局","county":"色丹郡","city":"色丹村","code5":"01695","code6":"016951"}},
{"type":"Feature","geometry":{"type":"Polygon","coordinates":[[[145.89073,44.09446],[145.88428,44.10708],[145.85158,44.113],[145.846,44.11073],[145.83798,44.11602],[145.83262,44.11413],[145.82762,44.11595],[145.81414,44.11672],[145.80528,44.11364],[145.79966,44.11419],[145.79435,44.10717],[145.7956,44.1023],[145.78586,44.09702],[145.78363,44.09337],[145.78222,44.0834],[145.77676,44.07471],[145.77578,44.06626],[145.74712,44.06383],[145.74758,44.06084],[145.74123,44.05628],[145.74245,44.05222],[145.73596,44.04694],[145.71701,44.0375],[145.70967,44.03612],[145.70228,44.03264],[145.698,44.0329],[145.68747,44.02727],[145.67788,44.02558],[145.67594,44.02236],[145.6806,44.01657],[145.67638,44.01174],[145.65504,44.00396],[145.65344,43.99996],[145.64082,43.98903],[145.63011,43.98766],[145.6183,43.98233],[145.61227,43.97653],[145.60079,43.97311],[145.59417,43.96782],[145.59013,43.95783],[145.5903,43.95206],[145.58273,43.9473],[145.55683,43.94109],[145.55242,43.9358],[145.54047,43.93044],[145.53326,43.92895],[145.53393,43.92157],[145.51172,43.91274],[145.50476,43.91104],[145.50011,43.90759],[145.48562,43.90483],[145.47308,43.89861],[145.46336,43.88929],[145.45577,43.87515],[145.45157,43.87161],[145.45121,43.86591],[145.44747,43.86285],[145.44776,43.85674],[145.44088,43.85051],[145.42262,43.84551],[145.40692,43.8425],[145.39934,43.83263],[145.39868,43.82798],[145.40303,43.82304],[145.40833,43.82063],[145.416,43.80714],[145.42212,43.78689],[145.42611,43.78021],[145.42546,43.76732],[145.41818,43.7518],[145.42141,43.73796],[145.42754,43.72733],[145.43339,43.72092],[145.44764,43.72537],[145.47001,43.7288],[145.47831,43.72894],[145.49148,43.73303],[145.51188,43.73498],[145.52685,43.73494],[145.55059,43.73082],[145.55012,43.72389],[145.54744,43.72227],[145.54332,43.70223],[145.53775,43.69049],[145.535,43.67074],[145.53827,43.65378],[145.54413,43.65282],[145.54823,43.65608],[145.55432,43.67034],[145.55455,43.68535],[145.55942,43.70151],[145.5604,43.72417],[145.56418,43.73854],[145.56533,43.74747],[145.56922,43.7594],[145.57191,43.77807],[145.56934,43.79403],[145.57087,43.81154],[145.57491,43.82649],[145.57535,43.84117],[145.58489,43.86207],[145.59089,43.86921],[145.59728,43.87148],[145.60413,43.86802],[145.60893,43.87697],[145.61593,43.88435],[145.62411,43.88336],[145.62964,43.8932],[145.63826,43.90239],[145.64743,43.90771],[145.65921,43.9108],[145.66518,43.91031],[145.6734,43.90548],[145.68915,43.91018],[145.69064,43.90941],[145.70283,43.90894],[145.70931,43.91104],[145.70962,43.9112],[145.71452,43.91104],[145.73999,43.92227],[145.74987,43.925],[145.76518,43.93199],[145.77863,43.93168],[145.78128,43.94156],[145.78916,43.94863],[145.78996,43.95369],[145.78796,43.96868],[145.79099,43.97933],[145.79747,43.99127],[145.80276,43.9969],[145.81064,44.01284],[145.81693,44.02071],[145.82323,44.02596],[145.83243,44.0306],[145.84635,44.03188],[145.85498,44.02944],[145.85301,44.02124],[145.86283,44.01983],[145.86626,44.02239],[145.86344,44.04729],[145.86447,44.05585],[145.87098,44.06998],[145.87906,44.07546],[145.8816,44.07967],[145.88069,44.0858],[145.88925,44.08864],[145.89073,44.09446]]]},"properties":{"pref":"北海道","office":"根室振興局","county":"国後郡","city":"泊村","code5":"01696","code6":"016969"}},
{"type":"Feature","geometry":{"type":"Polygon","coordinates":[[[145.89073,44.09446],[145.89661,44.09656],[145.90362,44.09511],[145.90512,44.09974],[145.89927,44.10329],[145.89933,44.1082],[145.90609,44.12086],[145.91351,44.12683],[145.92205,44.1361],[145.92912,44.13914],[145.93671,44.14705],[145.94529,44.15288],[145.95736,44.15616],[145.966,44.15277],[145.96972,44.15505],[145.97135,44.16066],[145.98004,44.16872],[145.98652,44.17166],[145.99556,44.17337],[146.00047,44.17143],[146.02439,44.17706],[146.02814,44.18403],[146.03394,44.18615],[146.04162,44.18359],[146.04707,44.18471],[146.04385,44.19003],[146.04941,44.19659],[146.04823,44.19998],[146.05166,44.2047],[146.05683,44.21932],[146.06855,44.23401],[146.08312,44.2456],[146.10455,44.25944],[146.1142,44.26389],[146.12607,44.2664],[146.14345,44.26447],[146.15258,44.26764],[146.15833,44.26729],[146.16893,44.27141],[146.17771,44.26894],[146.19576,44.26894],[146.20068,44.27117],[146.22485,44.2728],[146.23684,44.27064],[146.24474,44.2729],[146.25065,44.27213],[146.26359,44.27308],[146.2728,44.27575],[146.27823,44.2741],[146.28646,44.27656],[146.29615,44.27567],[146.30209,44.28558],[146.30781,44.29021],[146.3129,44.29079],[146.31567,44.29516],[146.32882,44.29735],[146.32747,44.3014],[146.3356,44.30841],[146.34295,44.30907],[146.34392,44.31685],[146.34961,44.32036],[146.36123,44.32008],[146.36485,44.31802],[146.36972,44.32224],[146.36228,44.3271],[146.36748,44.33038],[146.36611,44.33823],[146.37309,44.34629],[146.38851,44.35943],[146.39799,44.36405],[146.40567,44.36606],[146.42669,44.37472],[146.43829,44.37719],[146.45347,44.37713],[146.46319,44.37261],[146.46506,44.36884],[146.47213,44.36618],[146.48046,44.35858],[146.49069,44.35398],[146.49697,44.36251],[146.50147,44.36567],[146.51639,44.36868],[146.51975,44.37529],[146.53367,44.38032],[146.53226,44.38374],[146.53464,44.39442],[146.53857,44.40254],[146.5446,44.40746],[146.54976,44.42004],[146.55144,44.42714],[146.55511,44.43255],[146.57094,44.45127],[146.55205,44.4458],[146.55103,44.44136],[146.5456,44.43705],[146.53432,44.43281],[146.50868,44.42638],[146.47674,44.42113],[146.45778,44.41927],[146.4377,44.41888],[146.40233,44.4209],[146.39755,44.42196],[146.38102,44.41952],[146.3519,44.41698],[146.33772,44.41742],[146.33185,44.42224],[146.3236,44.4257],[146.31699,44.42563],[146.3128,44.42862],[146.30631,44.42791],[146.30282,44.43096],[146.29353,44.43185],[146.28329,44.43448],[146.27945,44.43832],[146.27896,44.44309],[146.27037,44.44447],[146.26487,44.44279],[146.25809,44.44588],[146.25578,44.45179],[146.24413,44.45277],[146.23951,44.45541],[146.23382,44.46461],[146.23417,44.46967],[146.23054,44.47244],[146.22604,44.48211],[146.21543,44.48489],[146.20967,44.48888],[146.19864,44.49132],[146.18973,44.49758],[146.19004,44.5015],[146.18366,44.50501],[146.17649,44.50525],[146.16941,44.50885],[146.17007,44.51591],[146.1656,44.5166],[146.15911,44.51168],[146.15296,44.51402],[146.14986,44.5111],[146.14208,44.5112],[146.1293,44.50792],[146.1214,44.5002],[146.11685,44.49845],[146.10841,44.49022],[146.09994,44.48761],[146.09328,44.48347],[146.08166,44.47409],[146.07182,44.45048],[146.05094,44.41758],[146.04594,44.41434],[146.04117,44.40784],[146.02811,44.39827],[146.02336,44.39048],[146.01652,44.38783],[146.01392,44.38439],[146.00595,44.38032],[146.00991,44.37162],[146.00522,44.35887],[146.00485,44.35311],[146.00095,44.34757],[146.00023,44.33628],[145.99546,44.33124],[145.9879,44.3188],[145.97869,44.30947],[145.96943,44.30275],[145.96421,44.29557],[145.95413,44.29178],[145.94655,44.27923],[145.93565,44.27875],[145.92342,44.27034],[145.91097,44.26422],[145.90792,44.26099],[145.89901,44.25687],[145.88584,44.24769],[145.88363,44.24285],[145.87105,44.22782],[145.86685,44.2258],[145.86102,44.21942],[145.85522,44.20175],[145.84477,44.19264],[145.83746,44.18239],[145.83134,44.17874],[145.81781,44.16581],[145.80718,44.15958],[145.8002,44.15747],[145.78772,44.14883],[145.78688,44.14382],[145.77685,44.13319],[145.76973,44.12965],[145.76497,44.12132],[145.75755,44.11696],[145.75389,44.10937],[145.74401,44.10424],[145.74251,44.09204],[145.74565,44.08489],[145.74491,44.07663],[145.74833,44.07142],[145.74712,44.06383],[145.77578,44.06626],[145.77676,44.07471],[145.78222,44.0834],[145.78363,44.09337],[145.78586,44.09702],[145.7956,44.1023],[145.79435,44.10717],[145.79966,44.11419],[145.80528,44.11364],[145.81414,44.11672],[145.82762,44.11595],[145.83262,44.11413],[145.83798,44.11602],[145.846,44.11073],[145.85158,44.113],[145.88428,44.10708],[145.89073,44.09446]]]},"properties":{"pref":"北海道","office":"根室振興局","county":"国後郡","city":"留夜別村","code5":"01697","code6":"016977"}},
{"type":"Feature","geometry":{"type":"Polygon","coordinates":[[[147.9155,44.97174],[147.91703,45.02857],[147.91264,45.03237],[147.85833,45.07355],[147.74554,45.15909],[147.74233,45.16058],[147.72924,45.17179],[147.72132,45.17343],[147.70703,45.1658],[147.70669,45.15624],[147.70128,45.14562],[147.69291,45.14189],[147.69193,45.13308],[147.69892,45.12338],[147.6955,45.11825],[147.69782,45.11343],[147.69774,45.10414],[147.68954,45.09472],[147.67724,45.08989],[147.66412,45.08605],[147.66342,45.08374],[147.65089,45.07868],[147.63823,45.07534],[147.62652,45.07653],[147.62246,45.08168],[147.616,45.08128],[147.60427,45.08286],[147.59066,45.08324],[147.57828,45.08742],[147.56927,45.09659],[147.5734,45.09973],[147.57099,45.10422],[147.56511,45.10685],[147.55957,45.10572],[147.55136,45.1095],[147.54341,45.10634],[147.53672,45.10581],[147.5274,45.10992],[147.50662,45.11501],[147.49544,45.10993],[147.50603,45.10718],[147.51663,45.10147],[147.52683,45.09892],[147.53202,45.08519],[147.53025,45.07425],[147.53311,45.0694],[147.52649,45.06895],[147.5236,45.06005],[147.52409,45.04764],[147.52044,45.04322],[147.52433,45.03967],[147.52335,45.03576],[147.5167,45.03402],[147.51186,45.02466],[147.51549,45.02022],[147.51357,45.01384],[147.51826,45.01066],[147.51371,45.00721],[147.51721,44.99735],[147.50659,44.9893],[147.48874,44.99006],[147.47218,44.98336],[147.46971,44.98084],[147.45339,44.9717],[147.44921,44.96501],[147.43894,44.9583],[147.42687,44.94759],[147.41911,44.93825],[147.40857,44.93302],[147.40228,44.92483],[147.39591,44.9193],[147.38639,44.91574],[147.38314,44.91146],[147.33391,44.88916],[147.32546,44.89014],[147.31814,44.88536],[147.31159,44.88522],[147.30575,44.8813],[147.29792,44.88394],[147.29549,44.87814],[147.28771,44.87775],[147.27302,44.87267],[147.26329,44.86422],[147.26351,44.84872],[147.25885,44.84431],[147.25281,44.83326],[147.248,44.81633],[147.24512,44.80995],[147.22814,44.80261],[147.20739,44.79758],[147.19288,44.7972],[147.18758,44.80423],[147.17796,44.81084],[147.16958,44.81877],[147.15908,44.81846],[147.15451,44.82462],[147.14524,44.8237],[147.13858,44.82852],[147.13264,44.82979],[147.10723,44.82214],[147.09995,44.81504],[147.10223,44.80742],[147.1009,44.80139],[147.10683,44.78909],[147.11267,44.78304],[147.11348,44.77933],[147.12538,44.77639],[147.12333,44.77341],[147.13975,44.76808],[147.14356,44.77003],[147.16063,44.76938],[147.16311,44.76566],[147.16982,44.7636],[147.19008,44.7652],[147.1946,44.76131],[147.19897,44.75236],[147.20017,44.7421],[147.19884,44.73152],[147.19427,44.71456],[147.18594,44.69715],[147.17886,44.68814],[147.16439,44.68279],[147.15604,44.67627],[147.15019,44.66982],[147.14523,44.66753],[147.13819,44.65963],[147.12977,44.65229],[147.12278,44.6481],[147.11294,44.64523],[147.10789,44.64164],[147.09311,44.63802],[147.08931,44.63988],[147.08009,44.63681],[147.07387,44.63714],[147.07045,44.64557],[147.06124,44.64675],[147.06127,44.65392],[147.05221,44.65605],[147.04729,44.65941],[147.039,44.6577],[147.02837,44.66225],[147.02043,44.65964],[147.00874,44.66062],[147.00395,44.65547],[147.00764,44.65084],[147.01585,44.64492],[147.03319,44.63861],[147.03452,44.63532],[147.03079,44.6269],[147.03376,44.61902],[147.03165,44.60904],[147.02642,44.59861],[147.00461,44.581],[146.99164,44.57514],[146.9775,44.57805],[146.96973,44.58707],[146.95952,44.59448],[146.9565,44.61051],[146.95127,44.61746],[146.953,44.6261],[146.94595,44.62792],[146.93512,44.60575],[146.93561,44.59526],[146.93094,44.58938],[146.93201,44.58012],[146.93889,44.5757],[146.946,44.56495],[146.95404,44.55599],[146.95179,44.54882],[146.93656,44.53388],[146.92119,44.52406],[146.91353,44.52171],[146.90582,44.52198],[146.89699,44.52028],[146.89038,44.51406],[146.89012,44.51115],[146.87641,44.49975],[146.86949,44.48041],[146.86525,44.47632],[146.86647,44.47147],[146.86169,44.46496],[146.86306,44.46137],[146.85899,44.45626],[146.8599,44.45133],[146.86474,44.44317],[146.87172,44.43934],[146.88511,44.43695],[146.89056,44.43331],[146.90789,44.42863],[146.93013,44.42938],[146.9449,44.42574],[146.95382,44.42705],[146.95966,44.42959],[146.96602,44.43587],[146.98323,44.44476],[146.99063,44.45239],[146.98776,44.4583],[146.99713,44.47105],[146.99695,44.47409],[147.00444,44.48284],[147.00517,44.4899],[147.01031,44.49479],[147.01865,44.50813],[147.0278,44.51846],[147.04176,44.53132],[147.05024,44.5374],[147.05818,44.53895],[147.05849,44.54353],[147.07468,44.55568],[147.0903,44.56361],[147.10157,44.56755],[147.10906,44.56889],[147.13229,44.56074],[147.14638,44.55942],[147.15441,44.56011],[147.16461,44.5649],[147.17138,44.56565],[147.19145,44.57202],[147.19817,44.57046],[147.20814,44.57299],[147.21238,44.57742],[147.22359,44.58437],[147.23323,44.59306],[147.24202,44.59619],[147.24232,44.60002],[147.25098,44.59989],[147.25408,44.60921],[147.25915,44.61257],[147.26082,44.6256],[147.26443,44.63091],[147.26533,44.63669],[147.27238,44.64656],[147.27786,44.65135],[147.28294,44.6589],[147.29363,44.66646],[147.30074,44.66818],[147.30751,44.68266],[147.3157,44.68583],[147.31398,44.68894],[147.32045,44.69817],[147.32667,44.70102],[147.32751,44.70644],[147.33243,44.70924],[147.33615,44.71491],[147.34607,44.71655],[147.34803,44.72028],[147.35959,44.72203],[147.36763,44.72655],[147.37411,44.73278],[147.3753,44.73791],[147.38485,44.74574],[147.39739,44.74925],[147.4116,44.75992],[147.42446,44.76556],[147.43349,44.76554],[147.43986,44.7725],[147.46248,44.77986],[147.47275,44.77965],[147.47401,44.78179],[147.48621,44.78118],[147.49479,44.78702],[147.49688,44.79232],[147.49621,44.79978],[147.50214,44.80511],[147.51598,44.81275],[147.52539,44.81552],[147.53416,44.81648],[147.54059,44.81426],[147.55035,44.81607],[147.552,44.81963],[147.56188,44.82402],[147.56494,44.82936],[147.57527,44.83736],[147.58435,44.84235],[147.58661,44.84613],[147.59689,44.8533],[147.59825,44.86498],[147.60502,44.87428],[147.61219,44.87994],[147.61534,44.88863],[147.62278,44.89425],[147.631,44.90472],[147.64043,44.91427],[147.65,44.9175],[147.65088,44.92439],[147.64555,44.92649],[147.63594,44.92618],[147.61801,44.9337],[147.61101,44.93974],[147.61197,44.94887],[147.61689,44.9608],[147.62552,44.97151],[147.63839,44.98374],[147.6544,44.99422],[147.67507,45.00258],[147.68573,45.00521],[147.70622,45.0064],[147.7182,45.00503],[147.72625,45.00281],[147.72945,44.99516],[147.72753,44.98101],[147.73019,44.97675],[147.74349,44.96613],[147.75601,44.9594],[147.76319,44.95735],[147.7754,44.95045],[147.78478,44.94766],[147.79546,44.94819],[147.80388,44.95105],[147.81226,44.95189],[147.82691,44.95709],[147.83808,44.96212],[147.85069,44.9654],[147.85694,44.96421],[147.86193,44.9659],[147.87064,44.96548],[147.87806,44.96211],[147.89012,44.96872],[147.89568,44.9668],[147.89542,44.96195],[147.90424,44.96097],[147.91129,44.96534],[147.91004,44.9707],[147.9155,44.97174]]]},"properties":{"pref":"北海道","office":"根室振興局","county":"択捉郡","city":"留別村","code5":"01698","code6":"016985"}},
{"type":"Feature","geometry":{"type":"Polygon","coordinates":[[[147.9155,44.97174],[147.9187,44.96978],[147.92408,44.97643],[147.92612,44.9819],[147.93469,44.9882],[147.94588,44.99001],[147.95189,44.99621],[147.96679,45.00085],[147.98081,45.00222],[147.98835,45.01244],[147.99484,45.01664],[147.99843,45.02439],[148.00691,45.02937],[148.00829,45.03552],[148.01211,45.03748],[148.01912,45.04568],[148.02465,45.04702],[148.02572,45.05075],[148.04113,45.06527],[148.05502,45.06702],[148.06185,45.07349],[148.06047,45.07718],[148.06694,45.08634],[148.07544,45.08887],[148.07531,45.09354],[148.08406,45.09912],[148.09965,45.11265],[148.12224,45.12432],[148.1321,45.12649],[148.14416,45.13544],[148.16755,45.14688],[148.18252,45.14989],[148.19268,45.14907],[148.1994,45.15803],[148.21372,45.16279],[148.21482,45.16913],[148.22774,45.17741],[148.24023,45.18388],[148.25103,45.18768],[148.26382,45.18853],[148.27401,45.19523],[148.28064,45.19751],[148.27831,45.20151],[148.29528,45.21177],[148.31074,45.21848],[148.32415,45.22221],[148.33701,45.22256],[148.34691,45.22539],[148.3584,45.22511],[148.36598,45.22726],[148.3507,45.2308],[148.35004,45.23333],[148.34824,45.28628],[148.34274,45.29114],[148.33202,45.28633],[148.29212,45.27608],[148.27175,45.27203],[148.23021,45.26542],[148.20684,45.26268],[148.16638,45.25859],[148.14906,45.25811],[148.13736,45.25684],[148.1036,45.25666],[148.06998,45.25944],[148.05607,45.26191],[148.0387,45.26634],[148.02948,45.27095],[148.02722,45.27935],[148.01946,45.27801],[148.02098,45.28363],[148.01794,45.28929],[148.00872,45.29033],[148.00395,45.30114],[148.00672,45.30848],[148.00255,45.31895],[147.99677,45.32368],[147.99642,45.33306],[148.00422,45.33423],[147.99913,45.34202],[147.99306,45.34264],[147.98403,45.3509],[147.97811,45.36093],[147.97477,45.37265],[147.96915,45.38356],[147.97483,45.3865],[147.96516,45.39544],[147.96176,45.41251],[147.96403,45.42031],[147.95681,45.4207],[147.94615,45.42509],[147.94197,45.43023],[147.92734,45.43564],[147.92548,45.43798],[147.91345,45.43424],[147.90431,45.43015],[147.89583,45.42317],[147.88818,45.41334],[147.87733,45.40684],[147.87119,45.4003],[147.87222,45.39723],[147.86314,45.38688],[147.85847,45.37723],[147.84925,45.36701],[147.84911,45.36347],[147.85541,45.35419],[147.85219,45.34574],[147.85338,45.33825],[147.85878,45.32925],[147.85684,45.32071],[147.86152,45.31594],[147.86573,45.30443],[147.87013,45.30138],[147.87229,45.29571],[147.86701,45.28143],[147.8704,45.27571],[147.86635,45.26454],[147.86926,45.26215],[147.87958,45.25969],[147.8816,45.25081],[147.87641,45.24177],[147.87165,45.239],[147.86783,45.23315],[147.87233,45.22918],[147.86969,45.22406],[147.86143,45.22017],[147.85421,45.21142],[147.83793,45.20795],[147.83534,45.2124],[147.82686,45.21742],[147.81547,45.21654],[147.80906,45.21434],[147.80429,45.21006],[147.79667,45.20808],[147.77938,45.20897],[147.77341,45.20402],[147.76584,45.19496],[147.75776,45.19745],[147.73492,45.19375],[147.73068,45.18878],[147.73221,45.18193],[147.72863,45.1767],[147.72132,45.17343],[147.72924,45.17179],[147.74233,45.16058],[147.74554,45.15909],[147.85833,45.07355],[147.91264,45.03237],[147.91703,45.02857],[147.9155,44.97174]]]},"properties":{"pref":"北海道","office":"根室振興局","county":"紗那郡","city":"紗那村","code5":"01699","code6":"016993"}},
{"type":"Feature","geometry":{"type":"Polygon","coordinates":[[[148.36598,45.22726],[148.37475,45.22751],[148.38437,45.2295],[148.3911,45.23361],[148.4019,45.23215],[148.40849,45.23797],[148.41881,45.24448],[148.42824,45.24784],[148.43423,45.25209],[148.44243,45.25348],[148.45693,45.25033],[148.45694,45.25033],[148.46844,45.25559],[148.46944,45.2582],[148.47775,45.26112],[148.48508,45.26111],[148.49202,45.25667],[148.50116,45.26097],[148.49882,45.26831],[148.50537,45.27886],[148.51761,45.28016],[148.52001,45.28419],[148.52677,45.28681],[148.53143,45.29277],[148.54314,45.29638],[148.55198,45.304],[148.55727,45.30543],[148.56344,45.31197],[148.5737,45.31653],[148.59534,45.3183],[148.59696,45.32089],[148.60672,45.32145],[148.62193,45.33091],[148.64306,45.33475],[148.64965,45.33114],[148.655,45.33642],[148.65983,45.33336],[148.67886,45.33487],[148.69259,45.33379],[148.71175,45.33622],[148.72572,45.33439],[148.73998,45.33757],[148.75548,45.33371],[148.76242,45.32938],[148.77133,45.32691],[148.77672,45.32265],[148.78296,45.32711],[148.79967,45.33493],[148.81767,45.33807],[148.84248,45.33675],[148.84827,45.34571],[148.84192,45.35015],[148.84319,45.35476],[148.85166,45.35739],[148.85654,45.36748],[148.86103,45.36735],[148.86127,45.3731],[148.8687,45.37909],[148.86891,45.38445],[148.87555,45.38778],[148.87469,45.39725],[148.87044,45.40224],[148.86024,45.40883],[148.85554,45.41722],[148.85231,45.41945],[148.84355,45.41964],[148.84068,45.42383],[148.82858,45.42835],[148.82622,45.44103],[148.82711,45.44878],[148.83181,45.45948],[148.83787,45.4633],[148.85503,45.46954],[148.87447,45.47458],[148.88219,45.48196],[148.89054,45.48691],[148.89051,45.49677],[148.89282,45.50964],[148.88956,45.51784],[148.87732,45.52601],[148.8724,45.53176],[148.85658,45.54046],[148.84131,45.54385],[148.83826,45.55069],[148.82934,45.54836],[148.81079,45.55273],[148.79852,45.55232],[148.78455,45.55563],[148.78173,45.5533],[148.76536,45.55462],[148.75487,45.55354],[148.74449,45.54988],[148.71013,45.54156],[148.68599,45.53912],[148.67004,45.53666],[148.65998,45.53915],[148.6517,45.53734],[148.64345,45.52603],[148.63913,45.52258],[148.64147,45.51698],[148.6391,45.5088],[148.63255,45.50582],[148.6302,45.50211],[148.62363,45.49871],[148.61426,45.49796],[148.61316,45.49474],[148.60684,45.49135],[148.59882,45.49049],[148.58717,45.49119],[148.57818,45.48945],[148.56554,45.4695],[148.55836,45.46633],[148.55944,45.46104],[148.55693,45.45802],[148.54582,45.45149],[148.53977,45.45269],[148.53667,45.4493],[148.52952,45.44973],[148.52066,45.44732],[148.51215,45.43213],[148.49459,45.42131],[148.48621,45.42053],[148.48111,45.41011],[148.47585,45.40731],[148.47035,45.4],[148.47524,45.39102],[148.47998,45.38622],[148.47536,45.3792],[148.46646,45.3746],[148.46031,45.37663],[148.4551,45.3658],[148.45891,45.35951],[148.448,45.35929],[148.44472,45.3532],[148.42978,45.34499],[148.42552,45.34595],[148.42109,45.33904],[148.41664,45.33661],[148.42001,45.32931],[148.41554,45.32651],[148.41113,45.32858],[148.40286,45.32749],[148.39307,45.32045],[148.38262,45.31956],[148.36052,45.30942],[148.35179,45.3066],[148.35174,45.30243],[148.34251,45.29635],[148.34274,45.29114],[148.34824,45.28628],[148.35004,45.23333],[148.3507,45.2308],[148.36598,45.22726]]]},"properties":{"pref":"北海道","office":"根室振興局","county":"蘂取郡","city":"蘂取村","code5":"01700","code6":"017001"}},
{"type":"Feature","geometry":{"type":"Polygon","coordinates":[[[141.40541,43.18942],[141.39483,43.18254],[141.38773,43.17338],[141.37982,43.17167],[141.37215,43.17273],[141.36227,43.17639],[141.35805,43.17584],[141.35095,43.167],[141.35337,43.16371],[141.34876,43.15952],[141.33515,43.15228],[141.33271,43.14865],[141.32307,43.14877],[141.31212,43.14634],[141.30308,43.14128],[141.29921,43.14118],[141.28276,43.13362],[141.2475,43.15891],[141.23802,43.15186],[141.22987,43.15726],[141.22122,43.15806],[141.20806,43.15197],[141.20068,43.14697],[141.18761,43.14026],[141.18972,43.13319],[141.19832,43.12781],[141.19525,43.12284],[141.18672,43.11968],[141.18125,43.10981],[141.17356,43.10451],[141.1722,43.09896],[141.15777,43.08871],[141.15228,43.08948],[141.15207,43.0925],[141.14274,43.09477],[141.13492,43.09383],[141.13238,43.10257],[141.13403,43.1059],[141.12538,43.10768],[141.12001,43.11155],[141.11191,43.11394],[141.10846,43.11934],[141.10219,43.11542],[141.09179,43.11993],[141.08705,43.11775],[141.07607,43.11826],[141.07174,43.10897],[141.06286,43.1094],[141.06221,43.10334],[141.06508,43.09689],[141.06978,43.09212],[141.05938,43.08933],[141.06525,43.08356],[141.05845,43.06856],[141.04942,43.06692],[141.04501,43.06084],[141.0449,43.05144],[141.03298,43.043],[141.02606,43.0361],[141.0182,43.03223],[141.01097,43.03339],[140.99908,43.02548],[140.99116,43.02357],[140.9933,43.01724],[141,43.01275],[140.99914,43.00073],[140.99287,42.99457],[140.99779,42.99045],[140.99817,42.98615],[141.00636,42.97863],[141.00806,42.97154],[141.01361,42.96544],[141.01962,42.9652],[141.02553,42.96129],[141.04047,42.95805],[141.04691,42.95331],[141.05275,42.95259],[141.04806,42.94021],[141.04279,42.93641],[141.03359,42.91762],[141.02689,42.9127],[141.03388,42.90632],[141.03464,42.89586],[141.03704,42.8955],[141.03951,42.88537],[141.04798,42.88366],[141.06265,42.88489],[141.06987,42.88398],[141.07944,42.88531],[141.08685,42.87923],[141.09926,42.88369],[141.10277,42.88176],[141.10712,42.8727],[141.1017,42.86947],[141.09837,42.86314],[141.09751,42.85538],[141.10365,42.84742],[141.09438,42.84277],[141.09986,42.83301],[141.10066,42.82792],[141.09315,42.82304],[141.10464,42.81639],[141.11891,42.80965],[141.12609,42.80418],[141.13307,42.80389],[141.13574,42.79581],[141.14025,42.78922],[141.15561,42.78583],[141.16065,42.78084],[141.16955,42.78169],[141.17346,42.7852],[141.17882,42.78389],[141.18691,42.78628],[141.19908,42.78435],[141.21175,42.78701],[141.22256,42.78765],[141.23122,42.79164],[141.23039,42.79725],[141.22446,42.79955],[141.21914,42.80724],[141.22247,42.81179],[141.23198,42.81461],[141.23561,42.82114],[141.23556,42.82742],[141.23953,42.82922],[141.24292,42.83977],[141.25232,42.84298],[141.25645,42.8483],[141.25503,42.85814],[141.25678,42.86441],[141.26856,42.86798],[141.279,42.87265],[141.28649,42.87364],[141.2929,42.88329],[141.30334,42.88679],[141.30893,42.88633],[141.31474,42.88244],[141.31663,42.8758],[141.32059,42.87264],[141.33471,42.87022],[141.35771,42.87634],[141.3602,42.88135],[141.36796,42.88543],[141.37016,42.89132],[141.37838,42.89177],[141.39468,42.89036],[141.41661,42.8884],[141.42126,42.89146],[141.41356,42.89566],[141.41674,42.90768],[141.42128,42.91421],[141.4278,42.91614],[141.43369,42.9238],[141.44108,42.92811],[141.4546,42.94087],[141.45864,42.9482],[141.46232,42.95119],[141.46214,42.95872],[141.46704,42.97037],[141.46684,42.97376],[141.47677,42.98672],[141.48074,42.99363],[141.47759,42.99856],[141.48242,43.00706],[141.48273,43.01142],[141.4882,43.01368],[141.4871,43.02332],[141.49857,43.02285],[141.50542,43.02086],[141.50123,43.05101],[141.4974,43.0578],[141.49074,43.05695],[141.48347,43.06037],[141.47154,43.06954],[141.47379,43.07373],[141.47074,43.08188],[141.47563,43.08806],[141.47346,43.09612],[141.465,43.10011],[141.45908,43.0994],[141.45726,43.09342],[141.44439,43.10105],[141.44737,43.10518],[141.45372,43.11996],[141.455,43.13473],[141.44694,43.15587],[141.44939,43.16263],[141.44621,43.16634],[141.4388,43.16178],[141.43434,43.16293],[141.4338,43.1691],[141.42542,43.1682],[141.41918,43.17184],[141.40385,43.16987],[141.39817,43.17347],[141.39931,43.17691],[141.4089,43.18609],[141.40541,43.18942]]]},"properties":{"pref":"北海道","office":"石狩振興局","city":"札幌市","code5":"01100","code6":"011002"}}
]}