{"type":"FeatureCollection", "features": [
{"type":"Feature","geometry":{"type":"Polygon","coordinates":[[[141.43425,39.88144],[141.43097,39.86374],[141.43255,39.85658],[141.42755,39.85017],[141.42018,39.85075],[141.41253,39.85359],[141.40344,39.84961],[141.38899,39.84727],[141.3717,39.85203],[141.36177,39.85234],[141.3581,39.84814],[141.34055,39.8478],[141.33546,39.84903],[141.33152,39.84084],[141.32475,39.83509],[141.31649,39.8341],[141.30927,39.83701],[141.30978,39.84285],[141.30346,39.84627],[141.29541,39.84547],[141.29297,39.84185],[141.28811,39.84127],[141.28697,39.85293],[141.29526,39.85896],[141.2779,39.86774],[141.2754,39.89305],[141.26847,39.89571],[141.26923,39.90233],[141.26182,39.90456],[141.25114,39.90149],[141.24573,39.90367],[141.23682,39.90319],[141.23331,39.90129],[141.2284,39.90642],[141.22488,39.90636],[141.21831,39.9014],[141.21593,39.90558],[141.20596,39.9082],[141.19889,39.90778],[141.19119,39.91723],[141.18831,39.9256],[141.16472,39.93018],[141.15585,39.92681],[141.15897,39.91787],[141.16902,39.90828],[141.16865,39.90315],[141.16304,39.90465],[141.15779,39.90112],[141.14862,39.89763],[141.13346,39.88247],[141.12097,39.88393],[141.11605,39.8834],[141.10788,39.8791],[141.09863,39.87924],[141.10956,39.86037],[141.11159,39.84264],[141.12724,39.84274],[141.13365,39.83005],[141.13242,39.82772],[141.14242,39.82411],[141.147,39.82669],[141.15463,39.8223],[141.15177,39.81679],[141.15421,39.81163],[141.1516,39.80704],[141.16221,39.8081],[141.16051,39.80334],[141.166,39.80071],[141.16232,39.79648],[141.1681,39.77956],[141.1642,39.77476],[141.16638,39.77174],[141.16361,39.76717],[141.15053,39.76591],[141.14678,39.77165],[141.1288,39.76793],[141.12206,39.76021],[141.12167,39.75601],[141.11635,39.75196],[141.11925,39.74856],[141.11106,39.74529],[141.10678,39.74078],[141.10609,39.73559],[141.09971,39.73098],[141.09879,39.72316],[141.08931,39.7249],[141.08846,39.72186],[141.08076,39.72172],[141.07871,39.71601],[141.07849,39.7036],[141.07571,39.70009],[141.06424,39.6973],[141.0481,39.68997],[141.03886,39.69496],[141.03565,39.70002],[141.02985,39.70181],[141.01366,39.69226],[141.0125,39.68363],[141.01843,39.68188],[141.00726,39.67579],[141.00511,39.67101],[140.99575,39.66627],[141.00126,39.66288],[141.00863,39.66216],[141.01205,39.65851],[141.0137,39.65148],[141.0188,39.64872],[141.03134,39.65085],[141.04056,39.65631],[141.04999,39.65411],[141.04695,39.64656],[141.05496,39.6421],[141.06245,39.64015],[141.06444,39.63566],[141.07449,39.63446],[141.07802,39.63665],[141.08557,39.63507],[141.1012,39.63413],[141.10739,39.63705],[141.10829,39.64089],[141.11543,39.6434],[141.12389,39.64941],[141.13258,39.6506],[141.13612,39.64344],[141.14632,39.64096],[141.15148,39.63407],[141.15635,39.63271],[141.17701,39.63169],[141.1813,39.62603],[141.18086,39.61993],[141.18579,39.61399],[141.19262,39.60965],[141.19717,39.59721],[141.2036,39.60123],[141.22495,39.60615],[141.2315,39.60575],[141.23984,39.60295],[141.2433,39.59869],[141.24926,39.5959],[141.25167,39.59119],[141.27003,39.58144],[141.27307,39.58637],[141.27993,39.59177],[141.27793,39.59583],[141.27814,39.60361],[141.28399,39.60765],[141.28918,39.60471],[141.2935,39.59563],[141.29843,39.59171],[141.29817,39.58867],[141.30529,39.58627],[141.30929,39.57955],[141.30505,39.57219],[141.31367,39.57169],[141.31862,39.57499],[141.32486,39.57108],[141.33692,39.56672],[141.34412,39.56924],[141.35242,39.56747],[141.36188,39.57362],[141.37109,39.5758],[141.38274,39.57384],[141.38915,39.57589],[141.40342,39.57697],[141.41369,39.5725],[141.41988,39.56373],[141.43203,39.56678],[141.43558,39.56985],[141.43157,39.58305],[141.41639,39.59111],[141.41267,39.59659],[141.40606,39.6026],[141.40009,39.60476],[141.39344,39.60976],[141.38115,39.61317],[141.36883,39.61856],[141.35724,39.6218],[141.3434,39.63006],[141.33691,39.64217],[141.34578,39.64796],[141.34521,39.65149],[141.35235,39.65941],[141.35719,39.66116],[141.36523,39.66811],[141.37839,39.67165],[141.3843,39.67191],[141.39775,39.68467],[141.40186,39.68552],[141.40866,39.69171],[141.40873,39.70117],[141.39637,39.70738],[141.39512,39.71295],[141.39964,39.71975],[141.39485,39.72933],[141.39659,39.73491],[141.40103,39.73652],[141.40155,39.74295],[141.39741,39.74741],[141.41049,39.7598],[141.42219,39.75616],[141.43885,39.75969],[141.44587,39.76477],[141.4596,39.76695],[141.46834,39.76351],[141.47435,39.7649],[141.47769,39.76921],[141.47841,39.77577],[141.48493,39.77699],[141.48796,39.78206],[141.4898,39.79107],[141.49919,39.79411],[141.5015,39.8011],[141.49831,39.80781],[141.50292,39.81017],[141.50725,39.80805],[141.51649,39.80902],[141.52218,39.80666],[141.52739,39.81271],[141.5203,39.81916],[141.51658,39.83565],[141.51165,39.8464],[141.50717,39.84997],[141.50387,39.85567],[141.50674,39.86407],[141.50741,39.8711],[141.50611,39.87918],[141.4986,39.87793],[141.49183,39.88167],[141.48418,39.88278],[141.47916,39.87529],[141.46981,39.87431],[141.46389,39.87603],[141.45877,39.88038],[141.44247,39.88406],[141.43425,39.88144]]]},"properties":{"pref":"岩手県","city":"盛岡市","code5":"03201","code6":"032018"}},
{"type":"Feature","geometry":{"type":"MultiPolygon","coordinates":[[[[141.41988,39.56373],[141.42432,39.56088],[141.42883,39.55463],[141.44498,39.55646],[141.45264,39.5588],[141.45869,39.55769],[141.47323,39.55929],[141.48314,39.55768],[141.48895,39.55835],[141.49304,39.55731],[141.49648,39.54137],[141.50054,39.5362],[141.51119,39.5321],[141.52858,39.52353],[141.54873,39.52469],[141.55944,39.52077],[141.5656,39.51478],[141.57539,39.51256],[141.58,39.50608],[141.59334,39.49818],[141.60139,39.48778],[141.61054,39.48861],[141.60915,39.48077],[141.61734,39.47319],[141.62157,39.47248],[141.62884,39.46695],[141.63017,39.46034],[141.63657,39.45506],[141.64295,39.45504],[141.65118,39.4515],[141.65521,39.45643],[141.65937,39.45614],[141.66117,39.45164],[141.66896,39.44618],[141.68541,39.43899],[141.69122,39.44332],[141.69799,39.44347],[141.72084,39.44627],[141.71638,39.45296],[141.71486,39.46252],[141.71159,39.46428],[141.70823,39.47221],[141.70218,39.47864],[141.70494,39.48659],[141.70329,39.48842],[141.7066,39.49878],[141.71032,39.50372],[141.71979,39.50792],[141.72825,39.50744],[141.7365,39.51087],[141.73851,39.52275],[141.74382,39.5288],[141.74832,39.52934],[141.7481,39.53258],[141.75359,39.54029],[141.76274,39.54245],[141.77006,39.542],[141.7863,39.5482],[141.79551,39.54835],[141.81709,39.55434],[141.8218,39.55391],[141.8278,39.55029],[141.83474,39.54971],[141.84192,39.55419],[141.84731,39.55447],[141.85472,39.55847],[141.86364,39.5592],[141.86938,39.56199],[141.8783,39.56327],[141.88668,39.55469],[141.90017,39.54772],[141.91681,39.54796],[141.92117,39.551],[141.93791,39.55198],[141.95164,39.54954],[141.95591,39.54469],[141.97069,39.54443],[141.97485,39.53859],[141.9769,39.53046],[141.9822,39.52382],[141.98139,39.52046],[141.99164,39.51496],[142.00346,39.50638],[142.01055,39.49988],[142.01884,39.50055],[142.02433,39.50348],[142.02879,39.50877],[142.03188,39.52516],[142.03766,39.53159],[142.04709,39.52974],[142.05319,39.52483],[142.0532,39.52481],[142.05778,39.52245],[142.06196,39.52558],[142.06198,39.52559],[142.05312,39.52921],[142.05291,39.53308],[142.06329,39.53365],[142.07188,39.54521],[142.06813,39.55631],[142.06745,39.56272],[142.05811,39.56301],[142.0558,39.57073],[142.05756,39.57432],[142.04864,39.57442],[142.0438,39.57294],[142.03782,39.57597],[142.03368,39.5739],[142.02656,39.5795],[142.0298,39.58554],[142.03163,39.58785],[142.03164,39.58786],[142.03176,39.58798],[142.03182,39.58813],[142.03202,39.58865],[142.03205,39.58866],[142.03205,39.58868],[142.032,39.58879],[142.02931,39.59138],[142.03088,39.59644],[142.02529,39.60398],[142.02769,39.60823],[142.03206,39.60951],[142.03146,39.61037],[142.03133,39.61048],[142.02345,39.61356],[142.02303,39.62515],[142.02641,39.63017],[142.02327,39.63528],[142.02729,39.63675],[142.02733,39.64695],[142.02258,39.65257],[142.01633,39.65409],[142.00459,39.64096],[141.98743,39.61792],[141.97308,39.60681],[141.972,39.6062],[141.97199,39.60619],[141.96781,39.59811],[141.95783,39.58575],[141.94807,39.58766],[141.94831,39.59198],[141.94529,39.59862],[141.95422,39.60391],[141.96299,39.61083],[141.96298,39.61084],[141.96331,39.61104],[141.96364,39.61623],[141.96605,39.62322],[141.97154,39.62591],[141.964,39.63897],[141.96838,39.64127],[141.96951,39.64643],[141.97585,39.64317],[141.98078,39.6449],[141.97904,39.65234],[141.97132,39.65104],[141.97439,39.657],[141.97146,39.66173],[141.98347,39.68096],[141.98526,39.68688],[141.9771,39.6863],[141.96704,39.69048],[141.97235,39.69389],[141.97195,39.70075],[141.9755,39.70608],[141.98614,39.70999],[141.98261,39.71624],[141.98438,39.7226],[141.98203,39.7269],[141.9772,39.72616],[141.97094,39.73099],[141.97479,39.73534],[141.98032,39.73316],[141.98033,39.73317],[141.98127,39.73356],[141.98128,39.73357],[141.98279,39.7345],[141.9835,39.73447],[141.98352,39.73446],[141.98913,39.74608],[141.99154,39.74763],[141.99399,39.74733],[141.98894,39.75663],[141.98974,39.76709],[141.99695,39.77274],[142.00409,39.77527],[141.99542,39.77858],[141.98876,39.787],[141.98637,39.79233],[141.98857,39.7976],[141.98322,39.80333],[141.98369,39.81408],[141.9894,39.81791],[141.98975,39.82228],[141.98586,39.83029],[141.97851,39.83069],[141.97413,39.82485],[141.9682,39.82491],[141.9621,39.82098],[141.95641,39.82291],[141.93954,39.81977],[141.93937,39.81568],[141.93461,39.80948],[141.91545,39.80756],[141.91178,39.80917],[141.90813,39.7984],[141.89492,39.79493],[141.89087,39.79494],[141.88877,39.78921],[141.89939,39.78887],[141.90611,39.78246],[141.90398,39.77823],[141.90484,39.77204],[141.89959,39.77038],[141.89746,39.76422],[141.88721,39.75382],[141.87952,39.75021],[141.84966,39.74684],[141.84929,39.73741],[141.83763,39.73937],[141.83573,39.73529],[141.82611,39.73035],[141.81768,39.73148],[141.80281,39.72334],[141.79555,39.7242],[141.78614,39.72784],[141.78128,39.72691],[141.77898,39.73142],[141.77142,39.73605],[141.75688,39.73168],[141.75458,39.73464],[141.7413,39.74087],[141.7371,39.74681],[141.7372,39.75056],[141.72744,39.74912],[141.7205,39.74536],[141.71449,39.7501],[141.7068,39.75328],[141.6978,39.75231],[141.68983,39.74733],[141.68769,39.74372],[141.68146,39.74218],[141.67489,39.74464],[141.66975,39.75031],[141.66102,39.75207],[141.656,39.75529],[141.64882,39.75449],[141.6328,39.75562],[141.62669,39.75507],[141.62379,39.73805],[141.62111,39.73386],[141.61593,39.73424],[141.60651,39.72929],[141.60766,39.72054],[141.60306,39.71487],[141.6013,39.7089],[141.59355,39.71067],[141.58072,39.70978],[141.56885,39.7187],[141.56317,39.71775],[141.56218,39.71365],[141.55693,39.71103],[141.54978,39.70402],[141.53281,39.70403],[141.52759,39.70278],[141.51564,39.70462],[141.50451,39.70481],[141.49682,39.70667],[141.48732,39.703],[141.48515,39.69776],[141.47978,39.69608],[141.46961,39.68643],[141.4683,39.68075],[141.45871,39.68128],[141.45167,39.67904],[141.44162,39.67914],[141.43551,39.67654],[141.42632,39.67678],[141.42263,39.67915],[141.4213,39.68482],[141.40866,39.69171],[141.40186,39.68552],[141.39775,39.68467],[141.3843,39.67191],[141.37839,39.67165],[141.36523,39.66811],[141.35719,39.66116],[141.35235,39.65941],[141.34521,39.65149],[141.34578,39.64796],[141.33691,39.64217],[141.3434,39.63006],[141.35724,39.6218],[141.36883,39.61856],[141.38115,39.61317],[141.39344,39.60976],[141.40009,39.60476],[141.40606,39.6026],[141.41267,39.59659],[141.41639,39.59111],[141.43157,39.58305],[141.43558,39.56985],[141.43203,39.56678],[141.41988,39.56373]]],[[[142.03598,39.57729],[142.03587,39.57709],[142.036,39.57718],[142.03598,39.57729]]],[[[142.02794,39.65028],[142.02811,39.65042],[142.0281,39.65044],[142.02792,39.65028],[142.02794,39.65028]]]]},"properties":{"pref":"岩手県","city":"宮古市","code5":"03202","code6":"032026"}},
{"type":"Feature","geometry":{"type":"Polygon","coordinates":[[[141.92088,39.18222],[141.91642,39.17851],[141.9056,39.17667],[141.89383,39.16941],[141.88438,39.16768],[141.87543,39.16991],[141.86583,39.17019],[141.85737,39.17585],[141.85366,39.17454],[141.83418,39.17739],[141.82956,39.18003],[141.81982,39.17577],[141.79934,39.17837],[141.79463,39.17702],[141.78505,39.18143],[141.77793,39.17925],[141.75926,39.17801],[141.75127,39.17432],[141.74457,39.17489],[141.73924,39.1826],[141.73066,39.18806],[141.72826,39.20325],[141.71792,39.19986],[141.70975,39.19035],[141.70082,39.1871],[141.69547,39.1833],[141.68952,39.18481],[141.68333,39.1818],[141.67833,39.17639],[141.6635,39.17414],[141.6582,39.17728],[141.64886,39.17787],[141.64826,39.17449],[141.63983,39.17114],[141.64466,39.16247],[141.63937,39.15686],[141.63203,39.15198],[141.63113,39.1394],[141.62503,39.13618],[141.61927,39.12871],[141.61669,39.12074],[141.61742,39.11476],[141.62557,39.11241],[141.62643,39.10769],[141.62277,39.10047],[141.63087,39.09354],[141.62892,39.08393],[141.63335,39.07858],[141.63799,39.07672],[141.64231,39.07163],[141.64678,39.06124],[141.65186,39.05617],[141.65758,39.056],[141.6639,39.06451],[141.67306,39.0684],[141.6824,39.06724],[141.68495,39.06334],[141.68001,39.06017],[141.68096,39.04216],[141.68789,39.03174],[141.68914,39.01899],[141.69432,39.01505],[141.70235,39.00012],[141.70764,38.9926],[141.71378,38.9866],[141.71084,38.99367],[141.71237,38.99747],[141.72137,38.996],[141.72451,38.9895],[141.73129,38.9903],[141.73529,38.98787],[141.74338,38.98783],[141.74333,38.99553],[141.73779,39.00077],[141.7319,39.01059],[141.72252,39.01917],[141.71735,39.01894],[141.71014,39.02574],[141.71411,39.02834],[141.71719,39.03392],[141.7249,39.04073],[141.72216,39.05171],[141.72627,39.06107],[141.72512,39.06425],[141.73216,39.06938],[141.7384,39.06297],[141.73453,39.05788],[141.74078,39.05094],[141.73357,39.04543],[141.73848,39.03858],[141.73748,39.032],[141.72857,39.02617],[141.73356,39.02291],[141.7451,39.0249],[141.74901,39.02007],[141.75907,39.01888],[141.76407,39.02243],[141.76472,39.02876],[141.76982,39.03492],[141.7769,39.02914],[141.78145,39.02808],[141.7842,39.03248],[141.7905,39.03403],[141.79099,39.03717],[141.79824,39.04105],[141.79421,39.03088],[141.79691,39.02549],[141.80992,39.02644],[141.8175,39.02279],[141.82208,39.02605],[141.82255,39.0259],[141.8378,39.02504],[141.84549,39.02618],[141.85127,39.03],[141.84955,39.03631],[141.84715,39.03817],[141.84588,39.03831],[141.84589,39.03826],[141.8447,39.03841],[141.84329,39.03944],[141.83962,39.04066],[141.82769,39.04449],[141.81783,39.04928],[141.81432,39.05494],[141.81544,39.05921],[141.82934,39.05827],[141.83818,39.06104],[141.85195,39.05892],[141.86151,39.0615],[141.86642,39.0599],[141.87119,39.06256],[141.87208,39.06827],[141.85346,39.07362],[141.84862,39.07322],[141.84465,39.07636],[141.83885,39.07374],[141.8305,39.07531],[141.82525,39.07458],[141.81825,39.08663],[141.81269,39.08644],[141.80888,39.09002],[141.8149,39.09549],[141.80953,39.10217],[141.81276,39.10401],[141.81131,39.1119],[141.81335,39.11441],[141.82077,39.11376],[141.82947,39.10926],[141.83037,39.1066],[141.83875,39.10369],[141.84925,39.10354],[141.86001,39.104],[141.86197,39.09797],[141.87205,39.09581],[141.87893,39.09029],[141.89024,39.08986],[141.89178,39.09581],[141.89667,39.09663],[141.90173,39.10081],[141.91827,39.10545],[141.90949,39.10852],[141.90564,39.11246],[141.90535,39.11698],[141.90006,39.11984],[141.89147,39.11642],[141.88543,39.11574],[141.87241,39.11867],[141.87022,39.1217],[141.87341,39.1279],[141.87132,39.13067],[141.87134,39.13058],[141.86964,39.13192],[141.85319,39.1357],[141.84721,39.14153],[141.837,39.14454],[141.84154,39.15256],[141.84553,39.15532],[141.85534,39.15753],[141.86352,39.15375],[141.87402,39.15372],[141.87818,39.15571],[141.88735,39.15576],[141.89346,39.16047],[141.9058,39.16873],[141.91646,39.17294],[141.92152,39.17743],[141.9217,39.18127],[141.92088,39.18222]]]},"properties":{"pref":"岩手県","city":"大船渡市","code5":"03203","code6":"032034"}},
{"type":"Feature","geometry":{"type":"Polygon","coordinates":[[[141.30505,39.57219],[141.29486,39.56725],[141.29812,39.56014],[141.29103,39.55841],[141.28562,39.54807],[141.28772,39.53568],[141.29018,39.53268],[141.28445,39.52459],[141.28493,39.51895],[141.2915,39.51558],[141.2957,39.50924],[141.28752,39.50358],[141.2872,39.49358],[141.2832,39.49128],[141.28239,39.48553],[141.27775,39.48336],[141.27168,39.48451],[141.2647,39.4834],[141.25987,39.49042],[141.24856,39.48669],[141.23363,39.48738],[141.23132,39.48565],[141.2124,39.49018],[141.19639,39.49893],[141.17991,39.50474],[141.1677,39.50586],[141.16942,39.50948],[141.15649,39.50837],[141.14663,39.51072],[141.13602,39.51109],[141.11798,39.50871],[141.11018,39.50629],[141.10283,39.50827],[141.0946,39.51483],[141.08325,39.51397],[141.08184,39.52363],[141.07378,39.52735],[141.06831,39.52246],[141.05521,39.5279],[141.04017,39.52553],[141.03258,39.52771],[141.02647,39.52453],[141.01689,39.52612],[141.01129,39.5294],[141.00612,39.5372],[140.99433,39.53997],[140.98788,39.54346],[140.97873,39.54223],[140.97232,39.54635],[140.96438,39.5413],[140.95569,39.53179],[140.94645,39.53236],[140.94329,39.53515],[140.92727,39.5386],[140.92617,39.54206],[140.9202,39.54334],[140.90384,39.5366],[140.90048,39.53276],[140.8925,39.53332],[140.88307,39.51772],[140.88888,39.50978],[140.87877,39.50099],[140.88308,39.49584],[140.87996,39.49029],[140.88427,39.48946],[140.88436,39.48015],[140.88723,39.47453],[140.89754,39.46912],[140.90383,39.46861],[140.90663,39.46412],[140.90192,39.46166],[140.89777,39.45269],[140.9018,39.44871],[140.90369,39.4391],[140.91012,39.43171],[140.9084,39.42932],[140.91083,39.41993],[140.90304,39.4142],[140.90249,39.40567],[140.90986,39.39451],[140.90649,39.38888],[140.90976,39.38364],[140.91253,39.37013],[140.91634,39.36509],[140.92335,39.36524],[140.92935,39.36002],[140.93888,39.35914],[140.93997,39.36152],[140.94888,39.36179],[140.96961,39.35581],[140.97287,39.35855],[140.97916,39.35539],[140.98071,39.35201],[140.99482,39.34638],[141.00411,39.34472],[141.0124,39.34168],[141.02124,39.3418],[141.02874,39.33777],[141.03599,39.33911],[141.0418,39.3376],[141.05646,39.3276],[141.06239,39.32808],[141.05941,39.33474],[141.05525,39.33792],[141.05771,39.34269],[141.0629,39.34577],[141.06991,39.34671],[141.07028,39.35111],[141.07573,39.35079],[141.08104,39.35384],[141.08228,39.36056],[141.08849,39.36209],[141.09841,39.35808],[141.1032,39.35829],[141.11139,39.35517],[141.11564,39.3512],[141.14176,39.34991],[141.14434,39.35321],[141.15578,39.3533],[141.16739,39.35544],[141.1653,39.36484],[141.1615,39.37132],[141.16769,39.37295],[141.16979,39.36831],[141.16899,39.36219],[141.17632,39.36323],[141.185,39.35315],[141.18663,39.34739],[141.19116,39.34377],[141.18551,39.33382],[141.18904,39.32611],[141.18155,39.32314],[141.18056,39.31727],[141.18489,39.3163],[141.1922,39.31989],[141.19968,39.31645],[141.20538,39.31578],[141.20925,39.31043],[141.21536,39.30692],[141.22457,39.31236],[141.23391,39.31089],[141.23738,39.30648],[141.24088,39.31107],[141.24915,39.31476],[141.26238,39.31308],[141.27046,39.31418],[141.27857,39.31704],[141.2935,39.31824],[141.29881,39.3119],[141.2978,39.30716],[141.3033,39.30139],[141.30461,39.29545],[141.30909,39.28915],[141.30322,39.28437],[141.30415,39.27658],[141.31978,39.28253],[141.32592,39.2825],[141.33395,39.27683],[141.33349,39.27196],[141.34099,39.26428],[141.35723,39.26036],[141.36131,39.26273],[141.36185,39.26757],[141.3672,39.26884],[141.37098,39.27793],[141.36963,39.28285],[141.36464,39.28655],[141.35232,39.29134],[141.34665,39.29784],[141.34654,39.30559],[141.35101,39.31205],[141.34353,39.31737],[141.33232,39.32736],[141.32981,39.33358],[141.32389,39.33663],[141.32377,39.34283],[141.33205,39.34595],[141.3265,39.34905],[141.32759,39.35588],[141.32324,39.3572],[141.3185,39.35356],[141.30783,39.35443],[141.30671,39.35912],[141.29965,39.36189],[141.30118,39.36943],[141.30031,39.37551],[141.30186,39.38343],[141.3075,39.38542],[141.30658,39.3903],[141.31416,39.39463],[141.31037,39.40203],[141.31534,39.40378],[141.31739,39.40947],[141.32238,39.41564],[141.33106,39.41941],[141.33809,39.41726],[141.34656,39.41821],[141.3572,39.42293],[141.36113,39.42718],[141.36745,39.43049],[141.38076,39.43051],[141.3852,39.43232],[141.38824,39.43794],[141.3884,39.44354],[141.39581,39.44829],[141.40227,39.44714],[141.40956,39.45352],[141.41469,39.45316],[141.42022,39.45764],[141.42474,39.46408],[141.44,39.46818],[141.43748,39.47298],[141.43701,39.49763],[141.44456,39.50249],[141.4452,39.51264],[141.44857,39.51858],[141.45288,39.52205],[141.47292,39.53161],[141.48671,39.5329],[141.49575,39.53032],[141.48895,39.55835],[141.48314,39.55768],[141.47323,39.55929],[141.45869,39.55769],[141.45264,39.5588],[141.44498,39.55646],[141.42883,39.55463],[141.42432,39.56088],[141.41988,39.56373],[141.41369,39.5725],[141.40342,39.57697],[141.38915,39.57589],[141.38274,39.57384],[141.37109,39.5758],[141.36188,39.57362],[141.35242,39.56747],[141.34412,39.56924],[141.33692,39.56672],[141.32486,39.57108],[141.31862,39.57499],[141.31367,39.57169],[141.30505,39.57219]]]},"properties":{"pref":"岩手県","city":"花巻市","code5":"03205","code6":"032051"}},
{"type":"Feature","geometry":{"type":"Polygon","coordinates":[[[140.88436,39.48015],[140.87704,39.4769],[140.87305,39.47053],[140.87007,39.46034],[140.86571,39.45545],[140.8692,39.45169],[140.85557,39.43903],[140.84964,39.43222],[140.84405,39.43933],[140.83755,39.43763],[140.83285,39.43314],[140.82379,39.43007],[140.82812,39.42761],[140.82388,39.42005],[140.81702,39.41822],[140.8194,39.41119],[140.8258,39.40364],[140.83699,39.4026],[140.84199,39.39677],[140.84771,39.39445],[140.84318,39.38791],[140.84544,39.38179],[140.8515,39.3779],[140.85905,39.37572],[140.85815,39.36614],[140.86548,39.36288],[140.87236,39.3573],[140.87442,39.3453],[140.87443,39.33734],[140.88289,39.33242],[140.88744,39.32354],[140.89452,39.3154],[140.89571,39.30419],[140.88868,39.30202],[140.89336,39.29101],[140.89719,39.28655],[140.88609,39.27195],[140.8856,39.26801],[140.87691,39.261],[140.87914,39.25911],[140.87702,39.25262],[140.88509,39.24834],[140.89002,39.24163],[140.88741,39.23195],[140.88214,39.23021],[140.87282,39.22132],[140.86585,39.21853],[140.86436,39.21505],[140.8546,39.21032],[140.85586,39.20316],[140.85984,39.19995],[140.85568,39.19684],[140.85533,39.1907],[140.85755,39.17733],[140.87353,39.17441],[140.88044,39.1756],[140.88308,39.17944],[140.89069,39.18169],[140.90207,39.19309],[140.90827,39.19486],[140.91892,39.19512],[140.91949,39.20062],[140.92363,39.20304],[140.9279,39.21402],[140.93452,39.22045],[140.9335,39.22426],[140.94046,39.22519],[140.94448,39.23196],[140.95095,39.23119],[140.95385,39.23426],[140.96113,39.23278],[140.96609,39.23451],[140.99762,39.23792],[141.01402,39.24515],[141.0319,39.25495],[141.04014,39.2498],[141.04001,39.25536],[141.05034,39.25811],[141.05195,39.25055],[141.0709,39.24951],[141.07696,39.2473],[141.07403,39.24209],[141.08282,39.23754],[141.08542,39.23154],[141.09281,39.22866],[141.10365,39.22986],[141.11149,39.23565],[141.11963,39.23633],[141.14346,39.24185],[141.14497,39.24372],[141.14179,39.2503],[141.14803,39.25188],[141.15082,39.25578],[141.16001,39.25347],[141.16617,39.25488],[141.16945,39.267],[141.17485,39.27021],[141.19358,39.2756],[141.20039,39.27305],[141.21218,39.26434],[141.22362,39.2617],[141.22979,39.26654],[141.23726,39.26668],[141.25399,39.27185],[141.24911,39.2793],[141.25021,39.28144],[141.2442,39.28929],[141.23756,39.29354],[141.24052,39.29873],[141.23572,39.30299],[141.23738,39.30648],[141.23391,39.31089],[141.22457,39.31236],[141.21536,39.30692],[141.20925,39.31043],[141.20538,39.31578],[141.19968,39.31645],[141.1922,39.31989],[141.18489,39.3163],[141.18056,39.31727],[141.18155,39.32314],[141.18904,39.32611],[141.18551,39.33382],[141.19116,39.34377],[141.18663,39.34739],[141.185,39.35315],[141.17632,39.36323],[141.16899,39.36219],[141.16979,39.36831],[141.16769,39.37295],[141.1615,39.37132],[141.1653,39.36484],[141.16739,39.35544],[141.15578,39.3533],[141.14434,39.35321],[141.14176,39.34991],[141.11564,39.3512],[141.11139,39.35517],[141.1032,39.35829],[141.09841,39.35808],[141.08849,39.36209],[141.08228,39.36056],[141.08104,39.35384],[141.07573,39.35079],[141.07028,39.35111],[141.06991,39.34671],[141.0629,39.34577],[141.05771,39.34269],[141.05525,39.33792],[141.05941,39.33474],[141.06239,39.32808],[141.05646,39.3276],[141.0418,39.3376],[141.03599,39.33911],[141.02874,39.33777],[141.02124,39.3418],[141.0124,39.34168],[141.00411,39.34472],[140.99482,39.34638],[140.98071,39.35201],[140.97916,39.35539],[140.97287,39.35855],[140.96961,39.35581],[140.94888,39.36179],[140.93997,39.36152],[140.93888,39.35914],[140.92935,39.36002],[140.92335,39.36524],[140.91634,39.36509],[140.91253,39.37013],[140.90976,39.38364],[140.90649,39.38888],[140.90986,39.39451],[140.90249,39.40567],[140.90304,39.4142],[140.91083,39.41993],[140.9084,39.42932],[140.91012,39.43171],[140.90369,39.4391],[140.9018,39.44871],[140.89777,39.45269],[140.90192,39.46166],[140.90663,39.46412],[140.90383,39.46861],[140.89754,39.46912],[140.88723,39.47453],[140.88436,39.48015]]]},"properties":{"pref":"岩手県","city":"北上市","code5":"03206","code6":"032069"}},
{"type":"Feature","geometry":{"type":"MultiPolygon","coordinates":[[[[141.79433,40.29583],[141.78426,40.29028],[141.78051,40.29006],[141.77986,40.28257],[141.76111,40.27295],[141.75367,40.2742],[141.74901,40.27273],[141.74215,40.27519],[141.73644,40.2742],[141.73236,40.27035],[141.73393,40.26706],[141.7298,40.26402],[141.72672,40.25694],[141.72754,40.25035],[141.72295,40.24758],[141.72774,40.24454],[141.71509,40.24195],[141.6935,40.24115],[141.68835,40.24223],[141.67678,40.2398],[141.67767,40.23328],[141.68236,40.22895],[141.68238,40.21894],[141.65955,40.21637],[141.65138,40.21392],[141.63194,40.21626],[141.62972,40.21837],[141.61714,40.21866],[141.61743,40.22216],[141.59376,40.22778],[141.58426,40.23295],[141.57846,40.23284],[141.57537,40.22854],[141.57,40.23099],[141.56463,40.23006],[141.55669,40.2334],[141.54719,40.23285],[141.54301,40.22947],[141.53355,40.22748],[141.52635,40.23332],[141.52101,40.23359],[141.5164,40.22083],[141.50708,40.22123],[141.50221,40.21105],[141.49169,40.2062],[141.49516,40.19669],[141.48835,40.1913],[141.48234,40.18919],[141.48757,40.17903],[141.47903,40.16813],[141.4809,40.16322],[141.47734,40.16007],[141.47584,40.15043],[141.47041,40.14257],[141.46592,40.14303],[141.46094,40.13465],[141.45643,40.13428],[141.46223,40.11907],[141.46214,40.11688],[141.46537,40.1087],[141.46932,40.1057],[141.47605,40.10623],[141.48374,40.10257],[141.48308,40.09686],[141.48597,40.09304],[141.48647,40.08725],[141.49645,40.08281],[141.49802,40.07792],[141.50222,40.07761],[141.51552,40.08131],[141.51986,40.07616],[141.52517,40.07425],[141.52622,40.06878],[141.52514,40.05627],[141.53255,40.04656],[141.54006,40.04811],[141.54967,40.04732],[141.5614,40.04403],[141.57003,40.04479],[141.58316,40.03945],[141.58956,40.03036],[141.59813,40.02464],[141.61214,40.02884],[141.61651,40.02626],[141.6229,40.02752],[141.62523,40.02318],[141.63462,40.01878],[141.64412,40.01988],[141.64942,40.01434],[141.649,40.0111],[141.66084,40.00856],[141.6706,40.01024],[141.67618,40.01488],[141.69145,40.01815],[141.69711,40.01212],[141.70527,40.00884],[141.71194,40.01461],[141.72294,40.00995],[141.72831,40.01167],[141.72851,40.0159],[141.73912,40.01643],[141.7387,40.02166],[141.74673,40.0288],[141.7571,40.03177],[141.7597,40.04544],[141.74769,40.05209],[141.74563,40.05613],[141.73868,40.06302],[141.73471,40.07393],[141.73365,40.08035],[141.73855,40.08924],[141.74484,40.09552],[141.75847,40.10229],[141.76083,40.10689],[141.77101,40.11392],[141.7776,40.10973],[141.78394,40.11135],[141.78562,40.11667],[141.78981,40.11875],[141.80979,40.11649],[141.81595,40.11877],[141.81744,40.13039],[141.82347,40.13628],[141.83768,40.13329],[141.84267,40.13066],[141.8487,40.13478],[141.86279,40.13202],[141.87186,40.13564],[141.87652,40.14367],[141.87654,40.14382],[141.87653,40.14383],[141.87328,40.14458],[141.86674,40.15419],[141.86297,40.1602],[141.86306,40.16052],[141.86308,40.16089],[141.86061,40.16306],[141.8606,40.16306],[141.85293,40.16841],[141.84712,40.16832],[141.83118,40.17917],[141.81901,40.17951],[141.81904,40.17952],[141.81414,40.18316],[141.81413,40.18315],[141.81053,40.18311],[141.80368,40.18299],[141.79851,40.18978],[141.80323,40.19382],[141.79866,40.2017],[141.80114,40.20898],[141.80745,40.21537],[141.81441,40.214],[141.81957,40.22142],[141.827,40.22026],[141.83199,40.22385],[141.83019,40.22796],[141.83205,40.2335],[141.82949,40.23943],[141.8227,40.24609],[141.82444,40.2489],[141.82385,40.25202],[141.82066,40.25598],[141.81973,40.26418],[141.81604,40.2686],[141.81579,40.27205],[141.815,40.27256],[141.81443,40.27304],[141.8143,40.27333],[141.81428,40.27335],[141.8141,40.27351],[141.81405,40.27357],[141.81408,40.27358],[141.81418,40.27362],[141.81414,40.27365],[141.81406,40.27364],[141.81403,40.27359],[141.81304,40.27398],[141.8121,40.27482],[141.81209,40.27483],[141.81187,40.27544],[141.81167,40.27551],[141.81096,40.27581],[141.81097,40.27584],[141.81143,40.27622],[141.81034,40.27774],[141.8055,40.28519],[141.802,40.28719],[141.80198,40.28719],[141.80038,40.28923],[141.80013,40.28946],[141.80008,40.28948],[141.79997,40.2896],[141.79994,40.28967],[141.79952,40.28974],[141.79951,40.28973],[141.79945,40.28979],[141.79944,40.2898],[141.79943,40.28981],[141.79941,40.28982],[141.79943,40.28979],[141.79937,40.28981],[141.79936,40.28981],[141.7993,40.28983],[141.7993,40.29096],[141.79909,40.29135],[141.79835,40.29207],[141.7978,40.29227],[141.79783,40.2924],[141.79784,40.2924],[141.79842,40.29243],[141.79837,40.29289],[141.79822,40.29318],[141.79771,40.29282],[141.79771,40.29377],[141.79747,40.29344],[141.79736,40.29353],[141.79736,40.29354],[141.79693,40.29408],[141.79646,40.29398],[141.79433,40.29583]]],[[[141.79486,40.29563],[141.79484,40.29563],[141.79484,40.29561],[141.79524,40.29539],[141.79535,40.29576],[141.79486,40.29566],[141.79486,40.29563]]]]},"properties":{"pref":"岩手県","city":"久慈市","code5":"03207","code6":"032077"}},
{"type":"Feature","geometry":{"type":"Polygon","coordinates":[[[141.48895,39.55835],[141.49575,39.53032],[141.48671,39.5329],[141.47292,39.53161],[141.45288,39.52205],[141.44857,39.51858],[141.4452,39.51264],[141.44456,39.50249],[141.43701,39.49763],[141.43748,39.47298],[141.44,39.46818],[141.42474,39.46408],[141.42022,39.45764],[141.41469,39.45316],[141.40956,39.45352],[141.40227,39.44714],[141.39581,39.44829],[141.3884,39.44354],[141.38824,39.43794],[141.3852,39.43232],[141.38076,39.43051],[141.36745,39.43049],[141.36113,39.42718],[141.3572,39.42293],[141.34656,39.41821],[141.33809,39.41726],[141.33106,39.41941],[141.32238,39.41564],[141.31739,39.40947],[141.31534,39.40378],[141.31037,39.40203],[141.31416,39.39463],[141.30658,39.3903],[141.3075,39.38542],[141.30186,39.38343],[141.30031,39.37551],[141.30118,39.36943],[141.29965,39.36189],[141.30671,39.35912],[141.30783,39.35443],[141.3185,39.35356],[141.32324,39.3572],[141.32759,39.35588],[141.3265,39.34905],[141.33205,39.34595],[141.32377,39.34283],[141.32389,39.33663],[141.32981,39.33358],[141.33232,39.32736],[141.34353,39.31737],[141.35101,39.31205],[141.34654,39.30559],[141.34665,39.29784],[141.35232,39.29134],[141.36464,39.28655],[141.36963,39.28285],[141.37098,39.27793],[141.3672,39.26884],[141.36185,39.26757],[141.36131,39.26273],[141.35723,39.26036],[141.37026,39.2543],[141.38259,39.24665],[141.3803,39.24181],[141.38135,39.23636],[141.38558,39.23414],[141.40537,39.2044],[141.4017,39.20116],[141.40699,39.20164],[141.42476,39.195],[141.4337,39.19483],[141.44096,39.19219],[141.44409,39.20104],[141.45238,39.19918],[141.4564,39.20003],[141.46152,39.20521],[141.47297,39.21051],[141.48066,39.22069],[141.48203,39.2278],[141.4778,39.23429],[141.4965,39.23974],[141.50261,39.234],[141.51038,39.23709],[141.51639,39.24552],[141.53649,39.24457],[141.541,39.24329],[141.54696,39.25021],[141.5567,39.25274],[141.56216,39.25983],[141.57198,39.26045],[141.5773,39.25807],[141.58103,39.25043],[141.58582,39.25046],[141.59427,39.24345],[141.60607,39.25214],[141.61537,39.24914],[141.62097,39.2509],[141.62778,39.24708],[141.63521,39.25216],[141.64458,39.24755],[141.65857,39.24312],[141.6618,39.24572],[141.66217,39.25126],[141.67249,39.25272],[141.68375,39.25946],[141.6911,39.26626],[141.69745,39.26671],[141.69927,39.27129],[141.697,39.2774],[141.69144,39.28304],[141.69243,39.28621],[141.6891,39.29156],[141.68381,39.2935],[141.68352,39.29852],[141.69521,39.31459],[141.68395,39.31682],[141.68107,39.31551],[141.66642,39.31773],[141.66094,39.32149],[141.66647,39.32503],[141.66537,39.33238],[141.66004,39.33963],[141.6608,39.35151],[141.6545,39.35471],[141.65687,39.36503],[141.65582,39.37372],[141.66254,39.37745],[141.66356,39.38287],[141.66146,39.39102],[141.6714,39.39833],[141.6669,39.40116],[141.67256,39.40416],[141.68544,39.40693],[141.69209,39.41248],[141.71095,39.4091],[141.71985,39.40628],[141.72421,39.40902],[141.73244,39.40797],[141.74157,39.41118],[141.74642,39.41715],[141.7419,39.42285],[141.72925,39.42709],[141.72357,39.42636],[141.71997,39.42916],[141.72382,39.43396],[141.72055,39.43948],[141.72084,39.44627],[141.69799,39.44347],[141.69122,39.44332],[141.68541,39.43899],[141.66896,39.44618],[141.66117,39.45164],[141.65937,39.45614],[141.65521,39.45643],[141.65118,39.4515],[141.64295,39.45504],[141.63657,39.45506],[141.63017,39.46034],[141.62884,39.46695],[141.62157,39.47248],[141.61734,39.47319],[141.60915,39.48077],[141.61054,39.48861],[141.60139,39.48778],[141.59334,39.49818],[141.58,39.50608],[141.57539,39.51256],[141.5656,39.51478],[141.55944,39.52077],[141.54873,39.52469],[141.52858,39.52353],[141.51119,39.5321],[141.50054,39.5362],[141.49648,39.54137],[141.49304,39.55731],[141.48895,39.55835]]]},"properties":{"pref":"岩手県","city":"遠野市","code5":"03208","code6":"032085"}},
{"type":"Feature","geometry":{"type":"Polygon","coordinates":[[[141.46273,39.10157],[141.45466,39.10371],[141.45125,39.10694],[141.44673,39.10624],[141.43933,39.11045],[141.43202,39.11073],[141.42547,39.10858],[141.42089,39.10948],[141.41413,39.1073],[141.40572,39.11941],[141.40926,39.12176],[141.40998,39.12881],[141.40674,39.13575],[141.40247,39.13866],[141.39727,39.13807],[141.39319,39.14072],[141.39023,39.1481],[141.39384,39.15186],[141.39213,39.15842],[141.38485,39.16212],[141.37998,39.15486],[141.37151,39.14857],[141.36473,39.15128],[141.3564,39.14747],[141.35306,39.14077],[141.35668,39.13481],[141.35051,39.13098],[141.34047,39.1388],[141.33145,39.13617],[141.32698,39.13206],[141.31576,39.1315],[141.30244,39.13208],[141.30386,39.12047],[141.30611,39.11439],[141.30268,39.10986],[141.30309,39.10217],[141.31329,39.08683],[141.31409,39.08322],[141.30443,39.08268],[141.29658,39.084],[141.28885,39.08723],[141.28724,39.08999],[141.2779,39.08984],[141.27521,39.0923],[141.26939,39.09091],[141.26221,39.08485],[141.26002,39.0808],[141.25378,39.0824],[141.24923,39.07051],[141.24327,39.07068],[141.23988,39.06361],[141.23666,39.06193],[141.2286,39.06231],[141.21489,39.05686],[141.21298,39.05285],[141.20784,39.05206],[141.20491,39.04459],[141.2066,39.0405],[141.19846,39.03913],[141.20466,39.03367],[141.19782,39.02968],[141.18421,39.02702],[141.18171,39.02011],[141.17752,39.01843],[141.18421,39.01209],[141.19211,39.00018],[141.18571,38.99503],[141.18354,38.98647],[141.16256,38.98387],[141.15461,38.97588],[141.14869,38.98006],[141.13953,38.97771],[141.13595,38.97113],[141.12736,38.96791],[141.13062,38.95933],[141.12116,38.95708],[141.10981,38.94969],[141.1086,38.95683],[141.11224,38.95862],[141.11214,38.9675],[141.10652,38.96833],[141.10126,38.96503],[141.09531,38.96832],[141.08531,38.96291],[141.08296,38.96377],[141.07271,38.96068],[141.06779,38.96455],[141.06068,38.96127],[141.0567,38.96537],[141.0458,38.96773],[141.02926,38.96777],[141.02328,38.97248],[141.01595,38.97307],[141.01329,38.97962],[141.00646,38.98528],[140.99264,38.98945],[140.98811,38.98851],[140.98368,38.99689],[140.97734,38.99468],[140.96319,38.99721],[140.95763,38.99669],[140.94459,38.99264],[140.93206,38.99078],[140.92049,38.99538],[140.91967,39.00132],[140.91594,39.00757],[140.91779,39.01501],[140.90848,39.02404],[140.90818,39.03083],[140.90587,39.03813],[140.90113,39.04193],[140.9009,39.04599],[140.89294,39.04929],[140.88302,39.04413],[140.87033,39.04341],[140.86493,39.04652],[140.86089,39.04402],[140.86225,39.03937],[140.85095,39.03575],[140.84847,39.02932],[140.84301,39.02609],[140.84251,39.02115],[140.8312,39.0234],[140.82493,39.01996],[140.81835,39.01884],[140.81305,39.01519],[140.80606,39.01426],[140.79704,39.01605],[140.79239,39.01516],[140.78493,39.01971],[140.77998,39.01441],[140.77885,39.00839],[140.76441,39.00037],[140.7679,38.99471],[140.7639,38.9894],[140.76449,38.98565],[140.76911,38.98145],[140.77015,38.9762],[140.77475,38.96899],[140.77225,38.9635],[140.77359,38.95808],[140.78217,38.95821],[140.79404,38.964],[140.80029,38.96194],[140.81132,38.96459],[140.82406,38.96412],[140.83708,38.9578],[140.84069,38.95058],[140.85552,38.9432],[140.86441,38.94141],[140.87297,38.93495],[140.87573,38.93099],[140.89319,38.92743],[140.90265,38.92927],[140.91037,38.92744],[140.9151,38.92041],[140.92039,38.91622],[140.92469,38.92089],[140.93784,38.91488],[140.94343,38.91502],[140.94719,38.91007],[140.95479,38.90935],[140.96152,38.90573],[140.9661,38.89867],[140.97084,38.89491],[140.97449,38.88725],[140.97996,38.8837],[140.9843,38.87619],[140.98981,38.87432],[140.99505,38.88009],[141.0025,38.88092],[141.00463,38.8787],[141.01635,38.88439],[141.02167,38.88276],[141.02961,38.88347],[141.03253,38.87792],[141.04351,38.87657],[141.04762,38.88114],[141.06148,38.88388],[141.07477,38.87947],[141.0917,38.88743],[141.10226,38.8845],[141.10245,38.88071],[141.10798,38.87766],[141.11683,38.88048],[141.12379,38.88047],[141.13948,38.87749],[141.14562,38.86561],[141.14678,38.85627],[141.13802,38.84752],[141.1325,38.84501],[141.13017,38.84],[141.12045,38.83509],[141.11335,38.83801],[141.10482,38.83735],[141.10278,38.83063],[141.10869,38.8252],[141.1161,38.82238],[141.12044,38.82607],[141.12607,38.82185],[141.12362,38.81655],[141.12992,38.81282],[141.13992,38.8143],[141.14112,38.80888],[141.14015,38.78864],[141.1573,38.78263],[141.16359,38.78196],[141.16749,38.77846],[141.18097,38.78453],[141.18609,38.77991],[141.1956,38.77681],[141.19775,38.7739],[141.20606,38.76948],[141.20823,38.76139],[141.20727,38.75681],[141.21584,38.74847],[141.23255,38.74765],[141.23711,38.74914],[141.23523,38.75614],[141.24793,38.75837],[141.24766,38.76045],[141.25734,38.76239],[141.25595,38.77062],[141.25817,38.7764],[141.26326,38.7803],[141.26441,38.78818],[141.2692,38.78862],[141.26907,38.79345],[141.27976,38.79271],[141.28518,38.79762],[141.29755,38.79341],[141.30455,38.79346],[141.303,38.80488],[141.30727,38.80871],[141.30659,38.81896],[141.30896,38.82216],[141.31685,38.82327],[141.32045,38.8185],[141.33252,38.81121],[141.33466,38.80691],[141.34773,38.80994],[141.35307,38.8124],[141.35966,38.80915],[141.36595,38.80948],[141.37138,38.80743],[141.37796,38.79712],[141.38664,38.79984],[141.39381,38.79984],[141.39739,38.79528],[141.39811,38.7895],[141.40433,38.78889],[141.4105,38.78565],[141.41486,38.7862],[141.41562,38.77966],[141.40983,38.77253],[141.41013,38.76781],[141.42306,38.77184],[141.42139,38.77954],[141.4315,38.78329],[141.43796,38.78308],[141.43253,38.79159],[141.43671,38.80143],[141.43616,38.80578],[141.43145,38.80656],[141.42942,38.8106],[141.43735,38.81284],[141.44643,38.81047],[141.45434,38.8109],[141.45909,38.81524],[141.45403,38.8168],[141.45455,38.8214],[141.45011,38.8327],[141.44983,38.83739],[141.4546,38.84725],[141.46389,38.85301],[141.46378,38.85844],[141.45571,38.8603],[141.45069,38.87514],[141.45368,38.87894],[141.46604,38.88544],[141.46619,38.89366],[141.48278,38.90232],[141.48909,38.90703],[141.49213,38.91479],[141.48938,38.91745],[141.49211,38.92162],[141.48556,38.93228],[141.48557,38.93573],[141.49046,38.94316],[141.49018,38.94998],[141.49396,38.95535],[141.49035,38.95709],[141.48888,38.96831],[141.48353,38.97817],[141.47941,38.98183],[141.46652,38.98742],[141.46426,38.99219],[141.47108,38.99721],[141.46762,39.00087],[141.47381,39.01168],[141.47101,39.01851],[141.46155,39.03072],[141.46058,39.04319],[141.46538,39.04487],[141.46927,39.05222],[141.47553,39.05304],[141.47973,39.05617],[141.47805,39.06427],[141.4807,39.08126],[141.47465,39.0868],[141.4628,39.09519],[141.46273,39.10157]]]},"properties":{"pref":"岩手県","city":"一関市","code5":"03209","code6":"032093"}},
{"type":"Feature","geometry":{"type":"Polygon","coordinates":[[[141.62557,39.11241],[141.61511,39.1097],[141.59713,39.10111],[141.58693,39.10307],[141.58315,39.10884],[141.57851,39.11151],[141.57377,39.11008],[141.55903,39.11184],[141.55702,39.10318],[141.55339,39.09895],[141.54421,39.09724],[141.53135,39.10517],[141.52486,39.09547],[141.51906,39.0993],[141.51513,39.11126],[141.50881,39.11396],[141.50222,39.11304],[141.49651,39.10971],[141.4875,39.11499],[141.48392,39.11474],[141.47325,39.12629],[141.46664,39.12516],[141.46767,39.10769],[141.46273,39.10157],[141.4628,39.09519],[141.47465,39.0868],[141.4807,39.08126],[141.47805,39.06427],[141.47973,39.05617],[141.47553,39.05304],[141.46927,39.05222],[141.46538,39.04487],[141.46058,39.04319],[141.46155,39.03072],[141.47101,39.01851],[141.47381,39.01168],[141.46762,39.00087],[141.47108,38.99721],[141.46426,38.99219],[141.46652,38.98742],[141.47941,38.98183],[141.48353,38.97817],[141.48728,38.99353],[141.49238,38.99896],[141.50684,38.99982],[141.50855,39.00272],[141.51788,39.00166],[141.51662,38.99823],[141.52313,38.99135],[141.53248,38.99454],[141.54817,38.99631],[141.56028,38.99382],[141.56699,38.99598],[141.57454,38.98729],[141.58404,38.9887],[141.60139,38.98628],[141.61923,38.97411],[141.62449,38.97145],[141.63172,38.9707],[141.63339,38.97392],[141.62769,38.97812],[141.62481,38.98564],[141.62892,38.9901],[141.62822,38.9951],[141.62448,38.9988],[141.62722,39.00232],[141.64026,39.00698],[141.65863,39.00485],[141.67006,39.00513],[141.6779,39.00052],[141.68181,38.99497],[141.67381,38.9934],[141.66776,38.989],[141.66829,38.98037],[141.67221,38.97312],[141.68279,38.96935],[141.68851,38.96496],[141.68892,38.95864],[141.69534,38.94757],[141.70387,38.93826],[141.70598,38.94227],[141.71451,38.94785],[141.7123,38.95086],[141.72037,38.95265],[141.72282,38.95046],[141.72703,38.95459],[141.7235,38.95713],[141.72291,38.96341],[141.71294,38.96804],[141.70205,38.96452],[141.69617,38.97066],[141.69843,38.97562],[141.70892,38.97972],[141.71554,38.98121],[141.71378,38.9866],[141.70764,38.9926],[141.70235,39.00012],[141.69432,39.01505],[141.68914,39.01899],[141.68789,39.03174],[141.68096,39.04216],[141.68001,39.06017],[141.68495,39.06334],[141.6824,39.06724],[141.67306,39.0684],[141.6639,39.06451],[141.65758,39.056],[141.65186,39.05617],[141.64678,39.06124],[141.64231,39.07163],[141.63799,39.07672],[141.63335,39.07858],[141.62892,39.08393],[141.63087,39.09354],[141.62277,39.10047],[141.62643,39.10769],[141.62557,39.11241]]]},"properties":{"pref":"岩手県","city":"陸前高田市","code5":"03210","code6":"032107"}},
{"type":"Feature","geometry":{"type":"MultiPolygon","coordinates":[[[[141.92088,39.18222],[141.91537,39.18656],[141.90204,39.18347],[141.88174,39.18534],[141.88077,39.19099],[141.87551,39.19225],[141.86634,39.19177],[141.86916,39.19664],[141.86488,39.20183],[141.87066,39.20703],[141.88408,39.20186],[141.8898,39.1976],[141.89346,39.19982],[141.89045,39.20686],[141.8953,39.2092],[141.8984,39.20645],[141.90937,39.20792],[141.91365,39.21203],[141.92066,39.21547],[141.9275,39.21549],[141.92571,39.21988],[141.92974,39.22226],[141.93887,39.22322],[141.94318,39.21762],[141.94974,39.21949],[141.95099,39.22062],[141.95259,39.22136],[141.95284,39.22153],[141.95438,39.22445],[141.94934,39.22766],[141.94892,39.23675],[141.94383,39.23841],[141.94492,39.24245],[141.96459,39.24601],[141.96878,39.2474],[141.9688,39.24739],[141.97075,39.25058],[141.96002,39.25104],[141.93905,39.24552],[141.93348,39.24197],[141.92836,39.24622],[141.9244,39.23871],[141.92025,39.23792],[141.91331,39.24077],[141.91444,39.24738],[141.89401,39.24888],[141.90271,39.25287],[141.90308,39.25669],[141.89655,39.26331],[141.8976,39.2663],[141.8868,39.26861],[141.8882,39.27319],[141.89496,39.27177],[141.90626,39.27154],[141.91345,39.26688],[141.92043,39.26875],[141.92843,39.26735],[141.92523,39.27724],[141.92534,39.28136],[141.92534,39.28138],[141.92634,39.28235],[141.92573,39.2831],[141.92574,39.28311],[141.92643,39.28383],[141.91498,39.28934],[141.90587,39.29127],[141.90476,39.29731],[141.89331,39.30097],[141.88785,39.3013],[141.88759,39.3015],[141.89066,39.30776],[141.89661,39.30524],[141.90349,39.30882],[141.90853,39.30543],[141.9177,39.30578],[141.92218,39.31004],[141.94089,39.30939],[141.94651,39.31448],[141.94655,39.31445],[141.94658,39.31442],[141.95285,39.31342],[141.95726,39.31685],[141.97024,39.31299],[141.97137,39.31748],[141.97654,39.31891],[141.97385,39.32455],[141.97808,39.32944],[141.98146,39.33667],[141.98374,39.33948],[141.99194,39.34604],[141.99341,39.34984],[141.98621,39.34762],[141.9838,39.34706],[141.98233,39.34633],[141.98108,39.3449],[141.98103,39.34473],[141.976,39.33787],[141.97055,39.33726],[141.95812,39.33795],[141.96031,39.34064],[141.95515,39.34018],[141.93941,39.32887],[141.93261,39.33232],[141.92331,39.33277],[141.919,39.32992],[141.91636,39.32428],[141.911,39.32866],[141.90504,39.32593],[141.89987,39.33112],[141.89611,39.33213],[141.89774,39.33832],[141.90643,39.34072],[141.90898,39.34382],[141.91531,39.34561],[141.89939,39.34948],[141.88359,39.34385],[141.87772,39.34546],[141.86551,39.35433],[141.85897,39.35735],[141.85171,39.35703],[141.84134,39.36724],[141.83495,39.36844],[141.82905,39.36642],[141.82336,39.37016],[141.81454,39.37285],[141.80292,39.37274],[141.7902,39.37059],[141.78834,39.37505],[141.79058,39.37952],[141.77914,39.38457],[141.77543,39.38965],[141.76499,39.38723],[141.75524,39.39161],[141.74504,39.39368],[141.74366,39.40577],[141.74157,39.41118],[141.73244,39.40797],[141.72421,39.40902],[141.71985,39.40628],[141.71095,39.4091],[141.69209,39.41248],[141.68544,39.40693],[141.67256,39.40416],[141.6669,39.40116],[141.6714,39.39833],[141.66146,39.39102],[141.66356,39.38287],[141.66254,39.37745],[141.65582,39.37372],[141.65687,39.36503],[141.6545,39.35471],[141.6608,39.35151],[141.66004,39.33963],[141.66537,39.33238],[141.66647,39.32503],[141.66094,39.32149],[141.66642,39.31773],[141.68107,39.31551],[141.68395,39.31682],[141.69521,39.31459],[141.68352,39.29852],[141.68381,39.2935],[141.6891,39.29156],[141.69243,39.28621],[141.69144,39.28304],[141.697,39.2774],[141.69927,39.27129],[141.69745,39.26671],[141.70646,39.26446],[141.70461,39.25095],[141.70567,39.24381],[141.71137,39.23339],[141.70576,39.22869],[141.70113,39.21965],[141.70634,39.21705],[141.71457,39.2183],[141.72826,39.20325],[141.73066,39.18806],[141.73924,39.1826],[141.74457,39.17489],[141.75127,39.17432],[141.75926,39.17801],[141.77793,39.17925],[141.78505,39.18143],[141.79463,39.17702],[141.79934,39.17837],[141.81982,39.17577],[141.82956,39.18003],[141.83418,39.17739],[141.85366,39.17454],[141.85737,39.17585],[141.86583,39.17019],[141.87543,39.16991],[141.88438,39.16768],[141.89383,39.16941],[141.9056,39.17667],[141.91642,39.17851],[141.92088,39.18222]]],[[[141.99228,39.3453],[141.99219,39.34489],[141.9923,39.34529],[141.99228,39.3453]]]]},"properties":{"pref":"岩手県","city":"釜石市","code5":"03211","code6":"032115"}},
{"type":"Feature","geometry":{"type":"Polygon","coordinates":[[[141.15919,40.30479],[141.15419,40.30143],[141.14521,40.29968],[141.13837,40.3005],[141.13439,40.29474],[141.11994,40.28999],[141.11559,40.28636],[141.10357,40.28053],[141.0998,40.28018],[141.11005,40.26105],[141.10406,40.25573],[141.09451,40.25488],[141.09019,40.25217],[141.07641,40.25264],[141.06918,40.2488],[141.05995,40.23831],[141.04655,40.23715],[141.02684,40.22657],[141.02598,40.22168],[141.03002,40.21711],[141.0279,40.21476],[141.03169,40.20734],[141.02865,40.20301],[141.02772,40.19564],[141.02963,40.19002],[141.02936,40.18],[141.02589,40.17507],[141.02879,40.16743],[141.03216,40.16435],[141.03776,40.15472],[141.05306,40.14998],[141.05629,40.14606],[141.06139,40.14435],[141.06205,40.14037],[141.07697,40.1376],[141.09314,40.13791],[141.10622,40.13664],[141.10907,40.1311],[141.1088,40.12296],[141.11873,40.11775],[141.12458,40.11041],[141.12529,40.10374],[141.1325,40.09462],[141.14303,40.09603],[141.15242,40.09307],[141.15786,40.0888],[141.16418,40.09153],[141.16581,40.09665],[141.16189,40.10117],[141.16801,40.10717],[141.18178,40.1157],[141.19042,40.12948],[141.19047,40.13329],[141.18554,40.14385],[141.18656,40.14925],[141.18487,40.15921],[141.18297,40.16233],[141.18477,40.16888],[141.19348,40.17881],[141.19161,40.19066],[141.20036,40.19583],[141.21029,40.19892],[141.21375,40.20457],[141.21737,40.20592],[141.22209,40.19987],[141.22589,40.20403],[141.23689,40.20713],[141.2437,40.21711],[141.25312,40.222],[141.25984,40.2224],[141.26393,40.23256],[141.26175,40.2372],[141.26698,40.24161],[141.27091,40.24907],[141.27759,40.24357],[141.28561,40.24844],[141.2955,40.25147],[141.2993,40.24869],[141.30311,40.24183],[141.31513,40.23935],[141.32041,40.23685],[141.32434,40.23842],[141.33382,40.23007],[141.3442,40.22975],[141.35233,40.22411],[141.35661,40.22433],[141.36151,40.23003],[141.36468,40.22925],[141.37346,40.23272],[141.38566,40.23475],[141.38393,40.24104],[141.38238,40.25713],[141.3768,40.26171],[141.37364,40.2708],[141.36267,40.30064],[141.35522,40.30003],[141.35347,40.30675],[141.35629,40.31694],[141.35375,40.32006],[141.351,40.33107],[141.34837,40.33871],[141.3382,40.34246],[141.334,40.3456],[141.33727,40.35493],[141.33634,40.3602],[141.33045,40.36169],[141.32433,40.36677],[141.32439,40.36986],[141.3171,40.37266],[141.31037,40.36683],[141.29893,40.36584],[141.29195,40.35788],[141.29232,40.35167],[141.28883,40.3492],[141.27509,40.34467],[141.26745,40.34909],[141.26243,40.34948],[141.26013,40.34187],[141.24838,40.341],[141.24518,40.33749],[141.23792,40.33405],[141.2318,40.32812],[141.22632,40.32795],[141.2186,40.31805],[141.21866,40.31532],[141.20924,40.31402],[141.19767,40.3077],[141.18561,40.30766],[141.17195,40.30976],[141.16851,40.30665],[141.15919,40.30479]]]},"properties":{"pref":"岩手県","city":"二戸市","code5":"03213","code6":"032131"}},
{"type":"Feature","geometry":{"type":"Polygon","coordinates":[[[140.95507,40.24763],[140.94677,40.24695],[140.94009,40.24024],[140.94221,40.22869],[140.93411,40.22607],[140.92423,40.22587],[140.91776,40.22343],[140.90548,40.22214],[140.90426,40.21815],[140.89579,40.21365],[140.8983,40.20899],[140.88953,40.20054],[140.89236,40.19228],[140.87251,40.17828],[140.8685,40.17783],[140.85926,40.17158],[140.8615,40.16591],[140.86911,40.15948],[140.87548,40.16078],[140.8824,40.159],[140.88315,40.15358],[140.87454,40.1431],[140.8672,40.13063],[140.87404,40.12239],[140.8715,40.11581],[140.87867,40.11503],[140.87938,40.10572],[140.87733,40.09809],[140.87209,40.09117],[140.86331,40.08495],[140.85753,40.0862],[140.85164,40.08128],[140.85132,40.07785],[140.84448,40.07459],[140.84723,40.0652],[140.85097,40.0615],[140.85114,40.05342],[140.85537,40.0467],[140.85462,40.03622],[140.85041,40.03171],[140.85169,40.02573],[140.8556,40.02219],[140.85316,40.01841],[140.85547,40.01392],[140.849,40.00807],[140.85081,39.99375],[140.84815,39.98781],[140.84688,39.97617],[140.84794,39.95933],[140.85721,39.95303],[140.85692,39.9442],[140.85316,39.94164],[140.85227,39.9364],[140.85707,39.93107],[140.85469,39.92329],[140.8647,39.9168],[140.86805,39.91166],[140.86765,39.89964],[140.87483,39.89411],[140.87963,39.88333],[140.87788,39.87429],[140.88351,39.86974],[140.88843,39.86312],[140.8878,39.86052],[140.89725,39.85063],[140.89934,39.84658],[140.91171,39.84597],[140.9179,39.84692],[140.92441,39.84206],[140.93954,39.83992],[140.94489,39.842],[140.95549,39.85011],[140.96691,39.85174],[140.97339,39.84546],[140.98402,39.84237],[140.99699,39.84557],[141.0004,39.84339],[141.00117,39.85254],[141.03319,39.86264],[141.0571,39.86805],[141.05959,39.86383],[141.06629,39.86521],[141.07677,39.86188],[141.0834,39.86479],[141.0829,39.86939],[141.08625,39.87528],[141.09863,39.87924],[141.10788,39.8791],[141.11605,39.8834],[141.12097,39.88393],[141.13346,39.88247],[141.14862,39.89763],[141.15779,39.90112],[141.16304,39.90465],[141.16865,39.90315],[141.16902,39.90828],[141.15897,39.91787],[141.15585,39.92681],[141.15176,39.9304],[141.1412,39.94346],[141.12842,39.94997],[141.12823,39.95357],[141.13238,39.95836],[141.14866,39.96674],[141.14697,39.97327],[141.14081,39.97593],[141.14018,39.97925],[141.12879,39.99514],[141.13054,40.00102],[141.12687,40.01046],[141.12789,40.01578],[141.12263,40.02499],[141.12649,40.03882],[141.13099,40.03967],[141.13603,40.04481],[141.14615,40.04878],[141.14941,40.05161],[141.14783,40.0623],[141.15238,40.06697],[141.15013,40.07109],[141.15486,40.07275],[141.15888,40.08069],[141.16182,40.08379],[141.15786,40.0888],[141.15242,40.09307],[141.14303,40.09603],[141.1325,40.09462],[141.12529,40.10374],[141.12458,40.11041],[141.11873,40.11775],[141.1088,40.12296],[141.10907,40.1311],[141.10622,40.13664],[141.09314,40.13791],[141.07697,40.1376],[141.06205,40.14037],[141.06139,40.14435],[141.05629,40.14606],[141.05306,40.14998],[141.03776,40.15472],[141.03216,40.16435],[141.02879,40.16743],[141.02589,40.17507],[141.02936,40.18],[141.02963,40.19002],[141.02772,40.19564],[141.02865,40.20301],[141.03169,40.20734],[141.0279,40.21476],[141.03002,40.21711],[141.02598,40.22168],[141.02237,40.22027],[141.00603,40.21792],[141.00177,40.2206],[140.99649,40.21915],[140.9914,40.22275],[140.98006,40.21963],[140.97596,40.22576],[140.96943,40.22825],[140.96537,40.23972],[140.95919,40.24149],[140.95507,40.24763]]]},"properties":{"pref":"岩手県","city":"八幡平市","code5":"03214","code6":"032140"}},
{"type":"Feature","geometry":{"type":"Polygon","coordinates":[[[141.23738,39.30648],[141.23572,39.30299],[141.24052,39.29873],[141.23756,39.29354],[141.2442,39.28929],[141.25021,39.28144],[141.24911,39.2793],[141.25399,39.27185],[141.23726,39.26668],[141.22979,39.26654],[141.22362,39.2617],[141.21218,39.26434],[141.20039,39.27305],[141.19358,39.2756],[141.17485,39.27021],[141.16945,39.267],[141.16617,39.25488],[141.16001,39.25347],[141.15082,39.25578],[141.14803,39.25188],[141.14179,39.2503],[141.14497,39.24372],[141.14346,39.24185],[141.11963,39.23633],[141.11149,39.23565],[141.10365,39.22986],[141.10664,39.22678],[141.12266,39.22502],[141.12662,39.2232],[141.13037,39.21781],[141.12971,39.2099],[141.12561,39.19921],[141.13038,39.19517],[141.13895,39.1957],[141.13921,39.19043],[141.13286,39.18697],[141.12525,39.1877],[141.10806,39.1824],[141.09967,39.17171],[141.08801,39.16343],[141.07375,39.15795],[141.0596,39.15074],[141.04298,39.1467],[141.03787,39.14175],[141.03081,39.13227],[141.01978,39.12984],[141.01393,39.13036],[141.00668,39.13428],[140.99534,39.13398],[140.98327,39.13849],[140.97961,39.14207],[140.97382,39.14256],[140.96262,39.1498],[140.92194,39.16765],[140.90845,39.17249],[140.90084,39.17148],[140.89069,39.18169],[140.88308,39.17944],[140.88044,39.1756],[140.87353,39.17441],[140.85755,39.17733],[140.85292,39.17647],[140.84436,39.16901],[140.83322,39.16502],[140.82645,39.16944],[140.82712,39.17458],[140.82211,39.17674],[140.81623,39.17623],[140.80786,39.17838],[140.7989,39.17517],[140.79621,39.17657],[140.78833,39.17251],[140.78623,39.16678],[140.7786,39.16856],[140.77388,39.16759],[140.77074,39.15938],[140.76555,39.15231],[140.75614,39.14368],[140.74973,39.14041],[140.75108,39.13326],[140.75787,39.1329],[140.76998,39.12416],[140.76661,39.12022],[140.75587,39.11805],[140.75593,39.11219],[140.76325,39.10886],[140.75593,39.09677],[140.75291,39.08602],[140.75853,39.08538],[140.76322,39.08059],[140.77197,39.07868],[140.77885,39.08207],[140.78547,39.0791],[140.79998,39.07654],[140.80443,39.07057],[140.79945,39.06284],[140.80529,39.05785],[140.80518,39.05202],[140.80083,39.04944],[140.79942,39.04453],[140.79353,39.04172],[140.79609,39.03602],[140.79508,39.03066],[140.79076,39.02409],[140.78493,39.01971],[140.79239,39.01516],[140.79704,39.01605],[140.80606,39.01426],[140.81305,39.01519],[140.81835,39.01884],[140.82493,39.01996],[140.8312,39.0234],[140.84251,39.02115],[140.84301,39.02609],[140.84847,39.02932],[140.85095,39.03575],[140.86225,39.03937],[140.86089,39.04402],[140.86493,39.04652],[140.87033,39.04341],[140.88302,39.04413],[140.89294,39.04929],[140.9009,39.04599],[140.90113,39.04193],[140.90587,39.03813],[140.90818,39.03083],[140.90848,39.02404],[140.91779,39.01501],[140.91594,39.00757],[140.91967,39.00132],[140.92049,38.99538],[140.93206,38.99078],[140.94459,38.99264],[140.95763,38.99669],[140.96319,38.99721],[140.97734,38.99468],[140.98368,38.99689],[140.98811,38.98851],[140.99264,38.98945],[141.00646,38.98528],[141.01634,38.98779],[141.01747,38.99009],[141.02566,38.99172],[141.02789,38.99553],[141.03759,38.99974],[141.04506,39.00148],[141.05768,38.99946],[141.06508,39.00254],[141.07351,39.00217],[141.09018,39.00435],[141.09961,39.00646],[141.11082,39.00591],[141.11034,39.01869],[141.10521,39.01905],[141.10561,39.02851],[141.12331,39.01428],[141.12782,39.01317],[141.13426,39.02017],[141.13811,39.02129],[141.14824,39.0164],[141.16087,39.01265],[141.16854,39.01767],[141.17752,39.01843],[141.18171,39.02011],[141.18421,39.02702],[141.19782,39.02968],[141.20466,39.03367],[141.19846,39.03913],[141.2066,39.0405],[141.20491,39.04459],[141.20784,39.05206],[141.21298,39.05285],[141.21489,39.05686],[141.2286,39.06231],[141.23666,39.06193],[141.23988,39.06361],[141.24327,39.07068],[141.24923,39.07051],[141.25378,39.0824],[141.26002,39.0808],[141.26221,39.08485],[141.26939,39.09091],[141.27521,39.0923],[141.2779,39.08984],[141.28724,39.08999],[141.28885,39.08723],[141.29658,39.084],[141.30443,39.08268],[141.31409,39.08322],[141.31329,39.08683],[141.30309,39.10217],[141.30268,39.10986],[141.30611,39.11439],[141.30386,39.12047],[141.30244,39.13208],[141.31576,39.1315],[141.32698,39.13206],[141.33145,39.13617],[141.34047,39.1388],[141.35051,39.13098],[141.35668,39.13481],[141.35306,39.14077],[141.3564,39.14747],[141.36473,39.15128],[141.37151,39.14857],[141.37998,39.15486],[141.38485,39.16212],[141.38845,39.17234],[141.38446,39.17684],[141.38931,39.18188],[141.38601,39.1849],[141.37336,39.1876],[141.37699,39.19162],[141.39183,39.19436],[141.39252,39.1972],[141.4017,39.20116],[141.40537,39.2044],[141.38558,39.23414],[141.38135,39.23636],[141.3803,39.24181],[141.38259,39.24665],[141.37026,39.2543],[141.35723,39.26036],[141.34099,39.26428],[141.33349,39.27196],[141.33395,39.27683],[141.32592,39.2825],[141.31978,39.28253],[141.30415,39.27658],[141.30322,39.28437],[141.30909,39.28915],[141.30461,39.29545],[141.3033,39.30139],[141.2978,39.30716],[141.29881,39.3119],[141.2935,39.31824],[141.27857,39.31704],[141.27046,39.31418],[141.26238,39.31308],[141.24915,39.31476],[141.24088,39.31107],[141.23738,39.30648]]]},"properties":{"pref":"岩手県","city":"奥州市","code5":"03215","code6":"032158"}},
{"type":"Feature","geometry":{"type":"Polygon","coordinates":[[[141.09863,39.87924],[141.08625,39.87528],[141.0829,39.86939],[141.0834,39.86479],[141.07677,39.86188],[141.06629,39.86521],[141.05959,39.86383],[141.0571,39.86805],[141.03319,39.86264],[141.00117,39.85254],[141.0004,39.84339],[141.00144,39.83656],[141.00557,39.82931],[141.00954,39.82629],[141.00844,39.81827],[141.00437,39.81243],[141.00402,39.7964],[141.00256,39.78866],[141.00338,39.77578],[141.00835,39.77535],[141.02154,39.76499],[141.01989,39.75657],[141.02072,39.74911],[141.01666,39.74429],[141.01386,39.73666],[141.01715,39.72957],[141.01587,39.71815],[141.0214,39.71435],[141.02085,39.70849],[141.02358,39.70509],[141.03651,39.70555],[141.03642,39.70233],[141.02985,39.70181],[141.03565,39.70002],[141.03886,39.69496],[141.0481,39.68997],[141.06424,39.6973],[141.07571,39.70009],[141.07849,39.7036],[141.07871,39.71601],[141.08076,39.72172],[141.08846,39.72186],[141.08931,39.7249],[141.09879,39.72316],[141.09971,39.73098],[141.10609,39.73559],[141.10678,39.74078],[141.11106,39.74529],[141.11925,39.74856],[141.11635,39.75196],[141.12167,39.75601],[141.12206,39.76021],[141.1288,39.76793],[141.14678,39.77165],[141.15053,39.76591],[141.16361,39.76717],[141.16638,39.77174],[141.1642,39.77476],[141.1681,39.77956],[141.16232,39.79648],[141.166,39.80071],[141.16051,39.80334],[141.16221,39.8081],[141.1516,39.80704],[141.15421,39.81163],[141.15177,39.81679],[141.15463,39.8223],[141.147,39.82669],[141.14242,39.82411],[141.13242,39.82772],[141.13365,39.83005],[141.12724,39.84274],[141.11159,39.84264],[141.10956,39.86037],[141.09863,39.87924]]]},"properties":{"pref":"岩手県","city":"滝沢市","code5":"03216","code6":"032166"}},
{"type":"Feature","geometry":{"type":"Polygon","coordinates":[[[141.02985,39.70181],[141.03642,39.70233],[141.03651,39.70555],[141.02358,39.70509],[141.02085,39.70849],[141.0214,39.71435],[141.01587,39.71815],[141.01715,39.72957],[141.01386,39.73666],[141.01666,39.74429],[141.02072,39.74911],[141.01989,39.75657],[141.02154,39.76499],[141.00835,39.77535],[141.00338,39.77578],[141.00256,39.78866],[141.00402,39.7964],[141.00437,39.81243],[141.00844,39.81827],[141.00954,39.82629],[141.00557,39.82931],[141.00144,39.83656],[141.0004,39.84339],[140.99699,39.84557],[140.98402,39.84237],[140.97339,39.84546],[140.96691,39.85174],[140.95549,39.85011],[140.94489,39.842],[140.93954,39.83992],[140.92441,39.84206],[140.9179,39.84692],[140.91171,39.84597],[140.89934,39.84658],[140.89725,39.85063],[140.8878,39.86052],[140.88843,39.86312],[140.88351,39.86974],[140.87788,39.87429],[140.87015,39.87101],[140.86335,39.87139],[140.85734,39.86961],[140.85292,39.86579],[140.84309,39.87148],[140.82851,39.8848],[140.81398,39.8791],[140.80659,39.87945],[140.79951,39.88168],[140.79132,39.87428],[140.78809,39.8742],[140.78224,39.86785],[140.78394,39.85647],[140.78859,39.85234],[140.78617,39.83516],[140.78302,39.83124],[140.78677,39.82335],[140.79437,39.82126],[140.80339,39.81527],[140.81309,39.81785],[140.82252,39.81478],[140.82461,39.81007],[140.84165,39.80492],[140.8472,39.79826],[140.84827,39.79325],[140.84004,39.78851],[140.83463,39.78088],[140.82558,39.77433],[140.81953,39.77185],[140.81577,39.76253],[140.80533,39.75665],[140.80607,39.74761],[140.79752,39.74118],[140.78828,39.73824],[140.78082,39.73799],[140.77482,39.73455],[140.78195,39.7313],[140.78347,39.72545],[140.79192,39.71553],[140.79446,39.7096],[140.8053,39.7108],[140.8099,39.70802],[140.80989,39.69844],[140.81571,39.69097],[140.82259,39.68788],[140.81841,39.6801],[140.82191,39.6731],[140.82298,39.66545],[140.82022,39.65276],[140.82226,39.6503],[140.81535,39.64612],[140.81172,39.6367],[140.80701,39.63134],[140.80839,39.62426],[140.80257,39.61885],[140.80501,39.61281],[140.79531,39.60299],[140.80671,39.5907],[140.8177,39.5896],[140.82804,39.59329],[140.83732,39.59418],[140.85481,39.58165],[140.85962,39.57636],[140.85474,39.57124],[140.86003,39.56219],[140.86587,39.5581],[140.87114,39.54727],[140.87577,39.5418],[140.87688,39.53611],[140.87114,39.53261],[140.87389,39.52725],[140.88307,39.51772],[140.8925,39.53332],[140.90048,39.53276],[140.90384,39.5366],[140.9202,39.54334],[140.92617,39.54206],[140.92727,39.5386],[140.94329,39.53515],[140.94645,39.53236],[140.95569,39.53179],[140.96438,39.5413],[140.97232,39.54635],[140.96356,39.55181],[140.96563,39.55543],[140.96355,39.5617],[140.96466,39.56826],[140.97064,39.57977],[140.98784,39.5785],[140.99285,39.57388],[141.00034,39.57653],[141.01366,39.5716],[141.01896,39.57375],[141.03445,39.5766],[141.03887,39.57955],[141.03698,39.5835],[141.04161,39.59138],[141.0458,39.58924],[141.05139,39.59093],[141.05979,39.58728],[141.06214,39.59841],[141.05897,39.59964],[141.05418,39.60837],[141.04761,39.61545],[141.05331,39.61775],[141.05661,39.62196],[141.0507,39.62882],[141.04456,39.63048],[141.04423,39.63639],[141.05496,39.6421],[141.04695,39.64656],[141.04999,39.65411],[141.04056,39.65631],[141.03134,39.65085],[141.0188,39.64872],[141.0137,39.65148],[141.01205,39.65851],[141.00863,39.66216],[141.00126,39.66288],[140.99575,39.66627],[141.00511,39.67101],[141.00726,39.67579],[141.01843,39.68188],[141.0125,39.68363],[141.01366,39.69226],[141.02985,39.70181]]]},"properties":{"pref":"岩手県","county":"岩手郡","city":"雫石町","code5":"03301","code6":"033014"}},
{"type":"Feature","geometry":{"type":"Polygon","coordinates":[[[141.48418,39.88278],[141.4875,39.88438],[141.48196,39.8921],[141.48543,39.90031],[141.49003,39.90405],[141.49915,39.90533],[141.50311,39.90321],[141.51042,39.90654],[141.51388,39.91],[141.52652,39.91051],[141.52927,39.90823],[141.54395,39.90553],[141.54996,39.90292],[141.55837,39.90863],[141.56405,39.91578],[141.55895,39.92362],[141.55938,39.92857],[141.58112,39.94051],[141.58133,39.9481],[141.58457,39.95395],[141.58955,39.95613],[141.58506,39.96055],[141.58353,39.97151],[141.57889,39.97723],[141.57874,39.98089],[141.5718,39.9868],[141.56754,39.99685],[141.56194,40.00278],[141.55728,40.00458],[141.54899,40.01444],[141.54937,40.01937],[141.54574,40.02556],[141.53805,40.03061],[141.53255,40.03154],[141.52792,40.04044],[141.53255,40.04656],[141.52514,40.05627],[141.52622,40.06878],[141.52517,40.07425],[141.51986,40.07616],[141.51552,40.08131],[141.50222,40.07761],[141.49802,40.07792],[141.49645,40.08281],[141.48647,40.08725],[141.48597,40.09304],[141.48308,40.09686],[141.48374,40.10257],[141.47605,40.10623],[141.46932,40.1057],[141.46537,40.1087],[141.46214,40.11688],[141.45104,40.11092],[141.44957,40.10729],[141.44037,40.1031],[141.43711,40.1047],[141.42841,40.10432],[141.42692,40.10878],[141.41505,40.10658],[141.41102,40.11015],[141.4109,40.11478],[141.40739,40.12265],[141.40057,40.12876],[141.38486,40.13583],[141.38862,40.14348],[141.39538,40.14763],[141.3973,40.15115],[141.38526,40.15361],[141.37345,40.15032],[141.36585,40.15188],[141.35561,40.14341],[141.34549,40.14593],[141.3317,40.13891],[141.32888,40.13494],[141.33529,40.12756],[141.34141,40.13098],[141.34582,40.12919],[141.33853,40.11744],[141.33613,40.11157],[141.34023,40.10444],[141.34105,40.09193],[141.34562,40.0905],[141.34769,40.08515],[141.35205,40.08139],[141.35238,40.07711],[141.36511,40.07086],[141.36443,40.06795],[141.34895,40.06076],[141.34485,40.06203],[141.34039,40.05561],[141.33352,40.0556],[141.32961,40.05885],[141.32187,40.05713],[141.31261,40.05214],[141.30539,40.05612],[141.29883,40.05687],[141.29682,40.05985],[141.28975,40.05969],[141.28919,40.04964],[141.29876,40.04087],[141.29591,40.03524],[141.28727,40.03117],[141.29566,40.02671],[141.29561,40.01813],[141.3055,40.01067],[141.30717,40.00247],[141.30301,39.99921],[141.30648,39.98899],[141.31318,39.98571],[141.3241,39.98242],[141.33645,39.97707],[141.3375,39.97312],[141.34848,39.9717],[141.35464,39.97251],[141.37654,39.97063],[141.38053,39.96187],[141.37911,39.95488],[141.37299,39.94654],[141.37973,39.93856],[141.38491,39.93568],[141.384,39.93235],[141.38858,39.92558],[141.39637,39.92187],[141.39724,39.91842],[141.40321,39.91479],[141.40027,39.90558],[141.39981,39.89733],[141.40618,39.89668],[141.40249,39.88981],[141.41053,39.88935],[141.42584,39.88233],[141.43425,39.88144],[141.44247,39.88406],[141.45877,39.88038],[141.46389,39.87603],[141.46981,39.87431],[141.47916,39.87529],[141.48418,39.88278]]]},"properties":{"pref":"岩手県","county":"岩手郡","city":"葛巻町","code5":"03302","code6":"033022"}},
{"type":"Feature","geometry":{"type":"Polygon","coordinates":[[[141.43425,39.88144],[141.42584,39.88233],[141.41053,39.88935],[141.40249,39.88981],[141.40618,39.89668],[141.39981,39.89733],[141.40027,39.90558],[141.40321,39.91479],[141.39724,39.91842],[141.39637,39.92187],[141.38858,39.92558],[141.384,39.93235],[141.38491,39.93568],[141.37973,39.93856],[141.37299,39.94654],[141.37911,39.95488],[141.38053,39.96187],[141.37654,39.97063],[141.35464,39.97251],[141.34848,39.9717],[141.3375,39.97312],[141.33645,39.97707],[141.3241,39.98242],[141.31318,39.98571],[141.30648,39.98899],[141.30301,39.99921],[141.30717,40.00247],[141.3055,40.01067],[141.29561,40.01813],[141.29566,40.02671],[141.28727,40.03117],[141.27721,40.04176],[141.26195,40.04393],[141.25196,40.04188],[141.24663,40.04576],[141.24356,40.05401],[141.23625,40.05414],[141.22792,40.0596],[141.22355,40.05795],[141.20613,40.05929],[141.20164,40.05842],[141.18924,40.06055],[141.17931,40.06712],[141.17115,40.07543],[141.15888,40.08069],[141.15486,40.07275],[141.15013,40.07109],[141.15238,40.06697],[141.14783,40.0623],[141.14941,40.05161],[141.14615,40.04878],[141.13603,40.04481],[141.13099,40.03967],[141.12649,40.03882],[141.12263,40.02499],[141.12789,40.01578],[141.12687,40.01046],[141.13054,40.00102],[141.12879,39.99514],[141.14018,39.97925],[141.14081,39.97593],[141.14697,39.97327],[141.14866,39.96674],[141.13238,39.95836],[141.12823,39.95357],[141.12842,39.94997],[141.1412,39.94346],[141.15176,39.9304],[141.15585,39.92681],[141.16472,39.93018],[141.18831,39.9256],[141.19119,39.91723],[141.19889,39.90778],[141.20596,39.9082],[141.21593,39.90558],[141.21831,39.9014],[141.22488,39.90636],[141.2284,39.90642],[141.23331,39.90129],[141.23682,39.90319],[141.24573,39.90367],[141.25114,39.90149],[141.26182,39.90456],[141.26923,39.90233],[141.26847,39.89571],[141.2754,39.89305],[141.2779,39.86774],[141.29526,39.85896],[141.28697,39.85293],[141.28811,39.84127],[141.29297,39.84185],[141.29541,39.84547],[141.30346,39.84627],[141.30978,39.84285],[141.30927,39.83701],[141.31649,39.8341],[141.32475,39.83509],[141.33152,39.84084],[141.33546,39.84903],[141.34055,39.8478],[141.3581,39.84814],[141.36177,39.85234],[141.3717,39.85203],[141.38899,39.84727],[141.40344,39.84961],[141.41253,39.85359],[141.42018,39.85075],[141.42755,39.85017],[141.43255,39.85658],[141.43097,39.86374],[141.43425,39.88144]]]},"properties":{"pref":"岩手県","county":"岩手郡","city":"岩手町","code5":"03303","code6":"033031"}},
{"type":"Feature","geometry":{"type":"Polygon","coordinates":[[[141.19717,39.59721],[141.19572,39.59059],[141.17979,39.58268],[141.17379,39.57867],[141.16711,39.57889],[141.1547,39.58438],[141.14527,39.58343],[141.14051,39.57276],[141.13513,39.57283],[141.13382,39.57808],[141.12756,39.57788],[141.12496,39.58645],[141.11728,39.58781],[141.11194,39.57982],[141.10054,39.57957],[141.09211,39.5903],[141.09327,39.59514],[141.08094,39.59559],[141.07238,39.60289],[141.06599,39.59809],[141.06214,39.59841],[141.05979,39.58728],[141.05139,39.59093],[141.0458,39.58924],[141.04161,39.59138],[141.03698,39.5835],[141.03887,39.57955],[141.03445,39.5766],[141.01896,39.57375],[141.01366,39.5716],[141.00034,39.57653],[140.99285,39.57388],[140.98784,39.5785],[140.97064,39.57977],[140.96466,39.56826],[140.96355,39.5617],[140.96563,39.55543],[140.96356,39.55181],[140.97232,39.54635],[140.97873,39.54223],[140.98788,39.54346],[140.99433,39.53997],[141.00612,39.5372],[141.01129,39.5294],[141.01689,39.52612],[141.02647,39.52453],[141.03258,39.52771],[141.04017,39.52553],[141.05521,39.5279],[141.06831,39.52246],[141.07378,39.52735],[141.08184,39.52363],[141.08325,39.51397],[141.0946,39.51483],[141.10283,39.50827],[141.11018,39.50629],[141.11798,39.50871],[141.13602,39.51109],[141.14663,39.51072],[141.15649,39.50837],[141.16942,39.50948],[141.1677,39.50586],[141.17991,39.50474],[141.19639,39.49893],[141.2124,39.49018],[141.23132,39.48565],[141.23363,39.48738],[141.24856,39.48669],[141.25987,39.49042],[141.2647,39.4834],[141.27168,39.48451],[141.27775,39.48336],[141.28239,39.48553],[141.2832,39.49128],[141.2872,39.49358],[141.28752,39.50358],[141.2957,39.50924],[141.2915,39.51558],[141.28493,39.51895],[141.28445,39.52459],[141.29018,39.53268],[141.28772,39.53568],[141.28562,39.54807],[141.29103,39.55841],[141.29812,39.56014],[141.29486,39.56725],[141.30505,39.57219],[141.30929,39.57955],[141.30529,39.58627],[141.29817,39.58867],[141.29843,39.59171],[141.2935,39.59563],[141.28918,39.60471],[141.28399,39.60765],[141.27814,39.60361],[141.27793,39.59583],[141.27993,39.59177],[141.27307,39.58637],[141.27003,39.58144],[141.25167,39.59119],[141.24926,39.5959],[141.2433,39.59869],[141.23984,39.60295],[141.2315,39.60575],[141.22495,39.60615],[141.2036,39.60123],[141.19717,39.59721]]]},"properties":{"pref":"岩手県","county":"紫波郡","city":"紫波町","code5":"03321","code6":"033219"}},
{"type":"Feature","geometry":{"type":"Polygon","coordinates":[[[141.05496,39.6421],[141.04423,39.63639],[141.04456,39.63048],[141.0507,39.62882],[141.05661,39.62196],[141.05331,39.61775],[141.04761,39.61545],[141.05418,39.60837],[141.05897,39.59964],[141.06214,39.59841],[141.06599,39.59809],[141.07238,39.60289],[141.08094,39.59559],[141.09327,39.59514],[141.09211,39.5903],[141.10054,39.57957],[141.11194,39.57982],[141.11728,39.58781],[141.12496,39.58645],[141.12756,39.57788],[141.13382,39.57808],[141.13513,39.57283],[141.14051,39.57276],[141.14527,39.58343],[141.1547,39.58438],[141.16711,39.57889],[141.17379,39.57867],[141.17979,39.58268],[141.19572,39.59059],[141.19717,39.59721],[141.19262,39.60965],[141.18579,39.61399],[141.18086,39.61993],[141.1813,39.62603],[141.17701,39.63169],[141.15635,39.63271],[141.15148,39.63407],[141.14632,39.64096],[141.13612,39.64344],[141.13258,39.6506],[141.12389,39.64941],[141.11543,39.6434],[141.10829,39.64089],[141.10739,39.63705],[141.1012,39.63413],[141.08557,39.63507],[141.07802,39.63665],[141.07449,39.63446],[141.06444,39.63566],[141.06245,39.64015],[141.05496,39.6421]]]},"properties":{"pref":"岩手県","county":"紫波郡","city":"矢巾町","code5":"03322","code6":"033227"}},
{"type":"Feature","geometry":{"type":"Polygon","coordinates":[[[140.88307,39.51772],[140.87389,39.52725],[140.87114,39.53261],[140.87688,39.53611],[140.87577,39.5418],[140.87114,39.54727],[140.86587,39.5581],[140.86003,39.56219],[140.85474,39.57124],[140.85962,39.57636],[140.85481,39.58165],[140.83732,39.59418],[140.82804,39.59329],[140.8177,39.5896],[140.80671,39.5907],[140.79531,39.60299],[140.78248,39.60409],[140.77533,39.591],[140.76427,39.58785],[140.76218,39.58262],[140.7567,39.57612],[140.7543,39.57072],[140.74688,39.56885],[140.74026,39.56534],[140.73036,39.56584],[140.72727,39.55897],[140.72915,39.55298],[140.73952,39.54685],[140.74136,39.53619],[140.73919,39.53349],[140.73656,39.52144],[140.73217,39.52239],[140.72465,39.51846],[140.7228,39.50407],[140.71977,39.5048],[140.71368,39.4992],[140.71327,39.49406],[140.7189,39.48499],[140.7244,39.48053],[140.71646,39.47854],[140.69815,39.46778],[140.68953,39.46481],[140.67699,39.4484],[140.67775,39.44521],[140.6856,39.43726],[140.68512,39.42467],[140.6811,39.41839],[140.67089,39.41766],[140.65824,39.41415],[140.65882,39.40925],[140.66369,39.40375],[140.6589,39.40058],[140.65323,39.3908],[140.65617,39.38915],[140.6655,39.3843],[140.67543,39.3858],[140.67897,39.38318],[140.6781,39.37308],[140.67564,39.36834],[140.68841,39.35933],[140.69295,39.35812],[140.68798,39.35118],[140.68845,39.34752],[140.70324,39.34359],[140.70918,39.32988],[140.69859,39.32843],[140.69752,39.32176],[140.69404,39.31976],[140.69287,39.31344],[140.69723,39.31029],[140.69289,39.30305],[140.69359,39.29959],[140.70235,39.30013],[140.70849,39.29694],[140.71733,39.29651],[140.71783,39.27261],[140.72303,39.27217],[140.73306,39.26641],[140.74589,39.2615],[140.75135,39.26281],[140.75692,39.25504],[140.76892,39.25246],[140.77717,39.24157],[140.78866,39.23843],[140.78646,39.23456],[140.78762,39.22679],[140.77446,39.22315],[140.77047,39.22346],[140.76305,39.21323],[140.76662,39.20853],[140.76756,39.2045],[140.76485,39.19776],[140.77086,39.19353],[140.77872,39.19476],[140.7808,39.19198],[140.78852,39.1886],[140.79739,39.18996],[140.80595,39.18332],[140.80786,39.17838],[140.81623,39.17623],[140.82211,39.17674],[140.82712,39.17458],[140.82645,39.16944],[140.83322,39.16502],[140.84436,39.16901],[140.85292,39.17647],[140.85755,39.17733],[140.85533,39.1907],[140.85568,39.19684],[140.85984,39.19995],[140.85586,39.20316],[140.8546,39.21032],[140.86436,39.21505],[140.86585,39.21853],[140.87282,39.22132],[140.88214,39.23021],[140.88741,39.23195],[140.89002,39.24163],[140.88509,39.24834],[140.87702,39.25262],[140.87914,39.25911],[140.87691,39.261],[140.8856,39.26801],[140.88609,39.27195],[140.89719,39.28655],[140.89336,39.29101],[140.88868,39.30202],[140.89571,39.30419],[140.89452,39.3154],[140.88744,39.32354],[140.88289,39.33242],[140.87443,39.33734],[140.87442,39.3453],[140.87236,39.3573],[140.86548,39.36288],[140.85815,39.36614],[140.85905,39.37572],[140.8515,39.3779],[140.84544,39.38179],[140.84318,39.38791],[140.84771,39.39445],[140.84199,39.39677],[140.83699,39.4026],[140.8258,39.40364],[140.8194,39.41119],[140.81702,39.41822],[140.82388,39.42005],[140.82812,39.42761],[140.82379,39.43007],[140.83285,39.43314],[140.83755,39.43763],[140.84405,39.43933],[140.84964,39.43222],[140.85557,39.43903],[140.8692,39.45169],[140.86571,39.45545],[140.87007,39.46034],[140.87305,39.47053],[140.87704,39.4769],[140.88436,39.48015],[140.88427,39.48946],[140.87996,39.49029],[140.88308,39.49584],[140.87877,39.50099],[140.88888,39.50978],[140.88307,39.51772]]]},"properties":{"pref":"岩手県","county":"和賀郡","city":"西和賀町","code5":"03366","code6":"033669"}},
{"type":"Feature","geometry":{"type":"Polygon","coordinates":[[[140.89069,39.18169],[140.90084,39.17148],[140.90845,39.17249],[140.92194,39.16765],[140.96262,39.1498],[140.97382,39.14256],[140.97961,39.14207],[140.98327,39.13849],[140.99534,39.13398],[141.00668,39.13428],[141.01393,39.13036],[141.01978,39.12984],[141.03081,39.13227],[141.03787,39.14175],[141.04298,39.1467],[141.0596,39.15074],[141.07375,39.15795],[141.08801,39.16343],[141.09967,39.17171],[141.10806,39.1824],[141.12525,39.1877],[141.13286,39.18697],[141.13921,39.19043],[141.13895,39.1957],[141.13038,39.19517],[141.12561,39.19921],[141.12971,39.2099],[141.13037,39.21781],[141.12662,39.2232],[141.12266,39.22502],[141.10664,39.22678],[141.10365,39.22986],[141.09281,39.22866],[141.08542,39.23154],[141.08282,39.23754],[141.07403,39.24209],[141.07696,39.2473],[141.0709,39.24951],[141.05195,39.25055],[141.05034,39.25811],[141.04001,39.25536],[141.04014,39.2498],[141.0319,39.25495],[141.01402,39.24515],[140.99762,39.23792],[140.96609,39.23451],[140.96113,39.23278],[140.95385,39.23426],[140.95095,39.23119],[140.94448,39.23196],[140.94046,39.22519],[140.9335,39.22426],[140.93452,39.22045],[140.9279,39.21402],[140.92363,39.20304],[140.91949,39.20062],[140.91892,39.19512],[140.90827,39.19486],[140.90207,39.19309],[140.89069,39.18169]]]},"properties":{"pref":"岩手県","county":"胆沢郡","city":"金ケ崎町","code5":"03381","code6":"033812"}},
{"type":"Feature","geometry":{"type":"Polygon","coordinates":[[[141.17752,39.01843],[141.16854,39.01767],[141.16087,39.01265],[141.14824,39.0164],[141.13811,39.02129],[141.13426,39.02017],[141.12782,39.01317],[141.12331,39.01428],[141.10561,39.02851],[141.10521,39.01905],[141.11034,39.01869],[141.11082,39.00591],[141.09961,39.00646],[141.09018,39.00435],[141.07351,39.00217],[141.06508,39.00254],[141.05768,38.99946],[141.04506,39.00148],[141.03759,38.99974],[141.02789,38.99553],[141.02566,38.99172],[141.01747,38.99009],[141.01634,38.98779],[141.00646,38.98528],[141.01329,38.97962],[141.01595,38.97307],[141.02328,38.97248],[141.02926,38.96777],[141.0458,38.96773],[141.0567,38.96537],[141.06068,38.96127],[141.06779,38.96455],[141.07271,38.96068],[141.08296,38.96377],[141.08531,38.96291],[141.09531,38.96832],[141.10126,38.96503],[141.10652,38.96833],[141.11214,38.9675],[141.11224,38.95862],[141.1086,38.95683],[141.10981,38.94969],[141.12116,38.95708],[141.13062,38.95933],[141.12736,38.96791],[141.13595,38.97113],[141.13953,38.97771],[141.14869,38.98006],[141.15461,38.97588],[141.16256,38.98387],[141.18354,38.98647],[141.18571,38.99503],[141.19211,39.00018],[141.18421,39.01209],[141.17752,39.01843]]]},"properties":{"pref":"岩手県","county":"西磐井郡","city":"平泉町","code5":"03402","code6":"034029"}},
{"type":"Feature","geometry":{"type":"Polygon","coordinates":[[[141.72826,39.20325],[141.71457,39.2183],[141.70634,39.21705],[141.70113,39.21965],[141.70576,39.22869],[141.71137,39.23339],[141.70567,39.24381],[141.70461,39.25095],[141.70646,39.26446],[141.69745,39.26671],[141.6911,39.26626],[141.68375,39.25946],[141.67249,39.25272],[141.66217,39.25126],[141.6618,39.24572],[141.65857,39.24312],[141.64458,39.24755],[141.63521,39.25216],[141.62778,39.24708],[141.62097,39.2509],[141.61537,39.24914],[141.60607,39.25214],[141.59427,39.24345],[141.58582,39.25046],[141.58103,39.25043],[141.5773,39.25807],[141.57198,39.26045],[141.56216,39.25983],[141.5567,39.25274],[141.54696,39.25021],[141.541,39.24329],[141.53649,39.24457],[141.51639,39.24552],[141.51038,39.23709],[141.50261,39.234],[141.4965,39.23974],[141.4778,39.23429],[141.48203,39.2278],[141.48066,39.22069],[141.47297,39.21051],[141.46152,39.20521],[141.4564,39.20003],[141.45238,39.19918],[141.44409,39.20104],[141.44096,39.19219],[141.4337,39.19483],[141.42476,39.195],[141.40699,39.20164],[141.4017,39.20116],[141.39252,39.1972],[141.39183,39.19436],[141.37699,39.19162],[141.37336,39.1876],[141.38601,39.1849],[141.38931,39.18188],[141.38446,39.17684],[141.38845,39.17234],[141.38485,39.16212],[141.39213,39.15842],[141.39384,39.15186],[141.39023,39.1481],[141.39319,39.14072],[141.39727,39.13807],[141.40247,39.13866],[141.40674,39.13575],[141.40998,39.12881],[141.40926,39.12176],[141.40572,39.11941],[141.41413,39.1073],[141.42089,39.10948],[141.42547,39.10858],[141.43202,39.11073],[141.43933,39.11045],[141.44673,39.10624],[141.45125,39.10694],[141.45466,39.10371],[141.46273,39.10157],[141.46767,39.10769],[141.46664,39.12516],[141.47325,39.12629],[141.48392,39.11474],[141.4875,39.11499],[141.49651,39.10971],[141.50222,39.11304],[141.50881,39.11396],[141.51513,39.11126],[141.51906,39.0993],[141.52486,39.09547],[141.53135,39.10517],[141.54421,39.09724],[141.55339,39.09895],[141.55702,39.10318],[141.55903,39.11184],[141.57377,39.11008],[141.57851,39.11151],[141.58315,39.10884],[141.58693,39.10307],[141.59713,39.10111],[141.61511,39.1097],[141.62557,39.11241],[141.61742,39.11476],[141.61669,39.12074],[141.61927,39.12871],[141.62503,39.13618],[141.63113,39.1394],[141.63203,39.15198],[141.63937,39.15686],[141.64466,39.16247],[141.63983,39.17114],[141.64826,39.17449],[141.64886,39.17787],[141.6582,39.17728],[141.6635,39.17414],[141.67833,39.17639],[141.68333,39.1818],[141.68952,39.18481],[141.69547,39.1833],[141.70082,39.1871],[141.70975,39.19035],[141.71792,39.19986],[141.72826,39.20325]]]},"properties":{"pref":"岩手県","county":"気仙郡","city":"住田町","code5":"03441","code6":"034410"}},
{"type":"Feature","geometry":{"type":"MultiPolygon","coordinates":[[[[141.72084,39.44627],[141.72055,39.43948],[141.72382,39.43396],[141.71997,39.42916],[141.72357,39.42636],[141.72925,39.42709],[141.7419,39.42285],[141.74642,39.41715],[141.74157,39.41118],[141.74366,39.40577],[141.74504,39.39368],[141.75524,39.39161],[141.76499,39.38723],[141.77543,39.38965],[141.77914,39.38457],[141.79058,39.37952],[141.78834,39.37505],[141.7902,39.37059],[141.80292,39.37274],[141.81454,39.37285],[141.82336,39.37016],[141.82905,39.36642],[141.83495,39.36844],[141.84134,39.36724],[141.85171,39.35703],[141.85897,39.35735],[141.86551,39.35433],[141.87772,39.34546],[141.88359,39.34385],[141.89939,39.34948],[141.91531,39.34561],[141.91302,39.35019],[141.91946,39.35537],[141.94042,39.3491],[141.94672,39.35121],[141.95744,39.35599],[141.9565,39.36227],[141.96362,39.3671],[141.96707,39.37475],[141.96655,39.37762],[141.95653,39.37602],[141.95249,39.37175],[141.94524,39.37169],[141.94368,39.37652],[141.93799,39.38482],[141.94596,39.39369],[141.95048,39.39595],[141.95051,39.39596],[141.95123,39.39693],[141.95218,39.39723],[141.9522,39.39724],[141.95247,39.39781],[141.95261,39.39784],[141.95261,39.39789],[141.95256,39.39788],[141.95255,39.39789],[141.9531,39.39936],[141.94363,39.40277],[141.93399,39.40197],[141.92959,39.40564],[141.92262,39.40119],[141.91354,39.4002],[141.90565,39.40202],[141.89719,39.39937],[141.884,39.40634],[141.87874,39.4161],[141.86577,39.4202],[141.86175,39.42496],[141.85987,39.43205],[141.86118,39.43527],[141.85281,39.44246],[141.84975,39.44758],[141.8432,39.45105],[141.84034,39.45954],[141.83073,39.46388],[141.82021,39.46365],[141.81369,39.47258],[141.81438,39.47841],[141.80984,39.48177],[141.80585,39.48983],[141.7989,39.49544],[141.79829,39.49897],[141.78619,39.50454],[141.78194,39.51031],[141.78201,39.51429],[141.77002,39.51839],[141.7654,39.51778],[141.75862,39.52579],[141.75019,39.52724],[141.74832,39.52934],[141.74382,39.5288],[141.73851,39.52275],[141.7365,39.51087],[141.72825,39.50744],[141.71979,39.50792],[141.71032,39.50372],[141.7066,39.49878],[141.70329,39.48842],[141.70494,39.48659],[141.70218,39.47864],[141.70823,39.47221],[141.71159,39.46428],[141.71486,39.46252],[141.71638,39.45296],[141.72084,39.44627]]],[[[141.96954,39.38171],[141.96913,39.38101],[141.96825,39.38095],[141.96822,39.38082],[141.96815,39.38049],[141.9683,39.37851],[141.96833,39.37857],[141.96854,39.37907],[141.96892,39.37977],[141.96906,39.37992],[141.96954,39.38171]]],[[[141.95121,39.39654],[141.95132,39.39657],[141.95123,39.39661],[141.95115,39.3966],[141.95109,39.39658],[141.95121,39.39654]]]]},"properties":{"pref":"岩手県","county":"上閉伊郡","city":"大槌町","code5":"03461","code6":"034614"}},
{"type":"Feature","geometry":{"type":"MultiPolygon","coordinates":[[[[141.74832,39.52934],[141.75019,39.52724],[141.75862,39.52579],[141.7654,39.51778],[141.77002,39.51839],[141.78201,39.51429],[141.78194,39.51031],[141.78619,39.50454],[141.79829,39.49897],[141.7989,39.49544],[141.80585,39.48983],[141.80984,39.48177],[141.81438,39.47841],[141.81369,39.47258],[141.82021,39.46365],[141.83073,39.46388],[141.84034,39.45954],[141.8432,39.45105],[141.84975,39.44758],[141.85281,39.44246],[141.86118,39.43527],[141.85987,39.43205],[141.86175,39.42496],[141.86577,39.4202],[141.87874,39.4161],[141.884,39.40634],[141.89719,39.39937],[141.90565,39.40202],[141.91354,39.4002],[141.92262,39.40119],[141.92959,39.40564],[141.93399,39.40197],[141.94363,39.40277],[141.9531,39.39936],[141.95772,39.40595],[141.96205,39.40879],[141.9639,39.41242],[141.9643,39.41269],[141.96505,39.41281],[141.96506,39.41281],[141.97438,39.42234],[141.97394,39.42583],[141.98103,39.42692],[141.9852,39.4177],[141.98193,39.41502],[141.98245,39.40857],[141.99337,39.40899],[141.99813,39.41219],[142.00423,39.41056],[142.0089,39.41536],[142.00797,39.42396],[142.00788,39.42406],[142.01075,39.42643],[142.01641,39.42498],[142.01643,39.42498],[142.01682,39.42495],[142.01696,39.42493],[142.01705,39.42491],[142.01765,39.42451],[142.01856,39.42252],[142.02329,39.41726],[142.03178,39.41746],[142.03837,39.42446],[142.04401,39.42738],[142.04188,39.43372],[142.03798,39.43632],[142.04288,39.43984],[142.03805,39.4452],[142.04775,39.45],[142.04855,39.45717],[142.05763,39.46552],[142.05934,39.4704],[142.05224,39.47677],[142.05107,39.48212],[142.05167,39.48405],[142.04851,39.48218],[142.03608,39.48232],[142.02632,39.47325],[142.01745,39.46987],[142.0089,39.46486],[142.00234,39.45502],[142.0032,39.45134],[141.99582,39.45178],[141.99056,39.45003],[141.97951,39.43896],[141.97253,39.4411],[141.97168,39.44792],[141.96334,39.44759],[141.96154,39.45421],[141.95753,39.45655],[141.95426,39.46667],[141.95593,39.47512],[141.9648,39.47724],[141.97157,39.48144],[141.98134,39.48051],[141.99133,39.48366],[142.00261,39.479],[142.00302,39.47915],[142.00903,39.47629],[142.00897,39.47666],[142.0113,39.47863],[142.01141,39.47884],[142.01157,39.47906],[142.01148,39.47948],[142.01182,39.47957],[142.01183,39.47961],[142.012,39.47975],[142.012,39.47985],[142.01153,39.48172],[142.0105,39.48702],[142.0105,39.49],[142.01126,39.48999],[142.01084,39.49056],[142.01072,39.49057],[142.01076,39.49708],[142.01154,39.49784],[142.01253,39.49792],[142.01237,39.49813],[142.01225,39.49839],[142.01216,39.49854],[142.01203,39.4987],[142.01194,39.49877],[142.01188,39.49893],[142.01187,39.49893],[142.01055,39.49988],[142.00346,39.50638],[141.99164,39.51496],[141.98139,39.52046],[141.9822,39.52382],[141.9769,39.53046],[141.97485,39.53859],[141.97069,39.54443],[141.95591,39.54469],[141.95164,39.54954],[141.93791,39.55198],[141.92117,39.551],[141.91681,39.54796],[141.90017,39.54772],[141.88668,39.55469],[141.8783,39.56327],[141.86938,39.56199],[141.86364,39.5592],[141.85472,39.55847],[141.84731,39.55447],[141.84192,39.55419],[141.83474,39.54971],[141.8278,39.55029],[141.8218,39.55391],[141.81709,39.55434],[141.79551,39.54835],[141.7863,39.5482],[141.77006,39.542],[141.76274,39.54245],[141.75359,39.54029],[141.7481,39.53258],[141.74832,39.52934]]],[[[141.96427,39.4126],[141.96436,39.41256],[141.96436,39.41259],[141.96435,39.4126],[141.96428,39.41261],[141.96427,39.4126]]],[[[142.0109,39.4877],[142.01089,39.48772],[142.01087,39.48773],[142.01088,39.4877],[142.0109,39.4877]]],[[[142.01094,39.48581],[142.01095,39.48583],[142.0109,39.48583],[142.01089,39.48581],[142.01093,39.48574],[142.01095,39.48575],[142.01097,39.48577],[142.01094,39.48581]]]]},"properties":{"pref":"岩手県","county":"下閉伊郡","city":"山田町","code5":"03482","code6":"034827"}},
{"type":"Feature","geometry":{"type":"Polygon","coordinates":[[[141.40866,39.69171],[141.4213,39.68482],[141.42263,39.67915],[141.42632,39.67678],[141.43551,39.67654],[141.44162,39.67914],[141.45167,39.67904],[141.45871,39.68128],[141.4683,39.68075],[141.46961,39.68643],[141.47978,39.69608],[141.48515,39.69776],[141.48732,39.703],[141.49682,39.70667],[141.50451,39.70481],[141.51564,39.70462],[141.52759,39.70278],[141.53281,39.70403],[141.54978,39.70402],[141.55693,39.71103],[141.56218,39.71365],[141.56317,39.71775],[141.56885,39.7187],[141.58072,39.70978],[141.59355,39.71067],[141.6013,39.7089],[141.60306,39.71487],[141.60766,39.72054],[141.60651,39.72929],[141.61593,39.73424],[141.62111,39.73386],[141.62379,39.73805],[141.62669,39.75507],[141.6328,39.75562],[141.64882,39.75449],[141.656,39.75529],[141.66102,39.75207],[141.66975,39.75031],[141.67489,39.74464],[141.68146,39.74218],[141.68769,39.74372],[141.68983,39.74733],[141.6978,39.75231],[141.7068,39.75328],[141.71449,39.7501],[141.7205,39.74536],[141.72744,39.74912],[141.7372,39.75056],[141.7371,39.74681],[141.7413,39.74087],[141.75458,39.73464],[141.75688,39.73168],[141.77142,39.73605],[141.77898,39.73142],[141.78128,39.72691],[141.78614,39.72784],[141.79555,39.7242],[141.80281,39.72334],[141.81768,39.73148],[141.82611,39.73035],[141.83573,39.73529],[141.83763,39.73937],[141.84929,39.73741],[141.84966,39.74684],[141.87952,39.75021],[141.88721,39.75382],[141.89746,39.76422],[141.89959,39.77038],[141.90484,39.77204],[141.90398,39.77823],[141.90611,39.78246],[141.89939,39.78887],[141.88877,39.78921],[141.89087,39.79494],[141.89492,39.79493],[141.90813,39.7984],[141.91178,39.80917],[141.91545,39.80756],[141.93461,39.80948],[141.93937,39.81568],[141.93954,39.81977],[141.95641,39.82291],[141.9621,39.82098],[141.9682,39.82491],[141.97413,39.82485],[141.97851,39.83069],[141.97944,39.83088],[141.97985,39.83096],[141.98065,39.83955],[141.98009,39.84037],[141.97801,39.84532],[141.97703,39.84547],[141.97701,39.84548],[141.97629,39.8456],[141.97628,39.84558],[141.97293,39.85193],[141.97799,39.85378],[141.97475,39.85962],[141.97881,39.86415],[141.97086,39.8849],[141.96376,39.88498],[141.95966,39.88747],[141.9511,39.88324],[141.94445,39.88209],[141.93477,39.87593],[141.92839,39.86979],[141.9203,39.86698],[141.91655,39.86104],[141.90779,39.85871],[141.90228,39.85971],[141.89635,39.85696],[141.89378,39.86217],[141.88116,39.87261],[141.88333,39.86305],[141.87052,39.86339],[141.86783,39.86677],[141.85691,39.86818],[141.84223,39.87266],[141.84083,39.87612],[141.83148,39.88495],[141.82855,39.89199],[141.83019,39.89823],[141.82495,39.90216],[141.81498,39.90024],[141.81078,39.89427],[141.8037,39.89835],[141.77998,39.89266],[141.77089,39.89765],[141.77614,39.90243],[141.77799,39.91758],[141.7813,39.92815],[141.78519,39.93215],[141.78653,39.93885],[141.78231,39.94286],[141.79324,39.95845],[141.793,39.96344],[141.79915,39.97704],[141.80131,39.98763],[141.79398,39.9937],[141.79574,40.00278],[141.80193,40.00759],[141.81242,40.01274],[141.81055,40.01427],[141.76041,40.02501],[141.7571,40.03177],[141.74673,40.0288],[141.7387,40.02166],[141.73912,40.01643],[141.72851,40.0159],[141.72831,40.01167],[141.72294,40.00995],[141.71194,40.01461],[141.70527,40.00884],[141.69711,40.01212],[141.69145,40.01815],[141.67618,40.01488],[141.6706,40.01024],[141.66084,40.00856],[141.649,40.0111],[141.64942,40.01434],[141.64412,40.01988],[141.63462,40.01878],[141.62523,40.02318],[141.6229,40.02752],[141.61651,40.02626],[141.61214,40.02884],[141.59813,40.02464],[141.58956,40.03036],[141.58316,40.03945],[141.57003,40.04479],[141.5614,40.04403],[141.54967,40.04732],[141.54006,40.04811],[141.53255,40.04656],[141.52792,40.04044],[141.53255,40.03154],[141.53805,40.03061],[141.54574,40.02556],[141.54937,40.01937],[141.54899,40.01444],[141.55728,40.00458],[141.56194,40.00278],[141.56754,39.99685],[141.5718,39.9868],[141.57874,39.98089],[141.57889,39.97723],[141.58353,39.97151],[141.58506,39.96055],[141.58955,39.95613],[141.58457,39.95395],[141.58133,39.9481],[141.58112,39.94051],[141.55938,39.92857],[141.55895,39.92362],[141.56405,39.91578],[141.55837,39.90863],[141.54996,39.90292],[141.54395,39.90553],[141.52927,39.90823],[141.52652,39.91051],[141.51388,39.91],[141.51042,39.90654],[141.50311,39.90321],[141.49915,39.90533],[141.49003,39.90405],[141.48543,39.90031],[141.48196,39.8921],[141.4875,39.88438],[141.48418,39.88278],[141.49183,39.88167],[141.4986,39.87793],[141.50611,39.87918],[141.50741,39.8711],[141.50674,39.86407],[141.50387,39.85567],[141.50717,39.84997],[141.51165,39.8464],[141.51658,39.83565],[141.5203,39.81916],[141.52739,39.81271],[141.52218,39.80666],[141.51649,39.80902],[141.50725,39.80805],[141.50292,39.81017],[141.49831,39.80781],[141.5015,39.8011],[141.49919,39.79411],[141.4898,39.79107],[141.48796,39.78206],[141.48493,39.77699],[141.47841,39.77577],[141.47769,39.76921],[141.47435,39.7649],[141.46834,39.76351],[141.4596,39.76695],[141.44587,39.76477],[141.43885,39.75969],[141.42219,39.75616],[141.41049,39.7598],[141.39741,39.74741],[141.40155,39.74295],[141.40103,39.73652],[141.39659,39.73491],[141.39485,39.72933],[141.39964,39.71975],[141.39512,39.71295],[141.39637,39.70738],[141.40873,39.70117],[141.40866,39.69171]]]},"properties":{"pref":"岩手県","county":"下閉伊郡","city":"岩泉町","code5":"03483","code6":"034835"}},
{"type":"Feature","geometry":{"type":"Polygon","coordinates":[[[141.95966,39.88747],[141.95519,39.89113],[141.94969,39.90537],[141.94987,39.90839],[141.93973,39.9196],[141.94106,39.92353],[141.93925,39.93374],[141.93983,39.93926],[141.94328,39.94077],[141.94356,39.94149],[141.94525,39.94597],[141.94993,39.94589],[141.94994,39.94588],[141.95122,39.94618],[141.95177,39.94638],[141.95245,39.94629],[141.95716,39.94451],[141.96098,39.94594],[141.96087,39.9461],[141.95787,39.95006],[141.96084,39.95119],[141.96107,39.95326],[141.95857,39.95601],[141.95905,39.95667],[141.95578,39.95833],[141.95524,39.96641],[141.95411,39.9714],[141.95589,39.98357],[141.94848,39.98936],[141.93703,39.98688],[141.93131,39.98246],[141.93157,39.97928],[141.92193,39.97369],[141.91635,39.97659],[141.90457,39.97614],[141.89535,39.97109],[141.89293,39.96702],[141.88664,39.96838],[141.88089,39.96207],[141.87653,39.9616],[141.87084,39.97738],[141.87125,39.97966],[141.85619,39.97645],[141.85022,39.97402],[141.84184,39.97551],[141.83527,39.97217],[141.82875,39.97205],[141.81898,39.97537],[141.807,39.97553],[141.79915,39.97704],[141.793,39.96344],[141.79324,39.95845],[141.78231,39.94286],[141.78653,39.93885],[141.78519,39.93215],[141.7813,39.92815],[141.77799,39.91758],[141.77614,39.90243],[141.77089,39.89765],[141.77998,39.89266],[141.8037,39.89835],[141.81078,39.89427],[141.81498,39.90024],[141.82495,39.90216],[141.83019,39.89823],[141.82855,39.89199],[141.83148,39.88495],[141.84083,39.87612],[141.84223,39.87266],[141.85691,39.86818],[141.86783,39.86677],[141.87052,39.86339],[141.88333,39.86305],[141.88116,39.87261],[141.89378,39.86217],[141.89635,39.85696],[141.90228,39.85971],[141.90779,39.85871],[141.91655,39.86104],[141.9203,39.86698],[141.92839,39.86979],[141.93477,39.87593],[141.94445,39.88209],[141.9511,39.88324],[141.95966,39.88747]]]},"properties":{"pref":"岩手県","county":"下閉伊郡","city":"田野畑村","code5":"03484","code6":"034843"}},
{"type":"Feature","geometry":{"type":"Polygon","coordinates":[[[141.79915,39.97704],[141.807,39.97553],[141.81898,39.97537],[141.82875,39.97205],[141.83527,39.97217],[141.84184,39.97551],[141.85022,39.97402],[141.85619,39.97645],[141.87125,39.97966],[141.87084,39.97738],[141.87653,39.9616],[141.88089,39.96207],[141.88664,39.96838],[141.89293,39.96702],[141.89535,39.97109],[141.90457,39.97614],[141.91635,39.97659],[141.92193,39.97369],[141.93157,39.97928],[141.93131,39.98246],[141.93703,39.98688],[141.94848,39.98936],[141.94518,39.99734],[141.9395,39.99941],[141.93532,40.00969],[141.92351,40.00761],[141.9159,40.00798],[141.89951,40.01517],[141.89637,40.02541],[141.88701,40.03137],[141.87851,40.0471],[141.87091,40.04839],[141.85492,40.05559],[141.8477,40.04766],[141.83972,40.04088],[141.84084,40.03181],[141.83536,40.0208],[141.82769,40.01817],[141.81961,40.01755],[141.81242,40.01274],[141.80193,40.00759],[141.79574,40.00278],[141.79398,39.9937],[141.80131,39.98763],[141.79915,39.97704]]]},"properties":{"pref":"岩手県","county":"下閉伊郡","city":"普代村","code5":"03485","code6":"034851"}},
{"type":"Feature","geometry":{"type":"Polygon","coordinates":[[[141.3931,40.36069],[141.38912,40.35922],[141.38979,40.35304],[141.38217,40.3452],[141.38182,40.34249],[141.37311,40.34309],[141.36979,40.33839],[141.351,40.33107],[141.35375,40.32006],[141.35629,40.31694],[141.35347,40.30675],[141.35522,40.30003],[141.36267,40.30064],[141.37364,40.2708],[141.38369,40.27468],[141.39229,40.27532],[141.40391,40.28059],[141.4067,40.27901],[141.41963,40.28042],[141.42004,40.27552],[141.42897,40.27691],[141.43726,40.27626],[141.44413,40.26284],[141.45054,40.26442],[141.45813,40.25461],[141.45746,40.2445],[141.46033,40.24178],[141.47004,40.23919],[141.4745,40.23644],[141.48381,40.23424],[141.49746,40.22505],[141.5033,40.22558],[141.50708,40.22123],[141.5164,40.22083],[141.52101,40.23359],[141.52635,40.23332],[141.53355,40.22748],[141.54301,40.22947],[141.54719,40.23285],[141.55669,40.2334],[141.56463,40.23006],[141.57,40.23099],[141.57537,40.22854],[141.57846,40.23284],[141.58426,40.23295],[141.58331,40.24035],[141.59246,40.24366],[141.60596,40.24204],[141.61096,40.24459],[141.61199,40.25895],[141.60956,40.26329],[141.61146,40.26943],[141.59981,40.27074],[141.58549,40.2778],[141.58182,40.28414],[141.58723,40.28764],[141.58826,40.2955],[141.58127,40.29673],[141.57762,40.30003],[141.57828,40.30678],[141.58373,40.31132],[141.57721,40.31252],[141.57167,40.3162],[141.57066,40.32079],[141.57507,40.32414],[141.58246,40.32443],[141.58135,40.32997],[141.58757,40.33499],[141.58168,40.33608],[141.58876,40.34388],[141.59261,40.34249],[141.59965,40.34436],[141.6023,40.34788],[141.60132,40.3523],[141.60531,40.35654],[141.59866,40.36109],[141.5896,40.36114],[141.58982,40.36459],[141.58385,40.36833],[141.58135,40.37384],[141.57271,40.36961],[141.57188,40.36586],[141.56395,40.36157],[141.55602,40.36123],[141.5537,40.35866],[141.54512,40.35104],[141.53903,40.34797],[141.53168,40.35145],[141.52635,40.34996],[141.51515,40.3535],[141.50721,40.36293],[141.49936,40.36197],[141.49643,40.36741],[141.48047,40.37613],[141.46608,40.37738],[141.45431,40.373],[141.4416,40.37604],[141.43409,40.37237],[141.42742,40.365],[141.41924,40.36352],[141.40698,40.35716],[141.40121,40.36667],[141.39749,40.36732],[141.3931,40.36069]]]},"properties":{"pref":"岩手県","county":"九戸郡","city":"軽米町","code5":"03501","code6":"035017"}},
{"type":"Feature","geometry":{"type":"Polygon","coordinates":[[[141.7571,40.03177],[141.76041,40.02501],[141.81055,40.01427],[141.81242,40.01274],[141.81961,40.01755],[141.82769,40.01817],[141.83536,40.0208],[141.84084,40.03181],[141.83972,40.04088],[141.8477,40.04766],[141.85492,40.05559],[141.85153,40.05536],[141.84735,40.06109],[141.84038,40.06934],[141.83316,40.07479],[141.83296,40.07806],[141.82941,40.08335],[141.82922,40.08926],[141.82923,40.08928],[141.82974,40.08958],[141.83043,40.09325],[141.82565,40.10134],[141.8289,40.11333],[141.83579,40.11859],[141.83507,40.12175],[141.84267,40.13066],[141.83768,40.13329],[141.82347,40.13628],[141.81744,40.13039],[141.81595,40.11877],[141.80979,40.11649],[141.78981,40.11875],[141.78562,40.11667],[141.78394,40.11135],[141.7776,40.10973],[141.77101,40.11392],[141.76083,40.10689],[141.75847,40.10229],[141.74484,40.09552],[141.73855,40.08924],[141.73365,40.08035],[141.73471,40.07393],[141.73868,40.06302],[141.74563,40.05613],[141.74769,40.05209],[141.7597,40.04544],[141.7571,40.03177]]]},"properties":{"pref":"岩手県","county":"九戸郡","city":"野田村","code5":"03503","code6":"035033"}},
{"type":"Feature","geometry":{"type":"Polygon","coordinates":[[[141.50708,40.22123],[141.5033,40.22558],[141.49746,40.22505],[141.48381,40.23424],[141.4745,40.23644],[141.47004,40.23919],[141.46033,40.24178],[141.45746,40.2445],[141.45813,40.25461],[141.45054,40.26442],[141.44413,40.26284],[141.43726,40.27626],[141.42897,40.27691],[141.42004,40.27552],[141.41963,40.28042],[141.4067,40.27901],[141.40391,40.28059],[141.39229,40.27532],[141.38369,40.27468],[141.37364,40.2708],[141.3768,40.26171],[141.38238,40.25713],[141.38393,40.24104],[141.38566,40.23475],[141.38608,40.22512],[141.39174,40.21948],[141.39073,40.20858],[141.38315,40.19679],[141.38794,40.18407],[141.39015,40.17478],[141.4,40.16612],[141.40115,40.16259],[141.3973,40.15115],[141.39538,40.14763],[141.38862,40.14348],[141.38486,40.13583],[141.40057,40.12876],[141.40739,40.12265],[141.4109,40.11478],[141.41102,40.11015],[141.41505,40.10658],[141.42692,40.10878],[141.42841,40.10432],[141.43711,40.1047],[141.44037,40.1031],[141.44957,40.10729],[141.45104,40.11092],[141.46214,40.11688],[141.46223,40.11907],[141.45643,40.13428],[141.46094,40.13465],[141.46592,40.14303],[141.47041,40.14257],[141.47584,40.15043],[141.47734,40.16007],[141.4809,40.16322],[141.47903,40.16813],[141.48757,40.17903],[141.48234,40.18919],[141.48835,40.1913],[141.49516,40.19669],[141.49169,40.2062],[141.50221,40.21105],[141.50708,40.22123]]]},"properties":{"pref":"岩手県","county":"九戸郡","city":"九戸村","code5":"03506","code6":"035068"}},
{"type":"Feature","geometry":{"type":"MultiPolygon","coordinates":[[[[141.58135,40.37384],[141.58385,40.36833],[141.58982,40.36459],[141.5896,40.36114],[141.59866,40.36109],[141.60531,40.35654],[141.60132,40.3523],[141.6023,40.34788],[141.59965,40.34436],[141.59261,40.34249],[141.58876,40.34388],[141.58168,40.33608],[141.58757,40.33499],[141.58135,40.32997],[141.58246,40.32443],[141.57507,40.32414],[141.57066,40.32079],[141.57167,40.3162],[141.57721,40.31252],[141.58373,40.31132],[141.57828,40.30678],[141.57762,40.30003],[141.58127,40.29673],[141.58826,40.2955],[141.58723,40.28764],[141.58182,40.28414],[141.58549,40.2778],[141.59981,40.27074],[141.61146,40.26943],[141.60956,40.26329],[141.61199,40.25895],[141.61096,40.24459],[141.60596,40.24204],[141.59246,40.24366],[141.58331,40.24035],[141.58426,40.23295],[141.59376,40.22778],[141.61743,40.22216],[141.61714,40.21866],[141.62972,40.21837],[141.63194,40.21626],[141.65138,40.21392],[141.65955,40.21637],[141.68238,40.21894],[141.68236,40.22895],[141.67767,40.23328],[141.67678,40.2398],[141.68835,40.24223],[141.6935,40.24115],[141.71509,40.24195],[141.72774,40.24454],[141.72295,40.24758],[141.72754,40.25035],[141.72672,40.25694],[141.7298,40.26402],[141.73393,40.26706],[141.73236,40.27035],[141.73644,40.2742],[141.74215,40.27519],[141.74901,40.27273],[141.75367,40.2742],[141.76111,40.27295],[141.77986,40.28257],[141.78051,40.29006],[141.78426,40.29028],[141.79433,40.29583],[141.79548,40.29745],[141.79548,40.29746],[141.79543,40.29758],[141.79268,40.29988],[141.79267,40.29987],[141.79259,40.2998],[141.79256,40.29981],[141.79254,40.30007],[141.7925,40.30013],[141.79241,40.30022],[141.79231,40.30026],[141.79134,40.30126],[141.79175,40.30128],[141.79178,40.30129],[141.79094,40.30157],[141.79091,40.30237],[141.7909,40.30239],[141.79083,40.30249],[141.79041,40.30365],[141.78985,40.30369],[141.78984,40.3037],[141.78966,40.30399],[141.78966,40.30403],[141.78953,40.30411],[141.78951,40.30411],[141.78952,40.30409],[141.78941,40.30417],[141.78958,40.30427],[141.78947,40.30446],[141.7894,40.30478],[141.78939,40.30477],[141.78914,40.30633],[141.78916,40.30641],[141.78913,40.30637],[141.78913,40.30634],[141.78906,40.3063],[141.78844,40.30721],[141.78843,40.30721],[141.78839,40.30718],[141.78834,40.30902],[141.7882,40.30905],[141.78783,40.30887],[141.7874,40.30944],[141.78782,40.30984],[141.78775,40.30991],[141.78776,40.30994],[141.78773,40.30996],[141.78773,40.30997],[141.78767,40.30998],[141.78765,40.30998],[141.78762,40.30995],[141.78733,40.3099],[141.78727,40.30986],[141.78672,40.31023],[141.78671,40.31023],[141.78671,40.31015],[141.78664,40.31014],[141.78661,40.3102],[141.78644,40.31036],[141.78635,40.31055],[141.78636,40.31057],[141.78633,40.31056],[141.78608,40.31059],[141.78599,40.31078],[141.78564,40.31094],[141.78497,40.31171],[141.78523,40.31214],[141.78537,40.31238],[141.78538,40.31238],[141.78541,40.31265],[141.78512,40.31454],[141.78432,40.31545],[141.78425,40.31548],[141.78421,40.31539],[141.78405,40.31542],[141.78365,40.31559],[141.7833,40.3158],[141.78326,40.3158],[141.78323,40.31579],[141.78316,40.31572],[141.78006,40.31727],[141.78013,40.31737],[141.78009,40.31737],[141.78007,40.31738],[141.77982,40.31841],[141.77511,40.32038],[141.77034,40.33661],[141.77141,40.34534],[141.76441,40.34683],[141.76435,40.35093],[141.75444,40.35553],[141.7531,40.35979],[141.7551,40.36789],[141.74676,40.37656],[141.74112,40.37917],[141.73695,40.38459],[141.73026,40.38757],[141.72806,40.39277],[141.72053,40.39978],[141.7206,40.40846],[141.71333,40.41995],[141.70461,40.42286],[141.70148,40.43164],[141.69399,40.435],[141.68877,40.44408],[141.68259,40.45026],[141.67603,40.44854],[141.66995,40.43724],[141.66102,40.43365],[141.65997,40.43118],[141.65236,40.42765],[141.6471,40.42829],[141.63935,40.42287],[141.63134,40.42025],[141.61935,40.42079],[141.61255,40.41544],[141.59512,40.41213],[141.58506,40.40114],[141.58124,40.39843],[141.58109,40.392],[141.58457,40.38955],[141.58274,40.38514],[141.58676,40.38071],[141.58135,40.37384]]],[[[141.79293,40.30021],[141.79296,40.30002],[141.79301,40.30007],[141.79301,40.30008],[141.79293,40.30021]]],[[[141.7915,40.30203],[141.79131,40.30209],[141.79131,40.30207],[141.7915,40.30203]]],[[[141.79136,40.30251],[141.79135,40.30253],[141.79131,40.3025],[141.79132,40.30236],[141.79133,40.30235],[141.79135,40.30234],[141.79136,40.30251]]],[[[141.79121,40.30246],[141.79118,40.30252],[141.79117,40.30253],[141.79114,40.30249],[141.79116,40.30241],[141.79118,40.30237],[141.79128,40.30236],[141.79128,40.3024],[141.79123,40.30241],[141.79121,40.30246]]],[[[141.79147,40.30241],[141.79148,40.30248],[141.79143,40.30241],[141.79152,40.30229],[141.79147,40.30241]]],[[[141.78954,40.30519],[141.78947,40.30517],[141.78952,40.3051],[141.78955,40.30513],[141.78956,40.30515],[141.78953,40.30515],[141.78954,40.30519]]],[[[141.77982,40.31841],[141.77986,40.31843],[141.77981,40.31845],[141.77982,40.31841]]]]},"properties":{"pref":"岩手県","county":"九戸郡","city":"洋野町","code5":"03507","code6":"035076"}},
{"type":"Feature","geometry":{"type":"Polygon","coordinates":[[[141.15786,40.0888],[141.16182,40.08379],[141.15888,40.08069],[141.17115,40.07543],[141.17931,40.06712],[141.18924,40.06055],[141.20164,40.05842],[141.20613,40.05929],[141.22355,40.05795],[141.22792,40.0596],[141.23625,40.05414],[141.24356,40.05401],[141.24663,40.04576],[141.25196,40.04188],[141.26195,40.04393],[141.27721,40.04176],[141.28727,40.03117],[141.29591,40.03524],[141.29876,40.04087],[141.28919,40.04964],[141.28975,40.05969],[141.29682,40.05985],[141.29883,40.05687],[141.30539,40.05612],[141.31261,40.05214],[141.32187,40.05713],[141.32961,40.05885],[141.33352,40.0556],[141.34039,40.05561],[141.34485,40.06203],[141.34895,40.06076],[141.36443,40.06795],[141.36511,40.07086],[141.35238,40.07711],[141.35205,40.08139],[141.34769,40.08515],[141.34562,40.0905],[141.34105,40.09193],[141.34023,40.10444],[141.33613,40.11157],[141.33853,40.11744],[141.34582,40.12919],[141.34141,40.13098],[141.33529,40.12756],[141.32888,40.13494],[141.3317,40.13891],[141.34549,40.14593],[141.35561,40.14341],[141.36585,40.15188],[141.37345,40.15032],[141.38526,40.15361],[141.3973,40.15115],[141.40115,40.16259],[141.4,40.16612],[141.39015,40.17478],[141.38794,40.18407],[141.38315,40.19679],[141.39073,40.20858],[141.39174,40.21948],[141.38608,40.22512],[141.38566,40.23475],[141.37346,40.23272],[141.36468,40.22925],[141.36151,40.23003],[141.35661,40.22433],[141.35233,40.22411],[141.3442,40.22975],[141.33382,40.23007],[141.32434,40.23842],[141.32041,40.23685],[141.31513,40.23935],[141.30311,40.24183],[141.2993,40.24869],[141.2955,40.25147],[141.28561,40.24844],[141.27759,40.24357],[141.27091,40.24907],[141.26698,40.24161],[141.26175,40.2372],[141.26393,40.23256],[141.25984,40.2224],[141.25312,40.222],[141.2437,40.21711],[141.23689,40.20713],[141.22589,40.20403],[141.22209,40.19987],[141.21737,40.20592],[141.21375,40.20457],[141.21029,40.19892],[141.20036,40.19583],[141.19161,40.19066],[141.19348,40.17881],[141.18477,40.16888],[141.18297,40.16233],[141.18487,40.15921],[141.18656,40.14925],[141.18554,40.14385],[141.19047,40.13329],[141.19042,40.12948],[141.18178,40.1157],[141.16801,40.10717],[141.16189,40.10117],[141.16581,40.09665],[141.16418,40.09153],[141.15786,40.0888]]]},"properties":{"pref":"岩手県","county":"二戸郡","city":"一戸町","code5":"03524","code6":"035246"}}
]}