{"type":"FeatureCollection", "features": [
{"type":"Feature","geometry":{"type":"Polygon","coordinates":[[[140.47488,37.94678],[140.46602,37.94914],[140.4615,37.95258],[140.45607,37.95037],[140.44781,37.95113],[140.44471,37.95695],[140.43409,37.9538],[140.42416,37.95695],[140.41462,37.96329],[140.40921,37.96374],[140.40752,37.97362],[140.39857,37.97442],[140.38841,37.96912],[140.38564,37.96489],[140.38563,37.95372],[140.38306,37.95311],[140.36669,37.95695],[140.3642,37.95873],[140.35515,37.95785],[140.35577,37.95213],[140.34859,37.95016],[140.33581,37.95499],[140.3323,37.95272],[140.32876,37.95823],[140.31664,37.95809],[140.31377,37.9645],[140.30979,37.96416],[140.30226,37.9691],[140.29165,37.97036],[140.28446,37.97299],[140.28,37.97664],[140.27724,37.97558],[140.27132,37.96664],[140.27336,37.95679],[140.27807,37.95263],[140.27529,37.94725],[140.27859,37.94254],[140.27934,37.93372],[140.27666,37.92663],[140.2722,37.92005],[140.26713,37.91758],[140.26457,37.91209],[140.26464,37.90622],[140.26706,37.89672],[140.27072,37.89074],[140.26494,37.88623],[140.26492,37.87952],[140.26993,37.87429],[140.26993,37.86668],[140.26563,37.86255],[140.2653,37.85482],[140.2673,37.84768],[140.26218,37.84039],[140.26212,37.83442],[140.26878,37.82409],[140.27831,37.82107],[140.28658,37.81523],[140.29058,37.8151],[140.2988,37.80781],[140.29034,37.80126],[140.28221,37.79823],[140.28234,37.79197],[140.27861,37.7882],[140.27629,37.78177],[140.26618,37.77918],[140.26048,37.77097],[140.25541,37.76817],[140.25495,37.76462],[140.24437,37.75841],[140.23725,37.74647],[140.24336,37.73404],[140.23188,37.73021],[140.22928,37.71654],[140.23144,37.70775],[140.23653,37.70384],[140.23669,37.69548],[140.23186,37.69007],[140.2326,37.68504],[140.23072,37.67925],[140.24518,37.67614],[140.2601,37.66693],[140.27059,37.66306],[140.27798,37.66188],[140.28257,37.6543],[140.28068,37.64169],[140.28758,37.6399],[140.29422,37.64185],[140.2971,37.64529],[140.30655,37.64454],[140.31189,37.64677],[140.33031,37.64816],[140.3338,37.65031],[140.34683,37.64695],[140.36137,37.64761],[140.37071,37.65061],[140.37782,37.65123],[140.38263,37.64794],[140.39185,37.64679],[140.40256,37.64807],[140.40602,37.64479],[140.41504,37.64252],[140.42451,37.64502],[140.43734,37.6454],[140.44268,37.64917],[140.45613,37.64699],[140.47413,37.64839],[140.47713,37.65114],[140.48543,37.65084],[140.48686,37.64702],[140.48259,37.64197],[140.48262,37.63705],[140.4863,37.63302],[140.49092,37.63897],[140.50163,37.63833],[140.5028,37.63309],[140.49817,37.6302],[140.49863,37.62588],[140.5065,37.62554],[140.5135,37.63403],[140.51073,37.63675],[140.5153,37.64207],[140.52323,37.64479],[140.5281,37.64403],[140.52468,37.63584],[140.53863,37.64074],[140.54014,37.6435],[140.54969,37.64317],[140.5488,37.65076],[140.55532,37.6509],[140.56173,37.65243],[140.56886,37.65791],[140.56755,37.66214],[140.56107,37.66405],[140.55875,37.66728],[140.56216,37.6709],[140.54847,37.67462],[140.55153,37.67799],[140.54846,37.681],[140.54725,37.68998],[140.53965,37.69444],[140.54111,37.70061],[140.54651,37.70087],[140.54834,37.70444],[140.54595,37.7086],[140.54252,37.71245],[140.54527,37.71951],[140.54543,37.728],[140.55015,37.73941],[140.5576,37.74313],[140.5597,37.7478],[140.56679,37.7551],[140.57001,37.76101],[140.56433,37.76376],[140.55374,37.76584],[140.55198,37.76914],[140.54241,37.76235],[140.53339,37.76113],[140.52741,37.76298],[140.52822,37.771],[140.52314,37.77486],[140.52199,37.77916],[140.52354,37.79033],[140.52817,37.79361],[140.51718,37.79807],[140.52032,37.806],[140.51854,37.808],[140.51013,37.80915],[140.50866,37.81247],[140.50254,37.81442],[140.49639,37.81066],[140.4891,37.81272],[140.48999,37.82588],[140.49205,37.82719],[140.48181,37.82735],[140.47546,37.83367],[140.47152,37.84097],[140.47437,37.84704],[140.48217,37.84484],[140.48444,37.84734],[140.47495,37.85473],[140.46687,37.85768],[140.45889,37.86526],[140.4618,37.87093],[140.4588,37.87353],[140.47093,37.88554],[140.46848,37.89411],[140.47834,37.89787],[140.48418,37.90153],[140.47666,37.90692],[140.46953,37.91787],[140.46936,37.92955],[140.46748,37.93782],[140.47488,37.94678]]]},"properties":{"pref":"福島県","city":"福島市","code5":"07201","code6":"072010"}},
{"type":"Feature","geometry":{"type":"Polygon","coordinates":[[[139.92755,37.57898],[139.90813,37.58166],[139.90677,37.58313],[139.90396,37.57926],[139.8958,37.57729],[139.89467,37.57078],[139.89818,37.56584],[139.89565,37.56154],[139.9059,37.55881],[139.9027,37.54555],[139.89576,37.54644],[139.87352,37.5468],[139.87215,37.54274],[139.87253,37.53297],[139.86684,37.52999],[139.84587,37.53063],[139.84999,37.52534],[139.84599,37.51882],[139.84509,37.51126],[139.83922,37.50648],[139.83964,37.49778],[139.85127,37.48772],[139.85222,37.4835],[139.85803,37.47526],[139.86187,37.47299],[139.86103,37.46405],[139.864,37.45846],[139.87272,37.45306],[139.87691,37.46213],[139.88483,37.46126],[139.89056,37.46297],[139.89813,37.45899],[139.90455,37.46086],[139.90849,37.45028],[139.90564,37.44365],[139.91111,37.43062],[139.91343,37.41609],[139.91204,37.41386],[139.92085,37.40867],[139.92614,37.39932],[139.92321,37.39192],[139.91635,37.39006],[139.91253,37.38677],[139.90181,37.38221],[139.901,37.37929],[139.89461,37.37879],[139.88797,37.37558],[139.88437,37.37155],[139.88476,37.36778],[139.8759,37.36332],[139.87498,37.3612],[139.88401,37.35394],[139.88576,37.34294],[139.90407,37.35182],[139.91785,37.35498],[139.91988,37.34922],[139.91125,37.34868],[139.91017,37.34032],[139.91339,37.33869],[139.91497,37.33073],[139.92063,37.33001],[139.92049,37.32545],[139.93233,37.32406],[139.94788,37.32818],[139.9513,37.33638],[139.95846,37.33652],[139.96606,37.33306],[139.9773,37.33126],[139.98138,37.32839],[139.98967,37.3274],[139.99868,37.33089],[140.00949,37.32697],[140.01248,37.323],[140.019,37.33532],[140.02541,37.3421],[140.036,37.33676],[140.03744,37.34208],[140.04507,37.34856],[140.04544,37.35248],[140.05078,37.35564],[140.05351,37.36617],[140.04655,37.3889],[140.05103,37.41434],[140.05755,37.41805],[140.05805,37.4228],[140.06311,37.42861],[140.07898,37.43303],[140.10395,37.45304],[140.11336,37.46985],[140.09161,37.47732],[140.04042,37.50087],[140.03142,37.50342],[140.02607,37.50795],[140.02259,37.51556],[140.02473,37.51996],[140.01956,37.52272],[140.01436,37.53057],[140.01668,37.53465],[140.0161,37.543],[140.011,37.54556],[139.99569,37.54866],[139.98842,37.55232],[139.98588,37.55624],[139.98119,37.55342],[139.96476,37.55731],[139.95738,37.55784],[139.95502,37.56597],[139.95151,37.56933],[139.93931,37.57103],[139.93581,37.57543],[139.92999,37.57831],[139.92848,37.57857],[139.92755,37.57898]]]},"properties":{"pref":"福島県","city":"会津若松市","code5":"07202","code6":"072028"}},
{"type":"Feature","geometry":{"type":"Polygon","coordinates":[[[140.036,37.33676],[140.04078,37.33275],[140.05687,37.32795],[140.06183,37.32793],[140.06794,37.32433],[140.06946,37.31962],[140.07566,37.31722],[140.08177,37.32089],[140.09205,37.32098],[140.09339,37.31854],[140.1029,37.32088],[140.10627,37.31916],[140.10875,37.32266],[140.11461,37.31981],[140.11557,37.32894],[140.12137,37.32827],[140.13038,37.33449],[140.13456,37.33003],[140.14878,37.33454],[140.15183,37.33165],[140.16691,37.33842],[140.16804,37.34617],[140.17375,37.34503],[140.1739,37.35484],[140.18094,37.36032],[140.1837,37.3688],[140.18924,37.36973],[140.19766,37.35787],[140.20424,37.35999],[140.21955,37.35641],[140.21903,37.34979],[140.22818,37.34085],[140.23382,37.33932],[140.23812,37.33499],[140.25199,37.33437],[140.27243,37.33645],[140.27599,37.33432],[140.30132,37.33865],[140.30965,37.34207],[140.32695,37.34053],[140.34796,37.3435],[140.35356,37.33938],[140.37619,37.34313],[140.37484,37.32935],[140.38955,37.32172],[140.41851,37.31172],[140.43194,37.30941],[140.44112,37.30543],[140.45134,37.30463],[140.45464,37.30654],[140.46113,37.30293],[140.46403,37.29848],[140.47097,37.29701],[140.47487,37.29207],[140.49216,37.28839],[140.4968,37.2848],[140.508,37.28438],[140.51452,37.28121],[140.51666,37.27533],[140.52052,37.27545],[140.52265,37.26951],[140.53494,37.26602],[140.54577,37.27253],[140.55781,37.2733],[140.56044,37.27519],[140.55583,37.28421],[140.55543,37.29125],[140.5594,37.29578],[140.55492,37.29997],[140.55775,37.30259],[140.55796,37.31053],[140.56137,37.31445],[140.55609,37.31865],[140.55016,37.32585],[140.54343,37.32732],[140.53805,37.33324],[140.54176,37.34103],[140.54128,37.34578],[140.54515,37.34724],[140.55268,37.35702],[140.55462,37.36134],[140.55998,37.36544],[140.54193,37.37433],[140.53637,37.38487],[140.53195,37.38591],[140.52879,37.38998],[140.5191,37.39027],[140.51746,37.38796],[140.50411,37.3872],[140.49364,37.38823],[140.4909,37.38533],[140.49239,37.38067],[140.48752,37.37052],[140.47747,37.3719],[140.47715,37.37868],[140.48039,37.38129],[140.47822,37.38986],[140.47101,37.38974],[140.46767,37.38627],[140.45946,37.38971],[140.45369,37.38596],[140.44421,37.39194],[140.44768,37.39826],[140.45235,37.40029],[140.45083,37.40782],[140.44248,37.40848],[140.44071,37.41595],[140.42874,37.42024],[140.42549,37.42793],[140.42917,37.43],[140.44416,37.42568],[140.44932,37.42938],[140.44633,37.43463],[140.45193,37.43822],[140.45766,37.43801],[140.46333,37.43313],[140.4701,37.43186],[140.47284,37.43749],[140.47046,37.44],[140.47408,37.44408],[140.46751,37.45359],[140.47348,37.46934],[140.4853,37.47471],[140.48509,37.47815],[140.478,37.4815],[140.47402,37.48098],[140.46963,37.48633],[140.46641,37.48253],[140.46026,37.48006],[140.45131,37.48057],[140.44958,37.48576],[140.44147,37.48162],[140.42416,37.48551],[140.42157,37.48078],[140.41271,37.48206],[140.40619,37.48979],[140.39976,37.48313],[140.39643,37.48258],[140.39124,37.47726],[140.38376,37.47885],[140.37322,37.47139],[140.36042,37.47096],[140.35678,37.47274],[140.35168,37.47076],[140.34797,37.47268],[140.34431,37.47942],[140.33781,37.47865],[140.33578,37.4698],[140.3256,37.47109],[140.3224,37.47593],[140.31821,37.47751],[140.3225,37.48525],[140.31961,37.49034],[140.32024,37.49972],[140.3151,37.50459],[140.31822,37.50671],[140.31796,37.51543],[140.30423,37.52164],[140.30659,37.52598],[140.29901,37.53148],[140.29918,37.53983],[140.2967,37.54609],[140.2917,37.5479],[140.2858,37.55541],[140.28789,37.56256],[140.28285,37.57084],[140.27778,37.58218],[140.28001,37.59108],[140.28724,37.59941],[140.28504,37.60547],[140.29033,37.61181],[140.28914,37.62072],[140.2847,37.62598],[140.27497,37.61859],[140.27067,37.61186],[140.26756,37.61065],[140.26464,37.60417],[140.26118,37.60186],[140.24868,37.59898],[140.23827,37.58987],[140.2401,37.58509],[140.23871,37.57246],[140.2316,37.56502],[140.23246,37.5596],[140.22827,37.55504],[140.21851,37.55449],[140.21004,37.56246],[140.20326,37.55994],[140.19988,37.55588],[140.1922,37.55376],[140.19099,37.54474],[140.18327,37.54087],[140.17914,37.53524],[140.17101,37.53464],[140.1713,37.53094],[140.1655,37.5273],[140.16791,37.52227],[140.17568,37.51861],[140.17837,37.51313],[140.18418,37.51301],[140.18975,37.51044],[140.19035,37.50271],[140.18718,37.49607],[140.19262,37.49364],[140.19359,37.48849],[140.19878,37.48475],[140.193,37.47374],[140.19943,37.46991],[140.20182,37.46102],[140.19853,37.449],[140.18233,37.45127],[140.17579,37.45799],[140.16671,37.45776],[140.16021,37.46127],[140.14914,37.46333],[140.13254,37.46388],[140.11336,37.46985],[140.10395,37.45304],[140.07898,37.43303],[140.06311,37.42861],[140.05805,37.4228],[140.05755,37.41805],[140.05103,37.41434],[140.04655,37.3889],[140.05351,37.36617],[140.05078,37.35564],[140.04544,37.35248],[140.04507,37.34856],[140.03744,37.34208],[140.036,37.33676]]]},"properties":{"pref":"福島県","city":"郡山市","code5":"07203","code6":"072036"}},
{"type":"Feature","geometry":{"type":"MultiPolygon","coordinates":[[[[140.87742,37.27728],[140.87298,37.27534],[140.865,37.27653],[140.85917,37.27435],[140.85723,37.26569],[140.853,37.25914],[140.84584,37.25831],[140.8376,37.26191],[140.832,37.26042],[140.82784,37.25609],[140.81481,37.25251],[140.80709,37.25424],[140.80339,37.25287],[140.80099,37.25862],[140.79478,37.26131],[140.7875,37.26745],[140.78701,37.27516],[140.79166,37.28011],[140.79304,37.28489],[140.78678,37.28785],[140.77989,37.28818],[140.77855,37.29644],[140.76619,37.2951],[140.7661,37.29884],[140.75343,37.29733],[140.74884,37.30042],[140.74324,37.29706],[140.73519,37.30195],[140.73465,37.30484],[140.72851,37.30827],[140.72995,37.31133],[140.72472,37.31516],[140.72322,37.31954],[140.71377,37.31906],[140.70688,37.31497],[140.69561,37.31499],[140.69025,37.30022],[140.69481,37.29872],[140.69338,37.28895],[140.68913,37.28725],[140.69203,37.28459],[140.69386,37.27776],[140.68561,37.26837],[140.6864,37.2605],[140.68289,37.25331],[140.68538,37.24457],[140.6829,37.24022],[140.68283,37.23448],[140.67493,37.22859],[140.66783,37.22557],[140.66246,37.22826],[140.6497,37.22226],[140.64726,37.21767],[140.63887,37.21613],[140.63237,37.2118],[140.62746,37.2118],[140.61759,37.20369],[140.61381,37.2055],[140.60702,37.20401],[140.60508,37.19445],[140.60791,37.18817],[140.60112,37.17898],[140.60975,37.16975],[140.61396,37.16079],[140.6127,37.15801],[140.61186,37.15408],[140.62053,37.15147],[140.62368,37.14677],[140.62748,37.14796],[140.63256,37.15468],[140.63735,37.14088],[140.64284,37.13338],[140.64131,37.12709],[140.64632,37.11922],[140.65078,37.11994],[140.65699,37.11055],[140.65673,37.10543],[140.66193,37.10116],[140.66433,37.09122],[140.65734,37.08975],[140.65298,37.08519],[140.65813,37.07653],[140.65417,37.07236],[140.64333,37.07146],[140.64057,37.06291],[140.64287,37.05674],[140.63377,37.05559],[140.62422,37.0475],[140.62388,37.03607],[140.62061,37.03449],[140.62176,37.0273],[140.62085,37.0202],[140.61419,37.01325],[140.60677,37.01472],[140.5994,37.00522],[140.59139,37.00202],[140.57669,36.99251],[140.57237,36.99136],[140.56595,36.98578],[140.56999,36.98008],[140.57015,36.97516],[140.58224,36.96559],[140.58273,36.95345],[140.5859,36.95107],[140.58611,36.94528],[140.59387,36.93428],[140.59296,36.92646],[140.59804,36.92505],[140.60289,36.91996],[140.60719,36.91277],[140.61247,36.91067],[140.6147,36.90451],[140.62269,36.90323],[140.63728,36.89756],[140.64738,36.901],[140.65587,36.89729],[140.66461,36.89643],[140.6734,36.89317],[140.6801,36.89338],[140.68372,36.89063],[140.70222,36.88351],[140.70549,36.87839],[140.71414,36.87283],[140.71993,36.87232],[140.72936,36.87441],[140.73421,36.87159],[140.7405,36.87556],[140.74586,36.87124],[140.75556,36.86955],[140.76683,36.86155],[140.77721,36.86738],[140.78643,36.86195],[140.78582,36.85644],[140.79339,36.85921],[140.78912,36.86516],[140.7896,36.87283],[140.79467,36.88516],[140.80092,36.89431],[140.80951,36.90301],[140.81665,36.90838],[140.8266,36.91273],[140.83167,36.91042],[140.84181,36.91023],[140.85426,36.92014],[140.85879,36.92065],[140.87154,36.92787],[140.87586,36.9332],[140.88049,36.92771],[140.89209,36.9374],[140.90765,36.94543],[140.91491,36.94195],[140.9152,36.93643],[140.92452,36.9352],[140.92557,36.94102],[140.93751,36.95271],[140.94944,36.95649],[140.95096,36.96173],[140.95493,36.96242],[140.95987,36.96773],[140.96696,36.97037],[140.96802,36.98412],[140.97322,36.99162],[140.98125,36.99454],[140.97907,37.00639],[140.97575,37.01134],[140.97272,37.02262],[140.97277,37.0363],[140.97386,37.05512],[140.97824,37.07401],[140.98272,37.08928],[140.99162,37.10302],[140.9993,37.11077],[140.99923,37.11585],[140.99755,37.12257],[140.99901,37.13833],[141.00333,37.14525],[141.00048,37.15546],[141.00228,37.16003],[140.99949,37.17177],[141.00043,37.18364],[140.98051,37.18563],[140.96847,37.18914],[140.9567,37.18588],[140.94499,37.19201],[140.93595,37.19551],[140.92572,37.20134],[140.92479,37.2048],[140.91623,37.20335],[140.91684,37.20717],[140.90396,37.21431],[140.90095,37.22039],[140.8899,37.22147],[140.87511,37.22088],[140.87137,37.22666],[140.86712,37.22789],[140.87812,37.24068],[140.87465,37.25314],[140.86958,37.25451],[140.8671,37.25968],[140.87236,37.26433],[140.8719,37.27066],[140.87742,37.27728]]],[[[140.90938,36.93878],[140.9041,36.93856],[140.898,36.93585],[140.89256,36.92876],[140.89777,36.92612],[140.90113,36.93038],[140.89985,36.93656],[140.90938,36.93878]]]]},"properties":{"pref":"福島県","city":"いわき市","code5":"07204","code6":"072044"}},
{"type":"Feature","geometry":{"type":"Polygon","coordinates":[[[140.27944,37.22093],[140.27285,37.22009],[140.25408,37.21995],[140.24677,37.22273],[140.2412,37.22057],[140.23008,37.22563],[140.22388,37.22435],[140.21935,37.22733],[140.21084,37.2284],[140.20372,37.23724],[140.2,37.23658],[140.17886,37.24543],[140.17039,37.24159],[140.16518,37.24357],[140.15871,37.24217],[140.14774,37.24459],[140.1426,37.24818],[140.13955,37.25426],[140.13202,37.2554],[140.12494,37.26008],[140.11434,37.26164],[140.11217,37.25751],[140.10356,37.25503],[140.09929,37.2517],[140.10219,37.24327],[140.09948,37.24283],[140.10093,37.23807],[140.10714,37.23578],[140.11883,37.22757],[140.12229,37.22276],[140.13189,37.21633],[140.13431,37.20925],[140.13829,37.20482],[140.14615,37.21196],[140.15822,37.20138],[140.1659,37.19883],[140.1707,37.19225],[140.18755,37.18375],[140.18537,37.17524],[140.20212,37.16816],[140.20958,37.1675],[140.21075,37.15984],[140.20808,37.15325],[140.20071,37.14124],[140.20113,37.13715],[140.1957,37.13644],[140.1899,37.13076],[140.1869,37.13246],[140.17847,37.13021],[140.18869,37.12638],[140.19087,37.12323],[140.18566,37.11961],[140.18517,37.11587],[140.17683,37.11473],[140.18258,37.10865],[140.17425,37.10512],[140.16751,37.10593],[140.16328,37.10178],[140.16788,37.09771],[140.15998,37.09421],[140.15525,37.09682],[140.15079,37.09433],[140.15623,37.09139],[140.15353,37.08713],[140.15835,37.08058],[140.16437,37.07941],[140.17283,37.07025],[140.18482,37.06921],[140.19306,37.0655],[140.1945,37.06001],[140.19065,37.05667],[140.19978,37.04769],[140.19849,37.0382],[140.19927,37.02841],[140.20333,37.02387],[140.20899,37.02295],[140.2119,37.01987],[140.21973,37.01851],[140.22465,37.0238],[140.24244,37.02388],[140.24893,37.02587],[140.24894,37.0185],[140.25139,37.00919],[140.2576,37.00527],[140.26701,37.00319],[140.26912,37.00889],[140.27597,37.0143],[140.28367,37.01532],[140.2955,37.02016],[140.30021,37.01729],[140.31046,37.01711],[140.31553,37.02019],[140.3135,37.03144],[140.31815,37.03338],[140.32013,37.03744],[140.31564,37.0425],[140.32625,37.04912],[140.34022,37.05182],[140.34661,37.0498],[140.34933,37.04611],[140.35446,37.04939],[140.35119,37.06242],[140.3558,37.06526],[140.35448,37.07317],[140.37038,37.07626],[140.373,37.08048],[140.38325,37.09013],[140.39002,37.08989],[140.39766,37.09879],[140.40675,37.10618],[140.41195,37.10776],[140.41275,37.11575],[140.40899,37.11677],[140.40396,37.12146],[140.39166,37.12174],[140.38713,37.12644],[140.37027,37.12224],[140.36384,37.12145],[140.35933,37.11729],[140.35377,37.11769],[140.3382,37.12282],[140.33005,37.12118],[140.32423,37.12338],[140.31634,37.12361],[140.31495,37.1206],[140.30619,37.12346],[140.2954,37.12852],[140.2924,37.13381],[140.29247,37.13997],[140.28521,37.14061],[140.28049,37.13841],[140.27685,37.14269],[140.26643,37.14735],[140.27081,37.15119],[140.27257,37.15781],[140.27832,37.15686],[140.28,37.16029],[140.2736,37.16501],[140.26054,37.16838],[140.25894,37.17149],[140.25235,37.17284],[140.24443,37.17728],[140.23492,37.18077],[140.24019,37.18635],[140.25254,37.18925],[140.2627,37.19029],[140.28863,37.1916],[140.29329,37.18879],[140.30172,37.1989],[140.29547,37.20315],[140.29663,37.21139],[140.29006,37.21405],[140.29023,37.21791],[140.27944,37.22093]]]},"properties":{"pref":"福島県","city":"白河市","code5":"07205","code6":"072052"}},
{"type":"Feature","geometry":{"type":"Polygon","coordinates":[[[140.10627,37.31916],[140.10728,37.31456],[140.11145,37.31093],[140.11566,37.31175],[140.11799,37.3043],[140.1241,37.29974],[140.13787,37.30016],[140.145,37.29273],[140.15476,37.28547],[140.16857,37.2809],[140.17306,37.2815],[140.17871,37.27637],[140.18762,37.27587],[140.19296,37.27105],[140.19878,37.26991],[140.20259,37.27378],[140.2077,37.27329],[140.2099,37.26745],[140.21596,37.26871],[140.22492,37.26515],[140.23142,37.26449],[140.23785,37.26168],[140.24528,37.26109],[140.25718,37.25583],[140.26171,37.25691],[140.27746,37.25205],[140.28372,37.25469],[140.2982,37.24624],[140.3052,37.24723],[140.30872,37.2452],[140.3173,37.24604],[140.32311,37.248],[140.32161,37.25249],[140.32862,37.2517],[140.32894,37.25941],[140.3316,37.26466],[140.33794,37.26396],[140.33678,37.26979],[140.34158,37.2805],[140.34719,37.28039],[140.35446,37.27631],[140.35969,37.27562],[140.36409,37.27207],[140.38072,37.26694],[140.3811,37.26402],[140.37119,37.2536],[140.36345,37.24982],[140.36666,37.24658],[140.3723,37.24708],[140.38355,37.24435],[140.38853,37.24545],[140.39135,37.24776],[140.39851,37.24665],[140.40999,37.24181],[140.41316,37.24325],[140.42342,37.24089],[140.42284,37.23179],[140.42586,37.22846],[140.43712,37.22698],[140.44795,37.22895],[140.45258,37.22478],[140.45762,37.22398],[140.47107,37.22648],[140.47774,37.22411],[140.48533,37.22505],[140.4871,37.24106],[140.49104,37.24662],[140.50149,37.24969],[140.51105,37.24882],[140.51933,37.25676],[140.5194,37.26184],[140.52298,37.26396],[140.53494,37.26602],[140.52265,37.26951],[140.52052,37.27545],[140.51666,37.27533],[140.51452,37.28121],[140.508,37.28438],[140.4968,37.2848],[140.49216,37.28839],[140.47487,37.29207],[140.47097,37.29701],[140.46403,37.29848],[140.46113,37.30293],[140.45464,37.30654],[140.45134,37.30463],[140.44112,37.30543],[140.43194,37.30941],[140.41851,37.31172],[140.38955,37.32172],[140.37484,37.32935],[140.37619,37.34313],[140.35356,37.33938],[140.34796,37.3435],[140.32695,37.34053],[140.30965,37.34207],[140.30132,37.33865],[140.27599,37.33432],[140.27243,37.33645],[140.25199,37.33437],[140.23812,37.33499],[140.23382,37.33932],[140.22818,37.34085],[140.21903,37.34979],[140.21955,37.35641],[140.20424,37.35999],[140.19766,37.35787],[140.18924,37.36973],[140.1837,37.3688],[140.18094,37.36032],[140.1739,37.35484],[140.17375,37.34503],[140.16804,37.34617],[140.16691,37.33842],[140.15183,37.33165],[140.14878,37.33454],[140.13456,37.33003],[140.13038,37.33449],[140.12137,37.32827],[140.11557,37.32894],[140.11461,37.31981],[140.10875,37.32266],[140.10627,37.31916]]]},"properties":{"pref":"福島県","city":"須賀川市","code5":"07207","code6":"072079"}},
{"type":"Feature","geometry":{"type":"Polygon","coordinates":[[[139.93726,37.8282],[139.9326,37.82939],[139.92795,37.82163],[139.92546,37.81416],[139.90251,37.8137],[139.89808,37.81018],[139.88923,37.81106],[139.88007,37.81011],[139.86368,37.82479],[139.85599,37.82588],[139.85059,37.8213],[139.8452,37.81987],[139.83833,37.8147],[139.83086,37.81513],[139.82161,37.81199],[139.8133,37.804],[139.80824,37.80365],[139.80413,37.80627],[139.80258,37.81411],[139.79496,37.81764],[139.78887,37.82332],[139.78831,37.8265],[139.78241,37.83204],[139.77317,37.83004],[139.7579,37.82462],[139.75542,37.82213],[139.74131,37.82029],[139.73622,37.82811],[139.73179,37.8308],[139.72746,37.83529],[139.72408,37.83692],[139.71921,37.84196],[139.71883,37.84506],[139.716,37.84702],[139.71564,37.85416],[139.70617,37.85593],[139.69598,37.84853],[139.68083,37.84695],[139.68185,37.84674],[139.69775,37.84769],[139.71069,37.85439],[139.71497,37.8526],[139.71492,37.84989],[139.71619,37.84641],[139.72056,37.83957],[139.72378,37.83684],[139.72716,37.83488],[139.72894,37.83128],[139.73598,37.82792],[139.74151,37.81771],[139.72833,37.81224],[139.73738,37.80552],[139.73707,37.8007],[139.7432,37.79623],[139.74506,37.79083],[139.7365,37.78867],[139.72966,37.77889],[139.73233,37.77726],[139.73742,37.76067],[139.73353,37.75036],[139.72621,37.74382],[139.72841,37.7394],[139.72347,37.73537],[139.71692,37.72518],[139.71688,37.71617],[139.71459,37.7068],[139.71145,37.7037],[139.70597,37.69348],[139.70755,37.6898],[139.70624,37.68382],[139.71063,37.67493],[139.70581,37.67282],[139.71178,37.66396],[139.71225,37.65674],[139.7103,37.65303],[139.70323,37.64885],[139.7031,37.64502],[139.69836,37.64033],[139.69996,37.63488],[139.69212,37.63306],[139.68444,37.63422],[139.67436,37.63],[139.67068,37.62182],[139.67631,37.62007],[139.66968,37.60917],[139.67511,37.60934],[139.68301,37.60588],[139.68833,37.60727],[139.69165,37.61492],[139.70137,37.61382],[139.70204,37.61042],[139.70696,37.60662],[139.71085,37.59904],[139.70872,37.59156],[139.71255,37.58808],[139.71781,37.5918],[139.72674,37.58798],[139.73175,37.59344],[139.73659,37.5925],[139.74421,37.59659],[139.75717,37.59793],[139.76096,37.59365],[139.77875,37.59073],[139.78781,37.5932],[139.78245,37.59721],[139.78058,37.60862],[139.77743,37.61458],[139.78149,37.62088],[139.78206,37.62806],[139.78707,37.63395],[139.80278,37.63747],[139.80701,37.636],[139.81027,37.63136],[139.8103,37.6242],[139.79846,37.62426],[139.80119,37.61285],[139.79329,37.60609],[139.79574,37.60377],[139.80369,37.60545],[139.803,37.61206],[139.80883,37.61231],[139.81821,37.60913],[139.82658,37.60274],[139.83062,37.60544],[139.83936,37.59837],[139.8361,37.59443],[139.8453,37.59203],[139.84877,37.5942],[139.86179,37.58823],[139.86083,37.58229],[139.87359,37.58351],[139.87456,37.58704],[139.88355,37.59313],[139.88753,37.59001],[139.90418,37.59025],[139.90353,37.58537],[139.90677,37.58313],[139.90813,37.58166],[139.92755,37.57898],[139.93202,37.57903],[139.93797,37.58399],[139.94443,37.58575],[139.95484,37.59081],[139.96133,37.59863],[139.96949,37.59872],[139.97281,37.60732],[139.98574,37.60891],[139.99289,37.60526],[139.99849,37.60533],[139.99531,37.61518],[139.99538,37.62234],[139.99994,37.62603],[140.00028,37.62958],[139.98876,37.63189],[139.98425,37.63519],[139.96613,37.64262],[139.95751,37.65144],[139.94691,37.65298],[139.94018,37.6506],[139.93397,37.6515],[139.91821,37.64556],[139.91268,37.64765],[139.91177,37.65473],[139.91618,37.65697],[139.92545,37.66853],[139.92606,37.67353],[139.93487,37.68006],[139.93966,37.68188],[139.94717,37.68183],[139.94933,37.68794],[139.96015,37.69746],[139.9658,37.696],[139.96983,37.70497],[139.97559,37.71064],[139.97557,37.71631],[139.98304,37.71831],[139.99105,37.71836],[139.99886,37.72537],[139.99236,37.73189],[139.99548,37.7413],[139.99257,37.7587],[139.9865,37.76041],[139.97804,37.76624],[139.97876,37.77375],[139.97339,37.77578],[139.96726,37.78381],[139.96882,37.78747],[139.96015,37.79565],[139.96213,37.8058],[139.95792,37.81486],[139.94988,37.81637],[139.94088,37.82174],[139.93726,37.8282]]]},"properties":{"pref":"福島県","city":"喜多方市","code5":"07208","code6":"072087"}},
{"type":"Feature","geometry":{"type":"Polygon","coordinates":[[[140.69437,37.80326],[140.69381,37.7977],[140.68987,37.79653],[140.67837,37.78727],[140.67817,37.77959],[140.6819,37.77867],[140.68444,37.77018],[140.69954,37.76394],[140.7025,37.75955],[140.71381,37.76001],[140.72358,37.7618],[140.73135,37.76807],[140.73574,37.76821],[140.73589,37.75712],[140.72839,37.75186],[140.73013,37.75001],[140.73882,37.74985],[140.74756,37.75345],[140.75555,37.7521],[140.76229,37.75955],[140.76893,37.76144],[140.79399,37.75571],[140.79862,37.7563],[140.81304,37.75194],[140.82268,37.74729],[140.83003,37.74551],[140.83552,37.73674],[140.83993,37.73404],[140.84812,37.73403],[140.85301,37.73866],[140.86556,37.74079],[140.87149,37.74566],[140.88174,37.74648],[140.88883,37.7412],[140.9005,37.73928],[140.90884,37.74152],[140.91349,37.74442],[140.92432,37.73687],[140.93354,37.74497],[140.94851,37.74182],[140.95415,37.74374],[140.973,37.73934],[140.97933,37.73482],[140.98881,37.73329],[140.99846,37.72712],[141.001,37.72305],[141.01132,37.72181],[141.0122,37.73282],[141.00791,37.74995],[141.00551,37.75003],[140.99983,37.76133],[140.99094,37.76781],[140.98809,37.77787],[140.98585,37.80882],[140.98639,37.82369],[140.97287,37.8285],[140.96728,37.82884],[140.95971,37.83295],[140.95695,37.83729],[140.95917,37.84149],[140.94558,37.8376],[140.92648,37.83823],[140.92091,37.83604],[140.90879,37.84096],[140.8839,37.84386],[140.8697,37.84161],[140.85418,37.84193],[140.85593,37.82863],[140.85364,37.82136],[140.85814,37.81442],[140.85395,37.81174],[140.85372,37.80703],[140.85791,37.80285],[140.85172,37.79531],[140.84066,37.79603],[140.83037,37.79482],[140.82359,37.79874],[140.81639,37.79825],[140.81075,37.79562],[140.80076,37.79783],[140.78324,37.80449],[140.77498,37.80631],[140.77253,37.79737],[140.77941,37.79095],[140.78678,37.78918],[140.79449,37.78219],[140.80293,37.77998],[140.79553,37.77355],[140.78735,37.77481],[140.77522,37.78182],[140.75715,37.78547],[140.74899,37.7853],[140.74568,37.7883],[140.73803,37.78723],[140.72697,37.78148],[140.723,37.79254],[140.71967,37.79334],[140.71152,37.80066],[140.70131,37.80328],[140.69437,37.80326]]]},"properties":{"pref":"福島県","city":"相馬市","code5":"07209","code6":"072095"}},
{"type":"Feature","geometry":{"type":"Polygon","coordinates":[[[140.28068,37.64169],[140.2847,37.62598],[140.28914,37.62072],[140.2931,37.6185],[140.31035,37.61634],[140.31481,37.61254],[140.32374,37.61414],[140.33119,37.61382],[140.34469,37.60968],[140.34632,37.60371],[140.34275,37.59607],[140.34486,37.58958],[140.33732,37.59192],[140.33447,37.58785],[140.33924,37.58188],[140.34767,37.5768],[140.35439,37.56742],[140.35258,37.56141],[140.3589,37.55611],[140.36908,37.55752],[140.37708,37.56233],[140.38176,37.56008],[140.38786,37.56308],[140.40056,37.55926],[140.40391,37.55036],[140.40852,37.54788],[140.40978,37.54228],[140.41828,37.53818],[140.43393,37.55251],[140.44073,37.5491],[140.44175,37.54452],[140.44663,37.54054],[140.45747,37.5411],[140.46465,37.5368],[140.4642,37.53137],[140.46813,37.52876],[140.47708,37.53014],[140.4841,37.52658],[140.4911,37.52705],[140.49779,37.52433],[140.50585,37.52325],[140.50341,37.51467],[140.51285,37.50997],[140.51364,37.50563],[140.51766,37.50365],[140.52844,37.49883],[140.53548,37.50791],[140.54467,37.51135],[140.54962,37.50566],[140.55505,37.50586],[140.55827,37.50145],[140.56654,37.50291],[140.57314,37.50947],[140.58399,37.51011],[140.58685,37.51327],[140.59334,37.51377],[140.59459,37.51743],[140.60306,37.51766],[140.60752,37.52122],[140.617,37.52224],[140.62177,37.5199],[140.62806,37.52488],[140.63915,37.52628],[140.64643,37.53509],[140.65662,37.53774],[140.66954,37.53375],[140.68191,37.53808],[140.6837,37.54284],[140.68626,37.54731],[140.68134,37.55611],[140.67462,37.55985],[140.67874,37.56305],[140.67814,37.5678],[140.68347,37.57188],[140.68505,37.57937],[140.68331,37.58258],[140.67579,37.5875],[140.67112,37.58823],[140.66143,37.58503],[140.66036,37.58075],[140.6527,37.57997],[140.64903,37.57565],[140.64269,37.57257],[140.63456,37.57295],[140.63071,37.57961],[140.63987,37.58413],[140.63853,37.58982],[140.63268,37.59238],[140.63537,37.59657],[140.63051,37.60633],[140.62057,37.61021],[140.60926,37.61066],[140.60479,37.60858],[140.59665,37.61351],[140.58627,37.61444],[140.5818,37.61765],[140.58161,37.6211],[140.57731,37.62625],[140.56652,37.63326],[140.56855,37.63904],[140.56489,37.64435],[140.55532,37.6509],[140.5488,37.65076],[140.54969,37.64317],[140.54014,37.6435],[140.53863,37.64074],[140.52468,37.63584],[140.5281,37.64403],[140.52323,37.64479],[140.5153,37.64207],[140.51073,37.63675],[140.5135,37.63403],[140.5065,37.62554],[140.49863,37.62588],[140.49817,37.6302],[140.5028,37.63309],[140.50163,37.63833],[140.49092,37.63897],[140.4863,37.63302],[140.48262,37.63705],[140.48259,37.64197],[140.48686,37.64702],[140.48543,37.65084],[140.47713,37.65114],[140.47413,37.64839],[140.45613,37.64699],[140.44268,37.64917],[140.43734,37.6454],[140.42451,37.64502],[140.41504,37.64252],[140.40602,37.64479],[140.40256,37.64807],[140.39185,37.64679],[140.38263,37.64794],[140.37782,37.65123],[140.37071,37.65061],[140.36137,37.64761],[140.34683,37.64695],[140.3338,37.65031],[140.33031,37.64816],[140.31189,37.64677],[140.30655,37.64454],[140.2971,37.64529],[140.29422,37.64185],[140.28758,37.6399],[140.28068,37.64169]]]},"properties":{"pref":"福島県","city":"二本松市","code5":"07210","code6":"072109"}},
{"type":"Feature","geometry":{"type":"Polygon","coordinates":[[[140.55998,37.36544],[140.57104,37.36611],[140.58281,37.35377],[140.59013,37.35304],[140.59727,37.34716],[140.60711,37.34907],[140.61516,37.34489],[140.6302,37.3419],[140.6359,37.34234],[140.64143,37.3401],[140.64866,37.32265],[140.644,37.31414],[140.63924,37.31063],[140.63615,37.30372],[140.63999,37.29936],[140.6397,37.29252],[140.63703,37.28745],[140.64658,37.27647],[140.655,37.27477],[140.66262,37.27819],[140.66743,37.28734],[140.68913,37.28725],[140.69338,37.28895],[140.69481,37.29872],[140.69025,37.30022],[140.69561,37.31499],[140.70688,37.31497],[140.71377,37.31906],[140.72322,37.31954],[140.71957,37.32421],[140.71865,37.33423],[140.713,37.34218],[140.70718,37.34627],[140.70505,37.35298],[140.7011,37.35722],[140.7048,37.36729],[140.69898,37.36951],[140.69992,37.3745],[140.70695,37.37863],[140.7087,37.38323],[140.71586,37.38924],[140.71265,37.39316],[140.715,37.39725],[140.726,37.40025],[140.72846,37.4046],[140.7406,37.40105],[140.74294,37.39362],[140.75539,37.39288],[140.76424,37.3835],[140.77017,37.38723],[140.77924,37.38291],[140.78184,37.38426],[140.7953,37.38088],[140.80319,37.38238],[140.81175,37.38037],[140.81544,37.38231],[140.82581,37.38039],[140.83485,37.37518],[140.84538,37.37443],[140.85061,37.37277],[140.85175,37.38351],[140.8598,37.38705],[140.85812,37.39484],[140.86036,37.39908],[140.85858,37.40662],[140.86168,37.40964],[140.85373,37.4214],[140.85194,37.42636],[140.8502,37.43847],[140.84512,37.44137],[140.84327,37.45017],[140.84553,37.45539],[140.8357,37.46179],[140.83357,37.4683],[140.82647,37.46461],[140.81966,37.46391],[140.81364,37.47066],[140.79948,37.47265],[140.79191,37.46872],[140.78806,37.47343],[140.77995,37.47565],[140.77157,37.47215],[140.76409,37.47938],[140.75392,37.4855],[140.74761,37.48496],[140.74037,37.49058],[140.73121,37.49017],[140.7235,37.49381],[140.71385,37.49667],[140.7026,37.50205],[140.69215,37.50341],[140.69823,37.51123],[140.70546,37.52333],[140.70206,37.52652],[140.69605,37.52587],[140.68191,37.53808],[140.66954,37.53375],[140.65662,37.53774],[140.64643,37.53509],[140.63915,37.52628],[140.62806,37.52488],[140.62177,37.5199],[140.617,37.52224],[140.60752,37.52122],[140.60306,37.51766],[140.59459,37.51743],[140.59334,37.51377],[140.58685,37.51327],[140.58399,37.51011],[140.57314,37.50947],[140.56654,37.50291],[140.55827,37.50145],[140.56441,37.49271],[140.56274,37.48481],[140.5524,37.47053],[140.5463,37.46516],[140.54315,37.46774],[140.53986,37.47516],[140.52364,37.47849],[140.52433,37.47172],[140.52289,37.46536],[140.51927,37.46142],[140.51406,37.46563],[140.50827,37.46492],[140.50971,37.45975],[140.50541,37.45557],[140.52601,37.44894],[140.52708,37.44414],[140.52052,37.43928],[140.52145,37.43114],[140.5162,37.43012],[140.51877,37.41946],[140.50603,37.41735],[140.51195,37.40887],[140.5193,37.40318],[140.51532,37.39336],[140.5191,37.39027],[140.52879,37.38998],[140.53195,37.38591],[140.53637,37.38487],[140.54193,37.37433],[140.55998,37.36544]]]},"properties":{"pref":"福島県","city":"田村市","code5":"07211","code6":"072117"}},
{"type":"Feature","geometry":{"type":"Polygon","coordinates":[[[140.83993,37.73404],[140.84296,37.72211],[140.83614,37.72017],[140.83392,37.71661],[140.8237,37.712],[140.81988,37.71257],[140.81308,37.7072],[140.81345,37.70192],[140.82276,37.7012],[140.82445,37.69848],[140.81898,37.69382],[140.81769,37.68542],[140.81976,37.68249],[140.81359,37.67537],[140.81498,37.6723],[140.82493,37.67016],[140.82339,37.65995],[140.82083,37.65556],[140.82516,37.64742],[140.82778,37.63717],[140.83321,37.63004],[140.82443,37.61507],[140.81907,37.61825],[140.81488,37.61481],[140.82444,37.60979],[140.82924,37.60282],[140.82853,37.59942],[140.83398,37.59338],[140.83987,37.59246],[140.84318,37.58256],[140.83801,37.57744],[140.84363,37.56964],[140.84416,37.55857],[140.85832,37.55166],[140.86352,37.55166],[140.87434,37.54587],[140.87646,37.53758],[140.875,37.53494],[140.87904,37.52927],[140.88015,37.52394],[140.88536,37.52597],[140.89624,37.52163],[140.90641,37.5219],[140.90985,37.51831],[140.9141,37.51904],[140.91839,37.52795],[140.9322,37.53115],[140.93969,37.52592],[140.95902,37.51852],[140.96805,37.51895],[140.98182,37.51506],[140.98874,37.5093],[140.99991,37.50754],[141.01098,37.51035],[141.03421,37.51365],[141.03322,37.52154],[141.03045,37.5288],[141.03018,37.53895],[141.02844,37.54795],[141.02894,37.55437],[141.02664,37.56074],[141.02595,37.57825],[141.02489,37.58344],[141.02705,37.60317],[141.02276,37.61525],[141.0224,37.62685],[141.02398,37.64268],[141.01891,37.65737],[141.02225,37.66428],[141.02084,37.66923],[141.01701,37.67145],[141.01369,37.67709],[141.01383,37.68575],[141.01121,37.68843],[141.01073,37.70331],[141.01219,37.71088],[141.01132,37.72181],[141.001,37.72305],[140.99846,37.72712],[140.98881,37.73329],[140.97933,37.73482],[140.973,37.73934],[140.95415,37.74374],[140.94851,37.74182],[140.93354,37.74497],[140.92432,37.73687],[140.91349,37.74442],[140.90884,37.74152],[140.9005,37.73928],[140.88883,37.7412],[140.88174,37.74648],[140.87149,37.74566],[140.86556,37.74079],[140.85301,37.73866],[140.84812,37.73403],[140.83993,37.73404]]]},"properties":{"pref":"福島県","city":"南相馬市","code5":"07212","code6":"072125"}},
{"type":"Feature","geometry":{"type":"Polygon","coordinates":[[[140.59841,37.90764],[140.59268,37.8974],[140.5954,37.88997],[140.58956,37.88686],[140.58664,37.88129],[140.59291,37.8733],[140.5937,37.86516],[140.58271,37.86594],[140.57634,37.85731],[140.56273,37.85728],[140.56499,37.84815],[140.56367,37.84507],[140.55215,37.83936],[140.54595,37.84041],[140.54111,37.83502],[140.53198,37.83299],[140.5288,37.83478],[140.52194,37.83224],[140.51765,37.83626],[140.514,37.83072],[140.50674,37.82794],[140.49205,37.82719],[140.48999,37.82588],[140.4891,37.81272],[140.49639,37.81066],[140.50254,37.81442],[140.50866,37.81247],[140.51013,37.80915],[140.51854,37.808],[140.52032,37.806],[140.51718,37.79807],[140.52817,37.79361],[140.52354,37.79033],[140.52199,37.77916],[140.52314,37.77486],[140.52822,37.771],[140.52741,37.76298],[140.53339,37.76113],[140.54241,37.76235],[140.55198,37.76914],[140.55374,37.76584],[140.56433,37.76376],[140.57001,37.76101],[140.56679,37.7551],[140.5597,37.7478],[140.5576,37.74313],[140.55015,37.73941],[140.54543,37.728],[140.54527,37.71951],[140.54252,37.71245],[140.54595,37.7086],[140.55528,37.71417],[140.56565,37.71392],[140.56697,37.70699],[140.57055,37.70287],[140.57995,37.69803],[140.57936,37.69472],[140.58762,37.68928],[140.5897,37.69333],[140.59691,37.69803],[140.59358,37.70022],[140.61103,37.71417],[140.6223,37.71135],[140.62897,37.70768],[140.63243,37.71036],[140.64474,37.7121],[140.66182,37.70204],[140.66166,37.70877],[140.66812,37.71141],[140.66718,37.71565],[140.67104,37.71859],[140.66951,37.72256],[140.6765,37.7281],[140.67658,37.73647],[140.68294,37.74191],[140.70081,37.7449],[140.70499,37.75016],[140.72839,37.75186],[140.73589,37.75712],[140.73574,37.76821],[140.73135,37.76807],[140.72358,37.7618],[140.71381,37.76001],[140.7025,37.75955],[140.69954,37.76394],[140.68444,37.77018],[140.6819,37.77867],[140.67817,37.77959],[140.67837,37.78727],[140.68987,37.79653],[140.69381,37.7977],[140.69437,37.80326],[140.6898,37.81275],[140.6855,37.81535],[140.68645,37.81952],[140.68424,37.83089],[140.6795,37.83685],[140.68694,37.84224],[140.68561,37.84689],[140.69158,37.84951],[140.69285,37.85705],[140.69053,37.86256],[140.68582,37.86794],[140.68753,37.87121],[140.68276,37.87407],[140.68288,37.87951],[140.69089,37.88367],[140.68854,37.88913],[140.67228,37.89297],[140.66698,37.89506],[140.66,37.90088],[140.64686,37.89864],[140.64467,37.89545],[140.62734,37.89907],[140.62245,37.90264],[140.61862,37.91252],[140.61165,37.91516],[140.61021,37.91109],[140.60033,37.91016],[140.59841,37.90764]]]},"properties":{"pref":"福島県","city":"伊達市","code5":"07213","code6":"072133"}},
{"type":"Feature","geometry":{"type":"Polygon","coordinates":[[[140.478,37.4815],[140.48182,37.48517],[140.48905,37.48354],[140.49482,37.48426],[140.50095,37.48264],[140.50662,37.4849],[140.51766,37.50365],[140.51364,37.50563],[140.51285,37.50997],[140.50341,37.51467],[140.50585,37.52325],[140.49779,37.52433],[140.4911,37.52705],[140.4841,37.52658],[140.47708,37.53014],[140.46813,37.52876],[140.4642,37.53137],[140.46465,37.5368],[140.45747,37.5411],[140.44663,37.54054],[140.44175,37.54452],[140.44073,37.5491],[140.43393,37.55251],[140.41828,37.53818],[140.41382,37.53192],[140.4012,37.53181],[140.39692,37.52984],[140.38696,37.53463],[140.38362,37.52462],[140.38542,37.52036],[140.37917,37.51682],[140.37499,37.51701],[140.36013,37.51275],[140.35526,37.51552],[140.34799,37.5159],[140.34048,37.51027],[140.33463,37.50807],[140.32605,37.5082],[140.31822,37.50671],[140.3151,37.50459],[140.32024,37.49972],[140.31961,37.49034],[140.3225,37.48525],[140.31821,37.47751],[140.3224,37.47593],[140.3256,37.47109],[140.33578,37.4698],[140.33781,37.47865],[140.34431,37.47942],[140.34797,37.47268],[140.35168,37.47076],[140.35678,37.47274],[140.36042,37.47096],[140.37322,37.47139],[140.38376,37.47885],[140.39124,37.47726],[140.39643,37.48258],[140.39976,37.48313],[140.40619,37.48979],[140.41271,37.48206],[140.42157,37.48078],[140.42416,37.48551],[140.44147,37.48162],[140.44958,37.48576],[140.45131,37.48057],[140.46026,37.48006],[140.46641,37.48253],[140.46963,37.48633],[140.47402,37.48098],[140.478,37.4815]]]},"properties":{"pref":"福島県","city":"本宮市","code5":"07214","code6":"072141"}},
{"type":"Feature","geometry":{"type":"Polygon","coordinates":[[[140.48418,37.90153],[140.47834,37.89787],[140.46848,37.89411],[140.47093,37.88554],[140.4588,37.87353],[140.4618,37.87093],[140.45889,37.86526],[140.46687,37.85768],[140.47495,37.85473],[140.48444,37.84734],[140.48217,37.84484],[140.47437,37.84704],[140.47152,37.84097],[140.47546,37.83367],[140.48181,37.82735],[140.49205,37.82719],[140.50674,37.82794],[140.514,37.83072],[140.51765,37.83626],[140.52194,37.83224],[140.5288,37.83478],[140.53198,37.83299],[140.54111,37.83502],[140.54595,37.84041],[140.55215,37.83936],[140.56367,37.84507],[140.56499,37.84815],[140.56273,37.85728],[140.5506,37.86195],[140.546,37.86098],[140.54043,37.87228],[140.52643,37.87571],[140.52044,37.87983],[140.51705,37.87905],[140.50191,37.88294],[140.49925,37.88623],[140.4873,37.89327],[140.48788,37.89985],[140.48418,37.90153]]]},"properties":{"pref":"福島県","county":"伊達郡","city":"桑折町","code5":"07301","code6":"073016"}},
{"type":"Feature","geometry":{"type":"Polygon","coordinates":[[[140.48788,37.89985],[140.4873,37.89327],[140.49925,37.88623],[140.50191,37.88294],[140.51705,37.87905],[140.52044,37.87983],[140.52643,37.87571],[140.54043,37.87228],[140.546,37.86098],[140.5506,37.86195],[140.56273,37.85728],[140.57634,37.85731],[140.58271,37.86594],[140.5937,37.86516],[140.59291,37.8733],[140.58664,37.88129],[140.58956,37.88686],[140.5954,37.88997],[140.59268,37.8974],[140.59841,37.90764],[140.59181,37.90617],[140.58429,37.90892],[140.57531,37.91448],[140.56638,37.92279],[140.56256,37.91791],[140.56303,37.91144],[140.55458,37.90942],[140.53689,37.90759],[140.53133,37.90525],[140.52182,37.9088],[140.51726,37.90747],[140.51579,37.90349],[140.50897,37.90518],[140.50217,37.90457],[140.49835,37.90036],[140.48788,37.89985]]]},"properties":{"pref":"福島県","county":"伊達郡","city":"国見町","code5":"07303","code6":"073032"}},
{"type":"Feature","geometry":{"type":"Polygon","coordinates":[[[140.55532,37.6509],[140.56489,37.64435],[140.56855,37.63904],[140.56652,37.63326],[140.57731,37.62625],[140.58161,37.6211],[140.5818,37.61765],[140.58627,37.61444],[140.59665,37.61351],[140.60479,37.60858],[140.60926,37.61066],[140.62057,37.61021],[140.63051,37.60633],[140.63537,37.59657],[140.63268,37.59238],[140.63853,37.58982],[140.63987,37.58413],[140.63071,37.57961],[140.63456,37.57295],[140.64269,37.57257],[140.64903,37.57565],[140.6527,37.57997],[140.66036,37.58075],[140.66143,37.58503],[140.67112,37.58823],[140.67579,37.5875],[140.68331,37.58258],[140.68505,37.57937],[140.68347,37.57188],[140.67814,37.5678],[140.67874,37.56305],[140.67462,37.55985],[140.68134,37.55611],[140.68626,37.54731],[140.69479,37.5604],[140.69855,37.5615],[140.6977,37.56764],[140.70132,37.5754],[140.71342,37.57314],[140.7144,37.57604],[140.72408,37.58687],[140.72626,37.59339],[140.71825,37.60144],[140.70647,37.60635],[140.69902,37.60544],[140.68589,37.61402],[140.68555,37.61699],[140.67707,37.62061],[140.66864,37.62967],[140.66657,37.64161],[140.66873,37.65285],[140.66476,37.65583],[140.6659,37.66099],[140.66237,37.66308],[140.66561,37.66794],[140.6671,37.67616],[140.66017,37.67998],[140.65597,37.6876],[140.65213,37.68463],[140.64601,37.68427],[140.6449,37.69165],[140.6498,37.69773],[140.66182,37.70204],[140.64474,37.7121],[140.63243,37.71036],[140.62897,37.70768],[140.6223,37.71135],[140.61103,37.71417],[140.59358,37.70022],[140.59691,37.69803],[140.5897,37.69333],[140.58762,37.68928],[140.57936,37.69472],[140.57995,37.69803],[140.57055,37.70287],[140.56697,37.70699],[140.56565,37.71392],[140.55528,37.71417],[140.54595,37.7086],[140.54834,37.70444],[140.54651,37.70087],[140.54111,37.70061],[140.53965,37.69444],[140.54725,37.68998],[140.54846,37.681],[140.55153,37.67799],[140.54847,37.67462],[140.56216,37.6709],[140.55875,37.66728],[140.56107,37.66405],[140.56755,37.66214],[140.56886,37.65791],[140.56173,37.65243],[140.55532,37.6509]]]},"properties":{"pref":"福島県","county":"伊達郡","city":"川俣町","code5":"07308","code6":"073083"}},
{"type":"Feature","geometry":{"type":"Polygon","coordinates":[[[140.31822,37.50671],[140.32605,37.5082],[140.33463,37.50807],[140.34048,37.51027],[140.34799,37.5159],[140.35526,37.51552],[140.36013,37.51275],[140.37499,37.51701],[140.37917,37.51682],[140.38542,37.52036],[140.38362,37.52462],[140.38696,37.53463],[140.39692,37.52984],[140.4012,37.53181],[140.41382,37.53192],[140.41828,37.53818],[140.40978,37.54228],[140.40852,37.54788],[140.40391,37.55036],[140.40056,37.55926],[140.38786,37.56308],[140.38176,37.56008],[140.37708,37.56233],[140.36908,37.55752],[140.3589,37.55611],[140.35258,37.56141],[140.35439,37.56742],[140.34767,37.5768],[140.33924,37.58188],[140.33447,37.58785],[140.33732,37.59192],[140.34486,37.58958],[140.34275,37.59607],[140.34632,37.60371],[140.34469,37.60968],[140.33119,37.61382],[140.32374,37.61414],[140.31481,37.61254],[140.31035,37.61634],[140.2931,37.6185],[140.28914,37.62072],[140.29033,37.61181],[140.28504,37.60547],[140.28724,37.59941],[140.28001,37.59108],[140.27778,37.58218],[140.28285,37.57084],[140.28789,37.56256],[140.2858,37.55541],[140.2917,37.5479],[140.2967,37.54609],[140.29918,37.53983],[140.29901,37.53148],[140.30659,37.52598],[140.30423,37.52164],[140.31796,37.51543],[140.31822,37.50671]]]},"properties":{"pref":"福島県","county":"安達郡","city":"大玉村","code5":"07322","code6":"073229"}},
{"type":"Feature","geometry":{"type":"Polygon","coordinates":[[[140.3173,37.24604],[140.31455,37.24387],[140.31311,37.23408],[140.30991,37.23458],[140.31166,37.23046],[140.31686,37.22759],[140.31724,37.22058],[140.32053,37.21721],[140.33054,37.21813],[140.33278,37.22318],[140.33927,37.21966],[140.34532,37.21872],[140.35563,37.22683],[140.35924,37.22337],[140.36654,37.22065],[140.37258,37.22259],[140.38901,37.22394],[140.39317,37.22255],[140.39651,37.22421],[140.39529,37.22978],[140.39167,37.2328],[140.38853,37.24545],[140.38355,37.24435],[140.3723,37.24708],[140.36666,37.24658],[140.36345,37.24982],[140.37119,37.2536],[140.3811,37.26402],[140.38072,37.26694],[140.36409,37.27207],[140.35969,37.27562],[140.35446,37.27631],[140.34719,37.28039],[140.34158,37.2805],[140.33678,37.26979],[140.33794,37.26396],[140.3316,37.26466],[140.32894,37.25941],[140.32862,37.2517],[140.32161,37.25249],[140.32311,37.248],[140.3173,37.24604]]]},"properties":{"pref":"福島県","county":"岩瀬郡","city":"鏡石町","code5":"07342","code6":"073423"}},
{"type":"Feature","geometry":{"type":"Polygon","coordinates":[[[140.01248,37.323],[140.0014,37.31854],[139.99904,37.30992],[139.99334,37.30762],[139.99192,37.29719],[139.98245,37.29001],[139.97575,37.28294],[139.97759,37.27315],[139.96301,37.27318],[139.96471,37.26531],[139.96923,37.25928],[139.96468,37.25038],[139.96641,37.24675],[139.96398,37.2428],[139.9595,37.24188],[139.95682,37.2369],[139.95205,37.23604],[139.94799,37.22782],[139.9479,37.22135],[139.95106,37.21787],[139.95796,37.21668],[139.96577,37.20706],[139.97306,37.20391],[139.98214,37.20194],[139.99384,37.19632],[139.99953,37.19968],[140.0061,37.19752],[140.01168,37.19844],[140.0178,37.19697],[140.02668,37.20059],[140.03057,37.20034],[140.03922,37.2061],[140.0483,37.20318],[140.05227,37.20823],[140.06121,37.20893],[140.06361,37.21318],[140.07134,37.20995],[140.07352,37.2174],[140.07189,37.22397],[140.07723,37.22746],[140.0831,37.22643],[140.08918,37.23321],[140.08628,37.23634],[140.08972,37.23986],[140.09948,37.24283],[140.10219,37.24327],[140.09929,37.2517],[140.10356,37.25503],[140.11217,37.25751],[140.11434,37.26164],[140.12494,37.26008],[140.13202,37.2554],[140.13955,37.25426],[140.1426,37.24818],[140.14774,37.24459],[140.15871,37.24217],[140.16518,37.24357],[140.17039,37.24159],[140.17886,37.24543],[140.2,37.23658],[140.20372,37.23724],[140.21084,37.2284],[140.21935,37.22733],[140.22388,37.22435],[140.23008,37.22563],[140.2412,37.22057],[140.24677,37.22273],[140.25408,37.21995],[140.27285,37.22009],[140.27944,37.22093],[140.28341,37.22547],[140.28973,37.22414],[140.29318,37.2263],[140.30015,37.22399],[140.30287,37.22992],[140.30182,37.23358],[140.30612,37.23669],[140.30991,37.23458],[140.31311,37.23408],[140.31455,37.24387],[140.3173,37.24604],[140.30872,37.2452],[140.3052,37.24723],[140.2982,37.24624],[140.28372,37.25469],[140.27746,37.25205],[140.26171,37.25691],[140.25718,37.25583],[140.24528,37.26109],[140.23785,37.26168],[140.23142,37.26449],[140.22492,37.26515],[140.21596,37.26871],[140.2099,37.26745],[140.2077,37.27329],[140.20259,37.27378],[140.19878,37.26991],[140.19296,37.27105],[140.18762,37.27587],[140.17871,37.27637],[140.17306,37.2815],[140.16857,37.2809],[140.15476,37.28547],[140.145,37.29273],[140.13787,37.30016],[140.1241,37.29974],[140.11799,37.3043],[140.11566,37.31175],[140.11145,37.31093],[140.10728,37.31456],[140.10627,37.31916],[140.1029,37.32088],[140.09339,37.31854],[140.09205,37.32098],[140.08177,37.32089],[140.07566,37.31722],[140.06946,37.31962],[140.06794,37.32433],[140.06183,37.32793],[140.05687,37.32795],[140.04078,37.33275],[140.036,37.33676],[140.02541,37.3421],[140.019,37.33532],[140.01248,37.323]]]},"properties":{"pref":"福島県","county":"岩瀬郡","city":"天栄村","code5":"07344","code6":"073440"}},
{"type":"Feature","geometry":{"type":"Polygon","coordinates":[[[139.87498,37.3612],[139.86895,37.36146],[139.85295,37.35556],[139.84918,37.34614],[139.84409,37.34329],[139.83966,37.34662],[139.83263,37.34409],[139.83206,37.33738],[139.83603,37.33214],[139.82938,37.32597],[139.82903,37.32094],[139.81963,37.31268],[139.81663,37.31385],[139.81146,37.30777],[139.80388,37.30893],[139.79215,37.30343],[139.79114,37.29708],[139.79334,37.29507],[139.79203,37.28805],[139.77845,37.2814],[139.76913,37.28532],[139.76168,37.2842],[139.74443,37.29178],[139.74225,37.28908],[139.73537,37.2875],[139.7309,37.27925],[139.71811,37.27302],[139.71288,37.27268],[139.70992,37.26191],[139.7055,37.25427],[139.70983,37.25522],[139.72307,37.25248],[139.72853,37.24953],[139.73465,37.25112],[139.74128,37.24936],[139.754,37.2486],[139.75196,37.23648],[139.76063,37.23655],[139.77357,37.23223],[139.78157,37.23222],[139.7866,37.23718],[139.7958,37.23757],[139.79852,37.24143],[139.80644,37.23964],[139.80955,37.23156],[139.82261,37.22577],[139.82426,37.22205],[139.83387,37.22604],[139.84233,37.2135],[139.84417,37.20768],[139.85283,37.20007],[139.85201,37.19044],[139.84229,37.18677],[139.83579,37.18212],[139.83296,37.17668],[139.83865,37.16966],[139.84299,37.16736],[139.85158,37.16854],[139.85578,37.16543],[139.85518,37.15819],[139.86197,37.15281],[139.86629,37.14723],[139.87757,37.14613],[139.89464,37.15326],[139.90243,37.15427],[139.90651,37.14953],[139.91634,37.14763],[139.92444,37.15188],[139.93046,37.15147],[139.9338,37.15374],[139.9437,37.15259],[139.95461,37.15494],[139.96126,37.1533],[139.96399,37.161],[139.96171,37.16696],[139.96334,37.16973],[139.95911,37.17525],[139.95987,37.17993],[139.96801,37.18658],[139.98214,37.20194],[139.97306,37.20391],[139.96577,37.20706],[139.95796,37.21668],[139.95106,37.21787],[139.9479,37.22135],[139.94799,37.22782],[139.95205,37.23604],[139.95682,37.2369],[139.9595,37.24188],[139.96398,37.2428],[139.96641,37.24675],[139.96468,37.25038],[139.96923,37.25928],[139.96471,37.26531],[139.96301,37.27318],[139.97759,37.27315],[139.97575,37.28294],[139.98245,37.29001],[139.99192,37.29719],[139.99334,37.30762],[139.99904,37.30992],[140.0014,37.31854],[140.01248,37.323],[140.00949,37.32697],[139.99868,37.33089],[139.98967,37.3274],[139.98138,37.32839],[139.9773,37.33126],[139.96606,37.33306],[139.95846,37.33652],[139.9513,37.33638],[139.94788,37.32818],[139.93233,37.32406],[139.92049,37.32545],[139.92063,37.33001],[139.91497,37.33073],[139.91339,37.33869],[139.91017,37.34032],[139.91125,37.34868],[139.91988,37.34922],[139.91785,37.35498],[139.90407,37.35182],[139.88576,37.34294],[139.88401,37.35394],[139.87498,37.3612]]]},"properties":{"pref":"福島県","county":"南会津郡","city":"下郷町","code5":"07362","code6":"073628"}},
{"type":"Feature","geometry":{"type":"Polygon","coordinates":[[[139.37447,37.11818],[139.36839,37.1178],[139.36587,37.11499],[139.35805,37.11488],[139.34334,37.12112],[139.33958,37.13174],[139.34016,37.13514],[139.33391,37.14792],[139.33351,37.15537],[139.3414,37.1583],[139.3436,37.16548],[139.34122,37.17073],[139.33454,37.17276],[139.32581,37.16911],[139.3114,37.16674],[139.30815,37.16468],[139.29912,37.16576],[139.28572,37.16178],[139.28047,37.16352],[139.27485,37.1682],[139.2713,37.17507],[139.2669,37.17584],[139.26109,37.18196],[139.25998,37.18596],[139.2615,37.19299],[139.25725,37.20186],[139.25327,37.20295],[139.25016,37.19784],[139.24216,37.19496],[139.23788,37.18784],[139.24458,37.18114],[139.24322,37.17038],[139.24642,37.16628],[139.25116,37.16592],[139.25299,37.16125],[139.24989,37.15642],[139.24984,37.15158],[139.24567,37.14486],[139.2433,37.12716],[139.23746,37.11953],[139.23537,37.11394],[139.23574,37.10246],[139.24088,37.09374],[139.23865,37.09051],[139.24257,37.0849],[139.24873,37.08137],[139.24702,37.07079],[139.25734,37.05594],[139.25956,37.0433],[139.25462,37.04025],[139.2532,37.03431],[139.24854,37.0309],[139.24851,37.02395],[139.24337,37.01513],[139.25103,37.00462],[139.25379,36.99033],[139.2532,36.98369],[139.24718,36.9802],[139.25215,36.97657],[139.24807,36.97141],[139.25116,36.96203],[139.24992,36.9559],[139.24624,36.95553],[139.24182,36.94907],[139.2434,36.94462],[139.24042,36.94125],[139.2319,36.94053],[139.23275,36.93738],[139.23887,36.93324],[139.24056,36.92948],[139.25466,36.93234],[139.26143,36.93791],[139.26821,36.93859],[139.27512,36.93363],[139.28171,36.93115],[139.28623,36.93423],[139.29482,36.93446],[139.30507,36.92581],[139.30902,36.92696],[139.32751,36.92459],[139.33429,36.92475],[139.34239,36.92753],[139.34472,36.92351],[139.35278,36.91577],[139.3612,36.91638],[139.36475,36.91832],[139.37313,36.91839],[139.38143,36.91404],[139.3833,36.9114],[139.39329,36.9108],[139.39914,36.92009],[139.40785,36.92651],[139.41219,36.92761],[139.42024,36.92412],[139.4269,36.92417],[139.43496,36.93587],[139.43445,36.94185],[139.45668,36.95384],[139.45993,36.96965],[139.45555,36.97047],[139.44344,36.98072],[139.4436,36.98832],[139.44653,36.99193],[139.44422,36.99875],[139.44774,37.00198],[139.44888,37.01127],[139.44513,37.01627],[139.43653,37.0207],[139.43809,37.02458],[139.43297,37.02928],[139.42874,37.03032],[139.41675,37.03824],[139.42144,37.04011],[139.42082,37.04863],[139.41757,37.05054],[139.4188,37.05515],[139.41455,37.07011],[139.40075,37.07116],[139.38711,37.0801],[139.38231,37.08212],[139.38596,37.08958],[139.38729,37.09681],[139.3873,37.10749],[139.38337,37.10836],[139.37447,37.11818]]]},"properties":{"pref":"福島県","county":"南会津郡","city":"檜枝岐村","code5":"07364","code6":"073644"}},
{"type":"Feature","geometry":{"type":"Polygon","coordinates":[[[139.37447,37.11818],[139.3759,37.1201],[139.39545,37.12292],[139.40091,37.12974],[139.40738,37.13462],[139.42104,37.13188],[139.42868,37.1376],[139.43244,37.13817],[139.43474,37.14643],[139.44894,37.1555],[139.45725,37.15794],[139.45896,37.16398],[139.45828,37.17606],[139.46495,37.1808],[139.46864,37.18099],[139.47358,37.19559],[139.47706,37.20255],[139.47994,37.20261],[139.48136,37.20952],[139.48716,37.21114],[139.49146,37.21584],[139.4906,37.21985],[139.48446,37.22161],[139.48005,37.23131],[139.48349,37.24888],[139.4901,37.25506],[139.49164,37.25978],[139.48746,37.26107],[139.48184,37.2672],[139.47965,37.27779],[139.47325,37.2857],[139.47461,37.29157],[139.48365,37.28779],[139.49248,37.28944],[139.50152,37.28613],[139.50491,37.28845],[139.50404,37.29539],[139.5173,37.30029],[139.51809,37.30476],[139.52701,37.31091],[139.53379,37.31027],[139.53318,37.30435],[139.53984,37.3061],[139.5526,37.30489],[139.55706,37.29926],[139.56101,37.29959],[139.56614,37.30512],[139.57425,37.30754],[139.57229,37.30967],[139.57366,37.32156],[139.56858,37.32292],[139.56459,37.32801],[139.54831,37.33611],[139.55221,37.34452],[139.55646,37.3476],[139.5476,37.35195],[139.55193,37.35702],[139.5437,37.36301],[139.52673,37.36486],[139.51995,37.36953],[139.52053,37.37422],[139.51629,37.379],[139.51192,37.37791],[139.511,37.37344],[139.50432,37.36881],[139.49784,37.36936],[139.49268,37.36547],[139.48942,37.35906],[139.48554,37.35956],[139.48234,37.35431],[139.47646,37.35059],[139.47482,37.34703],[139.4661,37.345],[139.46223,37.34689],[139.45428,37.34109],[139.44783,37.33442],[139.43781,37.33454],[139.42937,37.33324],[139.43076,37.3376],[139.42585,37.3402],[139.41672,37.33985],[139.41613,37.34538],[139.40723,37.34697],[139.40296,37.35749],[139.39917,37.36317],[139.39342,37.35926],[139.3816,37.35461],[139.37874,37.36294],[139.36473,37.38223],[139.37492,37.38594],[139.38124,37.40161],[139.38029,37.41025],[139.3777,37.4128],[139.39193,37.42354],[139.38959,37.43011],[139.39274,37.43636],[139.40254,37.44466],[139.39938,37.45688],[139.39751,37.45984],[139.38552,37.46361],[139.37961,37.46311],[139.36854,37.46541],[139.36255,37.46997],[139.35125,37.46556],[139.34583,37.46027],[139.33514,37.45779],[139.32754,37.45996],[139.32647,37.46239],[139.31522,37.45922],[139.31048,37.45565],[139.30712,37.4586],[139.28651,37.45224],[139.28203,37.44983],[139.27722,37.45283],[139.25892,37.44706],[139.25633,37.45092],[139.25122,37.45244],[139.23747,37.44515],[139.223,37.44862],[139.21303,37.43865],[139.21362,37.43661],[139.20753,37.42891],[139.20673,37.42413],[139.20837,37.41707],[139.19869,37.41303],[139.19725,37.41077],[139.20195,37.40866],[139.2076,37.4006],[139.20771,37.39622],[139.2153,37.39126],[139.22194,37.39333],[139.23167,37.38738],[139.23146,37.38023],[139.23497,37.37877],[139.23803,37.37295],[139.23759,37.36813],[139.23355,37.35701],[139.23484,37.35077],[139.23362,37.34361],[139.22815,37.34328],[139.22187,37.33572],[139.21787,37.33403],[139.22109,37.32368],[139.22422,37.32143],[139.22211,37.31501],[139.21569,37.30864],[139.21771,37.30525],[139.21525,37.30027],[139.21468,37.29212],[139.21229,37.28621],[139.20541,37.28361],[139.19758,37.27539],[139.19296,37.2733],[139.19177,37.26934],[139.17469,37.25635],[139.16476,37.23943],[139.1659,37.23217],[139.17254,37.22495],[139.18306,37.21739],[139.18713,37.20971],[139.19479,37.20396],[139.19672,37.19401],[139.20527,37.19422],[139.21309,37.19964],[139.21785,37.20949],[139.22178,37.20448],[139.22624,37.20353],[139.22844,37.19709],[139.23565,37.18849],[139.23788,37.18784],[139.24216,37.19496],[139.25016,37.19784],[139.25327,37.20295],[139.25725,37.20186],[139.2615,37.19299],[139.25998,37.18596],[139.26109,37.18196],[139.2669,37.17584],[139.2713,37.17507],[139.27485,37.1682],[139.28047,37.16352],[139.28572,37.16178],[139.29912,37.16576],[139.30815,37.16468],[139.3114,37.16674],[139.32581,37.16911],[139.33454,37.17276],[139.34122,37.17073],[139.3436,37.16548],[139.3414,37.1583],[139.33351,37.15537],[139.33391,37.14792],[139.34016,37.13514],[139.33958,37.13174],[139.34334,37.12112],[139.35805,37.11488],[139.36587,37.11499],[139.36839,37.1178],[139.37447,37.11818]]]},"properties":{"pref":"福島県","county":"南会津郡","city":"只見町","code5":"07367","code6":"073679"}},
{"type":"Feature","geometry":{"type":"Polygon","coordinates":[[[139.7055,37.25427],[139.69589,37.24729],[139.6913,37.2499],[139.6775,37.24667],[139.67215,37.24641],[139.66986,37.24062],[139.66311,37.24104],[139.65723,37.23933],[139.65479,37.22989],[139.64499,37.22916],[139.63542,37.23213],[139.63503,37.22787],[139.62981,37.22673],[139.62248,37.22792],[139.61923,37.22125],[139.62092,37.21588],[139.61762,37.21457],[139.61205,37.20744],[139.60673,37.20653],[139.60109,37.2082],[139.59777,37.21394],[139.59211,37.21856],[139.59025,37.22287],[139.5922,37.2322],[139.59051,37.23715],[139.59215,37.24263],[139.58786,37.24627],[139.58732,37.25205],[139.59431,37.25776],[139.59258,37.26644],[139.59747,37.27165],[139.59462,37.27779],[139.59025,37.2787],[139.586,37.28324],[139.57969,37.286],[139.57791,37.29723],[139.57425,37.30754],[139.56614,37.30512],[139.56101,37.29959],[139.55706,37.29926],[139.5526,37.30489],[139.53984,37.3061],[139.53318,37.30435],[139.53379,37.31027],[139.52701,37.31091],[139.51809,37.30476],[139.5173,37.30029],[139.50404,37.29539],[139.50491,37.28845],[139.50152,37.28613],[139.49248,37.28944],[139.48365,37.28779],[139.47461,37.29157],[139.47325,37.2857],[139.47965,37.27779],[139.48184,37.2672],[139.48746,37.26107],[139.49164,37.25978],[139.4901,37.25506],[139.48349,37.24888],[139.48005,37.23131],[139.48446,37.22161],[139.4906,37.21985],[139.49146,37.21584],[139.48716,37.21114],[139.48136,37.20952],[139.47994,37.20261],[139.47706,37.20255],[139.47358,37.19559],[139.46864,37.18099],[139.46495,37.1808],[139.45828,37.17606],[139.45896,37.16398],[139.45725,37.15794],[139.44894,37.1555],[139.43474,37.14643],[139.43244,37.13817],[139.42868,37.1376],[139.42104,37.13188],[139.40738,37.13462],[139.40091,37.12974],[139.39545,37.12292],[139.3759,37.1201],[139.37447,37.11818],[139.38337,37.10836],[139.3873,37.10749],[139.38729,37.09681],[139.38596,37.08958],[139.38231,37.08212],[139.38711,37.0801],[139.40075,37.07116],[139.41455,37.07011],[139.4188,37.05515],[139.41757,37.05054],[139.42082,37.04863],[139.42144,37.04011],[139.41675,37.03824],[139.42874,37.03032],[139.43297,37.02928],[139.43809,37.02458],[139.43653,37.0207],[139.44513,37.01627],[139.44888,37.01127],[139.44774,37.00198],[139.44422,36.99875],[139.44653,36.99193],[139.4436,36.98832],[139.44344,36.98072],[139.45555,36.97047],[139.45993,36.96965],[139.47269,36.97135],[139.48433,36.97544],[139.49429,36.96793],[139.50386,36.96957],[139.51514,36.97784],[139.53272,36.98176],[139.53529,36.9806],[139.54473,36.99089],[139.55446,36.99249],[139.55672,36.99678],[139.56463,36.99688],[139.57953,37.00495],[139.58189,37.0149],[139.58805,37.01535],[139.59869,37.01204],[139.60284,37.01597],[139.61163,37.0138],[139.61932,37.01663],[139.61883,37.01973],[139.62552,37.02599],[139.62497,37.03272],[139.631,37.03381],[139.63565,37.03188],[139.64294,37.03554],[139.65163,37.03731],[139.65574,37.04192],[139.66495,37.04053],[139.67124,37.0482],[139.6726,37.05715],[139.67673,37.05674],[139.69206,37.06255],[139.70053,37.05938],[139.71101,37.06842],[139.72416,37.06991],[139.73296,37.06867],[139.73728,37.07203],[139.75271,37.07059],[139.75493,37.07429],[139.76286,37.07569],[139.76352,37.07821],[139.77065,37.08351],[139.77491,37.09189],[139.77786,37.08883],[139.78795,37.0907],[139.80951,37.08484],[139.82209,37.08514],[139.81973,37.08797],[139.81825,37.09667],[139.82113,37.10874],[139.81615,37.11116],[139.81519,37.11615],[139.81904,37.12178],[139.82793,37.12629],[139.83177,37.13364],[139.83977,37.13543],[139.84784,37.13945],[139.8518,37.13715],[139.86096,37.14082],[139.86629,37.14723],[139.86197,37.15281],[139.85518,37.15819],[139.85578,37.16543],[139.85158,37.16854],[139.84299,37.16736],[139.83865,37.16966],[139.83296,37.17668],[139.83579,37.18212],[139.84229,37.18677],[139.85201,37.19044],[139.85283,37.20007],[139.84417,37.20768],[139.84233,37.2135],[139.83387,37.22604],[139.82426,37.22205],[139.82261,37.22577],[139.80955,37.23156],[139.80644,37.23964],[139.79852,37.24143],[139.7958,37.23757],[139.7866,37.23718],[139.78157,37.23222],[139.77357,37.23223],[139.76063,37.23655],[139.75196,37.23648],[139.754,37.2486],[139.74128,37.24936],[139.73465,37.25112],[139.72853,37.24953],[139.72307,37.25248],[139.70983,37.25522],[139.7055,37.25427]]]},"properties":{"pref":"福島県","county":"南会津郡","city":"南会津町","code5":"07368","code6":"073687"}},
{"type":"Feature","geometry":{"type":"Polygon","coordinates":[[[139.99257,37.7587],[139.99548,37.7413],[139.99236,37.73189],[139.99886,37.72537],[139.99105,37.71836],[139.98304,37.71831],[139.97557,37.71631],[139.97559,37.71064],[139.96983,37.70497],[139.9658,37.696],[139.96015,37.69746],[139.94933,37.68794],[139.94717,37.68183],[139.93966,37.68188],[139.93487,37.68006],[139.92606,37.67353],[139.92545,37.66853],[139.91618,37.65697],[139.91177,37.65473],[139.91268,37.64765],[139.91821,37.64556],[139.93397,37.6515],[139.94018,37.6506],[139.94691,37.65298],[139.95751,37.65144],[139.96613,37.64262],[139.98425,37.63519],[139.98876,37.63189],[140.00028,37.62958],[139.99994,37.62603],[139.99538,37.62234],[139.99531,37.61518],[139.99849,37.60533],[140.00398,37.6025],[140.01495,37.60654],[140.01901,37.6043],[140.02337,37.6098],[140.03744,37.61349],[140.05084,37.61501],[140.06683,37.61056],[140.07146,37.6069],[140.07115,37.61277],[140.08636,37.63485],[140.09629,37.64541],[140.10487,37.64567],[140.10829,37.65295],[140.12604,37.65828],[140.13289,37.66521],[140.14166,37.66659],[140.14605,37.67004],[140.14755,37.67457],[140.14189,37.67923],[140.14653,37.69756],[140.15229,37.70406],[140.15967,37.70919],[140.15944,37.71738],[140.1614,37.71974],[140.16101,37.72704],[140.16682,37.73091],[140.17197,37.74008],[140.17023,37.74686],[140.17194,37.75604],[140.16156,37.75672],[140.15402,37.7534],[140.14601,37.75272],[140.14008,37.73943],[140.1327,37.73812],[140.12737,37.73392],[140.11537,37.73436],[140.10708,37.73818],[140.10228,37.73761],[140.09649,37.74376],[140.09622,37.74693],[140.08678,37.758],[140.08032,37.75609],[140.06904,37.7579],[140.0646,37.7678],[140.04848,37.77905],[140.0447,37.77399],[140.0375,37.76798],[140.03087,37.76769],[140.02186,37.7653],[140.01928,37.76196],[140.01023,37.76399],[140.00199,37.7594],[139.99855,37.76136],[139.99257,37.7587]]]},"properties":{"pref":"福島県","county":"耶麻郡","city":"北塩原村","code5":"07402","code6":"074021"}},
{"type":"Feature","geometry":{"type":"Polygon","coordinates":[[[139.72833,37.81224],[139.72162,37.80942],[139.71354,37.79899],[139.70495,37.79584],[139.69656,37.78512],[139.68019,37.77504],[139.67769,37.77009],[139.66871,37.76326],[139.6665,37.757],[139.65789,37.75501],[139.6591,37.75041],[139.65723,37.74085],[139.65236,37.73794],[139.64961,37.72906],[139.64295,37.72761],[139.64034,37.72296],[139.63527,37.71986],[139.62449,37.70835],[139.62172,37.69982],[139.62832,37.69195],[139.62728,37.68836],[139.61783,37.68883],[139.60941,37.68427],[139.60532,37.67477],[139.60092,37.66883],[139.59383,37.66508],[139.58866,37.66725],[139.5848,37.66232],[139.57999,37.66087],[139.56849,37.65313],[139.56306,37.65381],[139.54932,37.64909],[139.5526,37.64249],[139.55169,37.63682],[139.54773,37.634],[139.54604,37.62889],[139.54789,37.62176],[139.55215,37.61875],[139.5481,37.61365],[139.54851,37.60987],[139.55437,37.6024],[139.56235,37.60011],[139.56571,37.59281],[139.56415,37.58883],[139.5704,37.57951],[139.57183,37.56827],[139.56759,37.56275],[139.57022,37.55053],[139.56574,37.54611],[139.57063,37.544],[139.5702,37.53906],[139.57656,37.53457],[139.57853,37.53016],[139.59058,37.52794],[139.58511,37.5129],[139.59503,37.51023],[139.59855,37.51186],[139.60505,37.50869],[139.61337,37.50802],[139.61693,37.50957],[139.62868,37.50963],[139.63374,37.51139],[139.63735,37.50896],[139.64731,37.50596],[139.6677,37.50837],[139.67057,37.51956],[139.67524,37.52167],[139.67813,37.51543],[139.68248,37.51585],[139.68714,37.52146],[139.68496,37.5246],[139.68453,37.53269],[139.68728,37.54053],[139.6943,37.55382],[139.69899,37.55633],[139.69545,37.5624],[139.70347,37.5756],[139.70934,37.57215],[139.71885,37.56957],[139.72254,37.57128],[139.72552,37.57521],[139.72693,37.58247],[139.72527,37.58552],[139.71826,37.58852],[139.71781,37.5918],[139.71255,37.58808],[139.70872,37.59156],[139.71085,37.59904],[139.70696,37.60662],[139.70204,37.61042],[139.70137,37.61382],[139.69165,37.61492],[139.68833,37.60727],[139.68301,37.60588],[139.67511,37.60934],[139.66968,37.60917],[139.67631,37.62007],[139.67068,37.62182],[139.67436,37.63],[139.68444,37.63422],[139.69212,37.63306],[139.69996,37.63488],[139.69836,37.64033],[139.7031,37.64502],[139.70323,37.64885],[139.7103,37.65303],[139.71225,37.65674],[139.71178,37.66396],[139.70581,37.67282],[139.71063,37.67493],[139.70624,37.68382],[139.70755,37.6898],[139.70597,37.69348],[139.71145,37.7037],[139.71459,37.7068],[139.71688,37.71617],[139.71692,37.72518],[139.72347,37.73537],[139.72841,37.7394],[139.72621,37.74382],[139.73353,37.75036],[139.73742,37.76067],[139.73233,37.77726],[139.72966,37.77889],[139.7365,37.78867],[139.74506,37.79083],[139.7432,37.79623],[139.73707,37.8007],[139.73738,37.80552],[139.72833,37.81224]]]},"properties":{"pref":"福島県","county":"耶麻郡","city":"西会津町","code5":"07405","code6":"074055"}},
{"type":"Feature","geometry":{"type":"Polygon","coordinates":[[[140.01668,37.53465],[140.02428,37.53381],[140.03388,37.53575],[140.03832,37.53982],[140.05069,37.54006],[140.05012,37.54656],[140.04278,37.5513],[140.03554,37.55404],[140.03913,37.56256],[140.04818,37.56317],[140.04627,37.56878],[140.04862,37.57577],[140.04262,37.57743],[140.04559,37.58653],[140.05148,37.5943],[140.06506,37.59652],[140.07183,37.60075],[140.07146,37.6069],[140.06683,37.61056],[140.05084,37.61501],[140.03744,37.61349],[140.02337,37.6098],[140.01901,37.6043],[140.01495,37.60654],[140.00398,37.6025],[139.99849,37.60533],[139.99289,37.60526],[139.98574,37.60891],[139.97281,37.60732],[139.96949,37.59872],[139.96133,37.59863],[139.95484,37.59081],[139.94443,37.58575],[139.93797,37.58399],[139.93202,37.57903],[139.92755,37.57898],[139.92848,37.57857],[139.92999,37.57831],[139.93581,37.57543],[139.93931,37.57103],[139.95151,37.56933],[139.95502,37.56597],[139.95738,37.55784],[139.96476,37.55731],[139.98119,37.55342],[139.98588,37.55624],[139.98842,37.55232],[139.99569,37.54866],[140.011,37.54556],[140.0161,37.543],[140.01668,37.53465]]]},"properties":{"pref":"福島県","county":"耶麻郡","city":"磐梯町","code5":"07407","code6":"074071"}},
{"type":"Feature","geometry":{"type":"Polygon","coordinates":[[[140.17194,37.75604],[140.17023,37.74686],[140.17197,37.74008],[140.16682,37.73091],[140.16101,37.72704],[140.1614,37.71974],[140.15944,37.71738],[140.15967,37.70919],[140.15229,37.70406],[140.14653,37.69756],[140.14189,37.67923],[140.14755,37.67457],[140.14605,37.67004],[140.14166,37.66659],[140.13289,37.66521],[140.12604,37.65828],[140.10829,37.65295],[140.10487,37.64567],[140.09629,37.64541],[140.08636,37.63485],[140.07115,37.61277],[140.07146,37.6069],[140.07183,37.60075],[140.06506,37.59652],[140.05148,37.5943],[140.04559,37.58653],[140.04262,37.57743],[140.04862,37.57577],[140.04627,37.56878],[140.04818,37.56317],[140.03913,37.56256],[140.03554,37.55404],[140.04278,37.5513],[140.05012,37.54656],[140.05069,37.54006],[140.03832,37.53982],[140.03388,37.53575],[140.02428,37.53381],[140.01668,37.53465],[140.01436,37.53057],[140.01956,37.52272],[140.02473,37.51996],[140.02259,37.51556],[140.02607,37.50795],[140.03142,37.50342],[140.04042,37.50087],[140.09161,37.47732],[140.11336,37.46985],[140.13254,37.46388],[140.14914,37.46333],[140.16021,37.46127],[140.16671,37.45776],[140.17579,37.45799],[140.18233,37.45127],[140.19853,37.449],[140.20182,37.46102],[140.19943,37.46991],[140.193,37.47374],[140.19878,37.48475],[140.19359,37.48849],[140.19262,37.49364],[140.18718,37.49607],[140.19035,37.50271],[140.18975,37.51044],[140.18418,37.51301],[140.17837,37.51313],[140.17568,37.51861],[140.16791,37.52227],[140.1655,37.5273],[140.1713,37.53094],[140.17101,37.53464],[140.17914,37.53524],[140.18327,37.54087],[140.19099,37.54474],[140.1922,37.55376],[140.19988,37.55588],[140.20326,37.55994],[140.21004,37.56246],[140.21851,37.55449],[140.22827,37.55504],[140.23246,37.5596],[140.2316,37.56502],[140.23871,37.57246],[140.2401,37.58509],[140.23827,37.58987],[140.24868,37.59898],[140.26118,37.60186],[140.26464,37.60417],[140.26756,37.61065],[140.27067,37.61186],[140.27497,37.61859],[140.2847,37.62598],[140.28068,37.64169],[140.28257,37.6543],[140.27798,37.66188],[140.27059,37.66306],[140.2601,37.66693],[140.24518,37.67614],[140.23072,37.67925],[140.2326,37.68504],[140.23186,37.69007],[140.23669,37.69548],[140.23653,37.70384],[140.23144,37.70775],[140.22928,37.71654],[140.23188,37.73021],[140.24336,37.73404],[140.23725,37.74647],[140.21868,37.74618],[140.21555,37.7482],[140.20439,37.7477],[140.1996,37.75281],[140.19156,37.7531],[140.17826,37.7565],[140.17194,37.75604]]]},"properties":{"pref":"福島県","county":"耶麻郡","city":"猪苗代町","code5":"07408","code6":"074080"}},
{"type":"Feature","geometry":{"type":"Polygon","coordinates":[[[139.87215,37.54274],[139.8658,37.54688],[139.86016,37.55319],[139.86028,37.56118],[139.86294,37.56463],[139.86083,37.58229],[139.86179,37.58823],[139.84877,37.5942],[139.8453,37.59203],[139.8361,37.59443],[139.83936,37.59837],[139.83062,37.60544],[139.82658,37.60274],[139.81821,37.60913],[139.80883,37.61231],[139.803,37.61206],[139.80369,37.60545],[139.79574,37.60377],[139.79329,37.60609],[139.80119,37.61285],[139.79846,37.62426],[139.8103,37.6242],[139.81027,37.63136],[139.80701,37.636],[139.80278,37.63747],[139.78707,37.63395],[139.78206,37.62806],[139.78149,37.62088],[139.77743,37.61458],[139.78058,37.60862],[139.78245,37.59721],[139.78781,37.5932],[139.77875,37.59073],[139.76096,37.59365],[139.75717,37.59793],[139.74421,37.59659],[139.73659,37.5925],[139.73175,37.59344],[139.72674,37.58798],[139.71781,37.5918],[139.71826,37.58852],[139.72527,37.58552],[139.72693,37.58247],[139.72552,37.57521],[139.72254,37.57128],[139.7317,37.56661],[139.7374,37.57011],[139.74033,37.56538],[139.75093,37.5639],[139.75474,37.55861],[139.75226,37.55051],[139.74646,37.54741],[139.74733,37.54398],[139.75546,37.5382],[139.76476,37.53451],[139.76699,37.53038],[139.76441,37.52225],[139.76648,37.51626],[139.77252,37.5141],[139.79086,37.52809],[139.79877,37.53106],[139.81196,37.52854],[139.8198,37.53097],[139.83078,37.53225],[139.84587,37.53063],[139.86684,37.52999],[139.87253,37.53297],[139.87215,37.54274]]]},"properties":{"pref":"福島県","county":"河沼郡","city":"会津坂下町","code5":"07421","code6":"074217"}},
{"type":"Feature","geometry":{"type":"Polygon","coordinates":[[[139.90677,37.58313],[139.90353,37.58537],[139.90418,37.59025],[139.88753,37.59001],[139.88355,37.59313],[139.87456,37.58704],[139.87359,37.58351],[139.86083,37.58229],[139.86294,37.56463],[139.86028,37.56118],[139.86016,37.55319],[139.8658,37.54688],[139.87215,37.54274],[139.87352,37.5468],[139.89576,37.54644],[139.9027,37.54555],[139.9059,37.55881],[139.89565,37.56154],[139.89818,37.56584],[139.89467,37.57078],[139.8958,37.57729],[139.90396,37.57926],[139.90677,37.58313]]]},"properties":{"pref":"福島県","county":"河沼郡","city":"湯川村","code5":"07422","code6":"074225"}},
{"type":"Feature","geometry":{"type":"Polygon","coordinates":[[[139.59503,37.51023],[139.59631,37.50459],[139.59449,37.49958],[139.60146,37.49384],[139.60359,37.49565],[139.61674,37.49736],[139.63142,37.49743],[139.64008,37.50072],[139.64454,37.49871],[139.64844,37.50209],[139.65899,37.50039],[139.66043,37.49551],[139.66766,37.49784],[139.68999,37.49641],[139.6971,37.49315],[139.69938,37.48794],[139.70833,37.48384],[139.71476,37.47679],[139.71203,37.4743],[139.7043,37.47413],[139.69967,37.4722],[139.6922,37.47216],[139.68819,37.47466],[139.67982,37.47427],[139.68195,37.46943],[139.6811,37.465],[139.68614,37.4599],[139.68055,37.45567],[139.67223,37.44678],[139.66658,37.44554],[139.66747,37.4389],[139.65975,37.43638],[139.65801,37.42996],[139.66057,37.41601],[139.65686,37.41109],[139.65508,37.40376],[139.66448,37.39544],[139.66724,37.39006],[139.66056,37.38718],[139.65583,37.38148],[139.65575,37.37749],[139.65196,37.37349],[139.64093,37.36919],[139.64744,37.36539],[139.64848,37.36144],[139.65855,37.35596],[139.66309,37.34924],[139.67232,37.34983],[139.67879,37.34761],[139.68439,37.3484],[139.68985,37.35316],[139.69798,37.35427],[139.71542,37.36324],[139.72204,37.36004],[139.72951,37.35979],[139.73912,37.36454],[139.74083,37.36729],[139.7483,37.37103],[139.75119,37.38016],[139.74816,37.3808],[139.74844,37.38786],[139.75152,37.392],[139.75853,37.39705],[139.76142,37.40408],[139.75729,37.41125],[139.75792,37.41665],[139.75414,37.42141],[139.76007,37.42859],[139.7461,37.43778],[139.74243,37.44331],[139.74434,37.44775],[139.74392,37.45451],[139.7395,37.45805],[139.73966,37.46485],[139.74823,37.46335],[139.74976,37.46788],[139.75854,37.47292],[139.76492,37.48223],[139.76372,37.4882],[139.76997,37.49659],[139.76422,37.507],[139.76413,37.51314],[139.76648,37.51626],[139.76441,37.52225],[139.76699,37.53038],[139.76476,37.53451],[139.75546,37.5382],[139.74733,37.54398],[139.74646,37.54741],[139.75226,37.55051],[139.75474,37.55861],[139.75093,37.5639],[139.74033,37.56538],[139.7374,37.57011],[139.7317,37.56661],[139.72254,37.57128],[139.71885,37.56957],[139.70934,37.57215],[139.70347,37.5756],[139.69545,37.5624],[139.69899,37.55633],[139.6943,37.55382],[139.68728,37.54053],[139.68453,37.53269],[139.68496,37.5246],[139.68714,37.52146],[139.68248,37.51585],[139.67813,37.51543],[139.67524,37.52167],[139.67057,37.51956],[139.6677,37.50837],[139.64731,37.50596],[139.63735,37.50896],[139.63374,37.51139],[139.62868,37.50963],[139.61693,37.50957],[139.61337,37.50802],[139.60505,37.50869],[139.59855,37.51186],[139.59503,37.51023]]]},"properties":{"pref":"福島県","county":"河沼郡","city":"柳津町","code5":"07423","code6":"074233"}},
{"type":"Feature","geometry":{"type":"Polygon","coordinates":[[[139.60146,37.49384],[139.60373,37.48738],[139.59549,37.48201],[139.59466,37.47646],[139.59008,37.4723],[139.59294,37.46949],[139.58961,37.46589],[139.59365,37.46247],[139.60212,37.459],[139.6029,37.45598],[139.60902,37.45425],[139.61563,37.45697],[139.61494,37.44556],[139.61197,37.43784],[139.60262,37.43383],[139.59565,37.42528],[139.5883,37.42426],[139.59294,37.41002],[139.59118,37.40672],[139.59527,37.40332],[139.59954,37.38776],[139.60609,37.38575],[139.60933,37.38094],[139.60389,37.3763],[139.61207,37.36972],[139.61801,37.36701],[139.62178,37.36837],[139.64093,37.36919],[139.65196,37.37349],[139.65575,37.37749],[139.65583,37.38148],[139.66056,37.38718],[139.66724,37.39006],[139.66448,37.39544],[139.65508,37.40376],[139.65686,37.41109],[139.66057,37.41601],[139.65801,37.42996],[139.65975,37.43638],[139.66747,37.4389],[139.66658,37.44554],[139.67223,37.44678],[139.68055,37.45567],[139.68614,37.4599],[139.6811,37.465],[139.68195,37.46943],[139.67982,37.47427],[139.68819,37.47466],[139.6922,37.47216],[139.69967,37.4722],[139.7043,37.47413],[139.71203,37.4743],[139.71476,37.47679],[139.70833,37.48384],[139.69938,37.48794],[139.6971,37.49315],[139.68999,37.49641],[139.66766,37.49784],[139.66043,37.49551],[139.65899,37.50039],[139.64844,37.50209],[139.64454,37.49871],[139.64008,37.50072],[139.63142,37.49743],[139.61674,37.49736],[139.60359,37.49565],[139.60146,37.49384]]]},"properties":{"pref":"福島県","county":"大沼郡","city":"三島町","code5":"07444","code6":"074446"}},
{"type":"Feature","geometry":{"type":"Polygon","coordinates":[[[139.51629,37.379],[139.52274,37.38329],[139.52333,37.38672],[139.52811,37.39048],[139.54033,37.3909],[139.54523,37.39266],[139.55397,37.39263],[139.55766,37.38815],[139.56428,37.38847],[139.56904,37.38591],[139.57512,37.38806],[139.58044,37.38718],[139.59954,37.38776],[139.59527,37.40332],[139.59118,37.40672],[139.59294,37.41002],[139.5883,37.42426],[139.59565,37.42528],[139.60262,37.43383],[139.61197,37.43784],[139.61494,37.44556],[139.61563,37.45697],[139.60902,37.45425],[139.6029,37.45598],[139.60212,37.459],[139.59365,37.46247],[139.58961,37.46589],[139.59294,37.46949],[139.59008,37.4723],[139.59466,37.47646],[139.59549,37.48201],[139.60373,37.48738],[139.60146,37.49384],[139.59449,37.49958],[139.59631,37.50459],[139.59503,37.51023],[139.58511,37.5129],[139.56703,37.50235],[139.55594,37.50429],[139.55523,37.50607],[139.54285,37.51203],[139.5201,37.51384],[139.51379,37.50862],[139.50836,37.51075],[139.49674,37.51257],[139.48599,37.51031],[139.48376,37.50692],[139.4758,37.50258],[139.47178,37.50638],[139.46609,37.50833],[139.4636,37.5129],[139.4572,37.51787],[139.45065,37.51736],[139.43895,37.51319],[139.42843,37.51425],[139.41422,37.5083],[139.41066,37.50202],[139.41403,37.4968],[139.40789,37.49246],[139.40697,37.48668],[139.40985,37.48389],[139.40579,37.47757],[139.4047,37.46804],[139.40636,37.46621],[139.39751,37.45984],[139.39938,37.45688],[139.40254,37.44466],[139.39274,37.43636],[139.38959,37.43011],[139.39193,37.42354],[139.3777,37.4128],[139.38029,37.41025],[139.38124,37.40161],[139.37492,37.38594],[139.36473,37.38223],[139.37874,37.36294],[139.3816,37.35461],[139.39342,37.35926],[139.39917,37.36317],[139.40296,37.35749],[139.40723,37.34697],[139.41613,37.34538],[139.41672,37.33985],[139.42585,37.3402],[139.43076,37.3376],[139.42937,37.33324],[139.43781,37.33454],[139.44783,37.33442],[139.45428,37.34109],[139.46223,37.34689],[139.4661,37.345],[139.47482,37.34703],[139.47646,37.35059],[139.48234,37.35431],[139.48554,37.35956],[139.48942,37.35906],[139.49268,37.36547],[139.49784,37.36936],[139.50432,37.36881],[139.511,37.37344],[139.51192,37.37791],[139.51629,37.379]]]},"properties":{"pref":"福島県","county":"大沼郡","city":"金山町","code5":"07445","code6":"074454"}},
{"type":"Feature","geometry":{"type":"Polygon","coordinates":[[[139.74443,37.29178],[139.74361,37.3042],[139.74207,37.30902],[139.73599,37.31887],[139.73547,37.32919],[139.72435,37.33808],[139.72404,37.34217],[139.7173,37.34599],[139.71402,37.35191],[139.71679,37.35501],[139.71402,37.35976],[139.71542,37.36324],[139.69798,37.35427],[139.68985,37.35316],[139.68439,37.3484],[139.67879,37.34761],[139.67232,37.34983],[139.66309,37.34924],[139.65855,37.35596],[139.64848,37.36144],[139.64744,37.36539],[139.64093,37.36919],[139.62178,37.36837],[139.61801,37.36701],[139.61207,37.36972],[139.60389,37.3763],[139.60933,37.38094],[139.60609,37.38575],[139.59954,37.38776],[139.58044,37.38718],[139.57512,37.38806],[139.56904,37.38591],[139.56428,37.38847],[139.55766,37.38815],[139.55397,37.39263],[139.54523,37.39266],[139.54033,37.3909],[139.52811,37.39048],[139.52333,37.38672],[139.52274,37.38329],[139.51629,37.379],[139.52053,37.37422],[139.51995,37.36953],[139.52673,37.36486],[139.5437,37.36301],[139.55193,37.35702],[139.5476,37.35195],[139.55646,37.3476],[139.55221,37.34452],[139.54831,37.33611],[139.56459,37.32801],[139.56858,37.32292],[139.57366,37.32156],[139.57229,37.30967],[139.57425,37.30754],[139.57791,37.29723],[139.57969,37.286],[139.586,37.28324],[139.59025,37.2787],[139.59462,37.27779],[139.59747,37.27165],[139.59258,37.26644],[139.59431,37.25776],[139.58732,37.25205],[139.58786,37.24627],[139.59215,37.24263],[139.59051,37.23715],[139.5922,37.2322],[139.59025,37.22287],[139.59211,37.21856],[139.59777,37.21394],[139.60109,37.2082],[139.60673,37.20653],[139.61205,37.20744],[139.61762,37.21457],[139.62092,37.21588],[139.61923,37.22125],[139.62248,37.22792],[139.62981,37.22673],[139.63503,37.22787],[139.63542,37.23213],[139.64499,37.22916],[139.65479,37.22989],[139.65723,37.23933],[139.66311,37.24104],[139.66986,37.24062],[139.67215,37.24641],[139.6775,37.24667],[139.6913,37.2499],[139.69589,37.24729],[139.7055,37.25427],[139.70992,37.26191],[139.71288,37.27268],[139.71811,37.27302],[139.7309,37.27925],[139.73537,37.2875],[139.74225,37.28908],[139.74443,37.29178]]]},"properties":{"pref":"福島県","county":"大沼郡","city":"昭和村","code5":"07446","code6":"074462"}},
{"type":"Feature","geometry":{"type":"Polygon","coordinates":[[[139.84587,37.53063],[139.83078,37.53225],[139.8198,37.53097],[139.81196,37.52854],[139.79877,37.53106],[139.79086,37.52809],[139.77252,37.5141],[139.76648,37.51626],[139.76413,37.51314],[139.76422,37.507],[139.76997,37.49659],[139.76372,37.4882],[139.76492,37.48223],[139.75854,37.47292],[139.74976,37.46788],[139.74823,37.46335],[139.73966,37.46485],[139.7395,37.45805],[139.74392,37.45451],[139.74434,37.44775],[139.74243,37.44331],[139.7461,37.43778],[139.76007,37.42859],[139.75414,37.42141],[139.75792,37.41665],[139.75729,37.41125],[139.76142,37.40408],[139.75853,37.39705],[139.75152,37.392],[139.74844,37.38786],[139.74816,37.3808],[139.75119,37.38016],[139.7483,37.37103],[139.74083,37.36729],[139.73912,37.36454],[139.72951,37.35979],[139.72204,37.36004],[139.71542,37.36324],[139.71402,37.35976],[139.71679,37.35501],[139.71402,37.35191],[139.7173,37.34599],[139.72404,37.34217],[139.72435,37.33808],[139.73547,37.32919],[139.73599,37.31887],[139.74207,37.30902],[139.74361,37.3042],[139.74443,37.29178],[139.76168,37.2842],[139.76913,37.28532],[139.77845,37.2814],[139.79203,37.28805],[139.79334,37.29507],[139.79114,37.29708],[139.79215,37.30343],[139.80388,37.30893],[139.81146,37.30777],[139.81663,37.31385],[139.81963,37.31268],[139.82903,37.32094],[139.82938,37.32597],[139.83603,37.33214],[139.83206,37.33738],[139.83263,37.34409],[139.83966,37.34662],[139.84409,37.34329],[139.84918,37.34614],[139.85295,37.35556],[139.86895,37.36146],[139.87498,37.3612],[139.8759,37.36332],[139.88476,37.36778],[139.88437,37.37155],[139.88797,37.37558],[139.89461,37.37879],[139.901,37.37929],[139.90181,37.38221],[139.91253,37.38677],[139.91635,37.39006],[139.92321,37.39192],[139.92614,37.39932],[139.92085,37.40867],[139.91204,37.41386],[139.91343,37.41609],[139.91111,37.43062],[139.90564,37.44365],[139.90849,37.45028],[139.90455,37.46086],[139.89813,37.45899],[139.89056,37.46297],[139.88483,37.46126],[139.87691,37.46213],[139.87272,37.45306],[139.864,37.45846],[139.86103,37.46405],[139.86187,37.47299],[139.85803,37.47526],[139.85222,37.4835],[139.85127,37.48772],[139.83964,37.49778],[139.83922,37.50648],[139.84509,37.51126],[139.84599,37.51882],[139.84999,37.52534],[139.84587,37.53063]]]},"properties":{"pref":"福島県","county":"大沼郡","city":"会津美里町","code5":"07447","code6":"074471"}},
{"type":"Feature","geometry":{"type":"Polygon","coordinates":[[[140.09948,37.24283],[140.08972,37.23986],[140.08628,37.23634],[140.08918,37.23321],[140.0831,37.22643],[140.07723,37.22746],[140.07189,37.22397],[140.07352,37.2174],[140.07134,37.20995],[140.06361,37.21318],[140.06121,37.20893],[140.05227,37.20823],[140.0483,37.20318],[140.03922,37.2061],[140.03057,37.20034],[140.02668,37.20059],[140.0178,37.19697],[140.01168,37.19844],[140.0061,37.19752],[139.99953,37.19968],[139.99384,37.19632],[139.98214,37.20194],[139.96801,37.18658],[139.95987,37.17993],[139.95911,37.17525],[139.96334,37.16973],[139.96171,37.16696],[139.96399,37.161],[139.96126,37.1533],[139.96312,37.14848],[139.96732,37.14779],[139.97925,37.14688],[139.99049,37.14272],[139.99556,37.14388],[140.01455,37.14012],[140.02445,37.14301],[140.02699,37.14006],[140.03305,37.1402],[140.04707,37.13544],[140.04925,37.13144],[140.05751,37.12603],[140.06596,37.12734],[140.08936,37.12159],[140.09374,37.1242],[140.10267,37.12105],[140.11913,37.11003],[140.12588,37.10784],[140.12805,37.10417],[140.13484,37.10361],[140.13702,37.10646],[140.14647,37.09929],[140.15079,37.09433],[140.15525,37.09682],[140.15998,37.09421],[140.16788,37.09771],[140.16328,37.10178],[140.16751,37.10593],[140.17425,37.10512],[140.18258,37.10865],[140.17683,37.11473],[140.18517,37.11587],[140.18566,37.11961],[140.19087,37.12323],[140.18869,37.12638],[140.17847,37.13021],[140.1869,37.13246],[140.1899,37.13076],[140.1957,37.13644],[140.20113,37.13715],[140.20071,37.14124],[140.20808,37.15325],[140.21075,37.15984],[140.20958,37.1675],[140.20212,37.16816],[140.18537,37.17524],[140.18755,37.18375],[140.1707,37.19225],[140.1659,37.19883],[140.15822,37.20138],[140.14615,37.21196],[140.13829,37.20482],[140.13431,37.20925],[140.13189,37.21633],[140.12229,37.22276],[140.11883,37.22757],[140.10714,37.23578],[140.10093,37.23807],[140.09948,37.24283]]]},"properties":{"pref":"福島県","county":"西白河郡","city":"西郷村","code5":"07461","code6":"074616"}},
{"type":"Feature","geometry":{"type":"Polygon","coordinates":[[[140.3382,37.12282],[140.33994,37.12928],[140.33695,37.13175],[140.33657,37.14417],[140.3299,37.14799],[140.31823,37.15243],[140.32191,37.15612],[140.3234,37.16395],[140.32192,37.17329],[140.30157,37.18128],[140.29994,37.18523],[140.29329,37.18879],[140.28863,37.1916],[140.2627,37.19029],[140.25254,37.18925],[140.24019,37.18635],[140.23492,37.18077],[140.24443,37.17728],[140.25235,37.17284],[140.25894,37.17149],[140.26054,37.16838],[140.2736,37.16501],[140.28,37.16029],[140.27832,37.15686],[140.27257,37.15781],[140.27081,37.15119],[140.26643,37.14735],[140.27685,37.14269],[140.28049,37.13841],[140.28521,37.14061],[140.29247,37.13997],[140.2924,37.13381],[140.2954,37.12852],[140.30619,37.12346],[140.31495,37.1206],[140.31634,37.12361],[140.32423,37.12338],[140.33005,37.12118],[140.3382,37.12282]]]},"properties":{"pref":"福島県","county":"西白河郡","city":"泉崎村","code5":"07464","code6":"074641"}},
{"type":"Feature","geometry":{"type":"Polygon","coordinates":[[[140.37027,37.12224],[140.36772,37.12589],[140.36815,37.13609],[140.36984,37.13974],[140.38059,37.14711],[140.38463,37.1547],[140.39246,37.16006],[140.40425,37.16121],[140.40389,37.16813],[140.39836,37.16842],[140.39501,37.17425],[140.38969,37.17695],[140.37777,37.17738],[140.372,37.17233],[140.37235,37.16912],[140.36494,37.16342],[140.35961,37.16218],[140.3576,37.15794],[140.3509,37.16073],[140.34677,37.15999],[140.34432,37.15345],[140.33879,37.14459],[140.33657,37.14417],[140.33695,37.13175],[140.33994,37.12928],[140.3382,37.12282],[140.35377,37.11769],[140.35933,37.11729],[140.36384,37.12145],[140.37027,37.12224]]]},"properties":{"pref":"福島県","county":"西白河郡","city":"中島村","code5":"07465","code6":"074659"}},
{"type":"Feature","geometry":{"type":"Polygon","coordinates":[[[140.29329,37.18879],[140.29994,37.18523],[140.30157,37.18128],[140.32192,37.17329],[140.3234,37.16395],[140.32191,37.15612],[140.31823,37.15243],[140.3299,37.14799],[140.33657,37.14417],[140.33879,37.14459],[140.34432,37.15345],[140.34677,37.15999],[140.3509,37.16073],[140.3576,37.15794],[140.35961,37.16218],[140.36494,37.16342],[140.37235,37.16912],[140.372,37.17233],[140.37777,37.17738],[140.38969,37.17695],[140.39501,37.17425],[140.39836,37.16842],[140.40389,37.16813],[140.40927,37.17119],[140.40726,37.18261],[140.3989,37.19183],[140.40081,37.19698],[140.39469,37.20304],[140.40011,37.20829],[140.40076,37.21262],[140.39723,37.22175],[140.39317,37.22255],[140.38901,37.22394],[140.37258,37.22259],[140.36654,37.22065],[140.35924,37.22337],[140.35563,37.22683],[140.34532,37.21872],[140.33927,37.21966],[140.33278,37.22318],[140.33054,37.21813],[140.32053,37.21721],[140.31724,37.22058],[140.31686,37.22759],[140.31166,37.23046],[140.30991,37.23458],[140.30612,37.23669],[140.30182,37.23358],[140.30287,37.22992],[140.30015,37.22399],[140.29318,37.2263],[140.28973,37.22414],[140.28341,37.22547],[140.27944,37.22093],[140.29023,37.21791],[140.29006,37.21405],[140.29663,37.21139],[140.29547,37.20315],[140.30172,37.1989],[140.29329,37.18879]]]},"properties":{"pref":"福島県","county":"西白河郡","city":"矢吹町","code5":"07466","code6":"074667"}},
{"type":"Feature","geometry":{"type":"Polygon","coordinates":[[[140.25139,37.00919],[140.24021,37.00028],[140.24403,36.99133],[140.24939,36.98847],[140.25098,36.98337],[140.2442,36.97899],[140.2439,36.97318],[140.25233,36.96667],[140.25309,36.96297],[140.2445,36.95697],[140.24063,36.94985],[140.24304,36.94349],[140.25351,36.94123],[140.25534,36.93837],[140.26174,36.93753],[140.26426,36.93332],[140.27297,36.93015],[140.28357,36.93525],[140.28963,36.94067],[140.29168,36.94971],[140.30214,36.94933],[140.31047,36.95285],[140.3161,36.95141],[140.3211,36.94443],[140.33067,36.94409],[140.3407,36.94701],[140.34789,36.95325],[140.35417,36.95354],[140.36476,36.96112],[140.36816,36.96144],[140.36831,36.96879],[140.37454,36.97824],[140.38099,36.97376],[140.39153,36.96858],[140.39461,36.96985],[140.40072,36.96262],[140.40484,36.96381],[140.40667,36.97134],[140.41286,36.97344],[140.40603,36.98225],[140.40489,36.9948],[140.4145,36.99847],[140.41357,37.00312],[140.40841,37.00926],[140.41538,37.01664],[140.41876,37.01434],[140.42223,37.00312],[140.43038,37.00687],[140.44422,37.01154],[140.44728,37.01032],[140.45329,37.01507],[140.45871,37.01396],[140.46128,37.01697],[140.45584,37.02563],[140.45465,37.03235],[140.44907,37.03566],[140.43243,37.03158],[140.42726,37.0227],[140.42444,37.02358],[140.42379,37.03129],[140.42539,37.0378],[140.4314,37.03968],[140.43201,37.04316],[140.42487,37.04677],[140.42065,37.04445],[140.4186,37.05122],[140.41454,37.05403],[140.40835,37.05248],[140.40434,37.059],[140.40228,37.07344],[140.40587,37.08491],[140.40138,37.08702],[140.39529,37.08396],[140.39229,37.07626],[140.38292,37.07298],[140.373,37.08048],[140.37038,37.07626],[140.35448,37.07317],[140.3558,37.06526],[140.35119,37.06242],[140.35446,37.04939],[140.34933,37.04611],[140.34661,37.0498],[140.34022,37.05182],[140.32625,37.04912],[140.31564,37.0425],[140.32013,37.03744],[140.31815,37.03338],[140.3135,37.03144],[140.31553,37.02019],[140.31046,37.01711],[140.30021,37.01729],[140.2955,37.02016],[140.28367,37.01532],[140.27597,37.0143],[140.26912,37.00889],[140.26701,37.00319],[140.2576,37.00527],[140.25139,37.00919]]]},"properties":{"pref":"福島県","county":"東白川郡","city":"棚倉町","code5":"07481","code6":"074811"}},
{"type":"Feature","geometry":{"type":"Polygon","coordinates":[[[140.28357,36.93525],[140.2927,36.9332],[140.29733,36.92892],[140.30272,36.92703],[140.30773,36.91919],[140.31762,36.91293],[140.32186,36.90778],[140.32405,36.89334],[140.33333,36.88889],[140.34661,36.88502],[140.36521,36.88432],[140.37191,36.87018],[140.36859,36.86709],[140.36841,36.86123],[140.37058,36.85522],[140.3749,36.85079],[140.3777,36.84297],[140.37721,36.83792],[140.38713,36.83417],[140.40298,36.83137],[140.4135,36.83212],[140.41584,36.82857],[140.43093,36.8173],[140.43622,36.82139],[140.43949,36.82049],[140.44713,36.80979],[140.45056,36.80845],[140.45334,36.80298],[140.46195,36.79692],[140.46372,36.7916],[140.46652,36.79185],[140.48014,36.79982],[140.48059,36.80374],[140.48918,36.80935],[140.48892,36.81871],[140.50293,36.81903],[140.50476,36.82329],[140.51137,36.82211],[140.51668,36.82656],[140.51905,36.83615],[140.52848,36.83999],[140.5282,36.84364],[140.52311,36.84194],[140.51519,36.84652],[140.51429,36.85091],[140.51022,36.85454],[140.50281,36.85606],[140.50494,36.86395],[140.49951,36.86953],[140.49347,36.86676],[140.48819,36.86696],[140.48193,36.87004],[140.48076,36.87917],[140.47264,36.8813],[140.46731,36.88049],[140.46779,36.8863],[140.46275,36.88958],[140.4549,36.8889],[140.45021,36.90115],[140.44636,36.90335],[140.44514,36.9082],[140.43987,36.9182],[140.43136,36.92691],[140.42029,36.9312],[140.41195,36.93173],[140.41391,36.92098],[140.41228,36.91364],[140.41073,36.89789],[140.41467,36.89466],[140.40055,36.8892],[140.39533,36.88417],[140.39033,36.88719],[140.37557,36.89206],[140.37108,36.90021],[140.36498,36.90078],[140.35261,36.89704],[140.34012,36.9041],[140.33772,36.91347],[140.33169,36.92198],[140.32073,36.92864],[140.31544,36.93016],[140.30446,36.93641],[140.29278,36.93885],[140.28963,36.94067],[140.28357,36.93525]]]},"properties":{"pref":"福島県","county":"東白川郡","city":"矢祭町","code5":"07482","code6":"074829"}},
{"type":"Feature","geometry":{"type":"Polygon","coordinates":[[[140.28963,36.94067],[140.29278,36.93885],[140.30446,36.93641],[140.31544,36.93016],[140.32073,36.92864],[140.33169,36.92198],[140.33772,36.91347],[140.34012,36.9041],[140.35261,36.89704],[140.36498,36.90078],[140.37108,36.90021],[140.37557,36.89206],[140.39033,36.88719],[140.39533,36.88417],[140.40055,36.8892],[140.41467,36.89466],[140.41073,36.89789],[140.41228,36.91364],[140.41391,36.92098],[140.41195,36.93173],[140.42029,36.9312],[140.43136,36.92691],[140.43987,36.9182],[140.44514,36.9082],[140.44636,36.90335],[140.45021,36.90115],[140.4549,36.8889],[140.46275,36.88958],[140.46779,36.8863],[140.46731,36.88049],[140.47264,36.8813],[140.48076,36.87917],[140.48193,36.87004],[140.48819,36.86696],[140.49347,36.86676],[140.49951,36.86953],[140.50494,36.86395],[140.50281,36.85606],[140.51022,36.85454],[140.51429,36.85091],[140.51519,36.84652],[140.52311,36.84194],[140.5282,36.84364],[140.52811,36.84856],[140.53285,36.85018],[140.53717,36.85476],[140.53797,36.85877],[140.54547,36.85814],[140.56037,36.86336],[140.56747,36.8632],[140.5726,36.86429],[140.5755,36.86911],[140.58047,36.86689],[140.58603,36.87315],[140.59188,36.87292],[140.59329,36.87984],[140.57938,36.89614],[140.58077,36.90441],[140.57406,36.91068],[140.56566,36.91643],[140.57054,36.93113],[140.56815,36.93737],[140.56159,36.94444],[140.54482,36.94895],[140.53923,36.94596],[140.5321,36.94839],[140.52208,36.94846],[140.509,36.95232],[140.4993,36.95767],[140.48777,36.96071],[140.47851,36.96107],[140.47175,36.96346],[140.46187,36.97126],[140.45078,36.97509],[140.45537,36.97985],[140.45561,36.98511],[140.45962,36.98529],[140.47539,36.99784],[140.47338,37.00813],[140.46334,37.01056],[140.46562,37.01465],[140.46128,37.01697],[140.45871,37.01396],[140.45329,37.01507],[140.44728,37.01032],[140.44422,37.01154],[140.43038,37.00687],[140.42223,37.00312],[140.41876,37.01434],[140.41538,37.01664],[140.40841,37.00926],[140.41357,37.00312],[140.4145,36.99847],[140.40489,36.9948],[140.40603,36.98225],[140.41286,36.97344],[140.40667,36.97134],[140.40484,36.96381],[140.40072,36.96262],[140.39461,36.96985],[140.39153,36.96858],[140.38099,36.97376],[140.37454,36.97824],[140.36831,36.96879],[140.36816,36.96144],[140.36476,36.96112],[140.35417,36.95354],[140.34789,36.95325],[140.3407,36.94701],[140.33067,36.94409],[140.3211,36.94443],[140.3161,36.95141],[140.31047,36.95285],[140.30214,36.94933],[140.29168,36.94971],[140.28963,36.94067]]]},"properties":{"pref":"福島県","county":"東白川郡","city":"塙町","code5":"07483","code6":"074837"}},
{"type":"Feature","geometry":{"type":"Polygon","coordinates":[[[140.57669,36.99251],[140.56053,37.00226],[140.56195,37.0121],[140.56184,37.02089],[140.55795,37.02411],[140.55769,37.02974],[140.55471,37.03451],[140.55878,37.04],[140.55857,37.04774],[140.55663,37.05422],[140.55075,37.05491],[140.54102,37.06324],[140.52927,37.06076],[140.52516,37.0659],[140.51922,37.06692],[140.50739,37.08058],[140.49777,37.08552],[140.4927,37.08493],[140.49058,37.07907],[140.4677,37.07848],[140.4565,37.07768],[140.45075,37.07857],[140.44692,37.07526],[140.44187,37.07657],[140.43852,37.07413],[140.43429,37.06649],[140.44094,37.06382],[140.43751,37.05937],[140.43827,37.05118],[140.44395,37.04774],[140.443,37.04297],[140.44907,37.03566],[140.45465,37.03235],[140.45584,37.02563],[140.46128,37.01697],[140.46562,37.01465],[140.46334,37.01056],[140.47338,37.00813],[140.47539,36.99784],[140.45962,36.98529],[140.45561,36.98511],[140.45537,36.97985],[140.45078,36.97509],[140.46187,36.97126],[140.47175,36.96346],[140.47851,36.96107],[140.48777,36.96071],[140.4993,36.95767],[140.509,36.95232],[140.52208,36.94846],[140.5321,36.94839],[140.53923,36.94596],[140.54482,36.94895],[140.56159,36.94444],[140.56815,36.93737],[140.5747,36.94208],[140.58321,36.9431],[140.58611,36.94528],[140.5859,36.95107],[140.58273,36.95345],[140.58224,36.96559],[140.57015,36.97516],[140.56999,36.98008],[140.56595,36.98578],[140.57237,36.99136],[140.57669,36.99251]]]},"properties":{"pref":"福島県","county":"東白川郡","city":"鮫川村","code5":"07484","code6":"074845"}},
{"type":"Feature","geometry":{"type":"Polygon","coordinates":[[[140.40899,37.11677],[140.40912,37.11921],[140.41739,37.1209],[140.42723,37.11856],[140.43112,37.11374],[140.44607,37.10796],[140.45515,37.10757],[140.46272,37.10873],[140.46188,37.10064],[140.4662,37.09178],[140.46489,37.08502],[140.4677,37.07848],[140.49058,37.07907],[140.4927,37.08493],[140.49777,37.08552],[140.49984,37.08954],[140.50547,37.09319],[140.50038,37.10322],[140.49349,37.11045],[140.50607,37.1115],[140.51795,37.11915],[140.52367,37.12061],[140.53152,37.13068],[140.52633,37.13501],[140.5266,37.14179],[140.53918,37.14887],[140.53736,37.15561],[140.5389,37.15925],[140.53195,37.16074],[140.52813,37.16577],[140.52941,37.17058],[140.52453,37.17574],[140.51392,37.17521],[140.50681,37.18164],[140.50431,37.18681],[140.49703,37.19028],[140.4962,37.19342],[140.49001,37.19511],[140.47624,37.20331],[140.45896,37.19923],[140.45912,37.19296],[140.44988,37.19431],[140.43249,37.1936],[140.43016,37.19096],[140.4188,37.18865],[140.41519,37.17974],[140.40726,37.18261],[140.40927,37.17119],[140.40389,37.16813],[140.40425,37.16121],[140.39246,37.16006],[140.38463,37.1547],[140.38059,37.14711],[140.36984,37.13974],[140.36815,37.13609],[140.36772,37.12589],[140.37027,37.12224],[140.38713,37.12644],[140.39166,37.12174],[140.40396,37.12146],[140.40899,37.11677]]]},"properties":{"pref":"福島県","county":"石川郡","city":"石川町","code5":"07501","code6":"075019"}},
{"type":"Feature","geometry":{"type":"Polygon","coordinates":[[[140.38853,37.24545],[140.39167,37.2328],[140.39529,37.22978],[140.39651,37.22421],[140.39317,37.22255],[140.39723,37.22175],[140.40076,37.21262],[140.40011,37.20829],[140.39469,37.20304],[140.40081,37.19698],[140.3989,37.19183],[140.40726,37.18261],[140.41519,37.17974],[140.4188,37.18865],[140.43016,37.19096],[140.43249,37.1936],[140.44988,37.19431],[140.45912,37.19296],[140.45896,37.19923],[140.47624,37.20331],[140.49001,37.19511],[140.4962,37.19342],[140.50055,37.19579],[140.49907,37.19995],[140.51047,37.21368],[140.51031,37.2178],[140.5141,37.22191],[140.50866,37.22934],[140.5119,37.23368],[140.51167,37.23866],[140.51886,37.25143],[140.51933,37.25676],[140.51105,37.24882],[140.50149,37.24969],[140.49104,37.24662],[140.4871,37.24106],[140.48533,37.22505],[140.47774,37.22411],[140.47107,37.22648],[140.45762,37.22398],[140.45258,37.22478],[140.44795,37.22895],[140.43712,37.22698],[140.42586,37.22846],[140.42284,37.23179],[140.42342,37.24089],[140.41316,37.24325],[140.40999,37.24181],[140.39851,37.24665],[140.39135,37.24776],[140.38853,37.24545]]]},"properties":{"pref":"福島県","county":"石川郡","city":"玉川村","code5":"07502","code6":"075027"}},
{"type":"Feature","geometry":{"type":"Polygon","coordinates":[[[140.53494,37.26602],[140.52298,37.26396],[140.5194,37.26184],[140.51933,37.25676],[140.51886,37.25143],[140.51167,37.23866],[140.5119,37.23368],[140.50866,37.22934],[140.5141,37.22191],[140.51031,37.2178],[140.51047,37.21368],[140.49907,37.19995],[140.50055,37.19579],[140.4962,37.19342],[140.49703,37.19028],[140.50431,37.18681],[140.50681,37.18164],[140.51392,37.17521],[140.52453,37.17574],[140.52941,37.17058],[140.52813,37.16577],[140.53195,37.16074],[140.5389,37.15925],[140.543,37.15759],[140.54866,37.15948],[140.55695,37.15849],[140.56277,37.16238],[140.56489,37.16819],[140.57131,37.16722],[140.58117,37.16364],[140.58399,37.15804],[140.58807,37.1561],[140.60898,37.15869],[140.6127,37.15801],[140.61396,37.16079],[140.60975,37.16975],[140.60112,37.17898],[140.60791,37.18817],[140.60508,37.19445],[140.60702,37.20401],[140.61381,37.2055],[140.61016,37.21509],[140.60514,37.21524],[140.6018,37.21849],[140.59718,37.22889],[140.60174,37.23812],[140.60307,37.24708],[140.59987,37.25325],[140.59187,37.25568],[140.5855,37.25141],[140.57767,37.25217],[140.57313,37.26342],[140.55727,37.26865],[140.55781,37.2733],[140.54577,37.27253],[140.53494,37.26602]]]},"properties":{"pref":"福島県","county":"石川郡","city":"平田村","code5":"07503","code6":"075035"}},
{"type":"Feature","geometry":{"type":"Polygon","coordinates":[[[140.373,37.08048],[140.38292,37.07298],[140.39229,37.07626],[140.39529,37.08396],[140.40138,37.08702],[140.40587,37.08491],[140.40228,37.07344],[140.40434,37.059],[140.40835,37.05248],[140.41454,37.05403],[140.4186,37.05122],[140.42065,37.04445],[140.42487,37.04677],[140.43201,37.04316],[140.4314,37.03968],[140.42539,37.0378],[140.42379,37.03129],[140.42444,37.02358],[140.42726,37.0227],[140.43243,37.03158],[140.44907,37.03566],[140.443,37.04297],[140.44395,37.04774],[140.43827,37.05118],[140.43751,37.05937],[140.44094,37.06382],[140.43429,37.06649],[140.43852,37.07413],[140.44187,37.07657],[140.44692,37.07526],[140.45075,37.07857],[140.4565,37.07768],[140.4677,37.07848],[140.46489,37.08502],[140.4662,37.09178],[140.46188,37.10064],[140.46272,37.10873],[140.45515,37.10757],[140.44607,37.10796],[140.43112,37.11374],[140.42723,37.11856],[140.41739,37.1209],[140.40912,37.11921],[140.40899,37.11677],[140.41275,37.11575],[140.41195,37.10776],[140.40675,37.10618],[140.39766,37.09879],[140.39002,37.08989],[140.38325,37.09013],[140.373,37.08048]]]},"properties":{"pref":"福島県","county":"石川郡","city":"浅川町","code5":"07504","code6":"075043"}},
{"type":"Feature","geometry":{"type":"Polygon","coordinates":[[[140.6127,37.15801],[140.60898,37.15869],[140.58807,37.1561],[140.58399,37.15804],[140.58117,37.16364],[140.57131,37.16722],[140.56489,37.16819],[140.56277,37.16238],[140.55695,37.15849],[140.54866,37.15948],[140.543,37.15759],[140.5389,37.15925],[140.53736,37.15561],[140.53918,37.14887],[140.5266,37.14179],[140.52633,37.13501],[140.53152,37.13068],[140.52367,37.12061],[140.51795,37.11915],[140.50607,37.1115],[140.49349,37.11045],[140.50038,37.10322],[140.50547,37.09319],[140.49984,37.08954],[140.49777,37.08552],[140.50739,37.08058],[140.51922,37.06692],[140.52516,37.0659],[140.52927,37.06076],[140.54102,37.06324],[140.55075,37.05491],[140.55663,37.05422],[140.55857,37.04774],[140.55878,37.04],[140.55471,37.03451],[140.55769,37.02974],[140.55795,37.02411],[140.56184,37.02089],[140.56195,37.0121],[140.56053,37.00226],[140.57669,36.99251],[140.59139,37.00202],[140.5994,37.00522],[140.60677,37.01472],[140.61419,37.01325],[140.62085,37.0202],[140.62176,37.0273],[140.62061,37.03449],[140.62388,37.03607],[140.62422,37.0475],[140.63377,37.05559],[140.64287,37.05674],[140.64057,37.06291],[140.64333,37.07146],[140.65417,37.07236],[140.65813,37.07653],[140.65298,37.08519],[140.65734,37.08975],[140.66433,37.09122],[140.66193,37.10116],[140.65673,37.10543],[140.65699,37.11055],[140.65078,37.11994],[140.64632,37.11922],[140.64131,37.12709],[140.64284,37.13338],[140.63735,37.14088],[140.63256,37.15468],[140.62748,37.14796],[140.62368,37.14677],[140.62053,37.15147],[140.61186,37.15408],[140.6127,37.15801]]]},"properties":{"pref":"福島県","county":"石川郡","city":"古殿町","code5":"07505","code6":"075051"}},
{"type":"Feature","geometry":{"type":"Polygon","coordinates":[[[140.5191,37.39027],[140.51532,37.39336],[140.5193,37.40318],[140.51195,37.40887],[140.50603,37.41735],[140.51877,37.41946],[140.5162,37.43012],[140.52145,37.43114],[140.52052,37.43928],[140.52708,37.44414],[140.52601,37.44894],[140.50541,37.45557],[140.50971,37.45975],[140.50827,37.46492],[140.51406,37.46563],[140.51927,37.46142],[140.52289,37.46536],[140.52433,37.47172],[140.52364,37.47849],[140.53986,37.47516],[140.54315,37.46774],[140.5463,37.46516],[140.5524,37.47053],[140.56274,37.48481],[140.56441,37.49271],[140.55827,37.50145],[140.55505,37.50586],[140.54962,37.50566],[140.54467,37.51135],[140.53548,37.50791],[140.52844,37.49883],[140.51766,37.50365],[140.50662,37.4849],[140.50095,37.48264],[140.49482,37.48426],[140.48905,37.48354],[140.48182,37.48517],[140.478,37.4815],[140.48509,37.47815],[140.4853,37.47471],[140.47348,37.46934],[140.46751,37.45359],[140.47408,37.44408],[140.47046,37.44],[140.47284,37.43749],[140.4701,37.43186],[140.46333,37.43313],[140.45766,37.43801],[140.45193,37.43822],[140.44633,37.43463],[140.44932,37.42938],[140.44416,37.42568],[140.42917,37.43],[140.42549,37.42793],[140.42874,37.42024],[140.44071,37.41595],[140.44248,37.40848],[140.45083,37.40782],[140.45235,37.40029],[140.44768,37.39826],[140.44421,37.39194],[140.45369,37.38596],[140.45946,37.38971],[140.46767,37.38627],[140.47101,37.38974],[140.47822,37.38986],[140.48039,37.38129],[140.47715,37.37868],[140.47747,37.3719],[140.48752,37.37052],[140.49239,37.38067],[140.4909,37.38533],[140.49364,37.38823],[140.50411,37.3872],[140.51746,37.38796],[140.5191,37.39027]]]},"properties":{"pref":"福島県","county":"田村郡","city":"三春町","code5":"07521","code6":"075213"}},
{"type":"Feature","geometry":{"type":"Polygon","coordinates":[[[140.55781,37.2733],[140.55727,37.26865],[140.57313,37.26342],[140.57767,37.25217],[140.5855,37.25141],[140.59187,37.25568],[140.59987,37.25325],[140.60307,37.24708],[140.60174,37.23812],[140.59718,37.22889],[140.6018,37.21849],[140.60514,37.21524],[140.61016,37.21509],[140.61381,37.2055],[140.61759,37.20369],[140.62746,37.2118],[140.63237,37.2118],[140.63887,37.21613],[140.64726,37.21767],[140.6497,37.22226],[140.66246,37.22826],[140.66783,37.22557],[140.67493,37.22859],[140.68283,37.23448],[140.6829,37.24022],[140.68538,37.24457],[140.68289,37.25331],[140.6864,37.2605],[140.68561,37.26837],[140.69386,37.27776],[140.69203,37.28459],[140.68913,37.28725],[140.66743,37.28734],[140.66262,37.27819],[140.655,37.27477],[140.64658,37.27647],[140.63703,37.28745],[140.6397,37.29252],[140.63999,37.29936],[140.63615,37.30372],[140.63924,37.31063],[140.644,37.31414],[140.64866,37.32265],[140.64143,37.3401],[140.6359,37.34234],[140.6302,37.3419],[140.61516,37.34489],[140.60711,37.34907],[140.59727,37.34716],[140.59013,37.35304],[140.58281,37.35377],[140.57104,37.36611],[140.55998,37.36544],[140.55462,37.36134],[140.55268,37.35702],[140.54515,37.34724],[140.54128,37.34578],[140.54176,37.34103],[140.53805,37.33324],[140.54343,37.32732],[140.55016,37.32585],[140.55609,37.31865],[140.56137,37.31445],[140.55796,37.31053],[140.55775,37.30259],[140.55492,37.29997],[140.5594,37.29578],[140.55543,37.29125],[140.55583,37.28421],[140.56044,37.27519],[140.55781,37.2733]]]},"properties":{"pref":"福島県","county":"田村郡","city":"小野町","code5":"07522","code6":"075221"}},
{"type":"Feature","geometry":{"type":"Polygon","coordinates":[[[141.00043,37.18364],[141.0025,37.2004],[141.00717,37.21555],[141.01225,37.22312],[141.01237,37.22835],[141.01907,37.23467],[141.0205,37.24021],[141.01313,37.24108],[141.00455,37.24164],[141.00159,37.24378],[140.99642,37.24127],[140.98843,37.24325],[140.97761,37.24356],[140.97457,37.2418],[140.96552,37.24257],[140.96272,37.24036],[140.95546,37.24328],[140.95156,37.24277],[140.93967,37.24622],[140.93466,37.24196],[140.92742,37.24541],[140.92152,37.24263],[140.90984,37.24609],[140.90617,37.24875],[140.89583,37.24443],[140.88779,37.23911],[140.87812,37.24068],[140.86712,37.22789],[140.87137,37.22666],[140.87511,37.22088],[140.8899,37.22147],[140.90095,37.22039],[140.90396,37.21431],[140.91684,37.20717],[140.91623,37.20335],[140.92479,37.2048],[140.92572,37.20134],[140.93595,37.19551],[140.94499,37.19201],[140.9567,37.18588],[140.96847,37.18914],[140.98051,37.18563],[141.00043,37.18364]]]},"properties":{"pref":"福島県","county":"双葉郡","city":"広野町","code5":"07541","code6":"075418"}},
{"type":"Feature","geometry":{"type":"Polygon","coordinates":[[[140.87812,37.24068],[140.88779,37.23911],[140.89583,37.24443],[140.90617,37.24875],[140.90984,37.24609],[140.92152,37.24263],[140.92742,37.24541],[140.93466,37.24196],[140.93967,37.24622],[140.95156,37.24277],[140.95546,37.24328],[140.96272,37.24036],[140.96552,37.24257],[140.97457,37.2418],[140.97761,37.24356],[140.98843,37.24325],[140.99642,37.24127],[141.00159,37.24378],[141.00455,37.24164],[141.01313,37.24108],[141.01292,37.25085],[141.0142,37.26158],[141.01803,37.2777],[141.02446,37.29713],[141.02419,37.30728],[141.02812,37.3164],[141.01642,37.31725],[141.00369,37.31408],[141.00679,37.30696],[141.00528,37.30469],[140.99464,37.30649],[140.98741,37.31247],[140.97622,37.31645],[140.96906,37.31704],[140.96532,37.31993],[140.95503,37.32057],[140.94618,37.32242],[140.94099,37.32605],[140.93843,37.33486],[140.92306,37.33511],[140.91687,37.33768],[140.91304,37.33341],[140.90522,37.33072],[140.90108,37.32213],[140.90172,37.31071],[140.90577,37.30047],[140.89042,37.29517],[140.88728,37.29281],[140.88857,37.28633],[140.88529,37.28404],[140.88264,37.27686],[140.87742,37.27728],[140.8719,37.27066],[140.87236,37.26433],[140.8671,37.25968],[140.86958,37.25451],[140.87465,37.25314],[140.87812,37.24068]]]},"properties":{"pref":"福島県","county":"双葉郡","city":"楢葉町","code5":"07542","code6":"075426"}},
{"type":"Feature","geometry":{"type":"Polygon","coordinates":[[[141.02812,37.3164],[141.02527,37.32479],[141.02828,37.34088],[141.03162,37.34799],[141.0343,37.35996],[141.03688,37.36356],[141.03558,37.37311],[141.01776,37.37686],[141.00139,37.37397],[140.99044,37.37512],[140.98835,37.37813],[140.97763,37.38082],[140.95087,37.38041],[140.9494,37.38369],[140.93621,37.37912],[140.92646,37.3788],[140.92272,37.37529],[140.90985,37.37365],[140.90695,37.36335],[140.9008,37.36014],[140.90203,37.35617],[140.90888,37.35299],[140.91066,37.34376],[140.91687,37.33768],[140.92306,37.33511],[140.93843,37.33486],[140.94099,37.32605],[140.94618,37.32242],[140.95503,37.32057],[140.96532,37.31993],[140.96906,37.31704],[140.97622,37.31645],[140.98741,37.31247],[140.99464,37.30649],[141.00528,37.30469],[141.00679,37.30696],[141.00369,37.31408],[141.01642,37.31725],[141.02812,37.3164]]]},"properties":{"pref":"福島県","county":"双葉郡","city":"富岡町","code5":"07543","code6":"075434"}},
{"type":"Feature","geometry":{"type":"Polygon","coordinates":[[[140.87742,37.27728],[140.88264,37.27686],[140.88529,37.28404],[140.88857,37.28633],[140.88728,37.29281],[140.89042,37.29517],[140.90577,37.30047],[140.90172,37.31071],[140.90108,37.32213],[140.90522,37.33072],[140.91304,37.33341],[140.91687,37.33768],[140.91066,37.34376],[140.90888,37.35299],[140.90203,37.35617],[140.9008,37.36014],[140.90695,37.36335],[140.90985,37.37365],[140.90582,37.37624],[140.88814,37.37706],[140.87734,37.38387],[140.87244,37.38122],[140.86879,37.38362],[140.86075,37.38439],[140.8598,37.38705],[140.85175,37.38351],[140.85061,37.37277],[140.84538,37.37443],[140.83485,37.37518],[140.82581,37.38039],[140.81544,37.38231],[140.81175,37.38037],[140.80319,37.38238],[140.7953,37.38088],[140.78184,37.38426],[140.77924,37.38291],[140.77017,37.38723],[140.76424,37.3835],[140.75539,37.39288],[140.74294,37.39362],[140.7406,37.40105],[140.72846,37.4046],[140.726,37.40025],[140.715,37.39725],[140.71265,37.39316],[140.71586,37.38924],[140.7087,37.38323],[140.70695,37.37863],[140.69992,37.3745],[140.69898,37.36951],[140.7048,37.36729],[140.7011,37.35722],[140.70505,37.35298],[140.70718,37.34627],[140.713,37.34218],[140.71865,37.33423],[140.71957,37.32421],[140.72322,37.31954],[140.72472,37.31516],[140.72995,37.31133],[140.72851,37.30827],[140.73465,37.30484],[140.73519,37.30195],[140.74324,37.29706],[140.74884,37.30042],[140.75343,37.29733],[140.7661,37.29884],[140.76619,37.2951],[140.77855,37.29644],[140.77989,37.28818],[140.78678,37.28785],[140.79304,37.28489],[140.79166,37.28011],[140.78701,37.27516],[140.7875,37.26745],[140.79478,37.26131],[140.80099,37.25862],[140.80339,37.25287],[140.80709,37.25424],[140.81481,37.25251],[140.82784,37.25609],[140.832,37.26042],[140.8376,37.26191],[140.84584,37.25831],[140.853,37.25914],[140.85723,37.26569],[140.85917,37.27435],[140.865,37.27653],[140.87298,37.27534],[140.87742,37.27728]]]},"properties":{"pref":"福島県","county":"双葉郡","city":"川内村","code5":"07544","code6":"075442"}},
{"type":"Feature","geometry":{"type":"Polygon","coordinates":[[[140.8598,37.38705],[140.86075,37.38439],[140.86879,37.38362],[140.87244,37.38122],[140.87734,37.38387],[140.88814,37.37706],[140.90582,37.37624],[140.90985,37.37365],[140.92272,37.37529],[140.92646,37.3788],[140.93621,37.37912],[140.9494,37.38369],[140.95087,37.38041],[140.97763,37.38082],[140.98835,37.37813],[140.99044,37.37512],[141.00139,37.37397],[141.01776,37.37686],[141.03558,37.37311],[141.03586,37.38115],[141.03387,37.38547],[141.03531,37.39585],[141.03338,37.40585],[141.03485,37.42689],[141.01949,37.42675],[141.00581,37.43369],[141.00078,37.42663],[140.99376,37.42381],[140.99341,37.41952],[140.96617,37.41784],[140.96325,37.41657],[140.94704,37.41885],[140.94225,37.42236],[140.93494,37.4219],[140.93214,37.42374],[140.92209,37.42435],[140.90705,37.42378],[140.90237,37.42656],[140.8971,37.42638],[140.89437,37.43318],[140.8861,37.42946],[140.88051,37.4302],[140.87394,37.42517],[140.87066,37.42051],[140.86473,37.42175],[140.85373,37.4214],[140.86168,37.40964],[140.85858,37.40662],[140.86036,37.39908],[140.85812,37.39484],[140.8598,37.38705]]]},"properties":{"pref":"福島県","county":"双葉郡","city":"大熊町","code5":"07545","code6":"075451"}},
{"type":"Feature","geometry":{"type":"Polygon","coordinates":[[[141.03485,37.42689],[141.03406,37.43085],[141.03797,37.45379],[141.03584,37.45823],[141.03655,37.46636],[141.02866,37.46425],[141.02648,37.46822],[141.01874,37.47023],[141.01371,37.47519],[141.00126,37.47694],[140.99353,37.47686],[140.97771,37.46843],[140.96834,37.46856],[140.96561,37.46506],[140.95787,37.46178],[140.9558,37.45377],[140.949,37.44725],[140.94112,37.44687],[140.93752,37.44394],[140.92572,37.44314],[140.91692,37.44609],[140.9144,37.44916],[140.90297,37.44898],[140.89353,37.44415],[140.89437,37.43318],[140.8971,37.42638],[140.90237,37.42656],[140.90705,37.42378],[140.92209,37.42435],[140.93214,37.42374],[140.93494,37.4219],[140.94225,37.42236],[140.94704,37.41885],[140.96325,37.41657],[140.96617,37.41784],[140.99341,37.41952],[140.99376,37.42381],[141.00078,37.42663],[141.00581,37.43369],[141.01949,37.42675],[141.03485,37.42689]]]},"properties":{"pref":"福島県","county":"双葉郡","city":"双葉町","code5":"07546","code6":"075469"}},
{"type":"Feature","geometry":{"type":"Polygon","coordinates":[[[140.6837,37.54284],[140.7012,37.54343],[140.71183,37.54044],[140.72235,37.5405],[140.73031,37.53678],[140.73602,37.53648],[140.74138,37.53321],[140.75146,37.53402],[140.74919,37.54152],[140.75632,37.54375],[140.76411,37.53857],[140.77707,37.53953],[140.78216,37.53836],[140.7899,37.5323],[140.79522,37.53548],[140.80122,37.53297],[140.80632,37.53668],[140.81174,37.53484],[140.81915,37.53583],[140.82754,37.54056],[140.83282,37.53695],[140.84499,37.54145],[140.84532,37.52651],[140.85097,37.51549],[140.85226,37.50782],[140.84971,37.49921],[140.84407,37.49797],[140.83767,37.5008],[140.83432,37.4985],[140.83716,37.48788],[140.83607,37.48479],[140.83939,37.47945],[140.84057,37.46923],[140.8357,37.46179],[140.84553,37.45539],[140.84327,37.45017],[140.84512,37.44137],[140.8502,37.43847],[140.85194,37.42636],[140.85373,37.4214],[140.86473,37.42175],[140.87066,37.42051],[140.87394,37.42517],[140.88051,37.4302],[140.8861,37.42946],[140.89437,37.43318],[140.89353,37.44415],[140.90297,37.44898],[140.9144,37.44916],[140.91692,37.44609],[140.92572,37.44314],[140.93752,37.44394],[140.94112,37.44687],[140.949,37.44725],[140.9558,37.45377],[140.95787,37.46178],[140.96561,37.46506],[140.96834,37.46856],[140.97771,37.46843],[140.99353,37.47686],[141.00126,37.47694],[141.01371,37.47519],[141.01874,37.47023],[141.02648,37.46822],[141.02866,37.46425],[141.03655,37.46636],[141.03684,37.47076],[141.04201,37.48323],[141.039,37.48751],[141.03919,37.49617],[141.03421,37.51365],[141.01098,37.51035],[140.99991,37.50754],[140.98874,37.5093],[140.98182,37.51506],[140.96805,37.51895],[140.95902,37.51852],[140.93969,37.52592],[140.9322,37.53115],[140.91839,37.52795],[140.9141,37.51904],[140.90985,37.51831],[140.90641,37.5219],[140.89624,37.52163],[140.88536,37.52597],[140.88015,37.52394],[140.87904,37.52927],[140.875,37.53494],[140.87646,37.53758],[140.87434,37.54587],[140.86352,37.55166],[140.85832,37.55166],[140.84416,37.55857],[140.84363,37.56964],[140.83801,37.57744],[140.84318,37.58256],[140.83987,37.59246],[140.83398,37.59338],[140.82853,37.59942],[140.82924,37.60282],[140.82444,37.60979],[140.81488,37.61481],[140.81384,37.60423],[140.80816,37.6026],[140.80033,37.59654],[140.79308,37.59338],[140.78194,37.59944],[140.77011,37.59674],[140.76509,37.59859],[140.75736,37.59831],[140.75347,37.60194],[140.73463,37.60331],[140.73022,37.60105],[140.71825,37.60144],[140.72626,37.59339],[140.72408,37.58687],[140.7144,37.57604],[140.71342,37.57314],[140.70132,37.5754],[140.6977,37.56764],[140.69855,37.5615],[140.69479,37.5604],[140.68626,37.54731],[140.6837,37.54284]]]},"properties":{"pref":"福島県","county":"双葉郡","city":"浪江町","code5":"07547","code6":"075477"}},
{"type":"Feature","geometry":{"type":"Polygon","coordinates":[[[140.68191,37.53808],[140.69605,37.52587],[140.70206,37.52652],[140.70546,37.52333],[140.69823,37.51123],[140.69215,37.50341],[140.7026,37.50205],[140.71385,37.49667],[140.7235,37.49381],[140.73121,37.49017],[140.74037,37.49058],[140.74761,37.48496],[140.75392,37.4855],[140.76409,37.47938],[140.77157,37.47215],[140.77995,37.47565],[140.78806,37.47343],[140.79191,37.46872],[140.79948,37.47265],[140.81364,37.47066],[140.81966,37.46391],[140.82647,37.46461],[140.83357,37.4683],[140.8357,37.46179],[140.84057,37.46923],[140.83939,37.47945],[140.83607,37.48479],[140.83716,37.48788],[140.83432,37.4985],[140.83767,37.5008],[140.84407,37.49797],[140.84971,37.49921],[140.85226,37.50782],[140.85097,37.51549],[140.84532,37.52651],[140.84499,37.54145],[140.83282,37.53695],[140.82754,37.54056],[140.81915,37.53583],[140.81174,37.53484],[140.80632,37.53668],[140.80122,37.53297],[140.79522,37.53548],[140.7899,37.5323],[140.78216,37.53836],[140.77707,37.53953],[140.76411,37.53857],[140.75632,37.54375],[140.74919,37.54152],[140.75146,37.53402],[140.74138,37.53321],[140.73602,37.53648],[140.73031,37.53678],[140.72235,37.5405],[140.71183,37.54044],[140.7012,37.54343],[140.6837,37.54284],[140.68191,37.53808]]]},"properties":{"pref":"福島県","county":"双葉郡","city":"葛尾村","code5":"07548","code6":"075485"}},
{"type":"Feature","geometry":{"type":"Polygon","coordinates":[[[140.85418,37.84193],[140.8697,37.84161],[140.8839,37.84386],[140.90879,37.84096],[140.92091,37.83604],[140.92648,37.83823],[140.94558,37.8376],[140.95917,37.84149],[140.95393,37.84064],[140.95555,37.84688],[140.95384,37.85187],[140.95586,37.85937],[140.94545,37.85679],[140.94101,37.86216],[140.93898,37.86874],[140.93327,37.88057],[140.93109,37.89618],[140.92397,37.89491],[140.91518,37.89784],[140.91218,37.89659],[140.90112,37.89764],[140.89815,37.90299],[140.89052,37.9023],[140.88101,37.89787],[140.87016,37.89642],[140.86412,37.89297],[140.85625,37.8909],[140.85649,37.88298],[140.86069,37.87915],[140.85458,37.87452],[140.86074,37.86718],[140.86156,37.86283],[140.85864,37.85627],[140.85054,37.84923],[140.85418,37.84193]]]},"properties":{"pref":"福島県","county":"相馬郡","city":"新地町","code5":"07561","code6":"075612"}},
{"type":"Feature","geometry":{"type":"Polygon","coordinates":[[[140.72839,37.75186],[140.70499,37.75016],[140.70081,37.7449],[140.68294,37.74191],[140.67658,37.73647],[140.6765,37.7281],[140.66951,37.72256],[140.67104,37.71859],[140.66718,37.71565],[140.66812,37.71141],[140.66166,37.70877],[140.66182,37.70204],[140.6498,37.69773],[140.6449,37.69165],[140.64601,37.68427],[140.65213,37.68463],[140.65597,37.6876],[140.66017,37.67998],[140.6671,37.67616],[140.66561,37.66794],[140.66237,37.66308],[140.6659,37.66099],[140.66476,37.65583],[140.66873,37.65285],[140.66657,37.64161],[140.66864,37.62967],[140.67707,37.62061],[140.68555,37.61699],[140.68589,37.61402],[140.69902,37.60544],[140.70647,37.60635],[140.71825,37.60144],[140.73022,37.60105],[140.73463,37.60331],[140.75347,37.60194],[140.75736,37.59831],[140.76509,37.59859],[140.77011,37.59674],[140.78194,37.59944],[140.79308,37.59338],[140.80033,37.59654],[140.80816,37.6026],[140.81384,37.60423],[140.81488,37.61481],[140.81907,37.61825],[140.82443,37.61507],[140.83321,37.63004],[140.82778,37.63717],[140.82516,37.64742],[140.82083,37.65556],[140.82339,37.65995],[140.82493,37.67016],[140.81498,37.6723],[140.81359,37.67537],[140.81976,37.68249],[140.81769,37.68542],[140.81898,37.69382],[140.82445,37.69848],[140.82276,37.7012],[140.81345,37.70192],[140.81308,37.7072],[140.81988,37.71257],[140.8237,37.712],[140.83392,37.71661],[140.83614,37.72017],[140.84296,37.72211],[140.83993,37.73404],[140.83552,37.73674],[140.83003,37.74551],[140.82268,37.74729],[140.81304,37.75194],[140.79862,37.7563],[140.79399,37.75571],[140.76893,37.76144],[140.76229,37.75955],[140.75555,37.7521],[140.74756,37.75345],[140.73882,37.74985],[140.73013,37.75001],[140.72839,37.75186]]]},"properties":{"pref":"福島県","county":"相馬郡","city":"飯舘村","code5":"07564","code6":"075647"}}
]}