{"type":"FeatureCollection", "features": [
{"type":"Feature","geometry":{"type":"Polygon","coordinates":[[[138.00346,36.82641],[137.9969,36.81678],[137.98918,36.81152],[137.98073,36.80167],[137.97699,36.7951],[137.97465,36.78548],[137.96768,36.78104],[137.96793,36.77103],[137.9647,36.77042],[137.96101,36.76316],[137.95289,36.75548],[137.95331,36.74848],[137.94487,36.74139],[137.94154,36.73607],[137.93375,36.7254],[137.92718,36.72292],[137.93047,36.71788],[137.92343,36.70007],[137.91863,36.69429],[137.915,36.69386],[137.91513,36.68458],[137.91745,36.68192],[137.91011,36.66158],[137.92037,36.65701],[137.9251,36.65845],[137.93551,36.66559],[137.93635,36.66958],[137.9448,36.6721],[137.95539,36.669],[137.95937,36.67247],[137.96976,36.66786],[137.97499,36.67262],[137.98152,36.66643],[138.00422,36.66023],[138.01075,36.65462],[138.00047,36.63887],[138.00222,36.6334],[137.99838,36.62279],[138.00329,36.61371],[138.00003,36.60593],[138.00225,36.6005],[137.99919,36.59795],[137.99338,36.59976],[137.98599,36.59657],[137.9808,36.60141],[137.9744,36.6008],[137.96297,36.60383],[137.9525,36.59497],[137.94177,36.59478],[137.93911,36.59199],[137.93935,36.58681],[137.93563,36.58375],[137.93575,36.57939],[137.93247,36.57621],[137.93084,36.56793],[137.92577,36.56454],[137.92636,36.55883],[137.91997,36.55463],[137.9176,36.54964],[137.91902,36.53825],[137.92536,36.53657],[137.92332,36.53117],[137.92592,36.52695],[137.93124,36.52457],[137.93085,36.51968],[137.93991,36.51675],[137.94973,36.52398],[137.95752,36.52377],[137.96667,36.51692],[137.96593,36.51255],[137.96134,36.50842],[137.96392,36.50572],[137.95609,36.50115],[137.95433,36.4965],[137.95703,36.49025],[137.95322,36.48498],[137.951,36.47972],[137.95648,36.47547],[137.95935,36.46792],[137.96842,36.46136],[137.97712,36.4607],[137.98437,36.46679],[137.99537,36.47214],[138.00554,36.48009],[138.00933,36.47916],[138.02125,36.48408],[138.03337,36.48491],[138.03912,36.48778],[138.02963,36.49071],[138.03143,36.50077],[138.03511,36.5109],[138.04393,36.51969],[138.04224,36.52621],[138.04626,36.53971],[138.05647,36.54261],[138.0663,36.5399],[138.06916,36.54167],[138.08133,36.54395],[138.0886,36.54097],[138.10233,36.53957],[138.1154,36.54193],[138.12842,36.55089],[138.12895,36.55521],[138.133,36.55818],[138.14838,36.55731],[138.15147,36.56008],[138.15706,36.55761],[138.16751,36.5592],[138.17279,36.55322],[138.17118,36.54876],[138.17989,36.54443],[138.1872,36.54308],[138.19051,36.53941],[138.19348,36.53013],[138.19941,36.52293],[138.19841,36.5154],[138.19985,36.51116],[138.20452,36.51151],[138.21174,36.50819],[138.21996,36.50776],[138.22949,36.51416],[138.23627,36.51243],[138.23937,36.50949],[138.24676,36.51],[138.24986,36.5157],[138.26649,36.51323],[138.27098,36.51924],[138.27745,36.53495],[138.28208,36.53692],[138.29388,36.5323],[138.2982,36.53553],[138.30271,36.54214],[138.30877,36.54561],[138.31144,36.55036],[138.3081,36.55344],[138.31112,36.55938],[138.31741,36.56113],[138.31824,36.56679],[138.30745,36.57306],[138.30825,36.58223],[138.30546,36.59943],[138.30013,36.60714],[138.28935,36.61307],[138.28787,36.6215],[138.28222,36.62736],[138.26839,36.637],[138.25726,36.64013],[138.26002,36.64609],[138.27639,36.67443],[138.28008,36.68658],[138.28328,36.68767],[138.28512,36.69756],[138.28327,36.70308],[138.29028,36.70804],[138.28997,36.71478],[138.3015,36.71521],[138.31097,36.72089],[138.30839,36.72381],[138.30839,36.73909],[138.30925,36.74347],[138.30489,36.74584],[138.29641,36.74403],[138.29411,36.74587],[138.29081,36.74684],[138.2821,36.74386],[138.28049,36.74163],[138.27017,36.74193],[138.26815,36.74592],[138.26234,36.74247],[138.26452,36.73678],[138.26078,36.72771],[138.2513,36.72318],[138.25152,36.71917],[138.23893,36.71912],[138.23142,36.72095],[138.21567,36.70903],[138.20847,36.70934],[138.19864,36.71285],[138.19465,36.71271],[138.18824,36.71794],[138.17881,36.72151],[138.17323,36.72808],[138.14049,36.73965],[138.13385,36.74081],[138.14012,36.74753],[138.12946,36.75307],[138.12248,36.76226],[138.12012,36.77432],[138.12488,36.78325],[138.09849,36.77965],[138.09624,36.78584],[138.09749,36.79463],[138.09529,36.80091],[138.09924,36.80311],[138.10165,36.80959],[138.10043,36.81629],[138.09649,36.82094],[138.09668,36.82548],[138.09223,36.82622],[138.08892,36.83022],[138.08916,36.83573],[138.08145,36.82992],[138.07302,36.81685],[138.07523,36.8105],[138.06817,36.80384],[138.06482,36.80443],[138.05222,36.79996],[138.05185,36.80746],[138.04496,36.80978],[138.03876,36.80771],[138.0338,36.80883],[138.02888,36.81711],[138.0219,36.81945],[138.01704,36.81883],[138.01104,36.82343],[138.00346,36.82641]]]},"properties":{"pref":"長野県","city":"長野市","code5":"20201","code6":"202011"}},
{"type":"Feature","geometry":{"type":"Polygon","coordinates":[[[138.0792,36.37211],[138.07189,36.37065],[138.06918,36.3742],[138.06194,36.3752],[138.05167,36.37944],[138.04768,36.37679],[138.03218,36.37709],[138.02632,36.37468],[138.01998,36.37574],[138.01423,36.3725],[137.99898,36.37123],[137.99655,36.37676],[137.9915,36.37674],[137.98029,36.37603],[137.97203,36.37067],[137.96877,36.36408],[137.96007,36.36392],[137.95605,36.35919],[137.95332,36.34403],[137.95751,36.34057],[137.95296,36.33127],[137.94763,36.33075],[137.94783,36.32426],[137.9548,36.32239],[137.9583,36.31722],[137.96949,36.31775],[137.97687,36.31072],[137.97807,36.30502],[137.97243,36.29898],[137.9559,36.29448],[137.95038,36.28911],[137.94456,36.28787],[137.94331,36.2791],[137.93742,36.27389],[137.92974,36.25975],[137.91826,36.24639],[137.91147,36.24689],[137.89936,36.24398],[137.88537,36.2429],[137.88324,36.23948],[137.86642,36.23736],[137.84679,36.23938],[137.83269,36.24628],[137.82314,36.24659],[137.81716,36.24052],[137.81111,36.24268],[137.8007,36.24296],[137.79404,36.24117],[137.78812,36.24307],[137.78913,36.24953],[137.79785,36.25973],[137.79821,36.26644],[137.79534,36.27015],[137.79681,36.27568],[137.79333,36.28284],[137.78816,36.2837],[137.78229,36.27623],[137.76745,36.27703],[137.76392,36.2753],[137.74465,36.27521],[137.74038,36.28168],[137.73311,36.28603],[137.72568,36.28765],[137.72101,36.29647],[137.72136,36.30507],[137.72809,36.32089],[137.72809,36.33351],[137.72552,36.33948],[137.72698,36.34206],[137.71879,36.35373],[137.71512,36.35347],[137.70648,36.36163],[137.70101,36.365],[137.69286,36.3627],[137.68757,36.3557],[137.68559,36.34555],[137.68088,36.33797],[137.6705,36.33687],[137.6588,36.33735],[137.64561,36.34126],[137.64637,36.33023],[137.65067,36.3274],[137.65144,36.31709],[137.6489,36.30891],[137.65306,36.30467],[137.64686,36.29645],[137.64782,36.28905],[137.6288,36.27837],[137.62635,36.2722],[137.62092,36.26668],[137.61472,36.26293],[137.61262,36.25741],[137.607,36.25312],[137.60592,36.24879],[137.59635,36.24298],[137.59561,36.23743],[137.59134,36.23435],[137.58968,36.2286],[137.58367,36.22721],[137.58303,36.2204],[137.57298,36.21841],[137.57605,36.21433],[137.57352,36.21104],[137.57512,36.20389],[137.58104,36.19531],[137.59517,36.19035],[137.59112,36.18627],[137.59116,36.17835],[137.59506,36.17205],[137.59203,36.16953],[137.59122,36.16412],[137.58314,36.16017],[137.57774,36.15952],[137.56789,36.15338],[137.56804,36.14817],[137.55975,36.14449],[137.55471,36.13766],[137.56047,36.13047],[137.55692,36.12147],[137.55204,36.11671],[137.55086,36.10988],[137.56296,36.09842],[137.56754,36.09702],[137.57235,36.08859],[137.57772,36.08532],[137.58257,36.08543],[137.59279,36.08094],[137.59681,36.07584],[137.60823,36.07793],[137.61166,36.07344],[137.61091,36.06757],[137.6146,36.06313],[137.61372,36.05962],[137.60697,36.05583],[137.60542,36.04869],[137.59832,36.04319],[137.59949,36.02594],[137.60719,36.02535],[137.61294,36.01842],[137.61903,36.01924],[137.62164,36.02194],[137.63314,36.02677],[137.64691,36.02041],[137.65383,36.01903],[137.65721,36.01342],[137.66822,36.01045],[137.68155,36.01678],[137.68941,36.01447],[137.69555,36.01457],[137.6976,36.01088],[137.70382,36.01012],[137.70811,36.01238],[137.70952,36.01651],[137.7198,36.02637],[137.7228,36.03414],[137.72873,36.03826],[137.73145,36.04414],[137.73706,36.04784],[137.73528,36.05568],[137.7366,36.0618],[137.73571,36.06956],[137.74218,36.07322],[137.74711,36.08135],[137.75464,36.08655],[137.76351,36.08819],[137.77055,36.09513],[137.77799,36.09943],[137.78013,36.10478],[137.78554,36.11098],[137.78749,36.11838],[137.79111,36.12205],[137.79436,36.12968],[137.80064,36.13679],[137.80795,36.14118],[137.81081,36.14528],[137.81445,36.15077],[137.82367,36.15453],[137.82999,36.15958],[137.83985,36.16121],[137.84615,36.17042],[137.85849,36.17898],[137.86425,36.18057],[137.87504,36.18663],[137.89041,36.19038],[137.89761,36.18807],[137.89881,36.17858],[137.90106,36.1746],[137.89548,36.1707],[137.8937,36.16267],[137.88727,36.1493],[137.88462,36.14654],[137.89227,36.14051],[137.88591,36.1343],[137.89387,36.13073],[137.90168,36.13937],[137.91032,36.1472],[137.9174,36.14839],[137.91964,36.15355],[137.91722,36.1588],[137.92414,36.16411],[137.92987,36.16258],[137.93169,36.15948],[137.92429,36.14478],[137.92776,36.14373],[137.94074,36.15228],[137.94701,36.17045],[137.9641,36.17179],[137.96724,36.16956],[137.9689,36.15023],[137.97139,36.14729],[137.97932,36.15843],[137.98791,36.15766],[137.99917,36.15297],[138.02358,36.15101],[138.03038,36.1481],[138.04235,36.14813],[138.04586,36.15448],[138.04552,36.16129],[138.05392,36.16834],[138.06691,36.16149],[138.07171,36.1621],[138.07789,36.15677],[138.08833,36.15749],[138.09275,36.16046],[138.10405,36.16392],[138.10818,36.16239],[138.11853,36.16402],[138.12105,36.1627],[138.12783,36.16648],[138.12728,36.1729],[138.13124,36.17674],[138.12617,36.18356],[138.12773,36.19674],[138.12578,36.20078],[138.12947,36.20775],[138.12934,36.21171],[138.11981,36.2187],[138.1169,36.21902],[138.1117,36.22538],[138.10708,36.22599],[138.10568,36.2335],[138.10245,36.23654],[138.09248,36.23718],[138.09024,36.24362],[138.07912,36.25112],[138.0783,36.25628],[138.0828,36.26178],[138.07901,36.26735],[138.07293,36.27273],[138.07474,36.27553],[138.07162,36.28668],[138.07833,36.30239],[138.0825,36.30764],[138.081,36.31233],[138.07101,36.31655],[138.07219,36.32185],[138.06927,36.32993],[138.06442,36.33348],[138.06782,36.33722],[138.06667,36.34527],[138.07191,36.35453],[138.078,36.36088],[138.07615,36.36708],[138.0792,36.37211]]]},"properties":{"pref":"長野県","city":"松本市","code5":"20202","code6":"202029"}},
{"type":"Feature","geometry":{"type":"Polygon","coordinates":[[[138.41239,36.54149],[138.40762,36.54143],[138.40451,36.54573],[138.39577,36.54912],[138.39155,36.55363],[138.38207,36.55466],[138.36878,36.5528],[138.3562,36.54923],[138.35195,36.54128],[138.33692,36.53964],[138.33396,36.53735],[138.32371,36.54615],[138.31586,36.5463],[138.31144,36.55036],[138.30877,36.54561],[138.30271,36.54214],[138.2982,36.53553],[138.29388,36.5323],[138.28208,36.53692],[138.27745,36.53495],[138.27098,36.51924],[138.26649,36.51323],[138.24986,36.5157],[138.24676,36.51],[138.23937,36.50949],[138.23627,36.51243],[138.22949,36.51416],[138.21996,36.50776],[138.21174,36.50819],[138.20452,36.51151],[138.19985,36.51116],[138.1988,36.50726],[138.20177,36.50098],[138.21956,36.49049],[138.22169,36.48304],[138.23064,36.47962],[138.22879,36.47374],[138.22869,36.46466],[138.24138,36.45702],[138.24236,36.45248],[138.24978,36.44414],[138.24869,36.43331],[138.22955,36.43169],[138.22362,36.42945],[138.21615,36.4294],[138.21106,36.42609],[138.20535,36.42579],[138.1941,36.42234],[138.18061,36.42105],[138.16585,36.41674],[138.15239,36.4262],[138.14306,36.4294],[138.13986,36.43402],[138.13259,36.43492],[138.12862,36.43821],[138.12161,36.43683],[138.1143,36.43414],[138.11727,36.42123],[138.11331,36.41367],[138.11321,36.40785],[138.11546,36.40376],[138.12464,36.40245],[138.131,36.39744],[138.13761,36.39495],[138.14288,36.39659],[138.15062,36.39211],[138.15166,36.38703],[138.14943,36.38272],[138.15317,36.37807],[138.15422,36.37048],[138.14919,36.36595],[138.14842,36.36158],[138.14364,36.35447],[138.1373,36.35002],[138.12899,36.34652],[138.13055,36.33526],[138.11456,36.32224],[138.10808,36.32818],[138.09313,36.31783],[138.081,36.31233],[138.0825,36.30764],[138.07833,36.30239],[138.07162,36.28668],[138.07474,36.27553],[138.07293,36.27273],[138.07901,36.26735],[138.0828,36.26178],[138.0783,36.25628],[138.07912,36.25112],[138.09024,36.24362],[138.09248,36.23718],[138.10245,36.23654],[138.10568,36.2335],[138.10708,36.22599],[138.1117,36.22538],[138.1169,36.21902],[138.11981,36.2187],[138.12836,36.22984],[138.13382,36.23107],[138.14278,36.22595],[138.15483,36.22402],[138.1588,36.21881],[138.16326,36.21733],[138.16932,36.22086],[138.17486,36.21851],[138.18667,36.22467],[138.19269,36.2254],[138.20919,36.22296],[138.22116,36.22384],[138.22611,36.22693],[138.22756,36.23337],[138.23347,36.23896],[138.23403,36.24705],[138.24613,36.25128],[138.24597,36.25886],[138.24358,36.26611],[138.24351,36.27814],[138.25064,36.28686],[138.25413,36.28835],[138.25549,36.29352],[138.26328,36.2968],[138.27159,36.29347],[138.27575,36.28553],[138.28319,36.28736],[138.2856,36.28961],[138.28422,36.29558],[138.28553,36.29965],[138.28345,36.30694],[138.29161,36.32291],[138.29338,36.31922],[138.29876,36.31919],[138.3086,36.32288],[138.31498,36.32843],[138.31902,36.33449],[138.32078,36.34303],[138.32342,36.34703],[138.31967,36.34972],[138.3226,36.35631],[138.31941,36.3597],[138.31149,36.35886],[138.30681,36.36107],[138.29917,36.36752],[138.30023,36.37124],[138.29419,36.37504],[138.29692,36.38018],[138.30889,36.38064],[138.30953,36.38599],[138.31773,36.3882],[138.327,36.39478],[138.32901,36.40002],[138.33391,36.40139],[138.34527,36.40742],[138.34395,36.41228],[138.34758,36.41779],[138.34686,36.42109],[138.35818,36.43064],[138.36768,36.43098],[138.37653,36.43277],[138.3871,36.43328],[138.38963,36.43067],[138.40097,36.43474],[138.40129,36.44706],[138.40313,36.45232],[138.40007,36.4614],[138.40335,36.46687],[138.39956,36.47333],[138.40076,36.48145],[138.39729,36.48406],[138.39713,36.49058],[138.40195,36.50172],[138.40603,36.50736],[138.4028,36.51606],[138.40425,36.52207],[138.41171,36.52727],[138.41398,36.53261],[138.41239,36.54149]]]},"properties":{"pref":"長野県","city":"上田市","code5":"20203","code6":"202037"}},
{"type":"Feature","geometry":{"type":"Polygon","coordinates":[[[138.04235,36.14813],[138.04167,36.13964],[138.03476,36.12682],[138.03019,36.11433],[138.03051,36.10656],[138.02787,36.09645],[138.02872,36.08552],[138.02336,36.08158],[138.0229,36.07589],[138.01713,36.0787],[138.01275,36.07004],[138.01596,36.0622],[138.01074,36.05854],[138.00685,36.05319],[137.99973,36.04081],[137.99715,36.02312],[137.99157,36.01638],[137.99451,36.01274],[138.00076,36.01121],[138.00612,36.01396],[138.01283,36.01073],[138.01942,36.01077],[138.02456,36.01429],[138.03108,36.01452],[138.03733,36.0123],[138.05206,36.02075],[138.06757,36.01794],[138.07386,36.02244],[138.07876,36.02883],[138.08612,36.05012],[138.07467,36.06066],[138.07284,36.06477],[138.07496,36.0736],[138.0708,36.08695],[138.07188,36.0906],[138.06927,36.09565],[138.07313,36.10266],[138.07188,36.10817],[138.07617,36.12863],[138.07978,36.12923],[138.08416,36.12474],[138.09355,36.12811],[138.10068,36.12598],[138.09784,36.13491],[138.09848,36.13833],[138.08893,36.14402],[138.08176,36.14673],[138.08833,36.15749],[138.07789,36.15677],[138.07171,36.1621],[138.06691,36.16149],[138.05392,36.16834],[138.04552,36.16129],[138.04586,36.15448],[138.04235,36.14813]]]},"properties":{"pref":"長野県","city":"岡谷市","code5":"20204","code6":"202045"}},
{"type":"Feature","geometry":{"type":"Polygon","coordinates":[[[137.82356,35.61556],[137.81903,35.62287],[137.81969,35.63173],[137.81722,35.63731],[137.80867,35.64392],[137.80995,35.64834],[137.8013,35.65568],[137.7974,35.65315],[137.78603,35.63883],[137.78204,35.63748],[137.77741,35.63167],[137.76008,35.62763],[137.75344,35.61982],[137.74227,35.61583],[137.73746,35.61295],[137.72957,35.61339],[137.72422,35.60579],[137.71519,35.59906],[137.71836,35.59427],[137.72045,35.58616],[137.71459,35.58382],[137.70745,35.57859],[137.69835,35.57625],[137.69202,35.56928],[137.69066,35.56218],[137.69431,35.56099],[137.69426,35.55409],[137.70433,35.5526],[137.70951,35.53757],[137.7117,35.53559],[137.71767,35.52139],[137.73218,35.51694],[137.74114,35.51507],[137.74455,35.51126],[137.74381,35.50577],[137.7406,35.50137],[137.72928,35.49566],[137.72626,35.49062],[137.73131,35.48607],[137.73551,35.47647],[137.73222,35.47233],[137.73972,35.47044],[137.74495,35.46156],[137.753,35.45577],[137.75883,35.46524],[137.76288,35.45954],[137.76234,35.44273],[137.75998,35.43983],[137.76104,35.43144],[137.76454,35.43131],[137.76692,35.42142],[137.77055,35.42051],[137.77904,35.4191],[137.78358,35.42545],[137.79743,35.42677],[137.80297,35.42405],[137.80803,35.42447],[137.81623,35.42117],[137.81614,35.41827],[137.82603,35.41784],[137.83928,35.40921],[137.84996,35.40699],[137.86652,35.39727],[137.86614,35.39257],[137.87052,35.38814],[137.87805,35.38531],[137.88716,35.38602],[137.89387,35.37941],[137.89097,35.37345],[137.89514,35.36894],[137.90371,35.36362],[137.90238,35.35975],[137.91357,35.35698],[137.92597,35.3613],[137.92807,35.35861],[137.92349,35.35365],[137.92406,35.34486],[137.92069,35.34406],[137.91702,35.33766],[137.90504,35.33035],[137.89592,35.32238],[137.89249,35.32374],[137.887,35.32014],[137.885,35.32433],[137.86834,35.32062],[137.86016,35.32315],[137.85285,35.32384],[137.84977,35.31613],[137.84337,35.31641],[137.84483,35.31433],[137.86027,35.31115],[137.86083,35.30667],[137.86443,35.30417],[137.86313,35.29558],[137.87106,35.29026],[137.8744,35.29441],[137.87862,35.294],[137.89137,35.28697],[137.90009,35.28072],[137.8957,35.2726],[137.8944,35.26522],[137.89543,35.25799],[137.90685,35.25424],[137.91861,35.25437],[137.92476,35.26031],[137.92624,35.26891],[137.92925,35.27547],[137.94424,35.27628],[137.95189,35.28308],[137.96734,35.2842],[137.97342,35.29305],[137.98236,35.29239],[137.99209,35.3017],[138.00568,35.3044],[138.01558,35.30301],[138.01877,35.30107],[138.02379,35.30535],[138.02774,35.31164],[138.02606,35.32021],[138.03898,35.326],[138.03743,35.33253],[138.04332,35.33524],[138.05064,35.33547],[138.05525,35.33997],[138.05549,35.34382],[138.06134,35.3472],[138.07122,35.34706],[138.07879,35.34365],[138.08087,35.34024],[138.08748,35.338],[138.09633,35.33994],[138.09699,35.35427],[138.10006,35.35403],[138.11514,35.36487],[138.12402,35.36805],[138.1293,35.36529],[138.14114,35.36949],[138.1457,35.38364],[138.15118,35.38997],[138.15255,35.39798],[138.14438,35.40607],[138.13488,35.40775],[138.13511,35.41404],[138.13903,35.41648],[138.13983,35.4226],[138.129,35.42726],[138.12152,35.42856],[138.12021,35.43144],[138.12396,35.43566],[138.11934,35.44598],[138.12047,35.45461],[138.11897,35.45822],[138.11181,35.46457],[138.10726,35.47323],[138.09455,35.4747],[138.08869,35.48205],[138.0832,35.48571],[138.07039,35.48109],[138.06108,35.4722],[138.05341,35.46894],[138.04946,35.46259],[138.03862,35.45764],[138.03593,35.46407],[138.02972,35.47016],[138.01969,35.47459],[138.00217,35.48905],[137.99108,35.49318],[137.98768,35.48726],[137.98765,35.48061],[137.98396,35.47389],[137.97786,35.46759],[137.96196,35.44791],[137.96404,35.44155],[137.9596,35.43579],[137.9516,35.4292],[137.94692,35.42712],[137.94044,35.43272],[137.91836,35.43862],[137.91984,35.4409],[137.91323,35.44465],[137.91546,35.45902],[137.91198,35.46371],[137.89987,35.46384],[137.88666,35.46841],[137.88287,35.47354],[137.88339,35.47731],[137.87669,35.4776],[137.87268,35.49032],[137.87749,35.48797],[137.88296,35.4899],[137.88267,35.49739],[137.87195,35.49989],[137.86264,35.49932],[137.86287,35.51166],[137.86749,35.51951],[137.87103,35.52173],[137.87768,35.53004],[137.86735,35.53434],[137.86519,35.53858],[137.86091,35.54],[137.84555,35.54956],[137.83935,35.54756],[137.83354,35.55052],[137.83249,35.5579],[137.81869,35.56653],[137.81098,35.56835],[137.81575,35.5728],[137.81727,35.58221],[137.82357,35.59398],[137.81557,35.60139],[137.81709,35.61023],[137.82356,35.61556]]]},"properties":{"pref":"長野県","city":"飯田市","code5":"20205","code6":"202053"}},
{"type":"Feature","geometry":{"type":"Polygon","coordinates":[[[138.03733,36.0123],[138.03436,36.00771],[138.03682,36.00164],[138.04532,35.99961],[138.04821,35.9744],[138.04593,35.96514],[138.0402,35.96177],[138.03501,35.96242],[138.03552,35.95949],[138.04379,35.95358],[138.05902,35.94625],[138.07401,35.95032],[138.07963,35.9605],[138.08655,35.96018],[138.09202,35.96745],[138.09935,35.96714],[138.11325,35.97334],[138.11315,35.97485],[138.11204,35.97791],[138.11575,35.98637],[138.12309,35.98988],[138.12947,35.99764],[138.13723,36.00336],[138.13546,36.00965],[138.15732,36.01506],[138.1565,36.0192],[138.15899,36.02819],[138.15585,36.03767],[138.16233,36.0429],[138.16368,36.04659],[138.17288,36.05594],[138.17323,36.06216],[138.18049,36.0893],[138.19144,36.09133],[138.19035,36.09519],[138.1933,36.10101],[138.19828,36.10329],[138.19953,36.10773],[138.18992,36.11641],[138.19113,36.1227],[138.1806,36.1238],[138.17525,36.12104],[138.16929,36.12373],[138.16563,36.12252],[138.17103,36.11506],[138.17114,36.10914],[138.17449,36.10528],[138.17107,36.10259],[138.1628,36.10271],[138.15794,36.1003],[138.13857,36.10008],[138.13662,36.09245],[138.13771,36.08801],[138.12508,36.08827],[138.12833,36.08265],[138.12884,36.07692],[138.12138,36.07334],[138.12097,36.07006],[138.11262,36.06209],[138.08612,36.05012],[138.07876,36.02883],[138.07386,36.02244],[138.06757,36.01794],[138.05206,36.02075],[138.03733,36.0123]]]},"properties":{"pref":"長野県","city":"諏訪市","code5":"20206","code6":"202061"}},
{"type":"Feature","geometry":{"type":"Polygon","coordinates":[[[138.44158,36.61067],[138.43517,36.61222],[138.43004,36.61781],[138.42303,36.61899],[138.4133,36.62402],[138.41112,36.62821],[138.40243,36.63167],[138.39409,36.63312],[138.38786,36.64406],[138.3819,36.64671],[138.3735,36.64702],[138.37025,36.6442],[138.3608,36.64542],[138.35498,36.64789],[138.34635,36.64815],[138.34306,36.65779],[138.3385,36.6618],[138.3337,36.67826],[138.33149,36.68218],[138.31626,36.6881],[138.30985,36.68818],[138.29049,36.68639],[138.28328,36.68767],[138.28008,36.68658],[138.27639,36.67443],[138.26002,36.64609],[138.25726,36.64013],[138.26839,36.637],[138.28222,36.62736],[138.28787,36.6215],[138.28935,36.61307],[138.30013,36.60714],[138.30546,36.59943],[138.30825,36.58223],[138.30745,36.57306],[138.31824,36.56679],[138.31741,36.56113],[138.31112,36.55938],[138.3081,36.55344],[138.31144,36.55036],[138.31586,36.5463],[138.32371,36.54615],[138.33396,36.53735],[138.33692,36.53964],[138.35195,36.54128],[138.3562,36.54923],[138.36878,36.5528],[138.38207,36.55466],[138.39155,36.55363],[138.39577,36.54912],[138.40451,36.54573],[138.40762,36.54143],[138.41239,36.54149],[138.41772,36.54319],[138.42611,36.5515],[138.42884,36.55623],[138.42616,36.56039],[138.42883,36.56408],[138.42843,36.5687],[138.42029,36.57724],[138.42416,36.58151],[138.42712,36.58826],[138.42632,36.59352],[138.42884,36.59789],[138.43517,36.60023],[138.44142,36.6],[138.43894,36.60558],[138.44158,36.61067]]]},"properties":{"pref":"長野県","city":"須坂市","code5":"20207","code6":"202070"}},
{"type":"Feature","geometry":{"type":"Polygon","coordinates":[[[138.45772,36.41157],[138.45261,36.40788],[138.44398,36.39817],[138.43801,36.38463],[138.42418,36.37658],[138.41763,36.37672],[138.41222,36.37121],[138.3982,36.37217],[138.38907,36.36578],[138.38532,36.36016],[138.38437,36.35477],[138.38693,36.35233],[138.382,36.34792],[138.38124,36.33411],[138.37578,36.33556],[138.36696,36.33319],[138.3634,36.32574],[138.36508,36.32159],[138.37275,36.31718],[138.37388,36.31253],[138.37967,36.30287],[138.38357,36.30329],[138.38631,36.29757],[138.39282,36.29419],[138.39887,36.29768],[138.40695,36.29665],[138.41832,36.29029],[138.41706,36.28159],[138.43101,36.28166],[138.44636,36.28036],[138.4592,36.28652],[138.46931,36.29436],[138.47685,36.29319],[138.48453,36.29771],[138.48411,36.3019],[138.47852,36.30537],[138.4772,36.31011],[138.48261,36.31462],[138.4812,36.31786],[138.48294,36.33055],[138.47958,36.33384],[138.47934,36.34003],[138.48302,36.34067],[138.48618,36.35087],[138.4729,36.3534],[138.47223,36.34881],[138.46115,36.35109],[138.4619,36.35477],[138.47539,36.37719],[138.47868,36.37867],[138.48178,36.38779],[138.49262,36.39238],[138.49627,36.40113],[138.49654,36.40906],[138.50679,36.41393],[138.49206,36.41326],[138.48882,36.40892],[138.48896,36.40093],[138.47787,36.40445],[138.45965,36.40475],[138.46117,36.40774],[138.45772,36.41157]]]},"properties":{"pref":"長野県","city":"小諸市","code5":"20208","code6":"202088"}},
{"type":"Feature","geometry":{"type":"Polygon","coordinates":[[[138.22956,35.75305],[138.2367,35.75771],[138.23216,35.76355],[138.22468,35.76569],[138.22128,35.77067],[138.21729,35.77137],[138.20533,35.78259],[138.19832,35.78156],[138.18774,35.78152],[138.1775,35.78619],[138.17229,35.80076],[138.17516,35.81302],[138.17553,35.82324],[138.18065,35.83314],[138.17596,35.83875],[138.1771,35.84481],[138.18889,35.85781],[138.18783,35.86309],[138.17763,35.86725],[138.18296,35.87537],[138.1777,35.87842],[138.1809,35.88397],[138.18088,35.88915],[138.17416,35.8906],[138.17175,35.89604],[138.17312,35.89904],[138.16941,35.90455],[138.17381,35.91231],[138.16891,35.9166],[138.16531,35.91997],[138.16627,35.92389],[138.16079,35.93346],[138.15253,35.93691],[138.14672,35.94254],[138.14769,35.94629],[138.1524,35.95049],[138.15058,35.95412],[138.13389,35.96352],[138.12477,35.97147],[138.11315,35.97485],[138.11325,35.97334],[138.09935,35.96714],[138.09202,35.96745],[138.08655,35.96018],[138.08659,35.95358],[138.09063,35.94806],[138.08403,35.93766],[138.08216,35.93183],[138.07578,35.92486],[138.06995,35.92199],[138.06711,35.91572],[138.0635,35.91515],[138.05542,35.91939],[138.04699,35.91559],[138.04396,35.90958],[138.03203,35.89487],[138.02787,35.89517],[138.02492,35.89124],[138.01702,35.88843],[138.01599,35.88506],[138.00688,35.88463],[138.00152,35.88058],[137.99633,35.88096],[137.98861,35.87826],[137.98466,35.875],[137.98364,35.86333],[137.97881,35.86031],[137.97342,35.85371],[137.96645,35.85871],[137.95494,35.86502],[137.94692,35.84997],[137.92986,35.85465],[137.91445,35.85554],[137.90623,35.85792],[137.90606,35.86231],[137.92358,35.86462],[137.92855,35.8641],[137.92901,35.87197],[137.93529,35.87133],[137.94038,35.86387],[137.94872,35.8666],[137.95292,35.87569],[137.93314,35.88127],[137.93337,35.88487],[137.9394,35.89438],[137.9456,35.89013],[137.95321,35.89026],[137.95488,35.89491],[137.95046,35.89818],[137.95016,35.90176],[137.93758,35.90196],[137.92733,35.90554],[137.92296,35.90521],[137.92235,35.89967],[137.90928,35.89746],[137.90508,35.89542],[137.90045,35.89818],[137.88719,35.9016],[137.88195,35.89932],[137.88329,35.89512],[137.87741,35.88771],[137.87649,35.87889],[137.88228,35.87429],[137.88705,35.86579],[137.87721,35.86434],[137.86649,35.87144],[137.86323,35.8719],[137.85629,35.86774],[137.85413,35.85957],[137.84685,35.85803],[137.84617,35.8421],[137.84706,35.83734],[137.8415,35.82982],[137.83729,35.82715],[137.83697,35.82328],[137.82797,35.81483],[137.8241,35.81312],[137.82829,35.80618],[137.83364,35.80781],[137.84427,35.80525],[137.86243,35.80611],[137.86846,35.80376],[137.87461,35.79204],[137.88113,35.78468],[137.89332,35.78396],[137.90087,35.78183],[137.90888,35.78186],[137.92434,35.77883],[137.9348,35.77412],[137.94281,35.77332],[137.94663,35.77116],[137.95998,35.77825],[137.96397,35.77587],[137.96512,35.76984],[137.97234,35.76974],[137.97504,35.77592],[137.98044,35.78117],[137.98635,35.7815],[137.99253,35.77867],[138.00158,35.77941],[138.00959,35.77748],[138.0229,35.77184],[138.02908,35.77243],[138.03986,35.76687],[138.04512,35.76089],[138.04285,35.75492],[138.05197,35.74494],[138.05218,35.74013],[138.0572,35.7354],[138.06199,35.7339],[138.06068,35.72497],[138.06388,35.70836],[138.06137,35.70354],[138.06564,35.7],[138.07711,35.69432],[138.07948,35.67938],[138.08555,35.67295],[138.08713,35.66638],[138.09196,35.65503],[138.10188,35.647],[138.1042,35.63891],[138.10533,35.62716],[138.10439,35.61862],[138.10108,35.61489],[138.11103,35.60015],[138.11567,35.59729],[138.12152,35.59656],[138.1261,35.59255],[138.12735,35.58607],[138.13082,35.5813],[138.13565,35.58169],[138.14083,35.57736],[138.14628,35.57646],[138.15181,35.57096],[138.1601,35.57613],[138.16205,35.58129],[138.16738,35.58291],[138.17284,35.5816],[138.1784,35.57485],[138.1844,35.57309],[138.18949,35.57678],[138.18892,35.58056],[138.19463,35.58862],[138.19596,35.59549],[138.20043,35.59956],[138.20606,35.6084],[138.2024,35.61822],[138.20344,35.63218],[138.21122,35.63522],[138.21867,35.64455],[138.21626,35.64846],[138.20808,35.65579],[138.20549,35.66426],[138.1933,35.67226],[138.19398,35.69549],[138.19116,35.7019],[138.18667,35.70443],[138.18086,35.71124],[138.18185,35.71834],[138.18664,35.72215],[138.19747,35.72703],[138.20055,35.73312],[138.20716,35.7356],[138.21291,35.74157],[138.21925,35.74551],[138.22208,35.75048],[138.22956,35.75305]]]},"properties":{"pref":"長野県","city":"伊那市","code5":"20209","code6":"202096"}},
{"type":"Feature","geometry":{"type":"Polygon","coordinates":[[[137.95998,35.77825],[137.96105,35.77182],[137.95866,35.76072],[137.95942,35.75621],[137.96394,35.75049],[137.94017,35.75024],[137.92936,35.74925],[137.91104,35.74982],[137.87469,35.74762],[137.86686,35.75148],[137.85951,35.74842],[137.85924,35.75606],[137.85728,35.76015],[137.84701,35.76007],[137.84307,35.76449],[137.83462,35.7665],[137.8287,35.76956],[137.81808,35.77877],[137.80932,35.78139],[137.80888,35.77951],[137.81382,35.75331],[137.81278,35.75077],[137.80425,35.74248],[137.80516,35.72648],[137.80802,35.72331],[137.81652,35.7196],[137.8168,35.71685],[137.82462,35.71193],[137.84359,35.70631],[137.85053,35.70287],[137.8582,35.70502],[137.87113,35.69921],[137.8716,35.69394],[137.87867,35.69385],[137.88961,35.69805],[137.89002,35.70143],[137.89726,35.70136],[137.9119,35.70611],[137.93434,35.70051],[137.94109,35.70147],[137.95171,35.7005],[137.95548,35.69196],[137.95009,35.68538],[137.95535,35.68268],[137.96336,35.68777],[137.97672,35.69158],[137.97812,35.68546],[137.98404,35.68165],[137.98551,35.67553],[137.99167,35.67656],[137.9977,35.67988],[138.00513,35.67795],[138.01346,35.67319],[138.01954,35.67596],[138.0266,35.67471],[138.03532,35.66694],[138.04405,35.67467],[138.04341,35.69139],[138.04725,35.69907],[138.06137,35.70354],[138.06388,35.70836],[138.06068,35.72497],[138.06199,35.7339],[138.0572,35.7354],[138.05218,35.74013],[138.05197,35.74494],[138.04285,35.75492],[138.04512,35.76089],[138.03986,35.76687],[138.02908,35.77243],[138.0229,35.77184],[138.00959,35.77748],[138.00158,35.77941],[137.99253,35.77867],[137.98635,35.7815],[137.98044,35.78117],[137.97504,35.77592],[137.97234,35.76974],[137.96512,35.76984],[137.96397,35.77587],[137.95998,35.77825]]]},"properties":{"pref":"長野県","city":"駒ヶ根市","code5":"20210","code6":"202100"}},
{"type":"Feature","geometry":{"type":"Polygon","coordinates":[[[138.31097,36.72089],[138.31824,36.72461],[138.32372,36.72217],[138.33127,36.72494],[138.33741,36.71916],[138.34374,36.71564],[138.34063,36.70742],[138.34826,36.69671],[138.35563,36.69505],[138.36138,36.70113],[138.36822,36.70421],[138.37594,36.70018],[138.39502,36.69604],[138.4057,36.69909],[138.39961,36.70543],[138.39486,36.71716],[138.39209,36.7208],[138.39444,36.72516],[138.39421,36.73547],[138.3888,36.74017],[138.38772,36.74852],[138.39334,36.75074],[138.39767,36.76167],[138.38706,36.77353],[138.39256,36.77691],[138.39576,36.78293],[138.40482,36.7906],[138.40641,36.79534],[138.4038,36.79925],[138.39689,36.80232],[138.3952,36.81029],[138.3976,36.82725],[138.38439,36.82751],[138.3766,36.8273],[138.37662,36.83258],[138.36355,36.83791],[138.35361,36.82316],[138.35409,36.81954],[138.35919,36.80911],[138.35413,36.80371],[138.33835,36.80615],[138.32466,36.80647],[138.31902,36.81346],[138.31768,36.8183],[138.30833,36.81786],[138.30144,36.82411],[138.30113,36.8325],[138.29418,36.83913],[138.28486,36.83997],[138.27574,36.83673],[138.27619,36.82828],[138.28148,36.82107],[138.28123,36.81679],[138.27567,36.81375],[138.27396,36.80959],[138.28078,36.80473],[138.27998,36.7924],[138.28624,36.78941],[138.29371,36.79021],[138.2996,36.78796],[138.30297,36.78157],[138.30007,36.77353],[138.30077,36.76827],[138.30426,36.76408],[138.30044,36.76063],[138.30067,36.75671],[138.29394,36.75308],[138.2978,36.75029],[138.29411,36.74587],[138.29641,36.74403],[138.30489,36.74584],[138.30925,36.74347],[138.30839,36.73909],[138.30839,36.72381],[138.31097,36.72089]]]},"properties":{"pref":"長野県","city":"中野市","code5":"20211","code6":"202118"}},
{"type":"Feature","geometry":{"type":"Polygon","coordinates":[[[137.58735,36.3898],[137.58612,36.37628],[137.58709,36.37196],[137.59373,36.36884],[137.59994,36.37022],[137.6089,36.36662],[137.61917,36.36421],[137.62445,36.35475],[137.63547,36.34255],[137.64561,36.34126],[137.6588,36.33735],[137.6705,36.33687],[137.68088,36.33797],[137.68559,36.34555],[137.68757,36.3557],[137.69286,36.3627],[137.70101,36.365],[137.70901,36.37675],[137.70615,36.38498],[137.70963,36.39401],[137.71453,36.39826],[137.71147,36.41059],[137.71222,36.41689],[137.71639,36.41732],[137.727,36.42526],[137.72945,36.42535],[137.74011,36.41942],[137.74693,36.41843],[137.75388,36.41071],[137.75982,36.41251],[137.76689,36.41181],[137.77043,36.41583],[137.7801,36.41448],[137.78745,36.41666],[137.79292,36.42127],[137.80356,36.4199],[137.8072,36.42372],[137.80848,36.43851],[137.80226,36.44263],[137.80425,36.44731],[137.81645,36.45192],[137.81655,36.44653],[137.81977,36.44157],[137.83077,36.44571],[137.84412,36.44586],[137.84874,36.44043],[137.85646,36.43718],[137.8693,36.44092],[137.87476,36.44249],[137.87661,36.439],[137.88353,36.44566],[137.89321,36.44858],[137.89176,36.45713],[137.88904,36.46063],[137.88714,36.47432],[137.8941,36.47335],[137.898,36.47573],[137.90518,36.4745],[137.91177,36.47538],[137.91771,36.47383],[137.92071,36.46942],[137.92634,36.47116],[137.93495,36.47585],[137.93917,36.48103],[137.93702,36.48633],[137.94693,36.48938],[137.95322,36.48498],[137.95703,36.49025],[137.95433,36.4965],[137.95609,36.50115],[137.96392,36.50572],[137.96134,36.50842],[137.96593,36.51255],[137.96667,36.51692],[137.95752,36.52377],[137.94973,36.52398],[137.93991,36.51675],[137.93085,36.51968],[137.93124,36.52457],[137.92592,36.52695],[137.92332,36.53117],[137.92536,36.53657],[137.91902,36.53825],[137.9176,36.54964],[137.91997,36.55463],[137.92636,36.55883],[137.92577,36.56454],[137.93084,36.56793],[137.93247,36.57621],[137.93575,36.57939],[137.93563,36.58375],[137.93935,36.58681],[137.93911,36.59199],[137.94177,36.59478],[137.92753,36.6],[137.92807,36.60649],[137.9144,36.61865],[137.91366,36.62392],[137.91878,36.63456],[137.91387,36.64028],[137.90944,36.64902],[137.89729,36.64489],[137.89622,36.64025],[137.88976,36.64103],[137.88276,36.63932],[137.87487,36.63492],[137.86837,36.63309],[137.86613,36.62842],[137.86786,36.6203],[137.85813,36.62185],[137.83652,36.62185],[137.83401,36.61422],[137.82323,36.6141],[137.82175,36.61796],[137.82394,36.62355],[137.81955,36.6246],[137.8209,36.63153],[137.81735,36.63547],[137.80929,36.63806],[137.80387,36.64215],[137.80425,36.64625],[137.79919,36.6494],[137.78706,36.65278],[137.78078,36.65571],[137.76949,36.65728],[137.76594,36.66265],[137.7606,36.66459],[137.75668,36.6586],[137.75626,36.64689],[137.75256,36.63505],[137.75133,36.62675],[137.74678,36.62456],[137.74394,36.61275],[137.74781,36.60365],[137.75077,36.60064],[137.7531,36.59372],[137.74786,36.58685],[137.73068,36.58796],[137.72511,36.5867],[137.71812,36.58224],[137.71321,36.57708],[137.69853,36.56961],[137.69389,36.56906],[137.68774,36.56207],[137.6895,36.55357],[137.6846,36.53781],[137.70411,36.53676],[137.71012,36.53458],[137.70366,36.52668],[137.70547,36.51789],[137.69691,36.5145],[137.68307,36.5127],[137.67726,36.51435],[137.67425,36.51087],[137.66875,36.50946],[137.66624,36.49322],[137.65765,36.49311],[137.652,36.4882],[137.65078,36.48012],[137.65664,36.47041],[137.65507,36.45873],[137.64947,36.45484],[137.64529,36.45453],[137.64321,36.44866],[137.63991,36.44583],[137.63779,36.43137],[137.6333,36.42502],[137.62262,36.42356],[137.6174,36.4186],[137.6092,36.41791],[137.6038,36.40871],[137.60536,36.40254],[137.60072,36.39948],[137.59241,36.38967],[137.58735,36.3898]]]},"properties":{"pref":"長野県","city":"大町市","code5":"20212","code6":"202126"}},
{"type":"Feature","geometry":{"type":"Polygon","coordinates":[[[138.2749,36.84085],[138.27574,36.83673],[138.28486,36.83997],[138.29418,36.83913],[138.30113,36.8325],[138.30144,36.82411],[138.30833,36.81786],[138.31768,36.8183],[138.31902,36.81346],[138.32466,36.80647],[138.33835,36.80615],[138.35413,36.80371],[138.35919,36.80911],[138.35409,36.81954],[138.35361,36.82316],[138.36355,36.83791],[138.37662,36.83258],[138.3766,36.8273],[138.38439,36.82751],[138.3885,36.83211],[138.3907,36.83825],[138.39707,36.84037],[138.38417,36.8508],[138.38503,36.85386],[138.39184,36.85525],[138.39631,36.85274],[138.40227,36.87001],[138.39665,36.87219],[138.39911,36.87989],[138.4059,36.87932],[138.40663,36.87544],[138.41234,36.8731],[138.42243,36.87197],[138.43899,36.87634],[138.44643,36.87508],[138.46185,36.88268],[138.4589,36.88575],[138.44092,36.89729],[138.43718,36.90665],[138.42886,36.90867],[138.42583,36.92172],[138.41887,36.91908],[138.41839,36.93102],[138.4221,36.93436],[138.4208,36.93923],[138.4221,36.94595],[138.42972,36.94454],[138.43424,36.94842],[138.43168,36.95545],[138.442,36.95916],[138.45558,36.96964],[138.4621,36.97673],[138.48499,36.97705],[138.49381,36.97998],[138.49129,36.98706],[138.49597,36.99846],[138.50458,37.0043],[138.51131,37.00694],[138.51842,37.01738],[138.52071,37.02329],[138.51986,37.02783],[138.51279,37.0278],[138.50143,37.02507],[138.49744,37.02645],[138.49172,37.02046],[138.48141,37.02155],[138.46801,37.01783],[138.45513,37.01961],[138.45094,37.015],[138.44265,37.01302],[138.43138,37.00608],[138.42256,37.0053],[138.4119,37.00203],[138.41104,36.99866],[138.40043,36.99786],[138.39383,36.99512],[138.39066,36.98845],[138.3787,36.98044],[138.38227,36.97642],[138.37605,36.9723],[138.36952,36.96401],[138.3682,36.95728],[138.36378,36.95337],[138.36452,36.94428],[138.35971,36.93998],[138.35771,36.93385],[138.34897,36.92901],[138.3432,36.9208],[138.3376,36.92489],[138.32932,36.92688],[138.31757,36.92519],[138.30903,36.92032],[138.29633,36.91082],[138.29404,36.90093],[138.29029,36.89681],[138.29456,36.89304],[138.29528,36.88849],[138.29937,36.88672],[138.293,36.87812],[138.29333,36.87331],[138.28857,36.86844],[138.29624,36.85825],[138.29561,36.85509],[138.28875,36.85102],[138.28761,36.84571],[138.2749,36.84085]]]},"properties":{"pref":"長野県","city":"飯山市","code5":"20213","code6":"202134"}},
{"type":"Feature","geometry":{"type":"Polygon","coordinates":[[[138.11315,35.97485],[138.12477,35.97147],[138.13389,35.96352],[138.15058,35.95412],[138.1524,35.95049],[138.14769,35.94629],[138.14672,35.94254],[138.15253,35.93691],[138.16079,35.93346],[138.16627,35.92389],[138.16531,35.91997],[138.16891,35.9166],[138.17855,35.93219],[138.18468,35.93988],[138.18999,35.9349],[138.20099,35.93954],[138.21143,35.9383],[138.21855,35.94072],[138.21687,35.94468],[138.21067,35.94408],[138.20825,35.94864],[138.19953,35.95367],[138.19448,35.95311],[138.19151,35.95815],[138.18629,35.95995],[138.17961,35.96825],[138.18321,35.97484],[138.19523,35.97389],[138.20753,35.97482],[138.21261,35.9765],[138.21431,35.98462],[138.2312,35.98463],[138.24682,35.9813],[138.28759,35.97787],[138.28586,35.9755],[138.30947,35.97573],[138.31933,35.97268],[138.32372,35.97461],[138.33583,35.97342],[138.34862,35.97443],[138.37046,35.97138],[138.37452,35.98309],[138.37189,35.99505],[138.36491,36.00317],[138.36472,36.00887],[138.35962,36.01327],[138.36166,36.01747],[138.35895,36.02716],[138.3612,36.03167],[138.3557,36.03436],[138.35607,36.04289],[138.35338,36.04674],[138.3481,36.04766],[138.34784,36.05453],[138.34563,36.06107],[138.34116,36.06549],[138.3344,36.06853],[138.33244,36.0749],[138.33421,36.08481],[138.33105,36.08672],[138.32475,36.08491],[138.3228,36.08787],[138.32799,36.09146],[138.32466,36.10092],[138.32565,36.10816],[138.32076,36.11166],[138.31297,36.112],[138.30964,36.10957],[138.3017,36.11091],[138.29567,36.10522],[138.28666,36.0899],[138.2754,36.08635],[138.26725,36.09122],[138.26099,36.091],[138.24663,36.09495],[138.24754,36.10084],[138.24335,36.10571],[138.23404,36.108],[138.23474,36.11048],[138.21675,36.10527],[138.21495,36.10734],[138.20338,36.10656],[138.19953,36.10773],[138.19828,36.10329],[138.1933,36.10101],[138.19035,36.09519],[138.19144,36.09133],[138.18049,36.0893],[138.17323,36.06216],[138.17288,36.05594],[138.16368,36.04659],[138.16233,36.0429],[138.15585,36.03767],[138.15899,36.02819],[138.1565,36.0192],[138.15732,36.01506],[138.13546,36.00965],[138.13723,36.00336],[138.12947,35.99764],[138.12309,35.98988],[138.11575,35.98637],[138.11204,35.97791],[138.11315,35.97485]]]},"properties":{"pref":"長野県","city":"茅野市","code5":"20214","code6":"202142"}},
{"type":"Feature","geometry":{"type":"Polygon","coordinates":[[[137.89387,36.13073],[137.90038,36.12363],[137.89905,36.12071],[137.89139,36.12036],[137.89078,36.11655],[137.88123,36.10722],[137.8768,36.10516],[137.87222,36.09972],[137.87077,36.09363],[137.86415,36.0922],[137.8587,36.08848],[137.85193,36.07636],[137.84596,36.0772],[137.84089,36.0723],[137.83909,36.06454],[137.83474,36.0622],[137.82706,36.05504],[137.82183,36.05686],[137.81528,36.05447],[137.81492,36.04796],[137.81038,36.03797],[137.81132,36.02934],[137.80808,36.01579],[137.80896,35.99795],[137.80747,35.99456],[137.80495,35.97989],[137.80662,35.9731],[137.80058,35.96927],[137.79536,35.95991],[137.79558,35.95426],[137.79877,35.94884],[137.79865,35.94308],[137.8016,35.93578],[137.80138,35.92646],[137.80118,35.92191],[137.80672,35.91451],[137.80436,35.9063],[137.80657,35.90341],[137.80469,35.89868],[137.80996,35.89488],[137.81458,35.88758],[137.81333,35.88196],[137.81613,35.87856],[137.81349,35.87444],[137.80652,35.86958],[137.8064,35.86242],[137.8044,35.85039],[137.81014,35.84808],[137.80775,35.83745],[137.80865,35.83109],[137.81622,35.82874],[137.8214,35.81487],[137.8241,35.81312],[137.82797,35.81483],[137.83697,35.82328],[137.83729,35.82715],[137.8415,35.82982],[137.84706,35.83734],[137.84617,35.8421],[137.84685,35.85803],[137.85413,35.85957],[137.85629,35.86774],[137.85697,35.87716],[137.84721,35.89027],[137.85029,35.89481],[137.85143,35.90612],[137.85841,35.91202],[137.85787,35.91678],[137.85389,35.91854],[137.85166,35.9239],[137.84193,35.92443],[137.83481,35.92824],[137.82915,35.93769],[137.83132,35.94789],[137.83611,35.95086],[137.83905,35.95688],[137.84617,35.95837],[137.85039,35.9632],[137.85127,35.96801],[137.86136,35.97142],[137.86539,35.98012],[137.8706,35.98248],[137.87309,35.99198],[137.87549,35.99306],[137.88051,36.00154],[137.88911,36.00504],[137.89666,36.01246],[137.90451,36.01824],[137.89901,36.02466],[137.90016,36.02951],[137.90647,36.03464],[137.91528,36.03472],[137.91878,36.0381],[137.92735,36.04244],[137.9277,36.04933],[137.93799,36.05302],[137.93871,36.06152],[137.94971,36.06378],[137.95046,36.05459],[137.95936,36.05408],[137.96242,36.05064],[137.96904,36.04941],[137.97408,36.04528],[137.97971,36.04425],[137.99191,36.04878],[138.00086,36.05451],[138.00685,36.05319],[138.01074,36.05854],[138.01596,36.0622],[138.01275,36.07004],[138.01713,36.0787],[138.0229,36.07589],[138.02336,36.08158],[138.02872,36.08552],[138.02787,36.09645],[138.03051,36.10656],[138.03019,36.11433],[138.03476,36.12682],[138.04167,36.13964],[138.04235,36.14813],[138.03038,36.1481],[138.02358,36.15101],[137.99917,36.15297],[137.98791,36.15766],[137.97932,36.15843],[137.97139,36.14729],[137.9689,36.15023],[137.96724,36.16956],[137.9641,36.17179],[137.94701,36.17045],[137.94074,36.15228],[137.92776,36.14373],[137.92429,36.14478],[137.93169,36.15948],[137.92987,36.16258],[137.92414,36.16411],[137.91722,36.1588],[137.91964,36.15355],[137.9174,36.14839],[137.91032,36.1472],[137.90168,36.13937],[137.89387,36.13073]]]},"properties":{"pref":"長野県","city":"塩尻市","code5":"20215","code6":"202151"}},
{"type":"Feature","geometry":{"type":"Polygon","coordinates":[[[138.60034,36.2784],[138.59444,36.27864],[138.5798,36.28221],[138.55793,36.27974],[138.55089,36.28154],[138.54226,36.28575],[138.52496,36.28348],[138.51847,36.29475],[138.51401,36.29764],[138.50115,36.29639],[138.49705,36.30254],[138.48985,36.29773],[138.48755,36.29265],[138.48365,36.29394],[138.48889,36.30074],[138.48527,36.30289],[138.48698,36.31169],[138.48261,36.31462],[138.4772,36.31011],[138.47852,36.30537],[138.48411,36.3019],[138.48453,36.29771],[138.47685,36.29319],[138.46931,36.29436],[138.4592,36.28652],[138.44636,36.28036],[138.43101,36.28166],[138.41706,36.28159],[138.41832,36.29029],[138.40695,36.29665],[138.39887,36.29768],[138.39282,36.29419],[138.38631,36.29757],[138.37934,36.29138],[138.36836,36.29955],[138.3639,36.29792],[138.35636,36.29825],[138.34322,36.29445],[138.34209,36.29233],[138.33961,36.28752],[138.33968,36.2807],[138.33315,36.27861],[138.3379,36.2727],[138.33858,36.26199],[138.33417,36.26019],[138.33115,36.25416],[138.31545,36.24481],[138.30891,36.23956],[138.30389,36.23276],[138.29872,36.21907],[138.29521,36.207],[138.28891,36.19963],[138.28955,36.19344],[138.28226,36.17825],[138.28188,36.16981],[138.28011,36.16464],[138.28341,36.16057],[138.28254,36.14951],[138.28855,36.14676],[138.29186,36.13709],[138.30162,36.12717],[138.30017,36.11955],[138.3017,36.11091],[138.30964,36.10957],[138.31297,36.112],[138.32076,36.11166],[138.32565,36.10816],[138.33212,36.11128],[138.33409,36.11553],[138.34339,36.12162],[138.35392,36.12035],[138.36475,36.12695],[138.37901,36.1391],[138.38802,36.14432],[138.39711,36.14621],[138.40461,36.15002],[138.40947,36.1546],[138.41922,36.15634],[138.43319,36.1671],[138.44859,36.16512],[138.44912,36.1674],[138.4611,36.16907],[138.47226,36.1688],[138.47907,36.17341],[138.4839,36.17917],[138.48878,36.17407],[138.49717,36.16811],[138.50614,36.16897],[138.50816,36.1668],[138.51781,36.16826],[138.51927,36.16538],[138.52772,36.16755],[138.54984,36.17045],[138.56058,36.16935],[138.56373,36.1708],[138.57727,36.16807],[138.58058,36.17574],[138.58963,36.17679],[138.58903,36.17054],[138.59457,36.16561],[138.60484,36.1642],[138.61279,36.16856],[138.62776,36.17122],[138.6359,36.17093],[138.6371,36.17488],[138.62942,36.18347],[138.62727,36.19142],[138.6228,36.19693],[138.62708,36.20113],[138.6348,36.2056],[138.63671,36.20427],[138.63321,36.21609],[138.62224,36.21459],[138.61187,36.22939],[138.6125,36.24092],[138.60218,36.2495],[138.60475,36.25413],[138.60373,36.26283],[138.60595,36.26679],[138.60356,36.27495],[138.60034,36.2784]]]},"properties":{"pref":"長野県","city":"佐久市","code5":"20217","code6":"202177"}},
{"type":"Feature","geometry":{"type":"Polygon","coordinates":[[[138.03912,36.48778],[138.04647,36.49489],[138.05161,36.49227],[138.06017,36.49067],[138.07312,36.49004],[138.0758,36.48048],[138.08704,36.47775],[138.08466,36.47472],[138.09338,36.47348],[138.10214,36.46808],[138.10598,36.46866],[138.10604,36.4592],[138.11162,36.45673],[138.11795,36.44902],[138.11811,36.44375],[138.12161,36.43683],[138.12862,36.43821],[138.13519,36.4467],[138.14395,36.44917],[138.16074,36.45606],[138.16474,36.45438],[138.16929,36.46437],[138.15699,36.47005],[138.16112,36.47339],[138.17316,36.47349],[138.17574,36.47642],[138.1762,36.48555],[138.18652,36.48802],[138.19977,36.49476],[138.20177,36.50098],[138.1988,36.50726],[138.19985,36.51116],[138.19841,36.5154],[138.19941,36.52293],[138.19348,36.53013],[138.19051,36.53941],[138.1872,36.54308],[138.17989,36.54443],[138.17118,36.54876],[138.17279,36.55322],[138.16751,36.5592],[138.15706,36.55761],[138.15147,36.56008],[138.14838,36.55731],[138.133,36.55818],[138.12895,36.55521],[138.12842,36.55089],[138.1154,36.54193],[138.10233,36.53957],[138.0886,36.54097],[138.08133,36.54395],[138.06916,36.54167],[138.0663,36.5399],[138.05647,36.54261],[138.04626,36.53971],[138.04224,36.52621],[138.04393,36.51969],[138.03511,36.5109],[138.03143,36.50077],[138.02963,36.49071],[138.03912,36.48778]]]},"properties":{"pref":"長野県","city":"千曲市","code5":"20218","code6":"202185"}},
{"type":"Feature","geometry":{"type":"Polygon","coordinates":[[[138.40097,36.43474],[138.38963,36.43067],[138.3871,36.43328],[138.37653,36.43277],[138.36768,36.43098],[138.35818,36.43064],[138.34686,36.42109],[138.34758,36.41779],[138.34395,36.41228],[138.34527,36.40742],[138.33391,36.40139],[138.32901,36.40002],[138.327,36.39478],[138.31773,36.3882],[138.30953,36.38599],[138.30889,36.38064],[138.29692,36.38018],[138.29419,36.37504],[138.30023,36.37124],[138.29917,36.36752],[138.30681,36.36107],[138.31149,36.35886],[138.31941,36.3597],[138.3226,36.35631],[138.31967,36.34972],[138.32342,36.34703],[138.32078,36.34303],[138.31902,36.33449],[138.31498,36.32843],[138.3086,36.32288],[138.29876,36.31919],[138.2947,36.30891],[138.29968,36.30703],[138.30594,36.30821],[138.31718,36.30632],[138.32423,36.30695],[138.32876,36.31441],[138.33066,36.3206],[138.33788,36.32174],[138.34095,36.31649],[138.33723,36.30747],[138.34262,36.29564],[138.34209,36.29233],[138.34322,36.29445],[138.35636,36.29825],[138.3639,36.29792],[138.36836,36.29955],[138.37934,36.29138],[138.38631,36.29757],[138.38357,36.30329],[138.37967,36.30287],[138.37388,36.31253],[138.37275,36.31718],[138.36508,36.32159],[138.3634,36.32574],[138.36696,36.33319],[138.37578,36.33556],[138.38124,36.33411],[138.382,36.34792],[138.38693,36.35233],[138.38437,36.35477],[138.38532,36.36016],[138.38907,36.36578],[138.3982,36.37217],[138.41222,36.37121],[138.41763,36.37672],[138.42418,36.37658],[138.43801,36.38463],[138.44398,36.39817],[138.45261,36.40788],[138.45772,36.41157],[138.45696,36.42024],[138.45163,36.42117],[138.44719,36.41926],[138.4416,36.42259],[138.42057,36.42856],[138.41528,36.4316],[138.40097,36.43474]]]},"properties":{"pref":"長野県","city":"東御市","code5":"20219","code6":"202193"}},
{"type":"Feature","geometry":{"type":"Polygon","coordinates":[[[137.9915,36.37674],[137.99036,36.3874],[137.98458,36.3883],[137.97938,36.39572],[137.9743,36.39876],[137.9727,36.40447],[137.96304,36.39986],[137.9573,36.39481],[137.95457,36.38878],[137.94999,36.38411],[137.943,36.38655],[137.9353,36.38515],[137.93316,36.38162],[137.9263,36.39192],[137.9294,36.3984],[137.9288,36.40291],[137.92237,36.4058],[137.92466,36.41152],[137.91284,36.40689],[137.9096,36.40102],[137.9156,36.39257],[137.91236,36.38939],[137.9073,36.3944],[137.9015,36.38996],[137.90532,36.38408],[137.90454,36.38066],[137.90826,36.37132],[137.88809,36.364],[137.87633,36.37769],[137.87239,36.37921],[137.87011,36.38327],[137.8569,36.3927],[137.85343,36.39379],[137.83617,36.38321],[137.82819,36.38321],[137.82531,36.39116],[137.81591,36.39185],[137.81022,36.39487],[137.80704,36.39331],[137.79962,36.39477],[137.79068,36.3921],[137.78508,36.39656],[137.77543,36.39723],[137.77046,36.39182],[137.76227,36.3956],[137.75518,36.40169],[137.75276,36.40701],[137.75388,36.41071],[137.74693,36.41843],[137.74011,36.41942],[137.72945,36.42535],[137.727,36.42526],[137.71639,36.41732],[137.71222,36.41689],[137.71147,36.41059],[137.71453,36.39826],[137.70963,36.39401],[137.70615,36.38498],[137.70901,36.37675],[137.70101,36.365],[137.70648,36.36163],[137.71512,36.35347],[137.71879,36.35373],[137.72698,36.34206],[137.72552,36.33948],[137.72809,36.33351],[137.72809,36.32089],[137.72136,36.30507],[137.72101,36.29647],[137.72568,36.28765],[137.73311,36.28603],[137.74038,36.28168],[137.74465,36.27521],[137.76392,36.2753],[137.76745,36.27703],[137.78229,36.27623],[137.78816,36.2837],[137.79333,36.28284],[137.79681,36.27568],[137.79534,36.27015],[137.79821,36.26644],[137.79785,36.25973],[137.78913,36.24953],[137.78812,36.24307],[137.79404,36.24117],[137.8007,36.24296],[137.81111,36.24268],[137.81716,36.24052],[137.82314,36.24659],[137.83269,36.24628],[137.84679,36.23938],[137.86642,36.23736],[137.88324,36.23948],[137.88537,36.2429],[137.89936,36.24398],[137.91147,36.24689],[137.91826,36.24639],[137.92974,36.25975],[137.93742,36.27389],[137.94331,36.2791],[137.94456,36.28787],[137.95038,36.28911],[137.9559,36.29448],[137.97243,36.29898],[137.97807,36.30502],[137.97687,36.31072],[137.96949,36.31775],[137.9583,36.31722],[137.9548,36.32239],[137.94783,36.32426],[137.94763,36.33075],[137.95296,36.33127],[137.95751,36.34057],[137.95332,36.34403],[137.95605,36.35919],[137.96007,36.36392],[137.96877,36.36408],[137.97203,36.37067],[137.98029,36.37603],[137.9915,36.37674]]]},"properties":{"pref":"長野県","city":"安曇野市","code5":"20220","code6":"202207"}},
{"type":"Feature","geometry":{"type":"Polygon","coordinates":[[[138.36166,36.01747],[138.36956,36.01802],[138.37372,36.0162],[138.38606,36.01658],[138.40711,36.02431],[138.41835,36.02382],[138.42504,36.0248],[138.43821,36.023],[138.4454,36.02409],[138.45062,36.02937],[138.45794,36.03335],[138.46523,36.04204],[138.4634,36.04711],[138.46814,36.05272],[138.4722,36.05318],[138.47874,36.04931],[138.48032,36.04263],[138.48595,36.03672],[138.49108,36.03785],[138.49199,36.04803],[138.49661,36.05414],[138.50096,36.05379],[138.5048,36.0601],[138.51192,36.06511],[138.51607,36.07257],[138.52465,36.07102],[138.53781,36.07389],[138.54282,36.07609],[138.54713,36.07305],[138.55293,36.07615],[138.56078,36.07465],[138.56519,36.07961],[138.57238,36.08383],[138.57645,36.0831],[138.58322,36.0873],[138.58216,36.09657],[138.57111,36.10153],[138.56409,36.10143],[138.55341,36.1088],[138.54503,36.11291],[138.53077,36.10927],[138.51928,36.11412],[138.51096,36.11335],[138.50678,36.10871],[138.50451,36.10307],[138.49901,36.10674],[138.4932,36.10744],[138.48151,36.10565],[138.47574,36.11237],[138.47476,36.11875],[138.47186,36.12288],[138.46708,36.12359],[138.46296,36.12052],[138.45648,36.1125],[138.45846,36.10902],[138.45379,36.10575],[138.44282,36.10195],[138.44062,36.09859],[138.42514,36.08629],[138.40887,36.07873],[138.40212,36.07198],[138.39247,36.06992],[138.39001,36.06663],[138.3805,36.06372],[138.37053,36.07],[138.36608,36.0666],[138.36705,36.05389],[138.35338,36.04674],[138.35607,36.04289],[138.3557,36.03436],[138.3612,36.03167],[138.35895,36.02716],[138.36166,36.01747]]]},"properties":{"pref":"長野県","county":"南佐久郡","city":"小海町","code5":"20303","code6":"203033"}},
{"type":"Feature","geometry":{"type":"Polygon","coordinates":[[[138.6887,35.99177],[138.67341,35.99231],[138.66524,35.98991],[138.65932,35.99316],[138.64709,35.98744],[138.64051,35.98722],[138.62809,35.98921],[138.62423,35.99306],[138.61129,35.99099],[138.60118,35.99099],[138.59166,35.99491],[138.56714,35.99185],[138.55806,35.99475],[138.5524,35.99253],[138.54883,35.99425],[138.5394,35.99136],[138.53449,35.98546],[138.52304,35.9861],[138.52289,35.98307],[138.5169,35.97669],[138.51403,35.97847],[138.50685,35.98905],[138.49961,35.98565],[138.50411,35.97445],[138.51084,35.9715],[138.50724,35.96766],[138.49334,35.96243],[138.48624,35.95819],[138.48706,35.94459],[138.49023,35.93746],[138.49014,35.9262],[138.49688,35.91832],[138.49767,35.91141],[138.50276,35.9122],[138.50567,35.91887],[138.51306,35.92003],[138.52137,35.91869],[138.52937,35.91455],[138.54536,35.91478],[138.55384,35.91899],[138.55803,35.916],[138.56442,35.91733],[138.57235,35.91212],[138.57667,35.91144],[138.58098,35.91705],[138.59243,35.91828],[138.60052,35.9138],[138.60254,35.90984],[138.61232,35.90867],[138.60723,35.89968],[138.60605,35.89185],[138.60676,35.87846],[138.61076,35.87369],[138.62159,35.87045],[138.62834,35.87333],[138.63423,35.87005],[138.64252,35.87477],[138.65196,35.87395],[138.65593,35.87587],[138.66095,35.87389],[138.67599,35.86984],[138.68268,35.88146],[138.68585,35.89387],[138.69193,35.89585],[138.70016,35.90306],[138.70568,35.90595],[138.70797,35.90964],[138.72411,35.90799],[138.72901,35.90922],[138.72911,35.91723],[138.73851,35.92902],[138.73746,35.93579],[138.73925,35.93911],[138.73114,35.94515],[138.73047,35.9503],[138.7256,35.95761],[138.72104,35.95909],[138.71948,35.96289],[138.71418,35.96552],[138.71145,35.97128],[138.71255,35.98533],[138.70117,35.98801],[138.69732,35.99103],[138.6887,35.99177]]]},"properties":{"pref":"長野県","county":"南佐久郡","city":"川上村","code5":"20304","code6":"203041"}},
{"type":"Feature","geometry":{"type":"Polygon","coordinates":[[[138.49767,35.91141],[138.49688,35.91832],[138.49014,35.9262],[138.49023,35.93746],[138.48706,35.94459],[138.48624,35.95819],[138.49334,35.96243],[138.50724,35.96766],[138.51084,35.9715],[138.50411,35.97445],[138.49961,35.98565],[138.50685,35.98905],[138.51403,35.97847],[138.5169,35.97669],[138.52289,35.98307],[138.52304,35.9861],[138.53449,35.98546],[138.5394,35.99136],[138.54883,35.99425],[138.5524,35.99253],[138.55806,35.99475],[138.55872,35.99805],[138.55413,36.0064],[138.54773,36.00756],[138.53504,36.01837],[138.52449,36.01967],[138.5211,36.02355],[138.51063,36.02395],[138.50239,36.03002],[138.50477,36.03407],[138.50254,36.0387],[138.49108,36.03785],[138.48595,36.03672],[138.48032,36.04263],[138.47874,36.04931],[138.4722,36.05318],[138.46814,36.05272],[138.4634,36.04711],[138.46523,36.04204],[138.45794,36.03335],[138.45062,36.02937],[138.4454,36.02409],[138.43821,36.023],[138.42504,36.0248],[138.41835,36.02382],[138.40711,36.02431],[138.38606,36.01658],[138.37372,36.0162],[138.36956,36.01802],[138.36166,36.01747],[138.35962,36.01327],[138.36472,36.00887],[138.36491,36.00317],[138.37189,35.99505],[138.37452,35.98309],[138.37046,35.97138],[138.38177,35.97125],[138.39069,35.96634],[138.40842,35.96249],[138.41683,35.95898],[138.42419,35.95897],[138.44316,35.95114],[138.45056,35.94541],[138.45433,35.93831],[138.44751,35.92925],[138.44728,35.92358],[138.44442,35.91773],[138.44901,35.91279],[138.45422,35.90321],[138.46049,35.90352],[138.47165,35.89619],[138.48214,35.89877],[138.48978,35.89645],[138.49471,35.90208],[138.49767,35.91141]]]},"properties":{"pref":"長野県","county":"南佐久郡","city":"南牧村","code5":"20305","code6":"203050"}},
{"type":"Feature","geometry":{"type":"Polygon","coordinates":[[[138.63149,36.02828],[138.62024,36.02924],[138.60929,36.03232],[138.58858,36.03409],[138.57823,36.03599],[138.56385,36.04018],[138.56075,36.04571],[138.55078,36.04688],[138.54386,36.0464],[138.53028,36.05488],[138.52251,36.05513],[138.5107,36.05742],[138.5048,36.0601],[138.50096,36.05379],[138.49661,36.05414],[138.49199,36.04803],[138.49108,36.03785],[138.50254,36.0387],[138.50477,36.03407],[138.50239,36.03002],[138.51063,36.02395],[138.5211,36.02355],[138.52449,36.01967],[138.53504,36.01837],[138.54773,36.00756],[138.55413,36.0064],[138.55872,35.99805],[138.55806,35.99475],[138.56714,35.99185],[138.59166,35.99491],[138.60118,35.99099],[138.61129,35.99099],[138.62423,35.99306],[138.62809,35.98921],[138.64051,35.98722],[138.64709,35.98744],[138.65932,35.99316],[138.66524,35.98991],[138.67341,35.99231],[138.6887,35.99177],[138.68717,35.99982],[138.68105,36.0043],[138.67975,36.01161],[138.6617,36.01201],[138.66142,36.01637],[138.64601,36.02003],[138.64486,36.02413],[138.63149,36.02828]]]},"properties":{"pref":"長野県","county":"南佐久郡","city":"南相木村","code5":"20306","code6":"203068"}},
{"type":"Feature","geometry":{"type":"Polygon","coordinates":[[[138.63074,36.09138],[138.62579,36.09512],[138.62123,36.09488],[138.61101,36.09778],[138.60776,36.09647],[138.59972,36.09839],[138.59783,36.09579],[138.58216,36.09657],[138.58322,36.0873],[138.57645,36.0831],[138.57238,36.08383],[138.56519,36.07961],[138.56078,36.07465],[138.55293,36.07615],[138.54713,36.07305],[138.54282,36.07609],[138.53781,36.07389],[138.52465,36.07102],[138.51607,36.07257],[138.51192,36.06511],[138.5048,36.0601],[138.5107,36.05742],[138.52251,36.05513],[138.53028,36.05488],[138.54386,36.0464],[138.55078,36.04688],[138.56075,36.04571],[138.56385,36.04018],[138.57823,36.03599],[138.58858,36.03409],[138.60929,36.03232],[138.62024,36.02924],[138.63149,36.02828],[138.64417,36.04957],[138.64237,36.05376],[138.64282,36.06874],[138.63919,36.07529],[138.63321,36.08087],[138.63047,36.08606],[138.63074,36.09138]]]},"properties":{"pref":"長野県","county":"南佐久郡","city":"北相木村","code5":"20307","code6":"203076"}},
{"type":"Feature","geometry":{"type":"Polygon","coordinates":[[[138.6451,36.11963],[138.63734,36.12434],[138.63651,36.13111],[138.63409,36.13397],[138.62216,36.13196],[138.62017,36.13403],[138.61222,36.13342],[138.60626,36.13626],[138.60066,36.13563],[138.59572,36.14125],[138.5933,36.15307],[138.58708,36.161],[138.58394,36.16035],[138.57727,36.16807],[138.56373,36.1708],[138.56058,36.16935],[138.54984,36.17045],[138.52772,36.16755],[138.51927,36.16538],[138.51781,36.16826],[138.50816,36.1668],[138.50614,36.16897],[138.49717,36.16811],[138.48878,36.17407],[138.4839,36.17917],[138.47907,36.17341],[138.47226,36.1688],[138.4611,36.16907],[138.44912,36.1674],[138.44859,36.16512],[138.43319,36.1671],[138.41922,36.15634],[138.40947,36.1546],[138.40461,36.15002],[138.39711,36.14621],[138.38802,36.14432],[138.37901,36.1391],[138.36475,36.12695],[138.35392,36.12035],[138.34339,36.12162],[138.33409,36.11553],[138.33212,36.11128],[138.32565,36.10816],[138.32466,36.10092],[138.32799,36.09146],[138.3228,36.08787],[138.32475,36.08491],[138.33105,36.08672],[138.33421,36.08481],[138.33244,36.0749],[138.3344,36.06853],[138.34116,36.06549],[138.34563,36.06107],[138.34784,36.05453],[138.3481,36.04766],[138.35338,36.04674],[138.36705,36.05389],[138.36608,36.0666],[138.37053,36.07],[138.3805,36.06372],[138.39001,36.06663],[138.39247,36.06992],[138.40212,36.07198],[138.40887,36.07873],[138.42514,36.08629],[138.44062,36.09859],[138.44282,36.10195],[138.45379,36.10575],[138.45846,36.10902],[138.45648,36.1125],[138.46296,36.12052],[138.46708,36.12359],[138.47186,36.12288],[138.47476,36.11875],[138.47574,36.11237],[138.48151,36.10565],[138.4932,36.10744],[138.49901,36.10674],[138.50451,36.10307],[138.50678,36.10871],[138.51096,36.11335],[138.51928,36.11412],[138.53077,36.10927],[138.54503,36.11291],[138.55341,36.1088],[138.56409,36.10143],[138.57111,36.10153],[138.58216,36.09657],[138.59783,36.09579],[138.59972,36.09839],[138.60776,36.09647],[138.61101,36.09778],[138.62123,36.09488],[138.62579,36.09512],[138.63074,36.09138],[138.64518,36.09881],[138.64641,36.10957],[138.64224,36.11224],[138.64018,36.11735],[138.6451,36.11963]]]},"properties":{"pref":"長野県","county":"南佐久郡","city":"佐久穂町","code5":"20309","code6":"203092"}},
{"type":"Feature","geometry":{"type":"Polygon","coordinates":[[[138.64442,36.41144],[138.63715,36.41722],[138.63232,36.41785],[138.62663,36.4155],[138.62124,36.41647],[138.61833,36.42067],[138.60787,36.42319],[138.5902,36.42389],[138.57313,36.4192],[138.57094,36.41956],[138.56451,36.42022],[138.55501,36.41777],[138.54963,36.41334],[138.5459,36.40741],[138.54061,36.40285],[138.52935,36.40304],[138.51988,36.40674],[138.51425,36.40327],[138.50768,36.3955],[138.50932,36.39293],[138.51403,36.37013],[138.51479,36.35743],[138.51921,36.35181],[138.5231,36.34265],[138.52306,36.33824],[138.51984,36.33091],[138.52961,36.32833],[138.53325,36.32457],[138.54,36.32704],[138.54793,36.32589],[138.55227,36.32761],[138.55941,36.32406],[138.55166,36.31672],[138.55247,36.31071],[138.56403,36.29991],[138.57524,36.29267],[138.5798,36.28221],[138.59444,36.27864],[138.60034,36.2784],[138.60718,36.2796],[138.61251,36.28566],[138.63058,36.28846],[138.63744,36.29343],[138.64489,36.29454],[138.65122,36.2991],[138.65345,36.30304],[138.65317,36.30788],[138.64789,36.31448],[138.65331,36.32437],[138.65054,36.33213],[138.64974,36.34159],[138.65128,36.34965],[138.65008,36.35248],[138.65398,36.35709],[138.65239,36.36263],[138.65716,36.3689],[138.65165,36.37282],[138.64964,36.37894],[138.65216,36.38537],[138.65217,36.39507],[138.64846,36.3998],[138.64839,36.40747],[138.64442,36.41144]]]},"properties":{"pref":"長野県","county":"北佐久郡","city":"軽井沢町","code5":"20321","code6":"203211"}},
{"type":"Feature","geometry":{"type":"Polygon","coordinates":[[[138.50679,36.41393],[138.49654,36.40906],[138.49627,36.40113],[138.49262,36.39238],[138.48178,36.38779],[138.47868,36.37867],[138.47539,36.37719],[138.4619,36.35477],[138.46115,36.35109],[138.47223,36.34881],[138.4729,36.3534],[138.48618,36.35087],[138.48302,36.34067],[138.47934,36.34003],[138.47958,36.33384],[138.48294,36.33055],[138.4812,36.31786],[138.48261,36.31462],[138.48698,36.31169],[138.48527,36.30289],[138.48889,36.30074],[138.48365,36.29394],[138.48755,36.29265],[138.48985,36.29773],[138.49705,36.30254],[138.50115,36.29639],[138.51401,36.29764],[138.51847,36.29475],[138.52496,36.28348],[138.54226,36.28575],[138.55089,36.28154],[138.55793,36.27974],[138.5798,36.28221],[138.57524,36.29267],[138.56403,36.29991],[138.55247,36.31071],[138.55166,36.31672],[138.55941,36.32406],[138.55227,36.32761],[138.54793,36.32589],[138.54,36.32704],[138.53325,36.32457],[138.52961,36.32833],[138.51984,36.33091],[138.52306,36.33824],[138.5231,36.34265],[138.51921,36.35181],[138.51479,36.35743],[138.51403,36.37013],[138.50932,36.39293],[138.50768,36.3955],[138.51425,36.40327],[138.51988,36.40674],[138.50679,36.41393]]]},"properties":{"pref":"長野県","county":"北佐久郡","city":"御代田町","code5":"20323","code6":"203238"}},
{"type":"Feature","geometry":{"type":"Polygon","coordinates":[[[138.28319,36.28736],[138.281,36.28144],[138.28514,36.27755],[138.28438,36.27105],[138.28841,36.26705],[138.28778,36.25759],[138.29596,36.25271],[138.29929,36.24623],[138.29757,36.24079],[138.2919,36.23685],[138.2875,36.23029],[138.2869,36.22566],[138.28285,36.22038],[138.28438,36.20574],[138.28445,36.19369],[138.28332,36.18456],[138.27681,36.16405],[138.27553,36.1515],[138.26304,36.13536],[138.26097,36.13151],[138.25071,36.12175],[138.23885,36.11441],[138.23474,36.11048],[138.23404,36.108],[138.24335,36.10571],[138.24754,36.10084],[138.24663,36.09495],[138.26099,36.091],[138.26725,36.09122],[138.2754,36.08635],[138.28666,36.0899],[138.29567,36.10522],[138.3017,36.11091],[138.30017,36.11955],[138.30162,36.12717],[138.29186,36.13709],[138.28855,36.14676],[138.28254,36.14951],[138.28341,36.16057],[138.28011,36.16464],[138.28188,36.16981],[138.28226,36.17825],[138.28955,36.19344],[138.28891,36.19963],[138.29521,36.207],[138.29872,36.21907],[138.30389,36.23276],[138.30891,36.23956],[138.31545,36.24481],[138.33115,36.25416],[138.33417,36.26019],[138.33858,36.26199],[138.3379,36.2727],[138.33315,36.27861],[138.33968,36.2807],[138.33961,36.28752],[138.34209,36.29233],[138.34262,36.29564],[138.33723,36.30747],[138.34095,36.31649],[138.33788,36.32174],[138.33066,36.3206],[138.32876,36.31441],[138.32423,36.30695],[138.31718,36.30632],[138.30594,36.30821],[138.29968,36.30703],[138.2947,36.30891],[138.29876,36.31919],[138.29338,36.31922],[138.29161,36.32291],[138.28345,36.30694],[138.28553,36.29965],[138.28422,36.29558],[138.2856,36.28961],[138.28319,36.28736]]]},"properties":{"pref":"長野県","county":"北佐久郡","city":"立科町","code5":"20324","code6":"203246"}},
{"type":"Feature","geometry":{"type":"Polygon","coordinates":[[[138.081,36.31233],[138.09313,36.31783],[138.10808,36.32818],[138.11456,36.32224],[138.13055,36.33526],[138.12899,36.34652],[138.1373,36.35002],[138.14364,36.35447],[138.14842,36.36158],[138.14919,36.36595],[138.15422,36.37048],[138.15317,36.37807],[138.14943,36.38272],[138.15166,36.38703],[138.15062,36.39211],[138.14288,36.39659],[138.13761,36.39495],[138.131,36.39744],[138.12464,36.40245],[138.11546,36.40376],[138.11256,36.39953],[138.09671,36.40718],[138.0835,36.40681],[138.08098,36.40447],[138.07167,36.40465],[138.06572,36.40219],[138.06354,36.39852],[138.06892,36.38752],[138.07244,36.38516],[138.07289,36.37863],[138.0792,36.37211],[138.07615,36.36708],[138.078,36.36088],[138.07191,36.35453],[138.06667,36.34527],[138.06782,36.33722],[138.06442,36.33348],[138.06927,36.32993],[138.07219,36.32185],[138.07101,36.31655],[138.081,36.31233]]]},"properties":{"pref":"長野県","county":"小県郡","city":"青木村","code5":"20349","code6":"203491"}},
{"type":"Feature","geometry":{"type":"Polygon","coordinates":[[[138.12783,36.16648],[138.13388,36.16294],[138.1354,36.15576],[138.1347,36.14824],[138.14014,36.14388],[138.14706,36.14415],[138.15331,36.13754],[138.15453,36.12977],[138.16201,36.12132],[138.16563,36.12252],[138.16929,36.12373],[138.17525,36.12104],[138.1806,36.1238],[138.19113,36.1227],[138.18992,36.11641],[138.19953,36.10773],[138.20338,36.10656],[138.21495,36.10734],[138.21675,36.10527],[138.23474,36.11048],[138.23885,36.11441],[138.25071,36.12175],[138.26097,36.13151],[138.26304,36.13536],[138.27553,36.1515],[138.27681,36.16405],[138.28332,36.18456],[138.28445,36.19369],[138.28438,36.20574],[138.28285,36.22038],[138.2869,36.22566],[138.2875,36.23029],[138.2919,36.23685],[138.29757,36.24079],[138.29929,36.24623],[138.29596,36.25271],[138.28778,36.25759],[138.28841,36.26705],[138.28438,36.27105],[138.28514,36.27755],[138.281,36.28144],[138.28319,36.28736],[138.27575,36.28553],[138.27159,36.29347],[138.26328,36.2968],[138.25549,36.29352],[138.25413,36.28835],[138.25064,36.28686],[138.24351,36.27814],[138.24358,36.26611],[138.24597,36.25886],[138.24613,36.25128],[138.23403,36.24705],[138.23347,36.23896],[138.22756,36.23337],[138.22611,36.22693],[138.22116,36.22384],[138.20919,36.22296],[138.19269,36.2254],[138.18667,36.22467],[138.17486,36.21851],[138.16932,36.22086],[138.16326,36.21733],[138.1588,36.21881],[138.15483,36.22402],[138.14278,36.22595],[138.13382,36.23107],[138.12836,36.22984],[138.11981,36.2187],[138.12934,36.21171],[138.12947,36.20775],[138.12578,36.20078],[138.12773,36.19674],[138.12617,36.18356],[138.13124,36.17674],[138.12728,36.1729],[138.12783,36.16648]]]},"properties":{"pref":"長野県","county":"小県郡","city":"長和町","code5":"20350","code6":"203505"}},
{"type":"Feature","geometry":{"type":"Polygon","coordinates":[[[138.08833,36.15749],[138.08176,36.14673],[138.08893,36.14402],[138.09848,36.13833],[138.09784,36.13491],[138.10068,36.12598],[138.09355,36.12811],[138.08416,36.12474],[138.07978,36.12923],[138.07617,36.12863],[138.07188,36.10817],[138.07313,36.10266],[138.06927,36.09565],[138.07188,36.0906],[138.0708,36.08695],[138.07496,36.0736],[138.07284,36.06477],[138.07467,36.06066],[138.08612,36.05012],[138.11262,36.06209],[138.12097,36.07006],[138.12138,36.07334],[138.12884,36.07692],[138.12833,36.08265],[138.12508,36.08827],[138.13771,36.08801],[138.13662,36.09245],[138.13857,36.10008],[138.15794,36.1003],[138.1628,36.10271],[138.17107,36.10259],[138.17449,36.10528],[138.17114,36.10914],[138.17103,36.11506],[138.16563,36.12252],[138.16201,36.12132],[138.15453,36.12977],[138.15331,36.13754],[138.14706,36.14415],[138.14014,36.14388],[138.1347,36.14824],[138.1354,36.15576],[138.13388,36.16294],[138.12783,36.16648],[138.12105,36.1627],[138.11853,36.16402],[138.10818,36.16239],[138.10405,36.16392],[138.09275,36.16046],[138.08833,36.15749]]]},"properties":{"pref":"長野県","county":"諏訪郡","city":"下諏訪町","code5":"20361","code6":"203611"}},
{"type":"Feature","geometry":{"type":"Polygon","coordinates":[[[138.36035,35.95721],[138.3217,35.96258],[138.31502,35.96529],[138.30669,35.96644],[138.28865,35.96293],[138.28117,35.95905],[138.27054,35.94964],[138.25236,35.9465],[138.24159,35.93654],[138.23332,35.93139],[138.22902,35.93504],[138.21978,35.93765],[138.21855,35.94072],[138.21143,35.9383],[138.20099,35.93954],[138.18999,35.9349],[138.18468,35.93988],[138.17855,35.93219],[138.16891,35.9166],[138.17381,35.91231],[138.16941,35.90455],[138.17312,35.89904],[138.17175,35.89604],[138.17416,35.8906],[138.18088,35.88915],[138.1809,35.88397],[138.1777,35.87842],[138.18296,35.87537],[138.17763,35.86725],[138.18783,35.86309],[138.18889,35.85781],[138.1771,35.84481],[138.17596,35.83875],[138.18065,35.83314],[138.17553,35.82324],[138.17516,35.81302],[138.17229,35.80076],[138.1775,35.78619],[138.18774,35.78152],[138.19832,35.78156],[138.19149,35.78429],[138.18517,35.79108],[138.18779,35.79995],[138.19332,35.80384],[138.20569,35.81573],[138.20349,35.82263],[138.20678,35.83154],[138.21266,35.83702],[138.21615,35.84549],[138.21892,35.84682],[138.22417,35.85621],[138.22679,35.8574],[138.2326,35.87613],[138.23823,35.88238],[138.2486,35.88592],[138.26444,35.87591],[138.27284,35.86493],[138.27895,35.86039],[138.28364,35.85932],[138.29306,35.86706],[138.30325,35.87943],[138.30768,35.88745],[138.31278,35.89097],[138.32432,35.90233],[138.33091,35.91089],[138.33153,35.91438],[138.33937,35.9246],[138.34203,35.92567],[138.34573,35.93525],[138.34505,35.94133],[138.35216,35.94797],[138.36008,35.95101],[138.36035,35.95721]]]},"properties":{"pref":"長野県","county":"諏訪郡","city":"富士見町","code5":"20362","code6":"203629"}},
{"type":"Feature","geometry":{"type":"Polygon","coordinates":[[[138.37046,35.97138],[138.34862,35.97443],[138.33583,35.97342],[138.32372,35.97461],[138.31933,35.97268],[138.30947,35.97573],[138.28586,35.9755],[138.28759,35.97787],[138.24682,35.9813],[138.2312,35.98463],[138.21431,35.98462],[138.21261,35.9765],[138.20753,35.97482],[138.19523,35.97389],[138.18321,35.97484],[138.17961,35.96825],[138.18629,35.95995],[138.19151,35.95815],[138.19448,35.95311],[138.19953,35.95367],[138.20825,35.94864],[138.21067,35.94408],[138.21687,35.94468],[138.21855,35.94072],[138.21978,35.93765],[138.22902,35.93504],[138.23332,35.93139],[138.24159,35.93654],[138.25236,35.9465],[138.27054,35.94964],[138.28117,35.95905],[138.28865,35.96293],[138.30669,35.96644],[138.31502,35.96529],[138.3217,35.96258],[138.36035,35.95721],[138.3619,35.9626],[138.36944,35.96722],[138.37046,35.97138]]]},"properties":{"pref":"長野県","county":"諏訪郡","city":"原村","code5":"20363","code6":"203637"}},
{"type":"Feature","geometry":{"type":"Polygon","coordinates":[[[138.00685,36.05319],[138.00086,36.05451],[137.99191,36.04878],[137.97971,36.04425],[137.97408,36.04528],[137.96904,36.04941],[137.96242,36.05064],[137.95936,36.05408],[137.95046,36.05459],[137.94971,36.06378],[137.93871,36.06152],[137.93799,36.05302],[137.9277,36.04933],[137.92735,36.04244],[137.91878,36.0381],[137.91528,36.03472],[137.90647,36.03464],[137.90016,36.02951],[137.89901,36.02466],[137.90451,36.01824],[137.89666,36.01246],[137.88911,36.00504],[137.88051,36.00154],[137.87549,35.99306],[137.87309,35.99198],[137.8706,35.98248],[137.86539,35.98012],[137.86136,35.97142],[137.85127,35.96801],[137.85039,35.9632],[137.84617,35.95837],[137.83905,35.95688],[137.83611,35.95086],[137.83132,35.94789],[137.82915,35.93769],[137.83481,35.92824],[137.84193,35.92443],[137.85166,35.9239],[137.85389,35.91854],[137.85787,35.91678],[137.85841,35.91202],[137.86617,35.91288],[137.87138,35.90827],[137.87693,35.9126],[137.87938,35.92248],[137.88692,35.92553],[137.89241,35.93072],[137.89797,35.93348],[137.90327,35.93187],[137.90988,35.93389],[137.91341,35.93905],[137.92282,35.94474],[137.92699,35.94543],[137.93389,35.95125],[137.93478,35.95646],[137.94063,35.9562],[137.95177,35.95074],[137.96229,35.94698],[137.96853,35.94192],[137.9782,35.94334],[137.98091,35.94569],[137.99231,35.94277],[137.99276,35.95148],[138.00349,35.95083],[138.01651,35.94406],[138.02019,35.94545],[138.0323,35.95623],[138.03593,35.95803],[138.03462,35.95984],[138.03501,35.96242],[138.0402,35.96177],[138.04593,35.96514],[138.04821,35.9744],[138.04532,35.99961],[138.03682,36.00164],[138.03436,36.00771],[138.03733,36.0123],[138.03108,36.01452],[138.02456,36.01429],[138.01942,36.01077],[138.01283,36.01073],[138.00612,36.01396],[138.00076,36.01121],[137.99451,36.01274],[137.99157,36.01638],[137.99715,36.02312],[137.99973,36.04081],[138.00685,36.05319]]]},"properties":{"pref":"長野県","county":"上伊那郡","city":"辰野町","code5":"20382","code6":"203823"}},
{"type":"Feature","geometry":{"type":"Polygon","coordinates":[[[138.03501,35.96242],[138.03462,35.95984],[138.03593,35.95803],[138.0323,35.95623],[138.02019,35.94545],[138.01651,35.94406],[138.00349,35.95083],[137.99276,35.95148],[137.99231,35.94277],[137.98091,35.94569],[137.9782,35.94334],[137.96853,35.94192],[137.96229,35.94698],[137.95177,35.95074],[137.94063,35.9562],[137.93478,35.95646],[137.93389,35.95125],[137.92699,35.94543],[137.92282,35.94474],[137.91341,35.93905],[137.90988,35.93389],[137.90327,35.93187],[137.89797,35.93348],[137.89241,35.93072],[137.88692,35.92553],[137.90383,35.91703],[137.9107,35.91202],[137.92272,35.90541],[137.92733,35.90554],[137.93758,35.90196],[137.95016,35.90176],[137.95046,35.89818],[137.9579,35.89907],[137.96518,35.89664],[137.97354,35.89608],[137.98205,35.89804],[137.98688,35.89548],[137.98687,35.88552],[137.99334,35.88333],[137.98861,35.87826],[137.99633,35.88096],[138.00152,35.88058],[138.00688,35.88463],[138.01599,35.88506],[138.01702,35.88843],[138.02492,35.89124],[138.02787,35.89517],[138.03203,35.89487],[138.04396,35.90958],[138.04699,35.91559],[138.05542,35.91939],[138.0635,35.91515],[138.06711,35.91572],[138.06995,35.92199],[138.07578,35.92486],[138.08216,35.93183],[138.08403,35.93766],[138.09063,35.94806],[138.08659,35.95358],[138.08655,35.96018],[138.07963,35.9605],[138.07401,35.95032],[138.05902,35.94625],[138.04379,35.95358],[138.03552,35.95949],[138.03501,35.96242]]]},"properties":{"pref":"長野県","county":"上伊那郡","city":"箕輪町","code5":"20383","code6":"203831"}},
{"type":"Feature","geometry":{"type":"Polygon","coordinates":[[[137.80867,35.64392],[137.82146,35.64352],[137.8311,35.63889],[137.83645,35.64021],[137.84189,35.64635],[137.84291,35.6521],[137.8523,35.65129],[137.86533,35.64846],[137.86839,35.64034],[137.87661,35.63636],[137.88686,35.63581],[137.89121,35.63839],[137.8991,35.63997],[137.90581,35.64572],[137.91477,35.64339],[137.91964,35.65137],[137.92294,35.65092],[137.92467,35.65863],[137.93673,35.65308],[137.94495,35.6543],[137.94829,35.65891],[137.94939,35.66642],[137.95441,35.67387],[137.95923,35.67264],[137.96616,35.66795],[137.97035,35.672],[137.973,35.6847],[137.97812,35.68546],[137.97672,35.69158],[137.96336,35.68777],[137.95535,35.68268],[137.95009,35.68538],[137.95548,35.69196],[137.95171,35.7005],[137.94109,35.70147],[137.93434,35.70051],[137.9119,35.70611],[137.89726,35.70136],[137.89002,35.70143],[137.88961,35.69805],[137.87867,35.69385],[137.8716,35.69394],[137.87113,35.69921],[137.8582,35.70502],[137.85053,35.70287],[137.84359,35.70631],[137.82462,35.71193],[137.8168,35.71685],[137.81669,35.70977],[137.81154,35.70168],[137.81357,35.69206],[137.80311,35.68137],[137.8053,35.67429],[137.80137,35.66553],[137.8013,35.65568],[137.80995,35.64834],[137.80867,35.64392]]]},"properties":{"pref":"長野県","county":"上伊那郡","city":"飯島町","code5":"20384","code6":"203840"}},
{"type":"Feature","geometry":{"type":"MultiPolygon","coordinates":[[[[137.92733,35.90554],[137.92272,35.90541],[137.9107,35.91202],[137.90383,35.91703],[137.88692,35.92553],[137.87938,35.92248],[137.87693,35.9126],[137.87138,35.90827],[137.86617,35.91288],[137.85841,35.91202],[137.85143,35.90612],[137.85029,35.89481],[137.84721,35.89027],[137.85697,35.87716],[137.85629,35.86774],[137.86323,35.8719],[137.86649,35.87144],[137.87721,35.86434],[137.88705,35.86579],[137.88228,35.87429],[137.87649,35.87889],[137.87741,35.88771],[137.88329,35.89512],[137.88195,35.89932],[137.88719,35.9016],[137.90045,35.89818],[137.90508,35.89542],[137.90928,35.89746],[137.92235,35.89967],[137.92296,35.90521],[137.92733,35.90554]]],[[[137.98861,35.87826],[137.99334,35.88333],[137.98687,35.88552],[137.98688,35.89548],[137.98205,35.89804],[137.97354,35.89608],[137.96518,35.89664],[137.9579,35.89907],[137.95046,35.89818],[137.95488,35.89491],[137.95321,35.89026],[137.9456,35.89013],[137.9394,35.89438],[137.93337,35.88487],[137.93314,35.88127],[137.95292,35.87569],[137.94872,35.8666],[137.94038,35.86387],[137.93529,35.87133],[137.92901,35.87197],[137.92855,35.8641],[137.92358,35.86462],[137.90606,35.86231],[137.90623,35.85792],[137.91445,35.85554],[137.92986,35.85465],[137.94692,35.84997],[137.95494,35.86502],[137.96645,35.85871],[137.97342,35.85371],[137.97881,35.86031],[137.98364,35.86333],[137.98466,35.875],[137.98861,35.87826]]]]},"properties":{"pref":"長野県","county":"上伊那郡","city":"南箕輪村","code5":"20385","code6":"203858"}},
{"type":"Feature","geometry":{"type":"Polygon","coordinates":[[[137.97812,35.68546],[137.973,35.6847],[137.97035,35.672],[137.96616,35.66795],[137.95923,35.67264],[137.95441,35.67387],[137.94939,35.66642],[137.94829,35.65891],[137.94495,35.6543],[137.93673,35.65308],[137.92467,35.65863],[137.92294,35.65092],[137.91964,35.65137],[137.91477,35.64339],[137.90581,35.64572],[137.8991,35.63997],[137.90494,35.63951],[137.9037,35.63282],[137.90619,35.62992],[137.90482,35.62374],[137.91361,35.61832],[137.91677,35.61296],[137.92488,35.60956],[137.93266,35.6025],[137.94145,35.60936],[137.9608,35.60199],[137.97145,35.60728],[137.9768,35.6066],[137.98933,35.60961],[137.9965,35.60603],[138.00236,35.59727],[138.00809,35.60034],[138.01192,35.60691],[138.02291,35.61403],[138.03047,35.62519],[138.03038,35.62823],[138.03833,35.63698],[138.0394,35.64262],[138.03658,35.65105],[138.03726,35.65767],[138.03532,35.66694],[138.0266,35.67471],[138.01954,35.67596],[138.01346,35.67319],[138.00513,35.67795],[137.9977,35.67988],[137.99167,35.67656],[137.98551,35.67553],[137.98404,35.68165],[137.97812,35.68546]]]},"properties":{"pref":"長野県","county":"上伊那郡","city":"中川村","code5":"20386","code6":"203866"}},
{"type":"Feature","geometry":{"type":"Polygon","coordinates":[[[137.82829,35.80618],[137.82537,35.80103],[137.81335,35.79553],[137.80971,35.79134],[137.80465,35.78954],[137.80932,35.78139],[137.81808,35.77877],[137.8287,35.76956],[137.83462,35.7665],[137.84307,35.76449],[137.84701,35.76007],[137.85728,35.76015],[137.85924,35.75606],[137.85951,35.74842],[137.86686,35.75148],[137.87469,35.74762],[137.91104,35.74982],[137.92936,35.74925],[137.94017,35.75024],[137.96394,35.75049],[137.95942,35.75621],[137.95866,35.76072],[137.96105,35.77182],[137.95998,35.77825],[137.94663,35.77116],[137.94281,35.77332],[137.9348,35.77412],[137.92434,35.77883],[137.90888,35.78186],[137.90087,35.78183],[137.89332,35.78396],[137.88113,35.78468],[137.87461,35.79204],[137.86846,35.80376],[137.86243,35.80611],[137.84427,35.80525],[137.83364,35.80781],[137.82829,35.80618]]]},"properties":{"pref":"長野県","county":"上伊那郡","city":"宮田村","code5":"20388","code6":"203882"}},
{"type":"Feature","geometry":{"type":"Polygon","coordinates":[[[137.82356,35.61556],[137.82725,35.6136],[137.83474,35.60533],[137.86095,35.60064],[137.86805,35.60202],[137.87257,35.60026],[137.8709,35.59512],[137.88201,35.59446],[137.89504,35.58801],[137.90093,35.58614],[137.90562,35.5792],[137.9177,35.57393],[137.91902,35.57769],[137.92459,35.5781],[137.93628,35.57282],[137.94004,35.56934],[137.95778,35.57201],[137.96687,35.57787],[137.97576,35.57975],[137.98097,35.57704],[137.98284,35.57343],[137.99314,35.56402],[138.01013,35.55519],[138.00837,35.55192],[138.01286,35.5481],[138.01761,35.55264],[138.01838,35.56099],[138.01063,35.56487],[138.00464,35.5699],[138.00526,35.57438],[137.99325,35.58475],[138.00236,35.59727],[137.9965,35.60603],[137.98933,35.60961],[137.9768,35.6066],[137.97145,35.60728],[137.9608,35.60199],[137.94145,35.60936],[137.93266,35.6025],[137.92488,35.60956],[137.91677,35.61296],[137.91361,35.61832],[137.90482,35.62374],[137.90619,35.62992],[137.9037,35.63282],[137.90494,35.63951],[137.8991,35.63997],[137.89121,35.63839],[137.88686,35.63581],[137.87661,35.63636],[137.86839,35.64034],[137.86533,35.64846],[137.8523,35.65129],[137.84291,35.6521],[137.84189,35.64635],[137.83645,35.64021],[137.8311,35.63889],[137.82146,35.64352],[137.80867,35.64392],[137.81722,35.63731],[137.81969,35.63173],[137.81903,35.62287],[137.82356,35.61556]]]},"properties":{"pref":"長野県","county":"下伊那郡","city":"松川町","code5":"20402","code6":"204021"}},
{"type":"Feature","geometry":{"type":"Polygon","coordinates":[[[137.87768,35.53004],[137.87807,35.53046],[137.8878,35.54265],[137.89454,35.5575],[137.89583,35.56427],[137.90369,35.57173],[137.91516,35.57243],[137.9177,35.57393],[137.90562,35.5792],[137.90093,35.58614],[137.89504,35.58801],[137.88201,35.59446],[137.8709,35.59512],[137.87257,35.60026],[137.86805,35.60202],[137.86095,35.60064],[137.83474,35.60533],[137.82725,35.6136],[137.82356,35.61556],[137.81709,35.61023],[137.81557,35.60139],[137.82357,35.59398],[137.81727,35.58221],[137.81575,35.5728],[137.81098,35.56835],[137.81869,35.56653],[137.83249,35.5579],[137.83354,35.55052],[137.83935,35.54756],[137.84555,35.54956],[137.86091,35.54],[137.86519,35.53858],[137.86735,35.53434],[137.87768,35.53004]]]},"properties":{"pref":"長野県","county":"下伊那郡","city":"高森町","code5":"20403","code6":"204030"}},
{"type":"Feature","geometry":{"type":"Polygon","coordinates":[[[137.84234,35.31189],[137.8368,35.31632],[137.83625,35.32224],[137.8328,35.32692],[137.83684,35.33526],[137.84259,35.3393],[137.84445,35.34403],[137.83319,35.3504],[137.83007,35.36082],[137.81839,35.37187],[137.81246,35.37423],[137.81038,35.38038],[137.81287,35.38952],[137.80859,35.39158],[137.80586,35.38543],[137.79493,35.38334],[137.80137,35.37929],[137.79975,35.3757],[137.79463,35.37482],[137.7853,35.36736],[137.78483,35.36298],[137.77788,35.35354],[137.77084,35.34873],[137.76609,35.35012],[137.75796,35.35661],[137.75471,35.35714],[137.75316,35.36396],[137.74399,35.37006],[137.7408,35.36392],[137.73571,35.35988],[137.7286,35.35852],[137.72305,35.36035],[137.7187,35.35052],[137.70657,35.34504],[137.69625,35.34418],[137.68844,35.34169],[137.68611,35.33546],[137.68733,35.3215],[137.68483,35.31755],[137.67608,35.31307],[137.67498,35.30665],[137.68577,35.30279],[137.69598,35.30173],[137.70324,35.29676],[137.71307,35.2986],[137.71726,35.29748],[137.72555,35.30171],[137.72666,35.298],[137.733,35.29268],[137.73476,35.28729],[137.73217,35.2703],[137.72761,35.26796],[137.72757,35.26171],[137.72525,35.25463],[137.72031,35.25173],[137.72529,35.2435],[137.7213,35.23614],[137.71486,35.23129],[137.70771,35.23202],[137.71177,35.22887],[137.72189,35.23076],[137.72988,35.23501],[137.73055,35.23742],[137.73913,35.24066],[137.74901,35.24117],[137.75724,35.25073],[137.76811,35.25252],[137.77135,35.25787],[137.76948,35.2639],[137.77226,35.27159],[137.7897,35.28837],[137.7966,35.29389],[137.80208,35.2947],[137.80211,35.29022],[137.80804,35.29007],[137.80866,35.29474],[137.81703,35.2999],[137.82526,35.29986],[137.83038,35.30443],[137.83944,35.30601],[137.84234,35.31189]]]},"properties":{"pref":"長野県","county":"下伊那郡","city":"阿南町","code5":"20404","code6":"204048"}},
{"type":"Feature","geometry":{"type":"Polygon","coordinates":[[[137.69426,35.55409],[137.68792,35.55054],[137.68434,35.53643],[137.67963,35.53595],[137.67457,35.53177],[137.66229,35.53278],[137.65395,35.53219],[137.64858,35.52831],[137.64401,35.52106],[137.64379,35.51095],[137.63176,35.50918],[137.62455,35.50061],[137.62443,35.49383],[137.62959,35.47738],[137.63238,35.47416],[137.62842,35.46731],[137.6183,35.46779],[137.61043,35.45888],[137.60721,35.45792],[137.59315,35.44692],[137.6016,35.43928],[137.60642,35.43869],[137.6153,35.43084],[137.61763,35.42645],[137.61568,35.42334],[137.62052,35.41725],[137.62197,35.4119],[137.63205,35.4107],[137.63102,35.4069],[137.63482,35.40296],[137.63369,35.39904],[137.63593,35.39381],[137.64137,35.39149],[137.6408,35.38566],[137.64436,35.38045],[137.64132,35.37546],[137.64298,35.36957],[137.65131,35.3639],[137.65285,35.35871],[137.65756,35.35445],[137.66237,35.35397],[137.66699,35.34823],[137.67782,35.3429],[137.68313,35.34409],[137.68844,35.34169],[137.69625,35.34418],[137.70657,35.34504],[137.7187,35.35052],[137.72305,35.36035],[137.7286,35.35852],[137.73571,35.35988],[137.7408,35.36392],[137.74399,35.37006],[137.73943,35.37195],[137.73897,35.37943],[137.73661,35.38405],[137.73083,35.38623],[137.73494,35.39248],[137.73558,35.39672],[137.74142,35.40144],[137.74696,35.40226],[137.75266,35.40671],[137.75878,35.40828],[137.76108,35.41176],[137.77055,35.42051],[137.76692,35.42142],[137.76454,35.43131],[137.76104,35.43144],[137.75998,35.43983],[137.76234,35.44273],[137.76288,35.45954],[137.75883,35.46524],[137.753,35.45577],[137.74495,35.46156],[137.73972,35.47044],[137.73222,35.47233],[137.73551,35.47647],[137.73131,35.48607],[137.72626,35.49062],[137.72928,35.49566],[137.7406,35.50137],[137.74381,35.50577],[137.74455,35.51126],[137.74114,35.51507],[137.73218,35.51694],[137.71767,35.52139],[137.7117,35.53559],[137.70951,35.53757],[137.70433,35.5526],[137.69426,35.55409]]]},"properties":{"pref":"長野県","county":"下伊那郡","city":"阿智村","code5":"20407","code6":"204072"}},
{"type":"Feature","geometry":{"type":"Polygon","coordinates":[[[137.68844,35.34169],[137.68313,35.34409],[137.67782,35.3429],[137.66699,35.34823],[137.66237,35.35397],[137.65756,35.35445],[137.65285,35.35871],[137.65131,35.3639],[137.64298,35.36957],[137.64132,35.37546],[137.64436,35.38045],[137.6408,35.38566],[137.64137,35.39149],[137.63593,35.39381],[137.63369,35.39904],[137.61843,35.39174],[137.60522,35.39399],[137.59067,35.39361],[137.57659,35.40047],[137.57523,35.40001],[137.57795,35.39013],[137.58649,35.38943],[137.58774,35.38661],[137.59839,35.37918],[137.59804,35.36567],[137.60127,35.36157],[137.60257,35.3545],[137.59984,35.35177],[137.60044,35.34212],[137.60393,35.33721],[137.60155,35.33104],[137.59055,35.33049],[137.58758,35.32371],[137.57501,35.31698],[137.57809,35.3147],[137.59128,35.31206],[137.6036,35.31314],[137.61271,35.30867],[137.61202,35.30557],[137.62089,35.30599],[137.62625,35.30344],[137.627,35.29988],[137.63245,35.30001],[137.63242,35.29591],[137.62723,35.29351],[137.62454,35.28031],[137.62625,35.2734],[137.62479,35.26542],[137.6343,35.26501],[137.64463,35.27207],[137.65287,35.26677],[137.65881,35.26598],[137.66028,35.26924],[137.65874,35.2765],[137.66693,35.28103],[137.66611,35.28901],[137.67131,35.29387],[137.67028,35.29828],[137.67498,35.30665],[137.67608,35.31307],[137.68483,35.31755],[137.68733,35.3215],[137.68611,35.33546],[137.68844,35.34169]]]},"properties":{"pref":"長野県","county":"下伊那郡","city":"平谷村","code5":"20409","code6":"204099"}},
{"type":"Feature","geometry":{"type":"Polygon","coordinates":[[[137.57501,35.31698],[137.57147,35.31835],[137.56012,35.3096],[137.55759,35.29472],[137.56198,35.28932],[137.56682,35.29001],[137.57075,35.2831],[137.5559,35.27242],[137.55748,35.26455],[137.55211,35.25991],[137.54842,35.25974],[137.546,35.25179],[137.55042,35.24291],[137.55715,35.23726],[137.56263,35.23537],[137.56852,35.22784],[137.5724,35.22661],[137.57559,35.22042],[137.57873,35.21944],[137.577,35.21193],[137.57677,35.2025],[137.57866,35.19847],[137.59148,35.19934],[137.60223,35.20435],[137.60308,35.20607],[137.6268,35.21188],[137.63298,35.2122],[137.64462,35.20901],[137.64539,35.21402],[137.65351,35.21755],[137.65392,35.22671],[137.66379,35.22783],[137.66832,35.23248],[137.67119,35.24212],[137.66389,35.2522],[137.66189,35.26272],[137.65881,35.26598],[137.65287,35.26677],[137.64463,35.27207],[137.6343,35.26501],[137.62479,35.26542],[137.62625,35.2734],[137.62454,35.28031],[137.62723,35.29351],[137.63242,35.29591],[137.63245,35.30001],[137.627,35.29988],[137.62625,35.30344],[137.62089,35.30599],[137.61202,35.30557],[137.61271,35.30867],[137.6036,35.31314],[137.59128,35.31206],[137.57809,35.3147],[137.57501,35.31698]]]},"properties":{"pref":"長野県","county":"下伊那郡","city":"根羽村","code5":"20410","code6":"204102"}},
{"type":"Feature","geometry":{"type":"Polygon","coordinates":[[[137.77055,35.42051],[137.76108,35.41176],[137.75878,35.40828],[137.75266,35.40671],[137.74696,35.40226],[137.74142,35.40144],[137.73558,35.39672],[137.73494,35.39248],[137.73083,35.38623],[137.73661,35.38405],[137.73897,35.37943],[137.73943,35.37195],[137.74399,35.37006],[137.75316,35.36396],[137.75471,35.35714],[137.75796,35.35661],[137.76609,35.35012],[137.77084,35.34873],[137.77788,35.35354],[137.78483,35.36298],[137.7853,35.36736],[137.79463,35.37482],[137.79975,35.3757],[137.80137,35.37929],[137.79493,35.38334],[137.80586,35.38543],[137.80859,35.39158],[137.80935,35.39792],[137.80748,35.40072],[137.81599,35.40772],[137.81764,35.41244],[137.81221,35.41407],[137.81236,35.41883],[137.81623,35.42117],[137.80803,35.42447],[137.80297,35.42405],[137.79743,35.42677],[137.78358,35.42545],[137.77904,35.4191],[137.77055,35.42051]]]},"properties":{"pref":"長野県","county":"下伊那郡","city":"下條村","code5":"20411","code6":"204111"}},
{"type":"Feature","geometry":{"type":"Polygon","coordinates":[[[137.67498,35.30665],[137.67028,35.29828],[137.67131,35.29387],[137.66611,35.28901],[137.66693,35.28103],[137.65874,35.2765],[137.66028,35.26924],[137.65881,35.26598],[137.66189,35.26272],[137.66389,35.2522],[137.67119,35.24212],[137.66832,35.23248],[137.66379,35.22783],[137.66788,35.2273],[137.67363,35.23117],[137.67858,35.23089],[137.68126,35.23509],[137.68722,35.23073],[137.69406,35.23371],[137.69982,35.23161],[137.70771,35.23202],[137.71486,35.23129],[137.7213,35.23614],[137.72529,35.2435],[137.72031,35.25173],[137.72525,35.25463],[137.72757,35.26171],[137.72761,35.26796],[137.73217,35.2703],[137.73476,35.28729],[137.733,35.29268],[137.72666,35.298],[137.72555,35.30171],[137.71726,35.29748],[137.71307,35.2986],[137.70324,35.29676],[137.69598,35.30173],[137.68577,35.30279],[137.67498,35.30665]]]},"properties":{"pref":"長野県","county":"下伊那郡","city":"売木村","code5":"20412","code6":"204129"}},
{"type":"Feature","geometry":{"type":"Polygon","coordinates":[[[137.84337,35.31641],[137.84234,35.31189],[137.83944,35.30601],[137.83038,35.30443],[137.82526,35.29986],[137.81703,35.2999],[137.80866,35.29474],[137.80804,35.29007],[137.80211,35.29022],[137.80208,35.2947],[137.7966,35.29389],[137.7897,35.28837],[137.77226,35.27159],[137.76948,35.2639],[137.77135,35.25787],[137.76811,35.25252],[137.75724,35.25073],[137.74901,35.24117],[137.73913,35.24066],[137.73055,35.23742],[137.72988,35.23501],[137.72189,35.23076],[137.72242,35.2221],[137.72942,35.22098],[137.73552,35.2227],[137.74331,35.21887],[137.747,35.22048],[137.76038,35.22077],[137.76802,35.21846],[137.76929,35.21599],[137.76609,35.21],[137.76772,35.20689],[137.7791,35.20275],[137.78349,35.20598],[137.7942,35.20496],[137.80042,35.20565],[137.80678,35.20981],[137.82152,35.21565],[137.82675,35.21595],[137.83812,35.21247],[137.84493,35.22101],[137.85919,35.22332],[137.86511,35.22248],[137.87255,35.21888],[137.88036,35.22635],[137.88489,35.23625],[137.88215,35.2428],[137.88247,35.2481],[137.89543,35.25799],[137.8944,35.26522],[137.8957,35.2726],[137.90009,35.28072],[137.89137,35.28697],[137.87862,35.294],[137.8744,35.29441],[137.87106,35.29026],[137.86313,35.29558],[137.86443,35.30417],[137.86083,35.30667],[137.86027,35.31115],[137.84483,35.31433],[137.84337,35.31641]]]},"properties":{"pref":"長野県","county":"下伊那郡","city":"天龍村","code5":"20413","code6":"204137"}},
{"type":"Feature","geometry":{"type":"Polygon","coordinates":[[[137.81623,35.42117],[137.81236,35.41883],[137.81221,35.41407],[137.81764,35.41244],[137.81599,35.40772],[137.80748,35.40072],[137.80935,35.39792],[137.80859,35.39158],[137.81287,35.38952],[137.81038,35.38038],[137.81246,35.37423],[137.81839,35.37187],[137.83007,35.36082],[137.83319,35.3504],[137.84445,35.34403],[137.84259,35.3393],[137.83684,35.33526],[137.8328,35.32692],[137.83625,35.32224],[137.8368,35.31632],[137.84234,35.31189],[137.84337,35.31641],[137.84977,35.31613],[137.85285,35.32384],[137.86016,35.32315],[137.86834,35.32062],[137.885,35.32433],[137.887,35.32014],[137.89249,35.32374],[137.89592,35.32238],[137.90504,35.33035],[137.91702,35.33766],[137.92069,35.34406],[137.92406,35.34486],[137.92349,35.35365],[137.92807,35.35861],[137.92597,35.3613],[137.91357,35.35698],[137.90238,35.35975],[137.90371,35.36362],[137.89514,35.36894],[137.89097,35.37345],[137.89387,35.37941],[137.88716,35.38602],[137.87805,35.38531],[137.87052,35.38814],[137.86614,35.39257],[137.86652,35.39727],[137.84996,35.40699],[137.83928,35.40921],[137.82603,35.41784],[137.81614,35.41827],[137.81623,35.42117]]]},"properties":{"pref":"長野県","county":"下伊那郡","city":"泰阜村","code5":"20414","code6":"204145"}},
{"type":"Feature","geometry":{"type":"Polygon","coordinates":[[[137.98768,35.48726],[137.97601,35.49399],[137.97272,35.49929],[137.96679,35.50273],[137.96188,35.51021],[137.95309,35.50579],[137.93448,35.50967],[137.92971,35.50596],[137.92459,35.50684],[137.91607,35.50481],[137.90833,35.51296],[137.8993,35.51818],[137.89814,35.52183],[137.89306,35.52523],[137.87807,35.53046],[137.87768,35.53004],[137.87103,35.52173],[137.86749,35.51951],[137.86287,35.51166],[137.86264,35.49932],[137.87195,35.49989],[137.88267,35.49739],[137.88296,35.4899],[137.87749,35.48797],[137.87268,35.49032],[137.87669,35.4776],[137.88339,35.47731],[137.88287,35.47354],[137.88666,35.46841],[137.89987,35.46384],[137.91198,35.46371],[137.91546,35.45902],[137.91323,35.44465],[137.91984,35.4409],[137.91836,35.43862],[137.94044,35.43272],[137.94692,35.42712],[137.9516,35.4292],[137.9596,35.43579],[137.96404,35.44155],[137.96196,35.44791],[137.97786,35.46759],[137.98396,35.47389],[137.98765,35.48061],[137.98768,35.48726]]]},"properties":{"pref":"長野県","county":"下伊那郡","city":"喬木村","code5":"20415","code6":"204153"}},
{"type":"Feature","geometry":{"type":"Polygon","coordinates":[[[137.99108,35.49318],[137.99395,35.50348],[137.99839,35.50544],[138.0002,35.51515],[138.00373,35.51893],[138.00415,35.52358],[138.00889,35.53735],[138.00875,35.54212],[138.01286,35.5481],[138.00837,35.55192],[138.01013,35.55519],[137.99314,35.56402],[137.98284,35.57343],[137.98097,35.57704],[137.97576,35.57975],[137.96687,35.57787],[137.95778,35.57201],[137.94004,35.56934],[137.93628,35.57282],[137.92459,35.5781],[137.91902,35.57769],[137.9177,35.57393],[137.91516,35.57243],[137.90369,35.57173],[137.89583,35.56427],[137.89454,35.5575],[137.8878,35.54265],[137.87807,35.53046],[137.89306,35.52523],[137.89814,35.52183],[137.8993,35.51818],[137.90833,35.51296],[137.91607,35.50481],[137.92459,35.50684],[137.92971,35.50596],[137.93448,35.50967],[137.95309,35.50579],[137.96188,35.51021],[137.96679,35.50273],[137.97272,35.49929],[137.97601,35.49399],[137.98768,35.48726],[137.99108,35.49318]]]},"properties":{"pref":"長野県","county":"下伊那郡","city":"豊丘村","code5":"20416","code6":"204161"}},
{"type":"Feature","geometry":{"type":"Polygon","coordinates":[[[138.12047,35.45461],[138.12193,35.45639],[138.13157,35.45334],[138.14102,35.45899],[138.15691,35.45998],[138.1604,35.47083],[138.15678,35.47279],[138.15832,35.4863],[138.16462,35.49387],[138.15799,35.49429],[138.14856,35.49998],[138.14018,35.49973],[138.14628,35.51378],[138.14633,35.51864],[138.13833,35.52221],[138.14696,35.5296],[138.14794,35.53475],[138.15149,35.5362],[138.15942,35.54493],[138.15603,35.55175],[138.14818,35.55428],[138.14613,35.55702],[138.15096,35.56629],[138.15181,35.57096],[138.14628,35.57646],[138.14083,35.57736],[138.13565,35.58169],[138.13082,35.5813],[138.12735,35.58607],[138.1261,35.59255],[138.12152,35.59656],[138.11567,35.59729],[138.11103,35.60015],[138.10108,35.61489],[138.10439,35.61862],[138.10533,35.62716],[138.1042,35.63891],[138.10188,35.647],[138.09196,35.65503],[138.08713,35.66638],[138.08555,35.67295],[138.07948,35.67938],[138.07711,35.69432],[138.06564,35.7],[138.06137,35.70354],[138.04725,35.69907],[138.04341,35.69139],[138.04405,35.67467],[138.03532,35.66694],[138.03726,35.65767],[138.03658,35.65105],[138.0394,35.64262],[138.03833,35.63698],[138.03038,35.62823],[138.03047,35.62519],[138.02291,35.61403],[138.01192,35.60691],[138.00809,35.60034],[138.00236,35.59727],[137.99325,35.58475],[138.00526,35.57438],[138.00464,35.5699],[138.01063,35.56487],[138.01838,35.56099],[138.01761,35.55264],[138.01286,35.5481],[138.00875,35.54212],[138.00889,35.53735],[138.00415,35.52358],[138.00373,35.51893],[138.0002,35.51515],[137.99839,35.50544],[137.99395,35.50348],[137.99108,35.49318],[138.00217,35.48905],[138.01969,35.47459],[138.02972,35.47016],[138.03593,35.46407],[138.03862,35.45764],[138.04946,35.46259],[138.05341,35.46894],[138.06108,35.4722],[138.07039,35.48109],[138.0832,35.48571],[138.08869,35.48205],[138.09455,35.4747],[138.10726,35.47323],[138.11181,35.46457],[138.11897,35.45822],[138.12047,35.45461]]]},"properties":{"pref":"長野県","county":"下伊那郡","city":"大鹿村","code5":"20417","code6":"204170"}},
{"type":"Feature","geometry":{"type":"Polygon","coordinates":[[[137.80932,35.78139],[137.80465,35.78954],[137.79686,35.78904],[137.78611,35.79619],[137.77922,35.80477],[137.77032,35.81205],[137.76096,35.81312],[137.75031,35.81264],[137.74518,35.81874],[137.73625,35.8183],[137.73293,35.82257],[137.72597,35.82306],[137.72101,35.82053],[137.714,35.82205],[137.69692,35.8201],[137.69662,35.8162],[137.68999,35.8121],[137.68479,35.81199],[137.67039,35.79797],[137.6698,35.79224],[137.66266,35.79193],[137.65781,35.78971],[137.65053,35.79548],[137.63838,35.79338],[137.62522,35.79683],[137.62248,35.79057],[137.60883,35.78763],[137.5996,35.79426],[137.59268,35.79099],[137.59038,35.78755],[137.59143,35.78076],[137.59907,35.77007],[137.59526,35.76725],[137.58602,35.76638],[137.58319,35.7607],[137.57247,35.7609],[137.5675,35.75906],[137.56872,35.75497],[137.56486,35.75088],[137.55676,35.75335],[137.54831,35.75143],[137.54044,35.75395],[137.53302,35.7537],[137.53378,35.75009],[137.53871,35.74481],[137.54323,35.73021],[137.54979,35.73001],[137.55263,35.72556],[137.5569,35.72596],[137.56517,35.73038],[137.57495,35.73829],[137.58755,35.73503],[137.59055,35.7299],[137.58716,35.72306],[137.59008,35.71634],[137.59553,35.71609],[137.59329,35.71018],[137.60084,35.70601],[137.60851,35.70586],[137.61871,35.70735],[137.62298,35.71009],[137.63348,35.70973],[137.64455,35.71284],[137.65088,35.72462],[137.64825,35.72809],[137.64215,35.73025],[137.64285,35.73539],[137.64759,35.73995],[137.64634,35.74396],[137.65382,35.75034],[137.66445,35.75037],[137.67154,35.74829],[137.6759,35.74346],[137.68317,35.74376],[137.68613,35.73555],[137.68901,35.73389],[137.69077,35.72742],[137.69934,35.72741],[137.70653,35.72258],[137.712,35.72226],[137.7189,35.71826],[137.72726,35.71736],[137.73566,35.71234],[137.7435,35.71535],[137.74964,35.72245],[137.75301,35.72374],[137.75201,35.73363],[137.75753,35.74354],[137.76174,35.74338],[137.77473,35.75883],[137.78685,35.7605],[137.79372,35.76479],[137.8003,35.77387],[137.80888,35.77951],[137.80932,35.78139]]]},"properties":{"pref":"長野県","county":"木曽郡","city":"上松町","code5":"20422","code6":"204226"}},
{"type":"Feature","geometry":{"type":"Polygon","coordinates":[[[137.72957,35.61339],[137.7267,35.6205],[137.71596,35.62537],[137.70093,35.62997],[137.69973,35.63469],[137.69383,35.63671],[137.69155,35.64478],[137.68767,35.6482],[137.67934,35.64839],[137.67841,35.65169],[137.66824,35.65974],[137.66141,35.65854],[137.65266,35.65224],[137.64906,35.648],[137.63811,35.64815],[137.63524,35.64449],[137.63038,35.64514],[137.62557,35.65066],[137.61301,35.65524],[137.60853,35.65959],[137.60754,35.66764],[137.60159,35.66973],[137.58667,35.67728],[137.57767,35.67822],[137.56562,35.67758],[137.55411,35.68693],[137.54655,35.68906],[137.535,35.69064],[137.53023,35.68847],[137.52225,35.68873],[137.50943,35.68238],[137.5147,35.67733],[137.51925,35.67743],[137.52447,35.6715],[137.53537,35.66581],[137.53596,35.66115],[137.54545,35.65108],[137.53956,35.64644],[137.54093,35.64253],[137.53818,35.63833],[137.52815,35.63598],[137.52265,35.6194],[137.51702,35.61848],[137.51381,35.60802],[137.51995,35.60261],[137.52009,35.60011],[137.53259,35.59145],[137.53166,35.58809],[137.5383,35.5848],[137.54615,35.58724],[137.56544,35.58504],[137.57043,35.5799],[137.56929,35.57492],[137.5646,35.56643],[137.57112,35.56263],[137.57261,35.55797],[137.57081,35.55407],[137.5748,35.54932],[137.57451,35.54453],[137.58093,35.53893],[137.58793,35.53805],[137.59028,35.53527],[137.59705,35.53455],[137.6025,35.5307],[137.60726,35.53354],[137.61884,35.52533],[137.61943,35.52141],[137.63176,35.50918],[137.64379,35.51095],[137.64401,35.52106],[137.64858,35.52831],[137.65395,35.53219],[137.66229,35.53278],[137.67457,35.53177],[137.67963,35.53595],[137.68434,35.53643],[137.68792,35.55054],[137.69426,35.55409],[137.69431,35.56099],[137.69066,35.56218],[137.69202,35.56928],[137.69835,35.57625],[137.70745,35.57859],[137.71459,35.58382],[137.72045,35.58616],[137.71836,35.59427],[137.71519,35.59906],[137.72422,35.60579],[137.72957,35.61339]]]},"properties":{"pref":"長野県","county":"木曽郡","city":"南木曽町","code5":"20423","code6":"204234"}},
{"type":"Feature","geometry":{"type":"Polygon","coordinates":[[[137.70382,36.01012],[137.70291,36.00445],[137.69776,35.99569],[137.70101,35.98703],[137.69659,35.97901],[137.6962,35.96923],[137.70385,35.96372],[137.70622,35.95801],[137.71228,35.95585],[137.71824,35.94853],[137.71979,35.94219],[137.72765,35.93535],[137.733,35.93376],[137.74151,35.92393],[137.7464,35.9218],[137.75339,35.91539],[137.75529,35.90815],[137.76772,35.90358],[137.77507,35.9073],[137.77788,35.91636],[137.7922,35.92172],[137.79245,35.92422],[137.80138,35.92646],[137.8016,35.93578],[137.79865,35.94308],[137.79877,35.94884],[137.79558,35.95426],[137.79536,35.95991],[137.80058,35.96927],[137.80662,35.9731],[137.80495,35.97989],[137.80747,35.99456],[137.80896,35.99795],[137.80808,36.01579],[137.81132,36.02934],[137.81038,36.03797],[137.81492,36.04796],[137.81528,36.05447],[137.80666,36.05485],[137.80367,36.06561],[137.79807,36.06835],[137.79672,36.07803],[137.78919,36.07845],[137.78194,36.07319],[137.7762,36.07498],[137.77113,36.07932],[137.761,36.08259],[137.75464,36.08655],[137.74711,36.08135],[137.74218,36.07322],[137.73571,36.06956],[137.7366,36.0618],[137.73528,36.05568],[137.73706,36.04784],[137.73145,36.04414],[137.72873,36.03826],[137.7228,36.03414],[137.7198,36.02637],[137.70952,36.01651],[137.70811,36.01238],[137.70382,36.01012]]]},"properties":{"pref":"長野県","county":"木曽郡","city":"木祖村","code5":"20425","code6":"204251"}},
{"type":"Feature","geometry":{"type":"Polygon","coordinates":[[[137.62522,35.79683],[137.60765,35.79471],[137.6057,35.80294],[137.60802,35.81699],[137.61311,35.81789],[137.61762,35.82585],[137.61817,35.8324],[137.61144,35.83924],[137.60757,35.83938],[137.60536,35.83434],[137.60934,35.83025],[137.60223,35.82335],[137.60074,35.81851],[137.59609,35.81398],[137.58829,35.81855],[137.57775,35.83412],[137.57875,35.83868],[137.57336,35.85268],[137.55884,35.85893],[137.54618,35.86146],[137.52466,35.87043],[137.51512,35.87263],[137.50526,35.8723],[137.49968,35.87894],[137.49396,35.87999],[137.49056,35.88428],[137.48287,35.88895],[137.48075,35.89302],[137.47617,35.89402],[137.46515,35.89265],[137.45865,35.88931],[137.44868,35.89289],[137.44142,35.89944],[137.43761,35.90505],[137.42435,35.90319],[137.4194,35.90447],[137.41444,35.90139],[137.39781,35.89568],[137.38082,35.89242],[137.37351,35.88408],[137.36437,35.87887],[137.36717,35.8768],[137.36806,35.87044],[137.36632,35.86527],[137.36759,35.86067],[137.36113,35.84621],[137.35678,35.84273],[137.34832,35.84243],[137.33605,35.84422],[137.33214,35.84068],[137.33033,35.82916],[137.32731,35.82561],[137.3288,35.82176],[137.32499,35.81667],[137.32603,35.81213],[137.33232,35.80933],[137.33628,35.79883],[137.34387,35.79857],[137.35372,35.80134],[137.36029,35.79597],[137.36265,35.79798],[137.38122,35.80129],[137.38582,35.79877],[137.39179,35.79858],[137.39638,35.79084],[137.39642,35.78516],[137.3911,35.78043],[137.39995,35.7754],[137.41109,35.77727],[137.42397,35.77436],[137.43368,35.76778],[137.44018,35.75855],[137.44994,35.75929],[137.45336,35.7622],[137.45957,35.7614],[137.46475,35.75637],[137.46554,35.74377],[137.47084,35.73579],[137.47826,35.73023],[137.47887,35.72676],[137.48521,35.7247],[137.48763,35.71648],[137.50607,35.71425],[137.51193,35.70873],[137.51824,35.71053],[137.53247,35.70882],[137.54272,35.71274],[137.54303,35.71791],[137.55355,35.71906],[137.55263,35.72556],[137.54979,35.73001],[137.54323,35.73021],[137.53871,35.74481],[137.53378,35.75009],[137.53302,35.7537],[137.54044,35.75395],[137.54831,35.75143],[137.55676,35.75335],[137.56486,35.75088],[137.56872,35.75497],[137.5675,35.75906],[137.57247,35.7609],[137.58319,35.7607],[137.58602,35.76638],[137.59526,35.76725],[137.59907,35.77007],[137.59143,35.78076],[137.59038,35.78755],[137.59268,35.79099],[137.5996,35.79426],[137.60883,35.78763],[137.62248,35.79057],[137.62522,35.79683]]]},"properties":{"pref":"長野県","county":"木曽郡","city":"王滝村","code5":"20429","code6":"204293"}},
{"type":"Feature","geometry":{"type":"Polygon","coordinates":[[[137.8013,35.65568],[137.80137,35.66553],[137.8053,35.67429],[137.80311,35.68137],[137.81357,35.69206],[137.81154,35.70168],[137.81669,35.70977],[137.8168,35.71685],[137.81652,35.7196],[137.80802,35.72331],[137.80516,35.72648],[137.80425,35.74248],[137.81278,35.75077],[137.81382,35.75331],[137.80888,35.77951],[137.8003,35.77387],[137.79372,35.76479],[137.78685,35.7605],[137.77473,35.75883],[137.76174,35.74338],[137.75753,35.74354],[137.75201,35.73363],[137.75301,35.72374],[137.74964,35.72245],[137.7435,35.71535],[137.73566,35.71234],[137.72726,35.71736],[137.7189,35.71826],[137.712,35.72226],[137.70653,35.72258],[137.69934,35.72741],[137.69077,35.72742],[137.68901,35.73389],[137.68613,35.73555],[137.68317,35.74376],[137.6759,35.74346],[137.67154,35.74829],[137.66445,35.75037],[137.65382,35.75034],[137.64634,35.74396],[137.64759,35.73995],[137.64285,35.73539],[137.64215,35.73025],[137.64825,35.72809],[137.65088,35.72462],[137.64455,35.71284],[137.63348,35.70973],[137.62298,35.71009],[137.61871,35.70735],[137.60851,35.70586],[137.60084,35.70601],[137.59329,35.71018],[137.59553,35.71609],[137.59008,35.71634],[137.58716,35.72306],[137.59055,35.7299],[137.58755,35.73503],[137.57495,35.73829],[137.56517,35.73038],[137.5569,35.72596],[137.55263,35.72556],[137.55355,35.71906],[137.54303,35.71791],[137.54272,35.71274],[137.53247,35.70882],[137.51824,35.71053],[137.51193,35.70873],[137.50607,35.71425],[137.48763,35.71648],[137.48604,35.7055],[137.49868,35.69622],[137.4972,35.68848],[137.50199,35.68483],[137.50943,35.68238],[137.52225,35.68873],[137.53023,35.68847],[137.535,35.69064],[137.54655,35.68906],[137.55411,35.68693],[137.56562,35.67758],[137.57767,35.67822],[137.58667,35.67728],[137.60159,35.66973],[137.60754,35.66764],[137.60853,35.65959],[137.61301,35.65524],[137.62557,35.65066],[137.63038,35.64514],[137.63524,35.64449],[137.63811,35.64815],[137.64906,35.648],[137.65266,35.65224],[137.66141,35.65854],[137.66824,35.65974],[137.67841,35.65169],[137.67934,35.64839],[137.68767,35.6482],[137.69155,35.64478],[137.69383,35.63671],[137.69973,35.63469],[137.70093,35.62997],[137.71596,35.62537],[137.7267,35.6205],[137.72957,35.61339],[137.73746,35.61295],[137.74227,35.61583],[137.75344,35.61982],[137.76008,35.62763],[137.77741,35.63167],[137.78204,35.63748],[137.78603,35.63883],[137.7974,35.65315],[137.8013,35.65568]]]},"properties":{"pref":"長野県","county":"木曽郡","city":"大桑村","code5":"20430","code6":"204307"}},
{"type":"Feature","geometry":{"type":"Polygon","coordinates":[[[137.59949,36.02594],[137.59584,36.01921],[137.59396,36.01185],[137.5903,36.00654],[137.58082,36.00136],[137.5747,35.99569],[137.56911,35.99569],[137.56223,35.99008],[137.55016,35.98689],[137.54346,35.98287],[137.54427,35.97238],[137.53986,35.96561],[137.53256,35.96162],[137.52426,35.94496],[137.51888,35.93973],[137.50557,35.94062],[137.50188,35.93761],[137.49775,35.92882],[137.49242,35.92533],[137.48933,35.91982],[137.48343,35.91379],[137.48446,35.90863],[137.4811,35.90575],[137.48193,35.90053],[137.47617,35.89402],[137.48075,35.89302],[137.48287,35.88895],[137.49056,35.88428],[137.49396,35.87999],[137.49968,35.87894],[137.50526,35.8723],[137.51512,35.87263],[137.52466,35.87043],[137.54618,35.86146],[137.55884,35.85893],[137.57336,35.85268],[137.57875,35.83868],[137.57775,35.83412],[137.58829,35.81855],[137.59609,35.81398],[137.60074,35.81851],[137.60223,35.82335],[137.60934,35.83025],[137.60536,35.83434],[137.60757,35.83938],[137.61144,35.83924],[137.61817,35.8324],[137.61762,35.82585],[137.61311,35.81789],[137.60802,35.81699],[137.6057,35.80294],[137.60765,35.79471],[137.62522,35.79683],[137.63838,35.79338],[137.65053,35.79548],[137.65781,35.78971],[137.66266,35.79193],[137.6698,35.79224],[137.67039,35.79797],[137.68479,35.81199],[137.68999,35.8121],[137.69662,35.8162],[137.69692,35.8201],[137.714,35.82205],[137.72101,35.82053],[137.72597,35.82306],[137.73293,35.82257],[137.73625,35.8183],[137.74518,35.81874],[137.75031,35.81264],[137.76096,35.81312],[137.77032,35.81205],[137.77922,35.80477],[137.78611,35.79619],[137.79686,35.78904],[137.80465,35.78954],[137.80971,35.79134],[137.81335,35.79553],[137.82537,35.80103],[137.82829,35.80618],[137.8241,35.81312],[137.8214,35.81487],[137.81622,35.82874],[137.80865,35.83109],[137.80775,35.83745],[137.81014,35.84808],[137.8044,35.85039],[137.8064,35.86242],[137.80652,35.86958],[137.81349,35.87444],[137.81613,35.87856],[137.81333,35.88196],[137.81458,35.88758],[137.80996,35.89488],[137.80469,35.89868],[137.80657,35.90341],[137.80436,35.9063],[137.80672,35.91451],[137.80118,35.92191],[137.80138,35.92646],[137.79245,35.92422],[137.7922,35.92172],[137.77788,35.91636],[137.77507,35.9073],[137.76772,35.90358],[137.75529,35.90815],[137.75339,35.91539],[137.7464,35.9218],[137.74151,35.92393],[137.733,35.93376],[137.72765,35.93535],[137.71979,35.94219],[137.71824,35.94853],[137.71228,35.95585],[137.70622,35.95801],[137.70385,35.96372],[137.6962,35.96923],[137.69659,35.97901],[137.70101,35.98703],[137.69776,35.99569],[137.70291,36.00445],[137.70382,36.01012],[137.6976,36.01088],[137.69555,36.01457],[137.68941,36.01447],[137.68155,36.01678],[137.66822,36.01045],[137.65721,36.01342],[137.65383,36.01903],[137.64691,36.02041],[137.63314,36.02677],[137.62164,36.02194],[137.61903,36.01924],[137.61294,36.01842],[137.60719,36.02535],[137.59949,36.02594]]]},"properties":{"pref":"長野県","county":"木曽郡","city":"木曽町","code5":"20432","code6":"204323"}},
{"type":"Feature","geometry":{"type":"Polygon","coordinates":[[[137.97712,36.4607],[137.98935,36.46042],[137.99389,36.46181],[137.99879,36.46778],[138.00457,36.46596],[138.00335,36.45886],[138.00979,36.4522],[138.01073,36.44318],[138.00718,36.44037],[138.01166,36.43651],[138.02038,36.43647],[138.02973,36.43365],[138.03588,36.42885],[138.04225,36.42929],[138.0463,36.42405],[138.05362,36.41991],[138.05647,36.43252],[138.05092,36.4372],[138.04986,36.44572],[138.05327,36.45017],[138.05369,36.45499],[138.06112,36.45605],[138.0679,36.46362],[138.07891,36.47172],[138.08466,36.47472],[138.08704,36.47775],[138.0758,36.48048],[138.07312,36.49004],[138.06017,36.49067],[138.05161,36.49227],[138.04647,36.49489],[138.03912,36.48778],[138.03337,36.48491],[138.02125,36.48408],[138.00933,36.47916],[138.00554,36.48009],[137.99537,36.47214],[137.98437,36.46679],[137.97712,36.4607]]]},"properties":{"pref":"長野県","county":"東筑摩郡","city":"麻績村","code5":"20446","code6":"204463"}},
{"type":"Feature","geometry":{"type":"Polygon","coordinates":[[[137.95322,36.48498],[137.94693,36.48938],[137.93702,36.48633],[137.93917,36.48103],[137.93495,36.47585],[137.92634,36.47116],[137.93032,36.46694],[137.93705,36.46542],[137.93295,36.46076],[137.92889,36.45022],[137.92223,36.44992],[137.92154,36.44621],[137.9137,36.44102],[137.90533,36.43936],[137.91001,36.43185],[137.91605,36.42916],[137.91938,36.42517],[137.91334,36.42298],[137.92466,36.41152],[137.92237,36.4058],[137.9288,36.40291],[137.9294,36.3984],[137.9263,36.39192],[137.93316,36.38162],[137.9353,36.38515],[137.943,36.38655],[137.94999,36.38411],[137.95457,36.38878],[137.9573,36.39481],[137.96304,36.39986],[137.9727,36.40447],[137.96909,36.40666],[137.96907,36.41636],[137.96062,36.42163],[137.96777,36.4413],[137.9644,36.4476],[137.96698,36.45237],[137.97308,36.45178],[137.97712,36.4607],[137.96842,36.46136],[137.95935,36.46792],[137.95648,36.47547],[137.951,36.47972],[137.95322,36.48498]]]},"properties":{"pref":"長野県","county":"東筑摩郡","city":"生坂村","code5":"20448","code6":"204480"}},
{"type":"Feature","geometry":{"type":"Polygon","coordinates":[[[137.81081,36.14528],[137.81769,36.1435],[137.82272,36.14541],[137.82756,36.14213],[137.83202,36.1354],[137.84232,36.13781],[137.84736,36.13422],[137.85284,36.13942],[137.85986,36.13879],[137.86218,36.14268],[137.87704,36.14908],[137.88462,36.14654],[137.88727,36.1493],[137.8937,36.16267],[137.89548,36.1707],[137.90106,36.1746],[137.89881,36.17858],[137.89761,36.18807],[137.89041,36.19038],[137.87504,36.18663],[137.86425,36.18057],[137.85849,36.17898],[137.84615,36.17042],[137.83985,36.16121],[137.82999,36.15958],[137.82367,36.15453],[137.81445,36.15077],[137.81081,36.14528]]]},"properties":{"pref":"長野県","county":"東筑摩郡","city":"山形村","code5":"20450","code6":"204501"}},
{"type":"Feature","geometry":{"type":"Polygon","coordinates":[[[137.88462,36.14654],[137.87704,36.14908],[137.86218,36.14268],[137.85986,36.13879],[137.85284,36.13942],[137.84736,36.13422],[137.84232,36.13781],[137.83202,36.1354],[137.82756,36.14213],[137.82272,36.14541],[137.81769,36.1435],[137.81081,36.14528],[137.80795,36.14118],[137.80064,36.13679],[137.79436,36.12968],[137.79111,36.12205],[137.78749,36.11838],[137.78554,36.11098],[137.78013,36.10478],[137.77799,36.09943],[137.77055,36.09513],[137.76351,36.08819],[137.75464,36.08655],[137.761,36.08259],[137.77113,36.07932],[137.7762,36.07498],[137.78194,36.07319],[137.78919,36.07845],[137.79672,36.07803],[137.79807,36.06835],[137.80367,36.06561],[137.80666,36.05485],[137.81528,36.05447],[137.82183,36.05686],[137.82706,36.05504],[137.83474,36.0622],[137.83909,36.06454],[137.84089,36.0723],[137.84596,36.0772],[137.85193,36.07636],[137.8587,36.08848],[137.86415,36.0922],[137.87077,36.09363],[137.87222,36.09972],[137.8768,36.10516],[137.88123,36.10722],[137.89078,36.11655],[137.89139,36.12036],[137.89905,36.12071],[137.90038,36.12363],[137.89387,36.13073],[137.88591,36.1343],[137.89227,36.14051],[137.88462,36.14654]]]},"properties":{"pref":"長野県","county":"東筑摩郡","city":"朝日村","code5":"20451","code6":"204510"}},
{"type":"Feature","geometry":{"type":"Polygon","coordinates":[[[138.0792,36.37211],[138.07289,36.37863],[138.07244,36.38516],[138.06892,36.38752],[138.06354,36.39852],[138.06572,36.40219],[138.07167,36.40465],[138.08098,36.40447],[138.0835,36.40681],[138.09671,36.40718],[138.11256,36.39953],[138.11546,36.40376],[138.11321,36.40785],[138.11331,36.41367],[138.11727,36.42123],[138.1143,36.43414],[138.12161,36.43683],[138.11811,36.44375],[138.11795,36.44902],[138.11162,36.45673],[138.10604,36.4592],[138.10598,36.46866],[138.10214,36.46808],[138.09338,36.47348],[138.08466,36.47472],[138.07891,36.47172],[138.0679,36.46362],[138.06112,36.45605],[138.05369,36.45499],[138.05327,36.45017],[138.04986,36.44572],[138.05092,36.4372],[138.05647,36.43252],[138.05362,36.41991],[138.0463,36.42405],[138.04225,36.42929],[138.03588,36.42885],[138.02973,36.43365],[138.02038,36.43647],[138.01166,36.43651],[138.00718,36.44037],[138.01073,36.44318],[138.00979,36.4522],[138.00335,36.45886],[138.00457,36.46596],[137.99879,36.46778],[137.99389,36.46181],[137.98935,36.46042],[137.97712,36.4607],[137.97308,36.45178],[137.96698,36.45237],[137.9644,36.4476],[137.96777,36.4413],[137.96062,36.42163],[137.96907,36.41636],[137.96909,36.40666],[137.9727,36.40447],[137.9743,36.39876],[137.97938,36.39572],[137.98458,36.3883],[137.99036,36.3874],[137.9915,36.37674],[137.99655,36.37676],[137.99898,36.37123],[138.01423,36.3725],[138.01998,36.37574],[138.02632,36.37468],[138.03218,36.37709],[138.04768,36.37679],[138.05167,36.37944],[138.06194,36.3752],[138.06918,36.3742],[138.07189,36.37065],[138.0792,36.37211]]]},"properties":{"pref":"長野県","county":"東筑摩郡","city":"筑北村","code5":"20452","code6":"204528"}},
{"type":"Feature","geometry":{"type":"Polygon","coordinates":[[[137.8693,36.44092],[137.87318,36.42707],[137.8706,36.42238],[137.87386,36.40602],[137.87538,36.39181],[137.87239,36.37921],[137.87633,36.37769],[137.88809,36.364],[137.90826,36.37132],[137.90454,36.38066],[137.90532,36.38408],[137.9015,36.38996],[137.9073,36.3944],[137.91236,36.38939],[137.9156,36.39257],[137.9096,36.40102],[137.91284,36.40689],[137.92466,36.41152],[137.91334,36.42298],[137.91938,36.42517],[137.91605,36.42916],[137.91001,36.43185],[137.90533,36.43936],[137.9137,36.44102],[137.92154,36.44621],[137.92223,36.44992],[137.92889,36.45022],[137.93295,36.46076],[137.93705,36.46542],[137.93032,36.46694],[137.92634,36.47116],[137.92071,36.46942],[137.91771,36.47383],[137.91177,36.47538],[137.90518,36.4745],[137.898,36.47573],[137.8941,36.47335],[137.88714,36.47432],[137.88904,36.46063],[137.89176,36.45713],[137.89321,36.44858],[137.88353,36.44566],[137.87661,36.439],[137.87476,36.44249],[137.8693,36.44092]]]},"properties":{"pref":"長野県","county":"北安曇郡","city":"池田町","code5":"20481","code6":"204811"}},
{"type":"Feature","geometry":{"type":"Polygon","coordinates":[[[137.75388,36.41071],[137.75276,36.40701],[137.75518,36.40169],[137.76227,36.3956],[137.77046,36.39182],[137.77543,36.39723],[137.78508,36.39656],[137.79068,36.3921],[137.79962,36.39477],[137.80704,36.39331],[137.81022,36.39487],[137.81591,36.39185],[137.82531,36.39116],[137.82819,36.38321],[137.83617,36.38321],[137.85343,36.39379],[137.8569,36.3927],[137.87011,36.38327],[137.87239,36.37921],[137.87538,36.39181],[137.87386,36.40602],[137.8706,36.42238],[137.87318,36.42707],[137.8693,36.44092],[137.85646,36.43718],[137.84874,36.44043],[137.84412,36.44586],[137.83077,36.44571],[137.81977,36.44157],[137.81655,36.44653],[137.81645,36.45192],[137.80425,36.44731],[137.80226,36.44263],[137.80848,36.43851],[137.8072,36.42372],[137.80356,36.4199],[137.79292,36.42127],[137.78745,36.41666],[137.7801,36.41448],[137.77043,36.41583],[137.76689,36.41181],[137.75982,36.41251],[137.75388,36.41071]]]},"properties":{"pref":"長野県","county":"北安曇郡","city":"松川村","code5":"20482","code6":"204820"}},
{"type":"Feature","geometry":{"type":"Polygon","coordinates":[[[137.76244,36.76616],[137.75413,36.75403],[137.75177,36.75111],[137.75929,36.74061],[137.75097,36.72689],[137.7527,36.71933],[137.75006,36.70498],[137.75114,36.70054],[137.75528,36.69846],[137.75661,36.69413],[137.75422,36.68746],[137.75974,36.68593],[137.75847,36.67615],[137.76174,36.66697],[137.7606,36.66459],[137.76594,36.66265],[137.76949,36.65728],[137.78078,36.65571],[137.78706,36.65278],[137.79919,36.6494],[137.80425,36.64625],[137.80387,36.64215],[137.80929,36.63806],[137.81735,36.63547],[137.8209,36.63153],[137.81955,36.6246],[137.82394,36.62355],[137.82175,36.61796],[137.82323,36.6141],[137.83401,36.61422],[137.83652,36.62185],[137.85813,36.62185],[137.86786,36.6203],[137.86613,36.62842],[137.86837,36.63309],[137.87487,36.63492],[137.88276,36.63932],[137.88976,36.64103],[137.89622,36.64025],[137.89729,36.64489],[137.90944,36.64902],[137.90525,36.66022],[137.91011,36.66158],[137.91745,36.68192],[137.91513,36.68458],[137.915,36.69386],[137.91863,36.69429],[137.92343,36.70007],[137.93047,36.71788],[137.92718,36.72292],[137.93375,36.7254],[137.94154,36.73607],[137.93341,36.73581],[137.929,36.73846],[137.91832,36.73674],[137.9058,36.73872],[137.9017,36.73502],[137.88632,36.7306],[137.88308,36.73665],[137.87671,36.73693],[137.87128,36.74074],[137.86163,36.74308],[137.85627,36.75084],[137.84403,36.75125],[137.84858,36.74428],[137.82377,36.75411],[137.81923,36.75937],[137.76485,36.76769],[137.76244,36.76616]]]},"properties":{"pref":"長野県","county":"北安曇郡","city":"白馬村","code5":"20485","code6":"204854"}},
{"type":"Feature","geometry":{"type":"Polygon","coordinates":[[[137.76485,36.76769],[137.81923,36.75937],[137.82377,36.75411],[137.84858,36.74428],[137.84403,36.75125],[137.85627,36.75084],[137.86163,36.74308],[137.87128,36.74074],[137.87671,36.73693],[137.88308,36.73665],[137.88632,36.7306],[137.9017,36.73502],[137.9058,36.73872],[137.91832,36.73674],[137.929,36.73846],[137.93341,36.73581],[137.94154,36.73607],[137.94487,36.74139],[137.95331,36.74848],[137.95289,36.75548],[137.96101,36.76316],[137.9647,36.77042],[137.96793,36.77103],[137.96768,36.78104],[137.97465,36.78548],[137.97699,36.7951],[137.98073,36.80167],[137.98918,36.81152],[137.9969,36.81678],[138.00346,36.82641],[138.0142,36.83871],[138.02007,36.84222],[138.01888,36.85044],[138.01583,36.85239],[138.01659,36.8604],[138.02096,36.86349],[138.02641,36.87353],[138.03162,36.87814],[138.03285,36.88619],[138.03106,36.89136],[138.02174,36.89052],[138.01558,36.89321],[138.0157,36.9014],[138.01374,36.90402],[138.00286,36.90501],[137.99157,36.91069],[137.97645,36.90829],[137.96958,36.91081],[137.96597,36.90457],[137.96235,36.90211],[137.95321,36.90501],[137.94737,36.91303],[137.93212,36.91427],[137.92512,36.91859],[137.91974,36.91987],[137.91098,36.91786],[137.90276,36.91427],[137.90072,36.91159],[137.89326,36.90996],[137.87861,36.91271],[137.87465,36.91585],[137.86814,36.9159],[137.86347,36.91289],[137.86262,36.90695],[137.87143,36.9027],[137.8686,36.89742],[137.86502,36.89624],[137.86167,36.89078],[137.86626,36.88722],[137.8683,36.87779],[137.87785,36.87319],[137.8734,36.86358],[137.86818,36.86273],[137.85592,36.8495],[137.85686,36.84383],[137.85137,36.83784],[137.84522,36.83462],[137.84374,36.82968],[137.84018,36.82769],[137.83105,36.81781],[137.83257,36.81151],[137.83098,36.80801],[137.82278,36.80598],[137.81998,36.79822],[137.79943,36.78839],[137.79328,36.78666],[137.7915,36.7792],[137.78194,36.77298],[137.77573,36.77364],[137.76742,36.77052],[137.76485,36.76769]]]},"properties":{"pref":"長野県","county":"北安曇郡","city":"小谷村","code5":"20486","code6":"204862"}},
{"type":"Feature","geometry":{"type":"Polygon","coordinates":[[[138.20177,36.50098],[138.19977,36.49476],[138.18652,36.48802],[138.1762,36.48555],[138.17574,36.47642],[138.17316,36.47349],[138.16112,36.47339],[138.15699,36.47005],[138.16929,36.46437],[138.16474,36.45438],[138.16074,36.45606],[138.14395,36.44917],[138.13519,36.4467],[138.12862,36.43821],[138.13259,36.43492],[138.13986,36.43402],[138.14306,36.4294],[138.15239,36.4262],[138.16585,36.41674],[138.18061,36.42105],[138.1941,36.42234],[138.20535,36.42579],[138.21106,36.42609],[138.21615,36.4294],[138.22362,36.42945],[138.22955,36.43169],[138.24869,36.43331],[138.24978,36.44414],[138.24236,36.45248],[138.24138,36.45702],[138.22869,36.46466],[138.22879,36.47374],[138.23064,36.47962],[138.22169,36.48304],[138.21956,36.49049],[138.20177,36.50098]]]},"properties":{"pref":"長野県","county":"埴科郡","city":"坂城町","code5":"20521","code6":"205214"}},
{"type":"Feature","geometry":{"type":"Polygon","coordinates":[[[138.28328,36.68767],[138.29049,36.68639],[138.30985,36.68818],[138.31626,36.6881],[138.33149,36.68218],[138.34139,36.68637],[138.34077,36.69185],[138.34826,36.69671],[138.34063,36.70742],[138.34374,36.71564],[138.33741,36.71916],[138.33127,36.72494],[138.32372,36.72217],[138.31824,36.72461],[138.31097,36.72089],[138.3015,36.71521],[138.28997,36.71478],[138.29028,36.70804],[138.28327,36.70308],[138.28512,36.69756],[138.28328,36.68767]]]},"properties":{"pref":"長野県","county":"上高井郡","city":"小布施町","code5":"20541","code6":"205419"}},
{"type":"Feature","geometry":{"type":"Polygon","coordinates":[[[138.53434,36.66627],[138.52491,36.6661],[138.52052,36.66899],[138.5138,36.66757],[138.50488,36.67066],[138.49949,36.67544],[138.49252,36.67688],[138.48567,36.6764],[138.47187,36.67734],[138.47167,36.68296],[138.46874,36.68628],[138.45315,36.69001],[138.44789,36.68996],[138.42854,36.69579],[138.42458,36.69822],[138.41684,36.69649],[138.4057,36.69909],[138.39502,36.69604],[138.37594,36.70018],[138.36822,36.70421],[138.36138,36.70113],[138.35563,36.69505],[138.34826,36.69671],[138.34077,36.69185],[138.34139,36.68637],[138.33149,36.68218],[138.3337,36.67826],[138.3385,36.6618],[138.34306,36.65779],[138.34635,36.64815],[138.35498,36.64789],[138.3608,36.64542],[138.37025,36.6442],[138.3735,36.64702],[138.3819,36.64671],[138.38786,36.64406],[138.39409,36.63312],[138.40243,36.63167],[138.41112,36.62821],[138.4133,36.62402],[138.42303,36.61899],[138.43004,36.61781],[138.43517,36.61222],[138.44158,36.61067],[138.45034,36.61068],[138.45497,36.61385],[138.45622,36.619],[138.46058,36.62647],[138.45841,36.62891],[138.45906,36.63484],[138.46609,36.63682],[138.4731,36.64405],[138.4811,36.64525],[138.49008,36.6412],[138.50162,36.64444],[138.5081,36.64827],[138.52511,36.65126],[138.52944,36.65529],[138.53434,36.66627]]]},"properties":{"pref":"長野県","county":"上高井郡","city":"高山村","code5":"20543","code6":"205435"}},
{"type":"Feature","geometry":{"type":"Polygon","coordinates":[[[138.64208,36.72378],[138.63678,36.74447],[138.62995,36.74807],[138.62654,36.75435],[138.62861,36.76075],[138.62746,36.77066],[138.63191,36.77879],[138.63125,36.78336],[138.63468,36.78641],[138.63261,36.79258],[138.6246,36.79767],[138.61943,36.80952],[138.61607,36.80843],[138.60857,36.81311],[138.59535,36.8128],[138.58806,36.81035],[138.57561,36.80995],[138.56407,36.81573],[138.56444,36.81847],[138.55472,36.81942],[138.54954,36.82389],[138.54151,36.82415],[138.53356,36.81596],[138.52907,36.80219],[138.51916,36.80565],[138.5141,36.80418],[138.51051,36.80015],[138.4981,36.79797],[138.49334,36.79344],[138.4903,36.79543],[138.48881,36.80224],[138.48608,36.80537],[138.47261,36.80581],[138.46765,36.80807],[138.44408,36.81299],[138.43241,36.82012],[138.42602,36.81131],[138.4196,36.80793],[138.41763,36.80264],[138.41063,36.79939],[138.4038,36.79925],[138.40641,36.79534],[138.40482,36.7906],[138.39576,36.78293],[138.39256,36.77691],[138.38706,36.77353],[138.39767,36.76167],[138.39334,36.75074],[138.38772,36.74852],[138.3888,36.74017],[138.39421,36.73547],[138.39444,36.72516],[138.39209,36.7208],[138.39486,36.71716],[138.39961,36.70543],[138.4057,36.69909],[138.41684,36.69649],[138.42458,36.69822],[138.42854,36.69579],[138.44789,36.68996],[138.45315,36.69001],[138.46874,36.68628],[138.47167,36.68296],[138.47187,36.67734],[138.48567,36.6764],[138.49252,36.67688],[138.49949,36.67544],[138.50488,36.67066],[138.5138,36.66757],[138.52052,36.66899],[138.52491,36.6661],[138.53434,36.66627],[138.52725,36.6688],[138.51792,36.677],[138.52002,36.69232],[138.53083,36.69766],[138.53744,36.69887],[138.54364,36.70383],[138.553,36.70457],[138.56042,36.70694],[138.57132,36.70555],[138.5749,36.70712],[138.58327,36.70131],[138.59434,36.7138],[138.60268,36.71224],[138.60593,36.70759],[138.61114,36.70658],[138.61729,36.71166],[138.62177,36.72021],[138.63009,36.71954],[138.64208,36.72378]]]},"properties":{"pref":"長野県","county":"下高井郡","city":"山ノ内町","code5":"20561","code6":"205613"}},
{"type":"Feature","geometry":{"type":"Polygon","coordinates":[[[138.4038,36.79925],[138.41063,36.79939],[138.41763,36.80264],[138.4196,36.80793],[138.42602,36.81131],[138.43241,36.82012],[138.44408,36.81299],[138.46765,36.80807],[138.47261,36.80581],[138.48608,36.80537],[138.48881,36.80224],[138.4903,36.79543],[138.49334,36.79344],[138.4981,36.79797],[138.51051,36.80015],[138.5141,36.80418],[138.51916,36.80565],[138.52907,36.80219],[138.53356,36.81596],[138.54151,36.82415],[138.54954,36.82389],[138.55057,36.82652],[138.54135,36.83648],[138.55668,36.85191],[138.55103,36.85746],[138.54216,36.85418],[138.53476,36.85743],[138.52448,36.85888],[138.51012,36.85382],[138.49605,36.85691],[138.50002,36.86271],[138.49897,36.86939],[138.50135,36.87614],[138.4989,36.88327],[138.49394,36.88571],[138.49402,36.89266],[138.48721,36.89488],[138.48206,36.8917],[138.47135,36.88191],[138.46185,36.88268],[138.44643,36.87508],[138.43899,36.87634],[138.42243,36.87197],[138.41234,36.8731],[138.40663,36.87544],[138.4059,36.87932],[138.39911,36.87989],[138.39665,36.87219],[138.40227,36.87001],[138.39631,36.85274],[138.39184,36.85525],[138.38503,36.85386],[138.38417,36.8508],[138.39707,36.84037],[138.3907,36.83825],[138.3885,36.83211],[138.38439,36.82751],[138.3976,36.82725],[138.3952,36.81029],[138.39689,36.80232],[138.4038,36.79925]]]},"properties":{"pref":"長野県","county":"下高井郡","city":"木島平村","code5":"20562","code6":"205621"}},
{"type":"Feature","geometry":{"type":"Polygon","coordinates":[[[138.46185,36.88268],[138.47135,36.88191],[138.48206,36.8917],[138.48721,36.89488],[138.49402,36.89266],[138.49394,36.88571],[138.50083,36.88944],[138.5023,36.89312],[138.50978,36.90093],[138.51406,36.90861],[138.497,36.92475],[138.49383,36.92566],[138.48295,36.92445],[138.48083,36.9293],[138.48259,36.93832],[138.49192,36.94879],[138.49158,36.95255],[138.49914,36.96463],[138.50953,36.96867],[138.51693,36.97458],[138.52165,36.98292],[138.51751,36.98482],[138.4988,36.97803],[138.49381,36.97998],[138.48499,36.97705],[138.4621,36.97673],[138.45558,36.96964],[138.442,36.95916],[138.43168,36.95545],[138.43424,36.94842],[138.42972,36.94454],[138.4221,36.94595],[138.4208,36.93923],[138.4221,36.93436],[138.41839,36.93102],[138.41887,36.91908],[138.42583,36.92172],[138.42886,36.90867],[138.43718,36.90665],[138.44092,36.89729],[138.4589,36.88575],[138.46185,36.88268]]]},"properties":{"pref":"長野県","county":"下高井郡","city":"野沢温泉村","code5":"20563","code6":"205630"}},
{"type":"Feature","geometry":{"type":"Polygon","coordinates":[[[138.08916,36.83573],[138.08892,36.83022],[138.09223,36.82622],[138.09668,36.82548],[138.09649,36.82094],[138.10043,36.81629],[138.10165,36.80959],[138.09924,36.80311],[138.09529,36.80091],[138.09749,36.79463],[138.09624,36.78584],[138.09849,36.77965],[138.12488,36.78325],[138.12012,36.77432],[138.12248,36.76226],[138.12946,36.75307],[138.14012,36.74753],[138.16025,36.74779],[138.16546,36.74873],[138.17229,36.74716],[138.18557,36.75479],[138.195,36.75396],[138.19977,36.76004],[138.21225,36.7591],[138.21312,36.76687],[138.21584,36.77148],[138.22347,36.77887],[138.23073,36.77878],[138.23241,36.78231],[138.24271,36.7854],[138.25157,36.79029],[138.25141,36.79798],[138.25886,36.80574],[138.26446,36.80475],[138.27301,36.80915],[138.27426,36.81382],[138.27963,36.81771],[138.27273,36.82082],[138.26221,36.82192],[138.27252,36.83111],[138.27574,36.83673],[138.2749,36.84085],[138.27053,36.84424],[138.27172,36.85505],[138.26836,36.86046],[138.25802,36.86398],[138.25488,36.86994],[138.24931,36.86533],[138.24237,36.86403],[138.22937,36.86418],[138.2169,36.86652],[138.21303,36.8683],[138.20641,36.86299],[138.20574,36.85912],[138.19559,36.85367],[138.17783,36.85181],[138.17665,36.84842],[138.16902,36.84507],[138.16282,36.8443],[138.15027,36.84647],[138.14774,36.84922],[138.14151,36.84717],[138.13184,36.85067],[138.12533,36.84806],[138.11505,36.85039],[138.10635,36.84378],[138.09929,36.84351],[138.08916,36.83573]]]},"properties":{"pref":"長野県","county":"上水内郡","city":"信濃町","code5":"20583","code6":"205834"}},
{"type":"Feature","geometry":{"type":"Polygon","coordinates":[[[137.91011,36.66158],[137.90525,36.66022],[137.90944,36.64902],[137.91387,36.64028],[137.91878,36.63456],[137.91366,36.62392],[137.9144,36.61865],[137.92807,36.60649],[137.92753,36.6],[137.94177,36.59478],[137.9525,36.59497],[137.96297,36.60383],[137.9744,36.6008],[137.9808,36.60141],[137.98599,36.59657],[137.99338,36.59976],[137.99919,36.59795],[138.00225,36.6005],[138.00003,36.60593],[138.00329,36.61371],[137.99838,36.62279],[138.00222,36.6334],[138.00047,36.63887],[138.01075,36.65462],[138.00422,36.66023],[137.98152,36.66643],[137.97499,36.67262],[137.96976,36.66786],[137.95937,36.67247],[137.95539,36.669],[137.9448,36.6721],[137.93635,36.66958],[137.93551,36.66559],[137.9251,36.65845],[137.92037,36.65701],[137.91011,36.66158]]]},"properties":{"pref":"長野県","county":"上水内郡","city":"小川村","code5":"20588","code6":"205885"}},
{"type":"Feature","geometry":{"type":"Polygon","coordinates":[[[138.29411,36.74587],[138.2978,36.75029],[138.29394,36.75308],[138.30067,36.75671],[138.30044,36.76063],[138.30426,36.76408],[138.30077,36.76827],[138.30007,36.77353],[138.30297,36.78157],[138.2996,36.78796],[138.29371,36.79021],[138.28624,36.78941],[138.27998,36.7924],[138.28078,36.80473],[138.27396,36.80959],[138.27567,36.81375],[138.28123,36.81679],[138.28148,36.82107],[138.27619,36.82828],[138.27574,36.83673],[138.27252,36.83111],[138.26221,36.82192],[138.27273,36.82082],[138.27963,36.81771],[138.27426,36.81382],[138.27301,36.80915],[138.26446,36.80475],[138.25886,36.80574],[138.25141,36.79798],[138.25157,36.79029],[138.24271,36.7854],[138.23241,36.78231],[138.23073,36.77878],[138.22347,36.77887],[138.21584,36.77148],[138.21312,36.76687],[138.21225,36.7591],[138.19977,36.76004],[138.195,36.75396],[138.18557,36.75479],[138.17229,36.74716],[138.16546,36.74873],[138.16025,36.74779],[138.14012,36.74753],[138.13385,36.74081],[138.14049,36.73965],[138.17323,36.72808],[138.17881,36.72151],[138.18824,36.71794],[138.19465,36.71271],[138.19864,36.71285],[138.20847,36.70934],[138.21567,36.70903],[138.23142,36.72095],[138.23893,36.71912],[138.25152,36.71917],[138.2513,36.72318],[138.26078,36.72771],[138.26452,36.73678],[138.26234,36.74247],[138.26815,36.74592],[138.27017,36.74193],[138.28049,36.74163],[138.2821,36.74386],[138.29081,36.74684],[138.29411,36.74587]]]},"properties":{"pref":"長野県","county":"上水内郡","city":"飯綱町","code5":"20590","code6":"205907"}},
{"type":"Feature","geometry":{"type":"Polygon","coordinates":[[[138.69593,36.73851],[138.69195,36.74612],[138.69153,36.75858],[138.688,36.76585],[138.68001,36.76644],[138.66954,36.77366],[138.669,36.77908],[138.67171,36.78359],[138.68421,36.78792],[138.68945,36.79357],[138.68915,36.79844],[138.69579,36.80906],[138.68998,36.81289],[138.68718,36.81805],[138.68028,36.82015],[138.68067,36.82416],[138.69001,36.83235],[138.69165,36.84147],[138.69035,36.84566],[138.69356,36.85243],[138.68845,36.86063],[138.6765,36.86725],[138.66671,36.86661],[138.65736,36.86805],[138.65097,36.87442],[138.64181,36.87565],[138.64091,36.87858],[138.62342,36.88466],[138.61781,36.89188],[138.61774,36.89721],[138.62101,36.90408],[138.61287,36.90855],[138.59619,36.90711],[138.58929,36.91545],[138.59201,36.92541],[138.58716,36.92613],[138.58452,36.93189],[138.58656,36.95403],[138.58551,36.95741],[138.58817,36.97694],[138.5863,36.98689],[138.58124,36.9929],[138.57566,36.99662],[138.57324,37.00454],[138.57099,37.0054],[138.5698,37.01546],[138.56589,37.02126],[138.55254,37.02362],[138.54851,37.02119],[138.53651,37.02093],[138.52876,37.02477],[138.52467,37.03038],[138.51986,37.02783],[138.52071,37.02329],[138.51842,37.01738],[138.51131,37.00694],[138.50458,37.0043],[138.49597,36.99846],[138.49129,36.98706],[138.49381,36.97998],[138.4988,36.97803],[138.51751,36.98482],[138.52165,36.98292],[138.51693,36.97458],[138.50953,36.96867],[138.49914,36.96463],[138.49158,36.95255],[138.49192,36.94879],[138.48259,36.93832],[138.48083,36.9293],[138.48295,36.92445],[138.49383,36.92566],[138.497,36.92475],[138.51406,36.90861],[138.50978,36.90093],[138.5023,36.89312],[138.50083,36.88944],[138.49394,36.88571],[138.4989,36.88327],[138.50135,36.87614],[138.49897,36.86939],[138.50002,36.86271],[138.49605,36.85691],[138.51012,36.85382],[138.52448,36.85888],[138.53476,36.85743],[138.54216,36.85418],[138.55103,36.85746],[138.55668,36.85191],[138.54135,36.83648],[138.55057,36.82652],[138.54954,36.82389],[138.55472,36.81942],[138.56444,36.81847],[138.56407,36.81573],[138.57561,36.80995],[138.58806,36.81035],[138.59535,36.8128],[138.60857,36.81311],[138.61607,36.80843],[138.61943,36.80952],[138.6246,36.79767],[138.63261,36.79258],[138.63468,36.78641],[138.63125,36.78336],[138.63191,36.77879],[138.62746,36.77066],[138.62861,36.76075],[138.62654,36.75435],[138.62995,36.74807],[138.63678,36.74447],[138.64208,36.72378],[138.64893,36.72712],[138.6753,36.73094],[138.68216,36.735],[138.69593,36.73851]]]},"properties":{"pref":"長野県","county":"下水内郡","city":"栄村","code5":"20602","code6":"206024"}}
]}