{"type":"FeatureCollection", "features": [
{"type":"Feature","geometry":{"type":"MultiPolygon","coordinates":[[[[134.72031,35.05315],[134.7174,35.05653],[134.71005,35.05374],[134.70151,35.05846],[134.70175,35.06406],[134.6985,35.0685],[134.70055,35.07556],[134.6856,35.08203],[134.68324,35.08516],[134.68329,35.09265],[134.67537,35.09434],[134.67183,35.09322],[134.66385,35.08988],[134.66006,35.08125],[134.65178,35.08477],[134.65024,35.08753],[134.63699,35.08806],[134.62507,35.08213],[134.6237,35.08645],[134.61816,35.08505],[134.61372,35.07754],[134.60618,35.06934],[134.60534,35.06188],[134.59801,35.05036],[134.59139,35.04345],[134.59407,35.0407],[134.59131,35.03515],[134.59217,35.02597],[134.59437,35.02255],[134.58947,35.01172],[134.58294,35.00556],[134.58463,35.00003],[134.57541,34.98826],[134.56667,34.98195],[134.56445,34.97209],[134.57337,34.96803],[134.57421,34.96429],[134.57045,34.95432],[134.57254,34.94803],[134.57316,34.93497],[134.56818,34.93101],[134.56791,34.92749],[134.57189,34.9114],[134.56614,34.90874],[134.56341,34.90324],[134.5711,34.89636],[134.57746,34.89525],[134.59339,34.89834],[134.59802,34.89491],[134.59666,34.88311],[134.59844,34.88042],[134.59142,34.87604],[134.58454,34.86401],[134.58473,34.86018],[134.58877,34.85643],[134.5966,34.85849],[134.59954,34.85243],[134.607,34.84962],[134.60974,34.85213],[134.61694,34.85285],[134.61901,34.8505],[134.61528,34.84623],[134.6232,34.84301],[134.6232,34.83953],[134.62839,34.83751],[134.62765,34.83117],[134.63003,34.82844],[134.6273,34.82084],[134.62291,34.82116],[134.61951,34.81783],[134.60311,34.82008],[134.60437,34.82636],[134.5955,34.82765],[134.59046,34.82406],[134.58346,34.82315],[134.58143,34.8203],[134.58141,34.81348],[134.57752,34.80903],[134.56734,34.8066],[134.55749,34.80933],[134.55916,34.8059],[134.56972,34.79638],[134.573,34.78922],[134.57383,34.77931],[134.57051,34.77268],[134.5714,34.76547],[134.56988,34.75803],[134.58644,34.76186],[134.58484,34.76873],[134.60353,34.77466],[134.60878,34.77499],[134.61154,34.7678],[134.62395,34.77317],[134.62863,34.77314],[134.6287,34.77843],[134.62349,34.77972],[134.62244,34.78376],[134.64231,34.78377],[134.64393,34.78028],[134.63431,34.77951],[134.63195,34.77752],[134.6334,34.76731],[134.64573,34.76732],[134.64615,34.77945],[134.65385,34.77951],[134.6501,34.77443],[134.65258,34.77059],[134.66077,34.78381],[134.67028,34.78002],[134.66637,34.77648],[134.65974,34.77382],[134.66787,34.7706],[134.67369,34.77649],[134.67684,34.77346],[134.68334,34.77207],[134.68531,34.77816],[134.6891,34.77749],[134.68774,34.77123],[134.69284,34.77018],[134.70194,34.7721],[134.69944,34.77611],[134.71151,34.77656],[134.72862,34.77026],[134.7408,34.76816],[134.74631,34.7688],[134.75945,34.76357],[134.76131,34.76215],[134.76753,34.77695],[134.76724,34.78195],[134.76277,34.78553],[134.7565,34.78584],[134.74811,34.78164],[134.74508,34.78775],[134.74843,34.78983],[134.74538,34.79626],[134.75351,34.79513],[134.76292,34.79761],[134.76817,34.80462],[134.77358,34.80845],[134.77155,34.81329],[134.77852,34.81581],[134.77487,34.82383],[134.76847,34.82187],[134.76361,34.82538],[134.76478,34.83035],[134.773,34.82979],[134.77336,34.83553],[134.77689,34.83931],[134.78498,34.83667],[134.79892,34.83991],[134.80136,34.85517],[134.79492,34.86253],[134.79759,34.86602],[134.80706,34.86218],[134.81363,34.8671],[134.80424,34.87474],[134.78923,34.88115],[134.78609,34.88739],[134.79403,34.89553],[134.79383,34.90141],[134.79671,34.90559],[134.79375,34.91786],[134.79219,34.92008],[134.78476,34.91761],[134.77903,34.92311],[134.77004,34.92424],[134.76536,34.9348],[134.75578,34.93618],[134.75074,34.93461],[134.74682,34.93762],[134.72899,34.93814],[134.72911,34.9428],[134.7252,34.94775],[134.71751,34.95282],[134.71507,34.95734],[134.71827,34.96233],[134.71286,34.97293],[134.70648,34.97391],[134.70495,34.98014],[134.70942,34.98348],[134.7123,34.99381],[134.70844,34.99912],[134.70082,35.00133],[134.69853,35.00954],[134.69508,35.01171],[134.69826,35.01758],[134.706,35.01985],[134.71029,35.03158],[134.71421,35.03437],[134.72065,35.03552],[134.72146,35.04203],[134.71835,35.04373],[134.72031,35.05315]]],[[[134.48733,34.67161],[134.48489,34.66784],[134.48617,34.66135],[134.48041,34.6589],[134.46707,34.6616],[134.4603,34.65086],[134.46091,34.64624],[134.46765,34.64036],[134.47381,34.64611],[134.48084,34.6499],[134.48837,34.64939],[134.49252,34.64509],[134.49772,34.64343],[134.50091,34.64551],[134.49509,34.65944],[134.49043,34.66112],[134.49257,34.66806],[134.48733,34.67161]]],[[[134.53559,34.68655],[134.53196,34.68354],[134.52594,34.68447],[134.52397,34.68139],[134.51629,34.68157],[134.51053,34.6767],[134.51357,34.67073],[134.51745,34.66816],[134.52529,34.66668],[134.53485,34.66093],[134.5419,34.65819],[134.54555,34.66453],[134.54295,34.67004],[134.54538,34.67411],[134.53807,34.67874],[134.5321,34.67683],[134.53559,34.68655]]],[[[134.57338,34.67668],[134.5704,34.67307],[134.5621,34.66935],[134.56242,34.66376],[134.56623,34.66086],[134.571,34.65237],[134.57601,34.65089],[134.578,34.65577],[134.58544,34.65782],[134.59083,34.66203],[134.59041,34.66807],[134.57338,34.67668]]],[[[134.51559,34.65959],[134.5139,34.65452],[134.50246,34.64939],[134.50215,34.64335],[134.51455,34.63652],[134.51789,34.64404],[134.51227,34.64704],[134.51824,34.65021],[134.51895,34.65448],[134.51559,34.65959]]],[[[134.60555,34.77221],[134.59307,34.76952],[134.59632,34.75974],[134.60032,34.76507],[134.60627,34.7664],[134.60555,34.77221]]],[[[134.70195,34.7708],[134.69267,34.76827],[134.69086,34.7602],[134.69794,34.75996],[134.70195,34.7708]]],[[[134.66337,34.76544],[134.66745,34.77017],[134.66184,34.77236],[134.65722,34.76517],[134.66337,34.76544]]],[[[134.48401,34.59993],[134.47946,34.59964],[134.4764,34.59312],[134.48224,34.59391],[134.48401,34.59993]]]]},"properties":{"pref":"兵庫県","city":"姫路市","code5":"28201","code6":"282014"}},
{"type":"Feature","geometry":{"type":"Polygon","coordinates":[[[135.40729,34.6971],[135.41286,34.702],[135.42457,34.7059],[135.42958,34.71135],[135.44581,34.71809],[135.44811,34.72169],[135.44556,34.72908],[135.44899,34.7341],[135.46029,34.73314],[135.4589,34.7352],[135.46017,34.74789],[135.45935,34.75203],[135.45007,34.76003],[135.45041,34.76632],[135.4447,34.76853],[135.44322,34.77262],[135.42173,34.76775],[135.41622,34.76246],[135.41695,34.75801],[135.40575,34.7638],[135.39851,34.76094],[135.39205,34.76524],[135.38962,34.77082],[135.384,34.76874],[135.38284,34.77385],[135.37889,34.77883],[135.37345,34.78123],[135.37431,34.76657],[135.37335,34.7573],[135.37673,34.74548],[135.38007,34.73981],[135.37962,34.73088],[135.38418,34.72116],[135.37849,34.7063],[135.37243,34.69361],[135.36856,34.68322],[135.37128,34.68087],[135.38114,34.69131],[135.38931,34.69192],[135.39603,34.70032],[135.40123,34.69922],[135.39266,34.68821],[135.38199,34.68227],[135.37571,34.67998],[135.37621,34.67666],[135.39197,34.68006],[135.40446,34.69549],[135.40729,34.6971]]]},"properties":{"pref":"兵庫県","city":"尼崎市","code5":"28202","code6":"282022"}},
{"type":"Feature","geometry":{"type":"MultiPolygon","coordinates":[[[[135.01871,34.64319],[135.02012,34.6474],[135.02969,34.65527],[135.03091,34.65958],[135.0264,34.66063],[135.0223,34.65735],[135.01391,34.65816],[135.01063,34.66148],[135.00619,34.65803],[134.99973,34.65691],[134.9963,34.65903],[134.98693,34.6574],[134.98373,34.66097],[134.97668,34.65863],[134.97439,34.66597],[134.97005,34.67148],[134.97138,34.6775],[134.96733,34.67995],[134.96518,34.68558],[134.96591,34.69759],[134.96328,34.70406],[134.96603,34.70768],[134.96495,34.71164],[134.95966,34.71337],[134.95161,34.71159],[134.94288,34.71263],[134.94051,34.70824],[134.93064,34.69915],[134.91898,34.7088],[134.91713,34.70728],[134.91005,34.72033],[134.91245,34.72131],[134.90689,34.72482],[134.89998,34.72559],[134.89289,34.72434],[134.89072,34.72123],[134.88541,34.71897],[134.88058,34.71022],[134.87556,34.70852],[134.87054,34.70285],[134.8768,34.69996],[134.88781,34.69237],[134.89559,34.68901],[134.90762,34.67649],[134.9163,34.67531],[134.92967,34.67103],[134.94467,34.66174],[134.95722,34.65208],[134.97263,34.64382],[134.98785,34.64167],[135.01176,34.64213],[135.01871,34.64319]]],[[[134.86289,34.68992],[134.8776,34.68441],[134.88399,34.69187],[134.88104,34.6948],[134.8697,34.70141],[134.86834,34.69919],[134.86661,34.69636],[134.86289,34.68992]]]]},"properties":{"pref":"兵庫県","city":"明石市","code5":"28203","code6":"282031"}},
{"type":"Feature","geometry":{"type":"MultiPolygon","coordinates":[[[[135.26752,34.781],[135.28454,34.78072],[135.28693,34.77715],[135.29477,34.77539],[135.29974,34.76591],[135.30453,34.76346],[135.31195,34.754],[135.31635,34.74476],[135.31744,34.73948],[135.32392,34.73059],[135.32434,34.72584],[135.33892,34.7223],[135.35032,34.71521],[135.36088,34.70583],[135.36391,34.70507],[135.3539,34.69682],[135.36324,34.68846],[135.37243,34.69361],[135.37849,34.7063],[135.38418,34.72116],[135.37962,34.73088],[135.38007,34.73981],[135.37673,34.74548],[135.37335,34.7573],[135.37431,34.76657],[135.37345,34.78123],[135.37236,34.78445],[135.36911,34.78091],[135.36959,34.7762],[135.36327,34.77612],[135.35309,34.77317],[135.34247,34.77534],[135.3407,34.78043],[135.33304,34.78242],[135.32631,34.78086],[135.31703,34.78774],[135.30697,34.79212],[135.30201,34.80099],[135.31559,34.80774],[135.32152,34.80749],[135.33774,34.81548],[135.33301,34.82209],[135.32528,34.8294],[135.32429,34.83437],[135.31603,34.84695],[135.31612,34.85304],[135.31184,34.85786],[135.30067,34.85415],[135.30072,34.85932],[135.29384,34.86133],[135.2898,34.85562],[135.28585,34.85555],[135.28017,34.8476],[135.27276,34.84681],[135.26556,34.84839],[135.26065,34.84204],[135.24774,34.84535],[135.24403,34.84815],[135.23322,34.84535],[135.23276,34.83717],[135.2297,34.82468],[135.2328,34.81897],[135.23322,34.81274],[135.24666,34.80395],[135.25063,34.80817],[135.26979,34.80185],[135.26862,34.7968],[135.27095,34.79183],[135.26752,34.781]]],[[[135.33444,34.70814],[135.33881,34.71092],[135.34116,34.71579],[135.33467,34.72127],[135.3302,34.72172],[135.32481,34.71699],[135.32492,34.71037],[135.33444,34.70814]]],[[[135.34359,34.71527],[135.34241,34.71366],[135.34501,34.70478],[135.35311,34.70733],[135.34359,34.71527]]]]},"properties":{"pref":"兵庫県","city":"西宮市","code5":"28204","code6":"282049"}},
{"type":"Feature","geometry":{"type":"Polygon","coordinates":[[[134.8947,34.39898],[134.88048,34.3944],[134.8812,34.40359],[134.87439,34.41197],[134.86397,34.41364],[134.85816,34.40386],[134.85437,34.40172],[134.84815,34.40364],[134.84166,34.41244],[134.8432,34.42031],[134.8334,34.42224],[134.8272,34.42009],[134.82039,34.42045],[134.80762,34.42373],[134.79947,34.42392],[134.79589,34.42639],[134.78795,34.42724],[134.78532,34.4206],[134.78091,34.41429],[134.77559,34.41141],[134.76673,34.39136],[134.76377,34.38695],[134.75495,34.38477],[134.74061,34.35245],[134.74805,34.35411],[134.7577,34.35328],[134.75854,34.34837],[134.76647,34.34866],[134.77196,34.3515],[134.77966,34.34893],[134.7837,34.35131],[134.78823,34.34807],[134.80073,34.34859],[134.81565,34.35555],[134.81912,34.34732],[134.82646,34.34254],[134.82589,34.33878],[134.83553,34.33669],[134.84008,34.33411],[134.84799,34.33278],[134.84055,34.32737],[134.84403,34.31987],[134.84008,34.31585],[134.83595,34.3188],[134.8354,34.30888],[134.83949,34.3061],[134.8415,34.3002],[134.83956,34.29582],[134.84225,34.28691],[134.8415,34.28015],[134.83716,34.27744],[134.83463,34.26965],[134.84658,34.26602],[134.85035,34.25833],[134.85557,34.25673],[134.85715,34.25236],[134.86249,34.24725],[134.86815,34.24442],[134.8715,34.23991],[134.87968,34.24228],[134.89074,34.24734],[134.89844,34.25215],[134.92432,34.25809],[134.92439,34.25809],[134.93695,34.26279],[134.95164,34.26653],[134.95401,34.27421],[134.94896,34.27434],[134.94752,34.2806],[134.94908,34.28681],[134.94396,34.29712],[134.93437,34.30339],[134.92854,34.30523],[134.92097,34.31144],[134.91816,34.31734],[134.91773,34.3239],[134.9149,34.33654],[134.91179,34.34079],[134.90359,34.34118],[134.89746,34.34685],[134.89371,34.3532],[134.89588,34.35698],[134.89607,34.3664],[134.89801,34.36914],[134.89645,34.37682],[134.8947,34.39898]]]},"properties":{"pref":"兵庫県","city":"洲本市","code5":"28205","code6":"282057"}},
{"type":"Feature","geometry":{"type":"MultiPolygon","coordinates":[[[[135.30346,34.7191],[135.30602,34.71449],[135.3195,34.71714],[135.32395,34.7181],[135.32434,34.72584],[135.32392,34.73059],[135.31744,34.73948],[135.31635,34.74476],[135.31195,34.754],[135.30453,34.76346],[135.29974,34.76591],[135.29477,34.77539],[135.28693,34.77715],[135.28454,34.78072],[135.26752,34.781],[135.26685,34.78027],[135.27243,34.76964],[135.28064,34.75864],[135.28015,34.75195],[135.28713,34.74787],[135.28433,34.74439],[135.29069,34.73862],[135.29613,34.72838],[135.2996,34.72844],[135.30346,34.7191]]],[[[135.32211,34.71208],[135.32194,34.71641],[135.30623,34.7133],[135.30849,34.70768],[135.31183,34.70564],[135.32095,34.70485],[135.32211,34.71208]]]]},"properties":{"pref":"兵庫県","city":"芦屋市","code5":"28206","code6":"282065"}},
{"type":"Feature","geometry":{"type":"Polygon","coordinates":[[[135.44114,34.79189],[135.43848,34.792],[135.42911,34.80152],[135.42374,34.80205],[135.4099,34.80169],[135.40411,34.80049],[135.40065,34.80834],[135.3948,34.80575],[135.38919,34.81483],[135.37538,34.81076],[135.38339,34.79611],[135.37844,34.79087],[135.36978,34.7924],[135.37236,34.78445],[135.37345,34.78123],[135.37889,34.77883],[135.38284,34.77385],[135.384,34.76874],[135.38962,34.77082],[135.39205,34.76524],[135.39851,34.76094],[135.40575,34.7638],[135.41695,34.75801],[135.41622,34.76246],[135.42173,34.76775],[135.44322,34.77262],[135.4447,34.76853],[135.44618,34.77529],[135.44249,34.78434],[135.44114,34.79189]]]},"properties":{"pref":"兵庫県","city":"伊丹市","code5":"28207","code6":"282073"}},
{"type":"Feature","geometry":{"type":"Polygon","coordinates":[[[134.47426,34.75521],[134.47779,34.76504],[134.47668,34.77152],[134.4825,34.77583],[134.48773,34.77636],[134.49833,34.78059],[134.50296,34.78534],[134.49809,34.7933],[134.49772,34.79762],[134.50199,34.80175],[134.50098,34.80882],[134.50364,34.81333],[134.49943,34.81905],[134.4983,34.83027],[134.48757,34.82575],[134.47934,34.83535],[134.48109,34.83911],[134.47568,34.84333],[134.47124,34.84925],[134.46693,34.84763],[134.46385,34.86145],[134.47566,34.86512],[134.48106,34.86952],[134.4846,34.87975],[134.49176,34.88436],[134.48816,34.88655],[134.49024,34.89097],[134.49598,34.89319],[134.4894,34.89971],[134.49145,34.90472],[134.48043,34.91115],[134.48079,34.91742],[134.48465,34.92169],[134.47487,34.92118],[134.47055,34.91071],[134.44858,34.90897],[134.44546,34.90939],[134.43987,34.90307],[134.4341,34.90406],[134.4332,34.89675],[134.42612,34.89452],[134.41991,34.88707],[134.41921,34.8817],[134.42441,34.87914],[134.41586,34.86413],[134.4156,34.85478],[134.41218,34.85154],[134.40914,34.84928],[134.40852,34.83832],[134.41227,34.83559],[134.41347,34.83037],[134.40916,34.82442],[134.41721,34.81566],[134.42544,34.80885],[134.42234,34.79776],[134.42585,34.78945],[134.43058,34.78661],[134.43443,34.78969],[134.44227,34.79066],[134.44065,34.7752],[134.44965,34.77443],[134.45939,34.76867],[134.45765,34.76212],[134.45079,34.75372],[134.45354,34.75465],[134.45772,34.75813],[134.45858,34.7604],[134.45859,34.76041],[134.46432,34.76427],[134.46073,34.76888],[134.45682,34.77889],[134.45728,34.7858],[134.46467,34.78802],[134.46791,34.79827],[134.46286,34.80255],[134.46656,34.80533],[134.46495,34.80325],[134.47012,34.79777],[134.46803,34.79272],[134.47596,34.78454],[134.46968,34.7843],[134.47222,34.77703],[134.46981,34.76852],[134.47239,34.76291],[134.47374,34.75563],[134.47426,34.75521]]]},"properties":{"pref":"兵庫県","city":"相生市","code5":"28208","code6":"282081"}},
{"type":"Feature","geometry":{"type":"MultiPolygon","coordinates":[[[[135.04985,35.45072],[135.04537,35.45507],[135.04375,35.46598],[135.04104,35.4733],[135.03512,35.47703],[135.04013,35.48166],[135.04216,35.49406],[135.03242,35.49759],[135.04129,35.50374],[135.04516,35.50869],[135.04288,35.51139],[135.04296,35.52001],[135.03936,35.52848],[135.03619,35.53061],[135.0371,35.53726],[135.03552,35.5398],[135.02719,35.54003],[135.01751,35.53796],[135.00801,35.53363],[134.99342,35.53431],[134.98825,35.52954],[134.98204,35.52845],[134.97926,35.52397],[134.97406,35.52505],[134.96527,35.51982],[134.96344,35.51452],[134.95821,35.51297],[134.95265,35.51454],[134.94211,35.5142],[134.93006,35.51168],[134.92336,35.51631],[134.92315,35.52169],[134.91513,35.52771],[134.9172,35.52948],[134.91929,35.53812],[134.91481,35.54494],[134.90313,35.5494],[134.90088,35.55606],[134.88829,35.56016],[134.88105,35.56403],[134.88121,35.56738],[134.87576,35.57395],[134.86606,35.58106],[134.86273,35.58692],[134.85612,35.58655],[134.85404,35.58928],[134.86552,35.59937],[134.86741,35.60843],[134.86648,35.61352],[134.87068,35.61483],[134.8739,35.62116],[134.87031,35.63159],[134.8672,35.63629],[134.86584,35.64497],[134.86769,35.64968],[134.86417,35.65181],[134.8675,35.65824],[134.86735,35.65821],[134.86719,35.65819],[134.86719,35.65815],[134.8672,35.65812],[134.86721,35.65809],[134.86721,35.65805],[134.86714,35.65803],[134.86714,35.65807],[134.86714,35.65811],[134.86713,35.65815],[134.86691,35.65806],[134.86691,35.65804],[134.86688,35.65798],[134.86672,35.65792],[134.86674,35.65796],[134.8668,35.65802],[134.86681,35.65805],[134.86682,35.65809],[134.86682,35.65812],[134.86682,35.65817],[134.86675,35.65823],[134.86677,35.65826],[134.86679,35.65829],[134.86687,35.65844],[134.86668,35.65859],[134.8669,35.65863],[134.86675,35.65873],[134.86656,35.65882],[134.86628,35.6588],[134.86627,35.6588],[134.86617,35.6587],[134.86616,35.65864],[134.86616,35.6586],[134.86614,35.65857],[134.86613,35.65853],[134.86612,35.6585],[134.8661,35.65847],[134.86596,35.65847],[134.86595,35.6585],[134.86595,35.65853],[134.86596,35.65856],[134.86597,35.65859],[134.86599,35.65862],[134.866,35.65865],[134.86602,35.65869],[134.86562,35.65888],[134.86555,35.65885],[134.86552,35.65883],[134.86548,35.65883],[134.86545,35.65882],[134.86544,35.65883],[134.86542,35.65888],[134.86557,35.65899],[134.86563,35.65904],[134.86562,35.65915],[134.8656,35.65918],[134.86558,35.65921],[134.86546,35.65924],[134.86533,35.65917],[134.8653,35.65914],[134.86527,35.65912],[134.86524,35.6591],[134.86521,35.65908],[134.86515,35.65904],[134.86508,35.65899],[134.86491,35.65872],[134.86502,35.65859],[134.86501,35.65851],[134.86499,35.6584],[134.86499,35.65836],[134.865,35.65833],[134.86502,35.65827],[134.86504,35.65824],[134.86506,35.65821],[134.86507,35.65818],[134.86508,35.65814],[134.86509,35.65811],[134.86502,35.65796],[134.86499,35.65795],[134.86492,35.65792],[134.86477,35.65787],[134.86469,35.65786],[134.86457,35.65786],[134.86447,35.6579],[134.86441,35.65795],[134.86434,35.65799],[134.86413,35.65812],[134.86412,35.65815],[134.86411,35.65819],[134.86411,35.65822],[134.86411,35.65826],[134.86411,35.65829],[134.86411,35.65833],[134.8641,35.65835],[134.86405,35.65842],[134.86399,35.65846],[134.86393,35.6585],[134.86385,35.65854],[134.86353,35.65851],[134.86351,35.65849],[134.86347,35.65845],[134.86346,35.65842],[134.86345,35.6584],[134.86344,35.65836],[134.86343,35.65833],[134.86344,35.65825],[134.86344,35.65821],[134.86345,35.65818],[134.86345,35.65813],[134.86343,35.65809],[134.86339,35.65804],[134.86334,35.65799],[134.86331,35.65797],[134.86328,35.65795],[134.86324,35.65793],[134.86301,35.65786],[134.86256,35.65785],[134.86252,35.65786],[134.86245,35.65788],[134.86237,35.6579],[134.86229,35.65792],[134.86221,35.65795],[134.86164,35.65802],[134.86144,35.65806],[134.86134,35.65811],[134.8612,35.65823],[134.86118,35.65825],[134.8611,35.65838],[134.86108,35.65841],[134.86106,35.65843],[134.86104,35.65846],[134.86102,35.65849],[134.86096,35.65855],[134.8609,35.65859],[134.86041,35.65882],[134.86029,35.65882],[134.86018,35.65884],[134.86007,35.65889],[134.85999,35.65895],[134.85998,35.65898],[134.85996,35.65902],[134.85995,35.65905],[134.85994,35.65907],[134.85993,35.65911],[134.85992,35.65914],[134.85991,35.65918],[134.85988,35.65921],[134.85985,35.65923],[134.85983,35.65926],[134.85955,35.65941],[134.85947,35.65943],[134.85939,35.65946],[134.85839,35.65936],[134.85831,35.65932],[134.85818,35.65932],[134.85817,35.65935],[134.85815,35.65938],[134.85784,35.65959],[134.85778,35.65963],[134.85773,35.65968],[134.85771,35.65971],[134.8577,35.65974],[134.85736,35.65996],[134.8572,35.65991],[134.85713,35.65988],[134.8571,35.65986],[134.85704,35.65981],[134.85697,35.65973],[134.85698,35.65966],[134.85718,35.65951],[134.85718,35.65949],[134.85713,35.65943],[134.85708,35.65938],[134.85685,35.65915],[134.85683,35.65913],[134.8568,35.6591],[134.85677,35.65908],[134.85675,35.65905],[134.85672,35.65903],[134.85669,35.659],[134.85667,35.65897],[134.85664,35.65895],[134.85661,35.65892],[134.85656,35.65886],[134.85654,35.65882],[134.85652,35.65879],[134.85651,35.65876],[134.8565,35.65874],[134.85644,35.65856],[134.8564,35.65853],[134.85633,35.6585],[134.85605,35.65825],[134.85582,35.65812],[134.85579,35.6581],[134.85572,35.65806],[134.85526,35.65792],[134.85517,35.65791],[134.85509,35.6579],[134.85425,35.65822],[134.85423,35.65826],[134.85422,35.65829],[134.85421,35.65832],[134.85421,35.65835],[134.85421,35.65839],[134.85421,35.65842],[134.85421,35.65845],[134.85421,35.65848],[134.85422,35.65852],[134.85423,35.65855],[134.85423,35.65859],[134.85422,35.65862],[134.85413,35.6587],[134.85407,35.65874],[134.854,35.65878],[134.85393,35.65882],[134.85379,35.65888],[134.85366,35.65904],[134.85364,35.65907],[134.85363,35.65911],[134.85361,35.65914],[134.85357,35.6592],[134.85355,35.65923],[134.85332,35.65931],[134.8532,35.65941],[134.85319,35.65944],[134.85275,35.65959],[134.85272,35.6596],[134.85264,35.65962],[134.85222,35.65945],[134.85221,35.65942],[134.85221,35.65938],[134.85222,35.65924],[134.85228,35.65916],[134.8523,35.65912],[134.85236,35.65897],[134.85245,35.65894],[134.85248,35.65891],[134.85248,35.65888],[134.85249,35.65884],[134.8525,35.65881],[134.8525,35.65875],[134.85249,35.65872],[134.85245,35.65867],[134.85242,35.65865],[134.85239,35.65862],[134.85236,35.65861],[134.85229,35.65856],[134.85224,35.65851],[134.85227,35.65843],[134.85229,35.65842],[134.85245,35.65837],[134.85247,35.65832],[134.85239,35.65823],[134.85238,35.6582],[134.85236,35.65817],[134.85234,35.65814],[134.85232,35.65811],[134.8523,35.65808],[134.85229,35.65806],[134.85228,35.65802],[134.85228,35.65799],[134.85227,35.65796],[134.85234,35.6578],[134.85234,35.65778],[134.85234,35.65777],[134.85225,35.65764],[134.85228,35.6576],[134.85228,35.65759],[134.85133,35.65596],[134.8501,35.65592],[134.85008,35.65595],[134.85006,35.65598],[134.85003,35.65601],[134.85001,35.65603],[134.84992,35.6561],[134.84986,35.65618],[134.84986,35.65621],[134.84986,35.65625],[134.8498,35.6563],[134.84956,35.65633],[134.84953,35.65631],[134.84952,35.65624],[134.84953,35.65621],[134.84954,35.65617],[134.84956,35.65614],[134.84956,35.65594],[134.84936,35.65595],[134.84924,35.65597],[134.84891,35.65601],[134.84885,35.65604],[134.84879,35.65609],[134.84872,35.65613],[134.84866,35.65617],[134.84859,35.6562],[134.84843,35.6562],[134.84838,35.65615],[134.84833,35.65611],[134.84823,35.65598],[134.84822,35.65592],[134.84838,35.65588],[134.84842,35.65587],[134.84843,35.65587],[134.84846,35.65583],[134.84829,35.65573],[134.84833,35.6557],[134.84856,35.65548],[134.84853,35.65547],[134.84846,35.65541],[134.84845,35.65538],[134.84845,35.65531],[134.84834,35.65527],[134.84872,35.65518],[134.84884,35.65523],[134.84893,35.65525],[134.84895,35.65514],[134.84896,35.65512],[134.84895,35.65508],[134.84921,35.6549],[134.84925,35.65487],[134.84928,35.65485],[134.84946,35.65479],[134.8495,35.65476],[134.8496,35.65463],[134.84962,35.6546],[134.84963,35.65457],[134.84964,35.65454],[134.84965,35.6545],[134.84966,35.65446],[134.84967,35.65443],[134.84968,35.6544],[134.84968,35.65436],[134.84969,35.65421],[134.84968,35.65417],[134.84967,35.65414],[134.84966,35.65411],[134.84965,35.65408],[134.84965,35.65404],[134.84964,35.65401],[134.84963,35.65397],[134.84962,35.65394],[134.8496,35.65391],[134.84959,35.65388],[134.84957,35.65384],[134.84956,35.65381],[134.84954,35.65378],[134.84952,35.65376],[134.84947,35.65372],[134.8494,35.65367],[134.84927,35.65358],[134.84926,35.65355],[134.84924,35.65352],[134.84923,35.65349],[134.84923,35.65346],[134.84922,35.65343],[134.84922,35.65339],[134.84921,35.65336],[134.84921,35.65333],[134.8492,35.65329],[134.84919,35.65326],[134.84907,35.65308],[134.84905,35.65306],[134.84902,35.65304],[134.84898,35.65301],[134.84896,35.653],[134.84892,35.65297],[134.84889,35.65295],[134.84886,35.65293],[134.84883,35.65291],[134.8487,35.65281],[134.8485,35.65256],[134.84848,35.65252],[134.84846,35.65249],[134.84844,35.65246],[134.84843,35.65243],[134.84841,35.6524],[134.84839,35.65237],[134.84837,35.65234],[134.84836,35.65231],[134.84834,35.65228],[134.84833,35.65225],[134.84831,35.65222],[134.8483,35.65218],[134.84828,35.65215],[134.84827,35.65212],[134.84826,35.65209],[134.84825,35.65206],[134.84824,35.65203],[134.84823,35.652],[134.84822,35.65196],[134.8482,35.65193],[134.8482,35.65176],[134.84819,35.65172],[134.84817,35.65169],[134.84816,35.65166],[134.84814,35.65163],[134.84813,35.6516],[134.84812,35.65157],[134.8481,35.65153],[134.84809,35.6515],[134.84808,35.65147],[134.84806,35.65144],[134.84795,35.65131],[134.84792,35.65128],[134.84786,35.65123],[134.8478,35.65118],[134.84775,35.65114],[134.84746,35.65084],[134.8474,35.65079],[134.84734,35.65075],[134.84729,35.6507],[134.84723,35.65065],[134.84717,35.6506],[134.84711,35.65055],[134.84706,35.6505],[134.84689,35.65037],[134.84685,35.65034],[134.84678,35.65031],[134.84671,35.65027],[134.84663,35.65024],[134.84636,35.65009],[134.84633,35.65008],[134.8463,35.65005],[134.84627,35.65003],[134.84621,35.64999],[134.84617,35.64996],[134.84614,35.64994],[134.84592,35.64973],[134.84587,35.64968],[134.84581,35.64963],[134.84575,35.64958],[134.84569,35.64954],[134.84563,35.64949],[134.84558,35.64944],[134.84552,35.64939],[134.84547,35.64934],[134.84542,35.6493],[134.84508,35.64889],[134.84507,35.64886],[134.84506,35.64884],[134.84505,35.64877],[134.84503,35.64873],[134.84501,35.6487],[134.845,35.64868],[134.84495,35.64863],[134.84489,35.64857],[134.84488,35.64854],[134.84486,35.64851],[134.84484,35.64848],[134.84475,35.64837],[134.84467,35.64826],[134.84466,35.64822],[134.84465,35.64819],[134.84465,35.64815],[134.84463,35.64812],[134.84462,35.64809],[134.8446,35.64802],[134.84464,35.64796],[134.84465,35.64793],[134.84466,35.64789],[134.84466,35.64784],[134.84465,35.64781],[134.84463,35.64777],[134.84457,35.64768],[134.84455,35.64765],[134.84454,35.64762],[134.84452,35.64759],[134.8445,35.64756],[134.84448,35.64753],[134.84446,35.6475],[134.84444,35.64747],[134.84442,35.64744],[134.8444,35.64741],[134.84439,35.64738],[134.84437,35.64735],[134.84436,35.64732],[134.84434,35.64728],[134.84433,35.64725],[134.84432,35.64723],[134.84431,35.64719],[134.8443,35.64716],[134.84429,35.64713],[134.84428,35.64709],[134.84427,35.64706],[134.84426,35.64702],[134.84425,35.64699],[134.84423,35.64696],[134.84421,35.64693],[134.84411,35.64678],[134.84409,35.64675],[134.84407,35.64672],[134.84405,35.64669],[134.84391,35.64645],[134.84389,35.64642],[134.84388,35.64639],[134.84387,35.64637],[134.84386,35.6463],[134.84384,35.64626],[134.84383,35.64623],[134.84391,35.64612],[134.8439,35.64609],[134.8439,35.64606],[134.84389,35.64603],[134.84388,35.64599],[134.84348,35.64376],[134.84283,35.64333],[134.84276,35.6433],[134.84269,35.64326],[134.84266,35.64325],[134.84258,35.64316],[134.84258,35.64309],[134.84259,35.64306],[134.8426,35.64303],[134.83715,35.64471],[134.8357,35.6499],[134.83585,35.64997],[134.83587,35.65],[134.83589,35.65003],[134.83591,35.65006],[134.83594,35.65009],[134.83596,35.65011],[134.83598,35.65014],[134.836,35.65017],[134.83629,35.65041],[134.83631,35.65044],[134.83634,35.65047],[134.83643,35.65058],[134.83646,35.6506],[134.83652,35.65064],[134.83658,35.65069],[134.83685,35.65083],[134.83705,35.65096],[134.83707,35.65099],[134.8371,35.65101],[134.83726,35.6512],[134.83736,35.65132],[134.83737,35.65135],[134.83738,35.65139],[134.83739,35.65142],[134.8374,35.65145],[134.83741,35.65148],[134.83742,35.65152],[134.83743,35.65154],[134.83744,35.65157],[134.83746,35.6516],[134.83748,35.65163],[134.8375,35.65166],[134.83753,35.65169],[134.83755,35.65172],[134.83757,35.65174],[134.83759,35.65177],[134.83762,35.6518],[134.83764,35.65183],[134.83766,35.65186],[134.83768,35.65189],[134.83771,35.65195],[134.83773,35.65198],[134.83774,35.65205],[134.83775,35.65209],[134.83775,35.65212],[134.83775,35.65215],[134.83776,35.65218],[134.83777,35.65222],[134.83778,35.65225],[134.8378,35.65228],[134.83785,35.65237],[134.83787,35.6524],[134.83788,35.65243],[134.8379,35.65246],[134.83798,35.65254],[134.838,35.65257],[134.83804,35.65263],[134.83805,35.65266],[134.83806,35.6527],[134.83807,35.65273],[134.83807,35.65277],[134.83808,35.6528],[134.83808,35.65283],[134.83809,35.65287],[134.83809,35.6529],[134.83809,35.65293],[134.8381,35.65297],[134.8381,35.65301],[134.8381,35.65304],[134.8381,35.65307],[134.8381,35.6531],[134.83811,35.65313],[134.83812,35.65317],[134.83813,35.6532],[134.83814,35.65324],[134.83815,35.65326],[134.83817,35.6533],[134.83818,35.65333],[134.8382,35.65336],[134.83821,35.65339],[134.83823,35.65342],[134.83824,35.65345],[134.83826,35.65348],[134.83828,35.65351],[134.8383,35.65354],[134.83833,35.65356],[134.83835,35.65359],[134.83838,35.65362],[134.83849,35.6538],[134.83853,35.65386],[134.83858,35.65391],[134.83858,35.65396],[134.83857,35.65399],[134.83857,35.65402],[134.83857,35.65405],[134.83856,35.65409],[134.83855,35.65412],[134.83855,35.65415],[134.83855,35.65418],[134.83856,35.65421],[134.83857,35.65425],[134.83857,35.65428],[134.83858,35.65432],[134.83859,35.65435],[134.83862,35.6544],[134.83868,35.65444],[134.83883,35.65457],[134.83884,35.65461],[134.83885,35.65464],[134.83886,35.65467],[134.83888,35.6547],[134.83889,35.65473],[134.83891,35.65476],[134.83892,35.65479],[134.83894,35.65482],[134.83895,35.65486],[134.83897,35.65489],[134.83899,35.65492],[134.839,35.65495],[134.83902,35.65498],[134.83903,35.65501],[134.83911,35.65506],[134.83924,35.65506],[134.83927,35.65513],[134.83922,35.65519],[134.83917,35.65531],[134.83919,35.65542],[134.83918,35.65545],[134.83917,35.6555],[134.83918,35.65553],[134.83919,35.65556],[134.83925,35.6557],[134.83903,35.65572],[134.83901,35.65569],[134.83896,35.65564],[134.83886,35.6556],[134.83879,35.65559],[134.83875,35.65559],[134.83839,35.65555],[134.83824,35.6555],[134.83813,35.65551],[134.83808,35.65555],[134.83788,35.65565],[134.83782,35.65569],[134.83757,35.65574],[134.83664,35.65657],[134.83653,35.65663],[134.83652,35.6566],[134.8365,35.65657],[134.83632,35.6566],[134.8363,35.65663],[134.83611,35.65664],[134.836,35.6566],[134.83597,35.65658],[134.83593,35.65656],[134.8359,35.65654],[134.83586,35.65652],[134.83576,35.65653],[134.83574,35.65655],[134.83574,35.65659],[134.83572,35.65662],[134.83523,35.65649],[134.83516,35.65646],[134.83513,35.65643],[134.83512,35.6564],[134.83511,35.65626],[134.83506,35.65624],[134.8345,35.65614],[134.83443,35.65614],[134.83386,35.65636],[134.83376,35.65629],[134.82633,35.65537],[134.82163,35.65789],[134.82166,35.65792],[134.82186,35.65804],[134.82191,35.65824],[134.8219,35.65827],[134.82189,35.6583],[134.82189,35.65834],[134.82189,35.65837],[134.82189,35.65839],[134.82239,35.65859],[134.82247,35.65871],[134.82248,35.65875],[134.82249,35.65879],[134.82247,35.65883],[134.82245,35.65886],[134.82243,35.65889],[134.82242,35.65891],[134.82242,35.65894],[134.82243,35.65897],[134.82244,35.659],[134.82224,35.65909],[134.8222,35.65906],[134.82196,35.65904],[134.82183,35.65907],[134.8218,35.65909],[134.82178,35.65912],[134.82175,35.65915],[134.82174,35.65917],[134.82165,35.65929],[134.82163,35.65933],[134.82163,35.65936],[134.82164,35.6594],[134.82163,35.65944],[134.82162,35.65948],[134.82153,35.65955],[134.82133,35.6596],[134.82129,35.65961],[134.82077,35.65992],[134.82065,35.65996],[134.82061,35.65997],[134.82053,35.65999],[134.82041,35.66002],[134.82034,35.66004],[134.82027,35.66008],[134.82001,35.66002],[134.82,35.66],[134.81999,35.65996],[134.81998,35.65993],[134.81981,35.66003],[134.81977,35.66009],[134.81973,35.66018],[134.81973,35.66022],[134.81846,35.66034],[134.81843,35.66035],[134.81818,35.66037],[134.81815,35.66036],[134.81811,35.66033],[134.81794,35.66035],[134.81779,35.66032],[134.81772,35.66028],[134.81739,35.66028],[134.81739,35.66027],[134.81747,35.66013],[134.81742,35.6601],[134.81734,35.6601],[134.81693,35.66033],[134.81691,35.6603],[134.81648,35.6602],[134.81617,35.66028],[134.81615,35.6603],[134.81597,35.66049],[134.8159,35.66049],[134.81586,35.66053],[134.81587,35.66058],[134.81596,35.66067],[134.81594,35.66077],[134.81586,35.66084],[134.81537,35.66099],[134.81518,35.66107],[134.81516,35.6611],[134.81516,35.66113],[134.81518,35.66118],[134.81528,35.66129],[134.8153,35.66132],[134.81532,35.66135],[134.81534,35.66138],[134.81537,35.6614],[134.81559,35.66146],[134.81562,35.66148],[134.81559,35.66154],[134.81555,35.66151],[134.81551,35.66151],[134.81551,35.66152],[134.81554,35.66155],[134.81542,35.66173],[134.81523,35.66218],[134.81518,35.6623],[134.81496,35.66243],[134.81494,35.66245],[134.81488,35.66251],[134.81485,35.6626],[134.81483,35.66263],[134.81483,35.66266],[134.81483,35.6627],[134.81483,35.66273],[134.81477,35.66282],[134.81474,35.66285],[134.81472,35.66287],[134.81471,35.66291],[134.81473,35.66314],[134.81468,35.6632],[134.81466,35.66323],[134.81464,35.66326],[134.81462,35.66331],[134.81486,35.66346],[134.81463,35.66341],[134.8146,35.6634],[134.81456,35.66337],[134.8145,35.66348],[134.81449,35.6635],[134.81432,35.66361],[134.81432,35.66364],[134.81422,35.66367],[134.81419,35.66365],[134.81413,35.66359],[134.8141,35.66358],[134.81409,35.6636],[134.8141,35.66362],[134.81412,35.66373],[134.81396,35.66375],[134.81395,35.66372],[134.81394,35.66369],[134.81392,35.66365],[134.81391,35.66363],[134.81391,35.66355],[134.81381,35.66352],[134.81378,35.66359],[134.81376,35.66362],[134.81374,35.66365],[134.81343,35.66378],[134.81327,35.66382],[134.81312,35.66381],[134.81314,35.66378],[134.81314,35.66371],[134.81313,35.66368],[134.81312,35.66365],[134.81305,35.66366],[134.81292,35.66362],[134.81291,35.66355],[134.81289,35.66353],[134.81279,35.66351],[134.81277,35.66355],[134.81277,35.66359],[134.81259,35.66365],[134.81247,35.66361],[134.81221,35.66364],[134.81221,35.66357],[134.81237,35.66355],[134.81237,35.66354],[134.81244,35.6635],[134.81241,35.66348],[134.81225,35.66347],[134.81203,35.66345],[134.81196,35.6634],[134.81196,35.66338],[134.81195,35.66335],[134.81193,35.66332],[134.81191,35.66329],[134.81188,35.66327],[134.81173,35.66324],[134.81165,35.66323],[134.81157,35.66332],[134.81154,35.6633],[134.81133,35.66332],[134.81134,35.66329],[134.81136,35.66326],[134.81119,35.66328],[134.81109,35.6633],[134.81092,35.66336],[134.81072,35.66337],[134.81064,35.6634],[134.81046,35.66346],[134.81034,35.66349],[134.81003,35.66347],[134.80961,35.66384],[134.80958,35.66386],[134.80956,35.66389],[134.8094,35.66399],[134.80935,35.66407],[134.80932,35.66416],[134.80933,35.66419],[134.80936,35.66421],[134.80944,35.66421],[134.80948,35.66419],[134.8095,35.66416],[134.80967,35.66423],[134.80965,35.66425],[134.80958,35.66434],[134.80956,35.66436],[134.80955,35.66439],[134.80949,35.66449],[134.80947,35.66452],[134.80942,35.66457],[134.8093,35.66456],[134.80927,35.66445],[134.80925,35.66443],[134.80924,35.66443],[134.80917,35.66447],[134.80915,35.6645],[134.80913,35.66457],[134.80907,35.66466],[134.80903,35.66475],[134.80906,35.66479],[134.80915,35.66478],[134.80907,35.66484],[134.80901,35.66487],[134.80898,35.66491],[134.80899,35.66495],[134.8089,35.66507],[134.80889,35.66504],[134.80887,35.66501],[134.80885,35.66498],[134.80884,35.66495],[134.8087,35.66478],[134.80869,35.66475],[134.80868,35.66471],[134.80866,35.66469],[134.8086,35.66463],[134.80859,35.66461],[134.80858,35.66457],[134.80855,35.66455],[134.80846,35.66459],[134.80848,35.66462],[134.80854,35.66484],[134.8085,35.66496],[134.80843,35.66493],[134.8084,35.6649],[134.80835,35.66486],[134.80824,35.6648],[134.80822,35.66478],[134.80812,35.66471],[134.80793,35.66464],[134.80786,35.66461],[134.80772,35.66453],[134.80735,35.66458],[134.80714,35.66459],[134.8069,35.66453],[134.80666,35.66448],[134.80664,35.66446],[134.80661,35.66442],[134.8066,35.66439],[134.80659,35.66436],[134.80659,35.66433],[134.80615,35.66429],[134.80614,35.66421],[134.80619,35.66414],[134.80619,35.6641],[134.8059,35.66401],[134.80589,35.66399],[134.80559,35.66396],[134.80552,35.66397],[134.8053,35.66405],[134.8052,35.66412],[134.80496,35.66411],[134.80488,35.66405],[134.80481,35.66402],[134.80479,35.66399],[134.80435,35.66403],[134.80423,35.66403],[134.80402,35.66419],[134.80394,35.66432],[134.80392,35.66435],[134.8037,35.66445],[134.80353,35.66458],[134.80343,35.66462],[134.80316,35.6647],[134.80314,35.66472],[134.80307,35.66476],[134.80296,35.66484],[134.80278,35.66491],[134.80272,35.66486],[134.80256,35.66489],[134.80255,35.66491],[134.80253,35.66494],[134.80252,35.66498],[134.80237,35.66503],[134.8023,35.66505],[134.80227,35.6651],[134.80226,35.66514],[134.8022,35.66525],[134.80222,35.6653],[134.80225,35.66532],[134.80218,35.66545],[134.80207,35.66542],[134.80198,35.66534],[134.8019,35.66537],[134.80188,35.66539],[134.80185,35.66542],[134.80177,35.66551],[134.8017,35.66564],[134.80149,35.66566],[134.80147,35.66569],[134.80133,35.66573],[134.80125,35.66572],[134.80119,35.66604],[134.80116,35.66602],[134.80112,35.666],[134.80109,35.66599],[134.80094,35.66608],[134.80059,35.66623],[134.80057,35.6663],[134.80069,35.66632],[134.80057,35.66646],[134.80025,35.66649],[134.80013,35.66652],[134.80001,35.66649],[134.79996,35.66652],[134.79995,35.66654],[134.79994,35.66657],[134.79993,35.66661],[134.7998,35.66672],[134.79978,35.66679],[134.79978,35.66683],[134.79979,35.66687],[134.7998,35.66689],[134.7998,35.66694],[134.79966,35.66694],[134.7996,35.66689],[134.79958,35.66686],[134.79957,35.66682],[134.79956,35.6668],[134.79948,35.66676],[134.79944,35.66677],[134.79926,35.66677],[134.79876,35.66701],[134.7987,35.66705],[134.79863,35.66713],[134.79858,35.66718],[134.79856,35.66721],[134.7985,35.6673],[134.79849,35.66733],[134.79849,35.66735],[134.79849,35.66738],[134.79858,35.66753],[134.7986,35.66756],[134.79868,35.66771],[134.79868,35.66776],[134.79867,35.66778],[134.79866,35.66782],[134.79858,35.66794],[134.79855,35.66797],[134.79854,35.66803],[134.79837,35.66823],[134.79839,35.66825],[134.7984,35.66828],[134.79859,35.66845],[134.79901,35.66872],[134.79904,35.66874],[134.79912,35.66876],[134.79941,35.66896],[134.79939,35.66901],[134.79941,35.66904],[134.79945,35.6691],[134.79946,35.66913],[134.79948,35.66917],[134.7995,35.66924],[134.7995,35.66927],[134.79951,35.6693],[134.79952,35.66933],[134.79954,35.66936],[134.79955,35.66939],[134.79956,35.66943],[134.79957,35.66946],[134.79957,35.6695],[134.79957,35.66953],[134.79957,35.66956],[134.79957,35.6696],[134.79961,35.6697],[134.79961,35.66973],[134.79961,35.66976],[134.79959,35.66983],[134.79959,35.66987],[134.79959,35.66989],[134.7996,35.66993],[134.79961,35.66996],[134.79962,35.67],[134.79963,35.67003],[134.79964,35.67006],[134.79964,35.6701],[134.79963,35.67014],[134.79963,35.67016],[134.79963,35.67019],[134.79963,35.67023],[134.79954,35.67023],[134.79923,35.66993],[134.79914,35.66985],[134.79908,35.66987],[134.79908,35.6699],[134.79908,35.66993],[134.7991,35.66999],[134.79912,35.67006],[134.79913,35.67009],[134.79914,35.67012],[134.79874,35.67028],[134.79873,35.6703],[134.79873,35.67034],[134.79872,35.67037],[134.79857,35.67047],[134.79832,35.67036],[134.79826,35.67031],[134.79821,35.67026],[134.79816,35.67022],[134.7981,35.67012],[134.79799,35.67005],[134.79771,35.66998],[134.79753,35.66992],[134.79737,35.66994],[134.79704,35.66995],[134.79685,35.66996],[134.79667,35.67005],[134.79658,35.67009],[134.79656,35.67006],[134.79655,35.67003],[134.79654,35.67],[134.79654,35.66993],[134.79635,35.66993],[134.79627,35.66992],[134.79619,35.66991],[134.79595,35.66984],[134.79585,35.66979],[134.79555,35.66971],[134.79552,35.66969],[134.7955,35.6697],[134.79549,35.6697],[134.79545,35.66974],[134.79533,35.6697],[134.7953,35.66969],[134.79527,35.66966],[134.79509,35.66961],[134.79498,35.6696],[134.79493,35.66953],[134.79492,35.66951],[134.79501,35.66948],[134.79506,35.6695],[134.79507,35.66951],[134.79522,35.66954],[134.79535,35.66963],[134.79541,35.66966],[134.79541,35.66964],[134.79538,35.66961],[134.79536,35.66958],[134.79534,35.66957],[134.79529,35.6695],[134.79527,35.66947],[134.79524,35.66946],[134.7952,35.66943],[134.79507,35.66931],[134.79503,35.66929],[134.795,35.66927],[134.79491,35.66919],[134.79489,35.66916],[134.79482,35.66908],[134.79479,35.66907],[134.79463,35.66897],[134.79462,35.66894],[134.79461,35.6689],[134.79459,35.66887],[134.79456,35.66878],[134.7946,35.66872],[134.79496,35.66869],[134.79488,35.66855],[134.79484,35.66851],[134.7948,35.66848],[134.79473,35.66845],[134.79466,35.66842],[134.78296,35.66473],[134.78297,35.66472],[134.78269,35.66465],[134.78272,35.66457],[134.78319,35.6637],[134.77283,35.66007],[134.76507,35.66075],[134.76107,35.66517],[134.76447,35.66949],[134.76275,35.67237],[134.76069,35.66735],[134.75744,35.66119],[134.75248,35.66277],[134.74885,35.65982],[134.74385,35.66315],[134.7439,35.65955],[134.73552,35.65975],[134.73321,35.65845],[134.73083,35.65241],[134.72121,35.64497],[134.71758,35.637],[134.71327,35.63477],[134.7165,35.6195],[134.7097,35.61045],[134.71142,35.60481],[134.71011,35.60067],[134.69706,35.58754],[134.69151,35.57849],[134.68798,35.57512],[134.68156,35.57339],[134.67056,35.57425],[134.66189,35.57196],[134.65747,35.56619],[134.6538,35.5648],[134.651,35.55016],[134.64541,35.54186],[134.64015,35.5419],[134.63663,35.53747],[134.6391,35.5347],[134.6371,35.52702],[134.62408,35.52246],[134.6174,35.5239],[134.61678,35.51969],[134.61928,35.51289],[134.61647,35.51067],[134.61843,35.50195],[134.62415,35.50114],[134.62673,35.49795],[134.6366,35.4942],[134.63701,35.48863],[134.64404,35.47805],[134.63542,35.46591],[134.63567,35.45893],[134.63126,35.45524],[134.63085,35.44684],[134.63601,35.43225],[134.6446,35.42801],[134.65382,35.42937],[134.66018,35.43274],[134.66769,35.42911],[134.67504,35.42846],[134.67929,35.42622],[134.68752,35.42665],[134.69645,35.42935],[134.70376,35.42818],[134.70473,35.42574],[134.71685,35.42446],[134.72222,35.42839],[134.72784,35.42327],[134.7386,35.421],[134.74739,35.42428],[134.75137,35.43051],[134.7452,35.43641],[134.74883,35.44329],[134.76322,35.44353],[134.7674,35.44709],[134.77206,35.44757],[134.7846,35.44223],[134.79191,35.44145],[134.79048,35.44763],[134.80118,35.45121],[134.80868,35.45185],[134.81743,35.4465],[134.81989,35.43813],[134.83393,35.43153],[134.83556,35.42715],[134.83973,35.42539],[134.84167,35.41705],[134.84516,35.41155],[134.84933,35.4089],[134.85696,35.40757],[134.86251,35.40995],[134.87757,35.40572],[134.87896,35.4036],[134.88897,35.40452],[134.90195,35.40425],[134.90305,35.41368],[134.91539,35.42175],[134.91994,35.42113],[134.92925,35.41358],[134.93435,35.40741],[134.94615,35.41331],[134.95493,35.40848],[134.95893,35.40911],[134.97095,35.39895],[134.98076,35.39837],[134.98861,35.39283],[134.98707,35.38888],[134.99055,35.38571],[135.00197,35.38705],[135.00538,35.39065],[135.01924,35.39412],[135.02359,35.40104],[135.02972,35.40558],[135.03003,35.4101],[135.0384,35.40975],[135.04874,35.40736],[135.05025,35.41366],[135.04944,35.42032],[135.04703,35.4239],[135.0471,35.42992],[135.04938,35.44014],[135.05182,35.44249],[135.04985,35.45072]]],[[[134.85058,35.6567],[134.85055,35.65669],[134.85049,35.65662],[134.8505,35.65661],[134.85057,35.65651],[134.85059,35.65649],[134.85065,35.65644],[134.8509,35.65638],[134.85099,35.65635],[134.85108,35.65631],[134.85114,35.65642],[134.8511,35.65644],[134.85111,35.65647],[134.85112,35.65651],[134.85058,35.6567]]],[[[134.81593,35.66298],[134.81563,35.6631],[134.81562,35.66306],[134.81562,35.66303],[134.81558,35.66297],[134.81556,35.66288],[134.81557,35.66285],[134.81552,35.66283],[134.81545,35.66287],[134.81568,35.66269],[134.81571,35.66267],[134.81574,35.66265],[134.81592,35.66275],[134.81589,35.66278],[134.81587,35.66281],[134.81585,35.66286],[134.81593,35.66298]]],[[[134.84771,35.65378],[134.84763,35.65374],[134.84765,35.65368],[134.84767,35.65365],[134.8475,35.65362],[134.84764,35.65351],[134.84775,35.65347],[134.84793,35.65346],[134.84798,35.65356],[134.84799,35.65359],[134.84799,35.65363],[134.848,35.65366],[134.84771,35.65378]]],[[[134.80749,35.66468],[134.80799,35.66489],[134.80761,35.66478],[134.80754,35.66474],[134.80751,35.66472],[134.80749,35.66468]]],[[[134.8154,35.66275],[134.81489,35.66291],[134.81488,35.66285],[134.8154,35.66275]]],[[[134.86439,35.65856],[134.86423,35.6587],[134.86421,35.65843],[134.86434,35.6585],[134.86439,35.65856]]],[[[134.85266,35.66001],[134.8524,35.65995],[134.85243,35.65992],[134.85247,35.6599],[134.8525,35.65988],[134.85252,35.65985],[134.85264,35.65977],[134.85265,35.65978],[134.85266,35.66001]]],[[[134.85234,35.65986],[134.85208,35.65999],[134.85203,35.65997],[134.85198,35.65989],[134.85199,35.65987],[134.85232,35.65982],[134.85234,35.65986]]],[[[134.83802,35.65607],[134.83779,35.65618],[134.83778,35.65619],[134.83775,35.65617],[134.83773,35.65613],[134.83772,35.65611],[134.83771,35.65606],[134.83773,35.65599],[134.8378,35.6559],[134.83783,35.65589],[134.8378,35.65602],[134.83779,35.65604],[134.83779,35.65608],[134.83788,35.65608],[134.83789,35.65605],[134.83791,35.65602],[134.83802,35.65607]]],[[[134.85344,35.66013],[134.85324,35.66009],[134.85325,35.66006],[134.85332,35.66002],[134.85337,35.65998],[134.85349,35.66],[134.85344,35.66013]]],[[[134.84893,35.65631],[134.84869,35.65636],[134.84873,35.65631],[134.84874,35.65628],[134.84876,35.65624],[134.84895,35.65625],[134.84894,35.65628],[134.84893,35.65631]]],[[[134.81537,35.66099],[134.81571,35.66108],[134.81566,35.66117],[134.81557,35.66116],[134.81538,35.6611],[134.81537,35.66099]]],[[[134.81483,35.66358],[134.81469,35.66371],[134.81467,35.66369],[134.81463,35.66365],[134.8146,35.66359],[134.81459,35.66356],[134.81458,35.66353],[134.81483,35.66358]]],[[[134.82648,35.65586],[134.82625,35.65595],[134.82623,35.65581],[134.82634,35.65578],[134.82641,35.65582],[134.82648,35.65586]]],[[[134.80018,35.6667],[134.8004,35.66678],[134.80032,35.66678],[134.80028,35.66678],[134.80024,35.66679],[134.80016,35.66676],[134.80018,35.6667]]],[[[134.79978,35.66919],[134.79963,35.66918],[134.79962,35.66916],[134.79968,35.66909],[134.79978,35.66919]]],[[[134.80742,35.66485],[134.8074,35.66491],[134.80739,35.66483],[134.80742,35.66485]]],[[[134.85259,35.66047],[134.85252,35.66045],[134.8525,35.6604],[134.85259,35.66047]]],[[[134.81303,35.66471],[134.81293,35.66471],[134.81295,35.66467],[134.81296,35.66464],[134.81298,35.66461],[134.81299,35.66458],[134.81302,35.66454],[134.81304,35.66452],[134.81311,35.66456],[134.81308,35.66462],[134.81303,35.66471]]],[[[134.81052,35.66377],[134.81045,35.66374],[134.81047,35.66364],[134.81048,35.66361],[134.81058,35.66368],[134.81054,35.66375],[134.81052,35.66377]]],[[[134.86535,35.65956],[134.86524,35.65953],[134.86525,35.6595],[134.86526,35.65947],[134.86527,35.65943],[134.86528,35.65943],[134.86535,35.65956]]],[[[134.85097,35.65706],[134.85082,35.65709],[134.85084,35.65701],[134.85099,35.65703],[134.85097,35.65706]]],[[[134.82541,35.65664],[134.82537,35.65666],[134.82525,35.65652],[134.82524,35.65649],[134.82534,35.65649],[134.82535,35.65655],[134.82537,35.65659],[134.82539,35.65661],[134.82541,35.65664]]],[[[134.82664,35.65637],[134.82667,35.65645],[134.82665,35.65644],[134.82661,35.65641],[134.82651,35.65635],[134.82664,35.65637]]],[[[134.81083,35.66374],[134.81072,35.66371],[134.81073,35.66368],[134.81083,35.66374]]],[[[134.81599,35.66136],[134.81587,35.66139],[134.81584,35.66137],[134.81582,35.6613],[134.81584,35.66132],[134.81599,35.66136]]],[[[134.81439,35.664],[134.81428,35.66398],[134.81429,35.66395],[134.81438,35.66396],[134.81439,35.664]]],[[[134.81135,35.66359],[134.81133,35.66368],[134.81127,35.66362],[134.81135,35.66359]]],[[[134.82927,35.65589],[134.82917,35.65584],[134.82918,35.65581],[134.82927,35.65589]]],[[[134.83234,35.65728],[134.83226,35.65733],[134.83225,35.65729],[134.83224,35.65726],[134.83234,35.65728]]],[[[134.81103,35.66361],[134.81095,35.66356],[134.81103,35.66351],[134.81103,35.66361]]],[[[134.79894,35.66826],[134.79893,35.66832],[134.79891,35.66829],[134.79894,35.66826]]],[[[134.83883,35.65352],[134.83875,35.65358],[134.83874,35.65352],[134.83879,35.65352],[134.83883,35.65352]]],[[[134.81591,35.66114],[134.81588,35.66117],[134.81587,35.66118],[134.81584,35.66115],[134.81591,35.66114]]]]},"properties":{"pref":"兵庫県","city":"豊岡市","code5":"28209","code6":"282090"}},
{"type":"Feature","geometry":{"type":"Polygon","coordinates":[[[134.77852,34.81581],[134.79063,34.81447],[134.79759,34.80941],[134.7978,34.80122],[134.80888,34.78685],[134.80898,34.78448],[134.81221,34.78121],[134.81934,34.78023],[134.82086,34.77422],[134.81338,34.77105],[134.80949,34.76574],[134.80822,34.75633],[134.81055,34.74601],[134.80868,34.73209],[134.81294,34.73071],[134.8088,34.71848],[134.82658,34.70635],[134.82854,34.71016],[134.83658,34.70737],[134.84362,34.72058],[134.84821,34.71959],[134.84726,34.71533],[134.84928,34.72118],[134.8535,34.72566],[134.86484,34.72816],[134.87408,34.72698],[134.87987,34.7303],[134.89072,34.72123],[134.89289,34.72434],[134.89998,34.72559],[134.89854,34.72899],[134.88958,34.73262],[134.88778,34.73862],[134.88357,34.74262],[134.88833,34.7449],[134.88013,34.75582],[134.88054,34.7604],[134.88404,34.7638],[134.89013,34.76267],[134.89251,34.76526],[134.89177,34.77127],[134.89682,34.77744],[134.90749,34.7723],[134.91883,34.77606],[134.9321,34.76846],[134.9331,34.77757],[134.93507,34.77909],[134.92574,34.7957],[134.92564,34.80146],[134.92848,34.80675],[134.92742,34.81035],[134.91989,34.81998],[134.92053,34.82435],[134.91586,34.82623],[134.90074,34.82486],[134.8901,34.8287],[134.88424,34.83523],[134.88263,34.83975],[134.87281,34.84009],[134.86763,34.84358],[134.8644,34.84963],[134.85765,34.8541],[134.8521,34.85228],[134.84244,34.85499],[134.8287,34.85745],[134.82467,34.85399],[134.81605,34.85312],[134.81444,34.8562],[134.81691,34.86439],[134.81363,34.8671],[134.80706,34.86218],[134.79759,34.86602],[134.79492,34.86253],[134.80136,34.85517],[134.79892,34.83991],[134.78498,34.83667],[134.77689,34.83931],[134.77336,34.83553],[134.773,34.82979],[134.76478,34.83035],[134.76361,34.82538],[134.76847,34.82187],[134.77487,34.82383],[134.77852,34.81581]]]},"properties":{"pref":"兵庫県","city":"加古川市","code5":"28210","code6":"282103"}},
{"type":"Feature","geometry":{"type":"Polygon","coordinates":[[[134.41218,34.85154],[134.40828,34.85423],[134.40217,34.85037],[134.39873,34.84585],[134.3918,34.84401],[134.3864,34.83981],[134.38283,34.84088],[134.37908,34.84958],[134.37329,34.85557],[134.36575,34.85633],[134.36675,34.84686],[134.36545,34.84223],[134.3572,34.84645],[134.35231,34.84738],[134.3441,34.84547],[134.33762,34.85265],[134.3337,34.84952],[134.32605,34.84824],[134.32326,34.84597],[134.32076,34.83874],[134.32269,34.83282],[134.32218,34.8269],[134.30767,34.82528],[134.29866,34.82307],[134.29561,34.81806],[134.30735,34.81092],[134.30634,34.80862],[134.31129,34.80255],[134.31636,34.80257],[134.31647,34.79721],[134.31921,34.78819],[134.31583,34.78104],[134.32327,34.77426],[134.3296,34.77424],[134.33479,34.76889],[134.33307,34.76574],[134.32153,34.76171],[134.31845,34.75626],[134.31662,34.74413],[134.31303,34.7384],[134.32082,34.73537],[134.32173,34.72195],[134.3288,34.73069],[134.33967,34.73889],[134.34243,34.73577],[134.34984,34.73607],[134.35493,34.73925],[134.36382,34.74085],[134.36312,34.74615],[134.35815,34.74693],[134.36081,34.75103],[134.36851,34.74478],[134.3739,34.73656],[134.37564,34.73154],[134.38528,34.72612],[134.38752,34.73056],[134.39289,34.72886],[134.4051,34.72965],[134.40912,34.72688],[134.41447,34.7301],[134.42294,34.73746],[134.42794,34.74535],[134.43434,34.7476],[134.42608,34.75519],[134.43249,34.76044],[134.4325,34.76044],[134.43309,34.76617],[134.43717,34.76602],[134.44971,34.76891],[134.4558,34.7676],[134.44952,34.75774],[134.45079,34.75372],[134.45765,34.76212],[134.45939,34.76867],[134.44965,34.77443],[134.44065,34.7752],[134.44227,34.79066],[134.43443,34.78969],[134.43058,34.78661],[134.42585,34.78945],[134.42234,34.79776],[134.42544,34.80885],[134.41721,34.81566],[134.40916,34.82442],[134.41347,34.83037],[134.41227,34.83559],[134.40852,34.83832],[134.40914,34.84928],[134.41218,34.85154]]]},"properties":{"pref":"兵庫県","city":"赤穂市","code5":"28212","code6":"282120"}},
{"type":"Feature","geometry":{"type":"Polygon","coordinates":[[[135.09599,35.05498],[135.08075,35.05142],[135.0694,35.04768],[135.0633,35.04689],[135.06043,35.05374],[135.05241,35.05158],[135.03804,35.05259],[135.02634,35.05782],[135.02519,35.07178],[135.01162,35.07181],[134.99915,35.06915],[134.99144,35.06878],[134.98361,35.0711],[134.9786,35.07015],[134.97657,35.06186],[134.96406,35.05529],[134.97147,35.04604],[134.97181,35.03829],[134.96471,35.03693],[134.96195,35.03129],[134.95772,35.03171],[134.95495,35.03709],[134.94604,35.03786],[134.94934,35.03333],[134.94567,35.02885],[134.94762,35.02393],[134.93403,35.01676],[134.93424,35.01231],[134.92795,35.00755],[134.9277,34.99247],[134.9204,34.98178],[134.91501,34.9836],[134.90262,34.98147],[134.89885,34.98694],[134.89198,34.98116],[134.89182,34.97664],[134.89454,34.96459],[134.90799,34.96141],[134.91209,34.95828],[134.91687,34.95956],[134.92587,34.95655],[134.92995,34.95794],[134.94544,34.96048],[134.95913,34.95898],[134.96291,34.96105],[134.96689,34.95476],[134.97312,34.95284],[134.98148,34.95638],[134.98401,34.95969],[134.99556,34.95884],[135.00129,34.96046],[135.004,34.96466],[135.00982,34.96236],[135.01499,34.96613],[135.02445,34.96483],[135.03166,34.96535],[135.04111,34.9686],[135.04526,34.97379],[135.05138,34.9769],[135.05241,34.98167],[135.05035,34.98545],[135.0452,34.98702],[135.04502,34.99662],[135.05042,35.00266],[135.05491,35.00363],[135.05943,35.0089],[135.06557,35.01697],[135.06634,35.02151],[135.08502,35.03681],[135.09475,35.04054],[135.10076,35.0486],[135.09599,35.05498]]]},"properties":{"pref":"兵庫県","city":"西脇市","code5":"28213","code6":"282138"}},
{"type":"Feature","geometry":{"type":"Polygon","coordinates":[[[135.29384,34.86133],[135.30072,34.85932],[135.30067,34.85415],[135.31184,34.85786],[135.31612,34.85304],[135.31603,34.84695],[135.32429,34.83437],[135.32528,34.8294],[135.33301,34.82209],[135.33774,34.81548],[135.32152,34.80749],[135.31559,34.80774],[135.30201,34.80099],[135.30697,34.79212],[135.31703,34.78774],[135.32631,34.78086],[135.33304,34.78242],[135.3407,34.78043],[135.34247,34.77534],[135.35309,34.77317],[135.36327,34.77612],[135.36959,34.7762],[135.36911,34.78091],[135.37236,34.78445],[135.36978,34.7924],[135.37844,34.79087],[135.38339,34.79611],[135.37538,34.81076],[135.38919,34.81483],[135.3948,34.80575],[135.40065,34.80834],[135.40165,34.81161],[135.40004,34.82417],[135.41129,34.83779],[135.41013,34.84255],[135.39942,34.84577],[135.39559,34.84334],[135.38757,34.84371],[135.3798,34.85039],[135.37042,34.84944],[135.368,34.85124],[135.3736,34.85741],[135.36081,34.86382],[135.35051,34.86422],[135.34864,34.86901],[135.34359,34.87479],[135.3393,34.87568],[135.33746,34.88744],[135.33386,34.89341],[135.32392,34.89384],[135.32501,34.8988],[135.3298,34.8981],[135.33208,34.90225],[135.3387,34.90305],[135.34208,34.91136],[135.33961,34.91646],[135.33391,34.91664],[135.33063,34.93229],[135.32512,34.93419],[135.32653,34.94126],[135.32088,34.94401],[135.31642,34.95232],[135.31446,34.95963],[135.30928,34.95964],[135.3053,34.96238],[135.30266,34.95181],[135.30829,34.94641],[135.30883,34.93195],[135.30351,34.92139],[135.29954,34.92599],[135.29445,34.92819],[135.28702,34.92572],[135.27523,34.91728],[135.27773,34.90573],[135.27446,34.8947],[135.2804,34.88575],[135.28564,34.87892],[135.28678,34.87079],[135.29197,34.86606],[135.29384,34.86133]]]},"properties":{"pref":"兵庫県","city":"宝塚市","code5":"28214","code6":"282146"}},
{"type":"Feature","geometry":{"type":"Polygon","coordinates":[[[135.16751,34.88914],[135.15954,34.89367],[135.15658,34.90107],[135.15664,34.90922],[135.15216,34.91264],[135.15284,34.9242],[135.14889,34.93014],[135.14791,34.93837],[135.14553,34.94274],[135.14056,34.93911],[135.13485,34.93783],[135.12448,34.9332],[135.11845,34.92894],[135.11149,34.92399],[135.10824,34.91621],[135.10472,34.91355],[135.10376,34.90859],[135.09448,34.89601],[135.09423,34.89176],[135.08586,34.88647],[135.07634,34.88603],[135.06849,34.88711],[135.06218,34.88441],[135.06382,34.87722],[135.06269,34.87166],[135.05315,34.86326],[135.04741,34.86059],[135.04129,34.86178],[135.0359,34.85616],[135.02737,34.85227],[135.02476,34.853],[135.01821,34.85519],[135.00971,34.85436],[134.99685,34.84207],[135.00248,34.8381],[135.00167,34.83172],[134.99307,34.82802],[134.98768,34.82375],[134.98174,34.82458],[134.97496,34.82298],[134.96839,34.81593],[134.95693,34.81284],[134.95221,34.81428],[134.94105,34.80574],[134.9365,34.81025],[134.92742,34.81035],[134.92848,34.80675],[134.92564,34.80146],[134.92574,34.7957],[134.93507,34.77909],[134.9418,34.77988],[134.94721,34.77724],[134.95366,34.77836],[134.96294,34.77719],[134.95932,34.76948],[134.96137,34.76302],[134.97253,34.76282],[134.98055,34.76946],[134.99014,34.77398],[135.00183,34.77562],[135.00063,34.77026],[135.00747,34.76781],[135.02562,34.76415],[135.03388,34.766],[135.03867,34.76473],[135.04048,34.76973],[135.04753,34.77155],[135.05395,34.76507],[135.06199,34.76403],[135.06691,34.76777],[135.07623,34.771],[135.08267,34.77839],[135.09464,34.77862],[135.09253,34.78555],[135.09408,34.78972],[135.08568,34.79358],[135.08191,34.80151],[135.07495,34.80572],[135.07728,34.81206],[135.07599,34.81605],[135.08116,34.81705],[135.08498,34.82426],[135.09232,34.82821],[135.09241,34.83232],[135.101,34.83455],[135.106,34.84356],[135.11142,34.84637],[135.11534,34.8456],[135.12268,34.83757],[135.13755,34.83614],[135.14016,34.83449],[135.15125,34.84194],[135.15539,34.8435],[135.15835,34.85118],[135.15646,34.86015],[135.15619,34.87127],[135.15852,34.87617],[135.15505,34.88211],[135.16751,34.88914]]]},"properties":{"pref":"兵庫県","city":"三木市","code5":"28215","code6":"282154"}},
{"type":"Feature","geometry":{"type":"Polygon","coordinates":[[[134.76131,34.76215],[134.76119,34.75847],[134.75723,34.75184],[134.76332,34.74849],[134.76891,34.75029],[134.78768,34.74011],[134.79715,34.73249],[134.80868,34.73209],[134.81055,34.74601],[134.80822,34.75633],[134.80949,34.76574],[134.81338,34.77105],[134.82086,34.77422],[134.81934,34.78023],[134.81221,34.78121],[134.80898,34.78448],[134.80888,34.78685],[134.7978,34.80122],[134.79759,34.80941],[134.79063,34.81447],[134.77852,34.81581],[134.77155,34.81329],[134.77358,34.80845],[134.76817,34.80462],[134.76292,34.79761],[134.75351,34.79513],[134.74538,34.79626],[134.74843,34.78983],[134.74508,34.78775],[134.74811,34.78164],[134.7565,34.78584],[134.76277,34.78553],[134.76724,34.78195],[134.76753,34.77695],[134.76131,34.76215]]]},"properties":{"pref":"兵庫県","city":"高砂市","code5":"28216","code6":"282162"}},
{"type":"Feature","geometry":{"type":"Polygon","coordinates":[[[135.43749,34.87712],[135.44094,34.89046],[135.44513,34.89544],[135.43947,34.89602],[135.4305,34.89352],[135.43108,34.89724],[135.42568,34.90674],[135.4191,34.90975],[135.4303,34.91635],[135.43452,34.91677],[135.4393,34.9205],[135.45145,34.9199],[135.45671,34.91791],[135.46541,34.91959],[135.46709,34.92877],[135.46101,34.92627],[135.45282,34.92972],[135.44159,34.93938],[135.43855,34.93694],[135.42535,34.93643],[135.41848,34.93389],[135.4163,34.9298],[135.40709,34.9281],[135.4106,34.92122],[135.40519,34.91436],[135.40225,34.9143],[135.39678,34.90582],[135.39078,34.90235],[135.38877,34.89749],[135.38081,34.89107],[135.37936,34.88573],[135.38368,34.8775],[135.37006,34.87254],[135.36508,34.87395],[135.36081,34.86382],[135.3736,34.85741],[135.368,34.85124],[135.37042,34.84944],[135.3798,34.85039],[135.38757,34.84371],[135.39559,34.84334],[135.39942,34.84577],[135.41013,34.84255],[135.41129,34.83779],[135.40004,34.82417],[135.40165,34.81161],[135.40065,34.80834],[135.40411,34.80049],[135.4099,34.80169],[135.42374,34.80205],[135.41599,34.81769],[135.41619,34.82046],[135.4238,34.82995],[135.42423,34.83822],[135.41864,34.84947],[135.43136,34.85642],[135.43006,34.86106],[135.43749,34.87712]]]},"properties":{"pref":"兵庫県","city":"川西市","code5":"28217","code6":"282171"}},
{"type":"Feature","geometry":{"type":"Polygon","coordinates":[[[134.92742,34.81035],[134.9365,34.81025],[134.94105,34.80574],[134.95221,34.81428],[134.95693,34.81284],[134.96839,34.81593],[134.97496,34.82298],[134.98174,34.82458],[134.98768,34.82375],[134.99307,34.82802],[135.00167,34.83172],[135.00248,34.8381],[134.99685,34.84207],[135.00971,34.85436],[135.01821,34.85519],[135.02476,34.853],[135.02691,34.86551],[135.02177,34.87595],[135.02346,34.87915],[135.0104,34.88857],[135.00497,34.88942],[135.00268,34.89274],[135.00298,34.89925],[134.99741,34.90078],[134.984,34.89755],[134.97304,34.89711],[134.97328,34.89358],[134.96724,34.89176],[134.96411,34.88396],[134.95606,34.88665],[134.9536,34.88328],[134.94221,34.88536],[134.93386,34.88194],[134.93096,34.88535],[134.93628,34.89122],[134.93796,34.89805],[134.93726,34.90305],[134.92886,34.90818],[134.93003,34.91277],[134.92161,34.9136],[134.90992,34.91124],[134.90685,34.90887],[134.90374,34.89517],[134.89819,34.89074],[134.9052,34.88352],[134.90192,34.87462],[134.89325,34.86606],[134.88985,34.86421],[134.88747,34.85647],[134.88908,34.84811],[134.88767,34.84025],[134.88263,34.83975],[134.88424,34.83523],[134.8901,34.8287],[134.90074,34.82486],[134.91586,34.82623],[134.92053,34.82435],[134.91989,34.81998],[134.92742,34.81035]]]},"properties":{"pref":"兵庫県","city":"小野市","code5":"28218","code6":"282189"}},
{"type":"Feature","geometry":{"type":"Polygon","coordinates":[[[135.2804,34.88575],[135.27446,34.8947],[135.27773,34.90573],[135.27523,34.91728],[135.28702,34.92572],[135.29445,34.92819],[135.29954,34.92599],[135.30351,34.92139],[135.30883,34.93195],[135.30829,34.94641],[135.30266,34.95181],[135.3053,34.96238],[135.3021,34.96291],[135.29795,34.97433],[135.30169,34.98233],[135.31037,34.98459],[135.30451,34.98971],[135.3029,34.99511],[135.29838,34.99701],[135.28929,34.99608],[135.28632,34.99741],[135.28993,35.00901],[135.28775,35.01154],[135.28502,35.01585],[135.27606,35.01389],[135.2684,35.01481],[135.25905,35.01097],[135.25492,35.01151],[135.25341,35.02168],[135.25,35.02669],[135.24436,35.02923],[135.24519,35.03211],[135.23736,35.03599],[135.23535,35.02869],[135.22691,35.02841],[135.2225,35.03042],[135.22032,35.0353],[135.21417,35.02764],[135.20297,35.02536],[135.19681,35.02728],[135.19244,35.01775],[135.1848,35.01365],[135.18316,35.01074],[135.17554,35.00917],[135.17489,34.99641],[135.164,34.99356],[135.16092,34.98905],[135.14994,34.98877],[135.14339,34.9923],[135.13955,34.98993],[135.13896,34.97944],[135.1412,34.97513],[135.1385,34.96813],[135.13321,34.9646],[135.12954,34.95818],[135.12321,34.95499],[135.11598,34.96461],[135.10033,34.9582],[135.09267,34.96457],[135.0925,34.95678],[135.09735,34.94909],[135.10201,34.94475],[135.10753,34.92981],[135.11245,34.92813],[135.11845,34.92894],[135.12448,34.9332],[135.13485,34.93783],[135.14056,34.93911],[135.14553,34.94274],[135.14791,34.93837],[135.14889,34.93014],[135.15284,34.9242],[135.15216,34.91264],[135.15664,34.90922],[135.15658,34.90107],[135.15954,34.89367],[135.16751,34.88914],[135.17859,34.88771],[135.18242,34.88859],[135.19223,34.88044],[135.20121,34.87599],[135.20991,34.87837],[135.21622,34.87485],[135.22188,34.87505],[135.22867,34.87255],[135.24194,34.87835],[135.24814,34.87784],[135.26303,34.88481],[135.2804,34.88575]]]},"properties":{"pref":"兵庫県","city":"三田市","code5":"28219","code6":"282197"}},
{"type":"Feature","geometry":{"type":"Polygon","coordinates":[[[134.81363,34.8671],[134.81691,34.86439],[134.81444,34.8562],[134.81605,34.85312],[134.82467,34.85399],[134.8287,34.85745],[134.84244,34.85499],[134.8521,34.85228],[134.85765,34.8541],[134.8644,34.84963],[134.86763,34.84358],[134.87281,34.84009],[134.88263,34.83975],[134.88767,34.84025],[134.88908,34.84811],[134.88747,34.85647],[134.88985,34.86421],[134.89325,34.86606],[134.90192,34.87462],[134.9052,34.88352],[134.89819,34.89074],[134.90374,34.89517],[134.90685,34.90887],[134.90483,34.9119],[134.89716,34.91136],[134.90226,34.91701],[134.90714,34.91457],[134.90936,34.9195],[134.90434,34.9227],[134.90216,34.9295],[134.90526,34.93395],[134.91842,34.92841],[134.92631,34.92994],[134.93364,34.93352],[134.93407,34.94978],[134.92995,34.95794],[134.92587,34.95655],[134.91687,34.95956],[134.91209,34.95828],[134.90799,34.96141],[134.89454,34.96459],[134.89182,34.97664],[134.89198,34.98116],[134.87747,34.98253],[134.87343,34.98042],[134.86914,34.98362],[134.86211,34.98473],[134.85992,34.9994],[134.86051,35.00578],[134.8514,35.01038],[134.84671,35.01846],[134.83272,35.0055],[134.83423,34.99772],[134.82827,34.99099],[134.82222,34.98934],[134.81342,34.98454],[134.81197,34.97698],[134.80897,34.97061],[134.8054,34.96958],[134.804,34.96149],[134.79602,34.95342],[134.79879,34.94897],[134.8004,34.93621],[134.79941,34.93254],[134.79424,34.9291],[134.79574,34.91965],[134.79375,34.91786],[134.79671,34.90559],[134.79383,34.90141],[134.79403,34.89553],[134.78609,34.88739],[134.78923,34.88115],[134.80424,34.87474],[134.81363,34.8671]]]},"properties":{"pref":"兵庫県","city":"加西市","code5":"28220","code6":"282201"}},
{"type":"Feature","geometry":{"type":"Polygon","coordinates":[[[135.22494,35.16376],[135.22806,35.15653],[135.22864,35.15043],[135.21794,35.13886],[135.21971,35.13593],[135.20876,35.12886],[135.18656,35.12896],[135.17248,35.12591],[135.16539,35.12655],[135.16087,35.12964],[135.15086,35.13069],[135.14859,35.12488],[135.14149,35.12244],[135.13588,35.12463],[135.12996,35.12311],[135.12563,35.12499],[135.1197,35.12203],[135.11561,35.11419],[135.10926,35.11251],[135.10871,35.10849],[135.11193,35.10299],[135.11119,35.09853],[135.11556,35.09615],[135.11407,35.0904],[135.11689,35.08586],[135.12501,35.07949],[135.12165,35.07319],[135.12871,35.06704],[135.12731,35.05984],[135.13101,35.05173],[135.12693,35.05022],[135.1187,35.05711],[135.11223,35.05997],[135.10578,35.05923],[135.10214,35.05561],[135.09599,35.05498],[135.10076,35.0486],[135.09475,35.04054],[135.08502,35.03681],[135.06634,35.02151],[135.06557,35.01697],[135.05943,35.0089],[135.06668,35.00248],[135.07318,34.99889],[135.07254,34.99331],[135.07879,34.99552],[135.08188,34.98858],[135.09072,34.99174],[135.09366,34.99099],[135.09471,34.98134],[135.09267,34.96457],[135.10033,34.9582],[135.11598,34.96461],[135.12321,34.95499],[135.12954,34.95818],[135.13321,34.9646],[135.1385,34.96813],[135.1412,34.97513],[135.13896,34.97944],[135.13955,34.98993],[135.14339,34.9923],[135.14994,34.98877],[135.16092,34.98905],[135.164,34.99356],[135.17489,34.99641],[135.17554,35.00917],[135.18316,35.01074],[135.1848,35.01365],[135.19244,35.01775],[135.19681,35.02728],[135.20297,35.02536],[135.21417,35.02764],[135.22032,35.0353],[135.2225,35.03042],[135.22691,35.02841],[135.23535,35.02869],[135.23736,35.03599],[135.24519,35.03211],[135.24436,35.02923],[135.25,35.02669],[135.25341,35.02168],[135.25492,35.01151],[135.25905,35.01097],[135.2684,35.01481],[135.27606,35.01389],[135.28502,35.01585],[135.28775,35.01154],[135.29445,35.01358],[135.30478,35.0123],[135.30761,35.0098],[135.3145,35.01185],[135.31681,35.01541],[135.32144,35.01411],[135.32281,35.02471],[135.3398,35.02588],[135.33358,35.03516],[135.33374,35.03965],[135.3379,35.04265],[135.34909,35.0462],[135.34948,35.05087],[135.35948,35.05011],[135.36763,35.04399],[135.37125,35.04529],[135.36873,35.05489],[135.37131,35.05861],[135.37715,35.06087],[135.37661,35.06602],[135.38707,35.07254],[135.39369,35.0732],[135.39954,35.0761],[135.40011,35.08596],[135.40428,35.08899],[135.40068,35.09382],[135.39161,35.09803],[135.38768,35.09915],[135.38917,35.10833],[135.39331,35.11051],[135.38722,35.11649],[135.38607,35.12074],[135.3912,35.12648],[135.38981,35.12877],[135.38222,35.1298],[135.37274,35.12896],[135.36815,35.1311],[135.35988,35.13216],[135.35471,35.13666],[135.34322,35.13564],[135.33976,35.1378],[135.33744,35.14409],[135.34096,35.14966],[135.32684,35.14922],[135.32403,35.1466],[135.31533,35.14626],[135.30348,35.14276],[135.29875,35.1436],[135.29375,35.14157],[135.28762,35.14273],[135.27993,35.14697],[135.27854,35.15108],[135.28561,35.15266],[135.2881,35.15835],[135.29221,35.16131],[135.28932,35.17242],[135.28472,35.17119],[135.2741,35.17723],[135.26744,35.17571],[135.25356,35.17644],[135.25006,35.17803],[135.23753,35.17633],[135.23203,35.17746],[135.22857,35.16578],[135.22494,35.16376]]]},"properties":{"pref":"兵庫県","city":"丹波篠山市","code5":"28221","code6":"282219"}},
{"type":"Feature","geometry":{"type":"Polygon","coordinates":[[[134.6446,35.42801],[134.64927,35.42004],[134.64481,35.414],[134.64487,35.41093],[134.63927,35.40729],[134.62927,35.41032],[134.61814,35.40675],[134.61248,35.40031],[134.60824,35.39965],[134.60736,35.3942],[134.60092,35.38825],[134.58649,35.38972],[134.57638,35.39519],[134.56574,35.39193],[134.55534,35.3932],[134.54985,35.39049],[134.54149,35.38938],[134.53704,35.39464],[134.52925,35.39441],[134.5189,35.38866],[134.51234,35.38007],[134.5078,35.37898],[134.50402,35.37307],[134.50287,35.36596],[134.5046,35.35943],[134.5135,35.35409],[134.51028,35.35085],[134.5094,35.34213],[134.50684,35.33852],[134.51887,35.33044],[134.5288,35.3227],[134.53397,35.32234],[134.53793,35.31778],[134.54519,35.31581],[134.55005,35.30944],[134.56128,35.30736],[134.57247,35.29789],[134.57911,35.29627],[134.58122,35.28172],[134.58765,35.27421],[134.59024,35.27469],[134.60061,35.26662],[134.60377,35.2662],[134.61346,35.26949],[134.61975,35.27796],[134.62776,35.28075],[134.63407,35.27867],[134.64165,35.27389],[134.64114,35.27201],[134.65124,35.26183],[134.65063,35.25702],[134.65365,35.25349],[134.66132,35.25214],[134.66298,35.25576],[134.66914,35.25576],[134.67049,35.25006],[134.67666,35.24413],[134.68214,35.24167],[134.68861,35.24701],[134.69443,35.24884],[134.69985,35.25361],[134.69806,35.26198],[134.68592,35.27321],[134.69049,35.27457],[134.70038,35.28643],[134.70767,35.27908],[134.72001,35.2758],[134.72724,35.28102],[134.73175,35.27923],[134.73795,35.28024],[134.75118,35.27689],[134.75937,35.26592],[134.77146,35.26702],[134.77124,35.27048],[134.78969,35.27559],[134.79098,35.28036],[134.795,35.28306],[134.79375,35.29355],[134.7954,35.29772],[134.78892,35.30327],[134.77866,35.30729],[134.77539,35.3101],[134.77285,35.31877],[134.78241,35.32424],[134.79553,35.32609],[134.79833,35.33078],[134.80466,35.33651],[134.79752,35.3419],[134.79845,35.3453],[134.79478,35.35054],[134.79794,35.35736],[134.80412,35.35831],[134.81038,35.36189],[134.81466,35.36984],[134.81903,35.36903],[134.82315,35.37366],[134.83374,35.37587],[134.83752,35.37381],[134.85017,35.37528],[134.86272,35.38727],[134.86293,35.3939],[134.85696,35.40757],[134.84933,35.4089],[134.84516,35.41155],[134.84167,35.41705],[134.83973,35.42539],[134.83556,35.42715],[134.83393,35.43153],[134.81989,35.43813],[134.81743,35.4465],[134.80868,35.45185],[134.80118,35.45121],[134.79048,35.44763],[134.79191,35.44145],[134.7846,35.44223],[134.77206,35.44757],[134.7674,35.44709],[134.76322,35.44353],[134.74883,35.44329],[134.7452,35.43641],[134.75137,35.43051],[134.74739,35.42428],[134.7386,35.421],[134.72784,35.42327],[134.72222,35.42839],[134.71685,35.42446],[134.70473,35.42574],[134.70376,35.42818],[134.69645,35.42935],[134.68752,35.42665],[134.67929,35.42622],[134.67504,35.42846],[134.66769,35.42911],[134.66018,35.43274],[134.65382,35.42937],[134.6446,35.42801]]]},"properties":{"pref":"兵庫県","city":"養父市","code5":"28222","code6":"282227"}},
{"type":"Feature","geometry":{"type":"Polygon","coordinates":[[[134.93761,35.30761],[134.93817,35.30044],[134.93128,35.29673],[134.92879,35.29126],[134.92509,35.28894],[134.92299,35.27739],[134.91558,35.27284],[134.91522,35.26654],[134.90713,35.26051],[134.90299,35.2542],[134.90145,35.24787],[134.90374,35.23865],[134.9091,35.23458],[134.9066,35.22885],[134.90001,35.22771],[134.90496,35.22311],[134.91401,35.2179],[134.91863,35.21211],[134.92862,35.21301],[134.93571,35.21613],[134.94716,35.21465],[134.95073,35.20873],[134.95185,35.20319],[134.94849,35.19632],[134.95737,35.19042],[134.94653,35.17561],[134.95064,35.16667],[134.94895,35.15381],[134.95798,35.15377],[134.96126,35.14706],[134.9547,35.1427],[134.94232,35.13249],[134.94318,35.12398],[134.93766,35.11758],[134.93271,35.11599],[134.93036,35.10814],[134.94597,35.09354],[134.94338,35.08741],[134.94901,35.06936],[134.96018,35.06848],[134.96303,35.06618],[134.96819,35.07119],[134.9786,35.07015],[134.98361,35.0711],[134.99144,35.06878],[134.99915,35.06915],[135.01162,35.07181],[135.02519,35.07178],[135.02634,35.05782],[135.03804,35.05259],[135.05241,35.05158],[135.06043,35.05374],[135.0633,35.04689],[135.0694,35.04768],[135.08075,35.05142],[135.09599,35.05498],[135.10214,35.05561],[135.10578,35.05923],[135.11223,35.05997],[135.1187,35.05711],[135.12693,35.05022],[135.13101,35.05173],[135.12731,35.05984],[135.12871,35.06704],[135.12165,35.07319],[135.12501,35.07949],[135.11689,35.08586],[135.11407,35.0904],[135.11556,35.09615],[135.11119,35.09853],[135.11193,35.10299],[135.10871,35.10849],[135.10926,35.11251],[135.11561,35.11419],[135.1197,35.12203],[135.12563,35.12499],[135.12996,35.12311],[135.13588,35.12463],[135.14149,35.12244],[135.14859,35.12488],[135.15086,35.13069],[135.16087,35.12964],[135.16539,35.12655],[135.17248,35.12591],[135.18656,35.12896],[135.20876,35.12886],[135.21971,35.13593],[135.21794,35.13886],[135.22864,35.15043],[135.22806,35.15653],[135.22494,35.16376],[135.20663,35.16061],[135.20324,35.16491],[135.19337,35.1721],[135.18725,35.17194],[135.19014,35.18319],[135.18671,35.19022],[135.19289,35.19407],[135.20013,35.19552],[135.19706,35.20302],[135.18884,35.20683],[135.1881,35.21001],[135.18207,35.21598],[135.17513,35.2146],[135.17097,35.22027],[135.16307,35.22009],[135.15469,35.2267],[135.16182,35.23123],[135.16703,35.24274],[135.16121,35.2537],[135.16062,35.25835],[135.15725,35.26123],[135.14701,35.264],[135.14198,35.26228],[135.13479,35.26499],[135.12893,35.26072],[135.1193,35.26263],[135.10932,35.26629],[135.10033,35.25973],[135.09465,35.26002],[135.08961,35.25447],[135.08542,35.25319],[135.0829,35.24638],[135.07474,35.24325],[135.07287,35.23955],[135.06787,35.23735],[135.06448,35.24184],[135.06434,35.24644],[135.05803,35.25494],[135.05694,35.26448],[135.04949,35.26196],[135.04211,35.26408],[135.03577,35.26257],[135.01939,35.26789],[135.01048,35.26974],[135.01191,35.28051],[135.00732,35.28558],[134.99677,35.28967],[134.99286,35.28905],[134.98644,35.29259],[134.97645,35.29508],[134.96005,35.29791],[134.94712,35.30393],[134.94601,35.30715],[134.93761,35.30761]]]},"properties":{"pref":"兵庫県","city":"丹波市","code5":"28223","code6":"282235"}},
{"type":"Feature","geometry":{"type":"MultiPolygon","coordinates":[[[[134.74061,34.35245],[134.73087,34.33456],[134.72511,34.32927],[134.71728,34.32791],[134.71644,34.32395],[134.7061,34.32112],[134.70287,34.3243],[134.6935,34.32448],[134.68989,34.32934],[134.68625,34.32957],[134.68637,34.32614],[134.68174,34.32009],[134.67397,34.31755],[134.66794,34.30564],[134.66218,34.29693],[134.65841,34.29459],[134.66273,34.28922],[134.66004,34.27138],[134.66683,34.27162],[134.67178,34.26857],[134.67248,34.25939],[134.67599,34.25549],[134.6719,34.24987],[134.67444,34.24494],[134.68177,34.24837],[134.68581,34.24696],[134.69509,34.24784],[134.70018,34.24442],[134.71339,34.2547],[134.71807,34.25675],[134.72178,34.25034],[134.72083,34.24492],[134.71017,34.23892],[134.70678,34.2318],[134.70308,34.22907],[134.69978,34.2222],[134.70345,34.21674],[134.71087,34.21679],[134.71886,34.21485],[134.73068,34.20662],[134.73249,34.19887],[134.72932,34.1902],[134.73409,34.18872],[134.74618,34.19283],[134.75516,34.19457],[134.76685,34.19895],[134.77524,34.20047],[134.78457,34.19916],[134.80044,34.19999],[134.8033,34.20379],[134.81507,34.20814],[134.82471,34.21572],[134.82927,34.22161],[134.84635,34.23103],[134.86088,34.23547],[134.8715,34.23991],[134.86815,34.24442],[134.86249,34.24725],[134.85715,34.25236],[134.85557,34.25673],[134.85035,34.25833],[134.84658,34.26602],[134.83463,34.26965],[134.83716,34.27744],[134.8415,34.28015],[134.84225,34.28691],[134.83956,34.29582],[134.8415,34.3002],[134.83949,34.3061],[134.8354,34.30888],[134.83595,34.3188],[134.84008,34.31585],[134.84403,34.31987],[134.84055,34.32737],[134.84799,34.33278],[134.84008,34.33411],[134.83553,34.33669],[134.82589,34.33878],[134.82646,34.34254],[134.81912,34.34732],[134.81565,34.35555],[134.80073,34.34859],[134.78823,34.34807],[134.7837,34.35131],[134.77966,34.34893],[134.77196,34.3515],[134.76647,34.34866],[134.75854,34.34837],[134.7577,34.35328],[134.74805,34.35411],[134.74061,34.35245]]],[[[134.82144,34.17954],[134.81914,34.16768],[134.81157,34.16516],[134.8112,34.15711],[134.82134,34.15683],[134.83021,34.16411],[134.83066,34.17205],[134.82144,34.17954]]],[[[134.65378,34.29129],[134.65382,34.29155],[134.65377,34.29137],[134.65378,34.29129]]]]},"properties":{"pref":"兵庫県","city":"南あわじ市","code5":"28224","code6":"282243"}},
{"type":"Feature","geometry":{"type":"Polygon","coordinates":[[[134.93435,35.40741],[134.92925,35.41358],[134.91994,35.42113],[134.91539,35.42175],[134.90305,35.41368],[134.90195,35.40425],[134.88897,35.40452],[134.87896,35.4036],[134.87757,35.40572],[134.86251,35.40995],[134.85696,35.40757],[134.86293,35.3939],[134.86272,35.38727],[134.85017,35.37528],[134.83752,35.37381],[134.83374,35.37587],[134.82315,35.37366],[134.81903,35.36903],[134.81466,35.36984],[134.81038,35.36189],[134.80412,35.35831],[134.79794,35.35736],[134.79478,35.35054],[134.79845,35.3453],[134.79752,35.3419],[134.80466,35.33651],[134.79833,35.33078],[134.79553,35.32609],[134.78241,35.32424],[134.77285,35.31877],[134.77539,35.3101],[134.77866,35.30729],[134.78892,35.30327],[134.7954,35.29772],[134.79375,35.29355],[134.795,35.28306],[134.79098,35.28036],[134.78969,35.27559],[134.77124,35.27048],[134.77146,35.26702],[134.75937,35.26592],[134.75118,35.27689],[134.73795,35.28024],[134.73175,35.27923],[134.72724,35.28102],[134.72001,35.2758],[134.70767,35.27908],[134.70038,35.28643],[134.69049,35.27457],[134.68592,35.27321],[134.69806,35.26198],[134.69985,35.25361],[134.69443,35.24884],[134.69705,35.24164],[134.69041,35.23491],[134.69742,35.22897],[134.69875,35.22408],[134.69775,35.21448],[134.70354,35.21076],[134.71027,35.21213],[134.71417,35.2051],[134.7202,35.20228],[134.72129,35.19577],[134.72824,35.19312],[134.7274,35.18909],[134.72087,35.18647],[134.71757,35.17952],[134.72255,35.17457],[134.72447,35.16912],[134.72831,35.16603],[134.72352,35.15995],[134.72958,35.14723],[134.73528,35.14107],[134.75521,35.13661],[134.75915,35.14207],[134.76394,35.14469],[134.76666,35.13631],[134.76997,35.13323],[134.77374,35.12579],[134.77865,35.12821],[134.78102,35.13463],[134.78636,35.13783],[134.78979,35.14233],[134.79659,35.14223],[134.80516,35.14005],[134.81355,35.14208],[134.82523,35.13451],[134.83541,35.14001],[134.84455,35.14931],[134.84621,35.15616],[134.84433,35.16217],[134.85521,35.16622],[134.86662,35.16822],[134.86813,35.17125],[134.8792,35.17499],[134.88249,35.17981],[134.88305,35.18542],[134.89157,35.19415],[134.90148,35.19451],[134.91557,35.20557],[134.91863,35.21211],[134.91401,35.2179],[134.90496,35.22311],[134.90001,35.22771],[134.9066,35.22885],[134.9091,35.23458],[134.90374,35.23865],[134.90145,35.24787],[134.90299,35.2542],[134.90713,35.26051],[134.91522,35.26654],[134.91558,35.27284],[134.92299,35.27739],[134.92509,35.28894],[134.92879,35.29126],[134.93128,35.29673],[134.93817,35.30044],[134.93761,35.30761],[134.9247,35.31166],[134.92132,35.31741],[134.92593,35.32177],[134.9248,35.32609],[134.92806,35.33024],[134.92558,35.33668],[134.91721,35.34016],[134.91887,35.35012],[134.92347,35.35424],[134.91894,35.36444],[134.92683,35.37746],[134.92651,35.38573],[134.92298,35.39106],[134.92771,35.39955],[134.93154,35.4014],[134.93435,35.40741]]]},"properties":{"pref":"兵庫県","city":"朝来市","code5":"28225","code6":"282251"}},
{"type":"Feature","geometry":{"type":"Polygon","coordinates":[[[134.8947,34.39898],[134.89889,34.4093],[134.9011,34.41862],[134.91123,34.42972],[134.90654,34.43347],[134.91161,34.43741],[134.9159,34.43474],[134.924,34.44405],[134.92477,34.4487],[134.93431,34.45478],[134.943,34.46588],[134.94511,34.47144],[134.95298,34.48271],[134.95845,34.48885],[134.9726,34.497],[134.97958,34.50363],[134.98154,34.50842],[134.98599,34.51268],[134.99265,34.52255],[134.99441,34.53595],[134.99426,34.54286],[134.99426,34.54287],[135.00703,34.55624],[135.01761,34.56447],[135.0257,34.57658],[135.02104,34.58976],[135.01696,34.59078],[135.01215,34.59625],[135.01027,34.6018],[135.00219,34.60917],[134.99232,34.60706],[134.98407,34.60357],[134.97656,34.59805],[134.96978,34.58921],[134.96605,34.5863],[134.96026,34.57572],[134.95759,34.57364],[134.94722,34.56086],[134.9408,34.5568],[134.93507,34.54942],[134.93051,34.54723],[134.92606,34.54855],[134.91972,34.54432],[134.91345,34.53603],[134.91038,34.53552],[134.89683,34.5289],[134.88775,34.53031],[134.88234,34.52452],[134.87661,34.52217],[134.87382,34.51537],[134.86932,34.51315],[134.86363,34.50476],[134.85476,34.48887],[134.84703,34.47693],[134.83596,34.46674],[134.82804,34.46817],[134.82311,34.46712],[134.81872,34.46943],[134.81528,34.46183],[134.80987,34.45912],[134.80395,34.45036],[134.79771,34.44758],[134.78964,34.42843],[134.78795,34.42724],[134.79589,34.42639],[134.79947,34.42392],[134.80762,34.42373],[134.82039,34.42045],[134.8272,34.42009],[134.8334,34.42224],[134.8432,34.42031],[134.84166,34.41244],[134.84815,34.40364],[134.85437,34.40172],[134.85816,34.40386],[134.86397,34.41364],[134.87439,34.41197],[134.8812,34.40359],[134.88048,34.3944],[134.8947,34.39898]]]},"properties":{"pref":"兵庫県","city":"淡路市","code5":"28226","code6":"282260"}},
{"type":"Feature","geometry":{"type":"Polygon","coordinates":[[[134.67183,35.09322],[134.66397,35.09864],[134.6655,35.10486],[134.65617,35.11022],[134.65684,35.11462],[134.6631,35.12282],[134.65825,35.12686],[134.65672,35.13268],[134.66384,35.13933],[134.67138,35.15311],[134.67231,35.16013],[134.66906,35.16379],[134.66979,35.16831],[134.67684,35.1698],[134.68159,35.16845],[134.69282,35.17356],[134.69778,35.18351],[134.70607,35.18345],[134.71517,35.18703],[134.72087,35.18647],[134.7274,35.18909],[134.72824,35.19312],[134.72129,35.19577],[134.7202,35.20228],[134.71417,35.2051],[134.71027,35.21213],[134.70354,35.21076],[134.69775,35.21448],[134.69875,35.22408],[134.69742,35.22897],[134.69041,35.23491],[134.69705,35.24164],[134.69443,35.24884],[134.68861,35.24701],[134.68214,35.24167],[134.67666,35.24413],[134.67049,35.25006],[134.66914,35.25576],[134.66298,35.25576],[134.66132,35.25214],[134.65365,35.25349],[134.65063,35.25702],[134.65124,35.26183],[134.64114,35.27201],[134.64165,35.27389],[134.63407,35.27867],[134.62776,35.28075],[134.61975,35.27796],[134.61346,35.26949],[134.60377,35.2662],[134.60061,35.26662],[134.59024,35.27469],[134.58765,35.27421],[134.58122,35.28172],[134.57911,35.29627],[134.57247,35.29789],[134.56128,35.30736],[134.55005,35.30944],[134.54519,35.31581],[134.53793,35.31778],[134.53397,35.32234],[134.5288,35.3227],[134.51887,35.33044],[134.50684,35.33852],[134.50455,35.33727],[134.50192,35.32654],[134.50505,35.3163],[134.5148,35.30767],[134.51163,35.30529],[134.50928,35.29378],[134.5131,35.28653],[134.51524,35.27723],[134.50479,35.2718],[134.50198,35.26873],[134.49509,35.26685],[134.48991,35.26139],[134.48359,35.26028],[134.48234,35.25465],[134.47652,35.24909],[134.47142,35.2483],[134.46177,35.2431],[134.46382,35.2374],[134.44802,35.23794],[134.44419,35.23685],[134.44035,35.23166],[134.43532,35.22917],[134.4153,35.2391],[134.40281,35.24102],[134.397,35.22762],[134.38252,35.22172],[134.38115,35.21789],[134.38132,35.20635],[134.38299,35.19444],[134.39475,35.19135],[134.39967,35.18762],[134.41108,35.18697],[134.41263,35.17765],[134.40713,35.16985],[134.40618,35.16578],[134.41083,35.16291],[134.41316,35.15862],[134.41163,35.15196],[134.40869,35.14787],[134.41248,35.14639],[134.41602,35.13863],[134.41122,35.13163],[134.41275,35.12357],[134.42039,35.11963],[134.42851,35.12163],[134.43402,35.11787],[134.43633,35.11141],[134.44409,35.10676],[134.44565,35.10349],[134.43768,35.09562],[134.44153,35.08994],[134.44045,35.08198],[134.43495,35.07726],[134.4348,35.07199],[134.43862,35.05675],[134.43644,35.05395],[134.43966,35.04898],[134.43842,35.04195],[134.43557,35.03933],[134.44267,35.03536],[134.44963,35.03369],[134.46215,35.03362],[134.46549,35.03636],[134.47347,35.02908],[134.47654,35.02881],[134.47987,35.01993],[134.48661,35.01313],[134.48475,35.00727],[134.48864,35.00862],[134.49256,35.00058],[134.49827,35.00247],[134.50752,35.0027],[134.51119,35.00109],[134.50824,34.98941],[134.51521,34.97754],[134.51902,34.97409],[134.52382,34.9745],[134.53073,34.97208],[134.53558,34.96799],[134.54139,34.96883],[134.54489,34.97226],[134.55196,34.97539],[134.55328,34.97208],[134.5484,34.96826],[134.54879,34.95577],[134.55369,34.95313],[134.56251,34.95577],[134.57045,34.95432],[134.57421,34.96429],[134.57337,34.96803],[134.56445,34.97209],[134.56667,34.98195],[134.57541,34.98826],[134.58463,35.00003],[134.58294,35.00556],[134.58947,35.01172],[134.59437,35.02255],[134.59217,35.02597],[134.59131,35.03515],[134.59407,35.0407],[134.59139,35.04345],[134.59801,35.05036],[134.60534,35.06188],[134.60618,35.06934],[134.61372,35.07754],[134.61816,35.08505],[134.6237,35.08645],[134.62507,35.08213],[134.63699,35.08806],[134.65024,35.08753],[134.65178,35.08477],[134.66006,35.08125],[134.66385,35.08988],[134.67183,35.09322]]]},"properties":{"pref":"兵庫県","city":"宍粟市","code5":"28227","code6":"282278"}},
{"type":"Feature","geometry":{"type":"Polygon","coordinates":[[[134.92995,34.95794],[134.93407,34.94978],[134.93364,34.93352],[134.92631,34.92994],[134.91842,34.92841],[134.90526,34.93395],[134.90216,34.9295],[134.90434,34.9227],[134.90936,34.9195],[134.90714,34.91457],[134.90226,34.91701],[134.89716,34.91136],[134.90483,34.9119],[134.90685,34.90887],[134.90992,34.91124],[134.92161,34.9136],[134.93003,34.91277],[134.92886,34.90818],[134.93726,34.90305],[134.93796,34.89805],[134.93628,34.89122],[134.93096,34.88535],[134.93386,34.88194],[134.94221,34.88536],[134.9536,34.88328],[134.95606,34.88665],[134.96411,34.88396],[134.96724,34.89176],[134.97328,34.89358],[134.97304,34.89711],[134.984,34.89755],[134.99741,34.90078],[135.00298,34.89925],[135.00268,34.89274],[135.00497,34.88942],[135.0104,34.88857],[135.02346,34.87915],[135.02177,34.87595],[135.02691,34.86551],[135.02476,34.853],[135.02737,34.85227],[135.0359,34.85616],[135.04129,34.86178],[135.04741,34.86059],[135.05315,34.86326],[135.06269,34.87166],[135.06382,34.87722],[135.06218,34.88441],[135.06849,34.88711],[135.07634,34.88603],[135.08586,34.88647],[135.09423,34.89176],[135.09448,34.89601],[135.10376,34.90859],[135.10472,34.91355],[135.10824,34.91621],[135.11149,34.92399],[135.11845,34.92894],[135.11245,34.92813],[135.10753,34.92981],[135.10201,34.94475],[135.09735,34.94909],[135.0925,34.95678],[135.09267,34.96457],[135.09471,34.98134],[135.09366,34.99099],[135.09072,34.99174],[135.08188,34.98858],[135.07879,34.99552],[135.07254,34.99331],[135.07318,34.99889],[135.06668,35.00248],[135.05943,35.0089],[135.05491,35.00363],[135.05042,35.00266],[135.04502,34.99662],[135.0452,34.98702],[135.05035,34.98545],[135.05241,34.98167],[135.05138,34.9769],[135.04526,34.97379],[135.04111,34.9686],[135.03166,34.96535],[135.02445,34.96483],[135.01499,34.96613],[135.00982,34.96236],[135.004,34.96466],[135.00129,34.96046],[134.99556,34.95884],[134.98401,34.95969],[134.98148,34.95638],[134.97312,34.95284],[134.96689,34.95476],[134.96291,34.96105],[134.95913,34.95898],[134.94544,34.96048],[134.92995,34.95794]]]},"properties":{"pref":"兵庫県","city":"加東市","code5":"28228","code6":"282286"}},
{"type":"Feature","geometry":{"type":"Polygon","coordinates":[[[134.55749,34.80933],[134.55589,34.81933],[134.55765,34.82378],[134.55697,34.82947],[134.56106,34.83312],[134.56037,34.83843],[134.57658,34.84497],[134.57922,34.8538],[134.58473,34.86018],[134.58454,34.86401],[134.59142,34.87604],[134.59844,34.88042],[134.59666,34.88311],[134.59802,34.89491],[134.59339,34.89834],[134.57746,34.89525],[134.5711,34.89636],[134.56341,34.90324],[134.56614,34.90874],[134.57189,34.9114],[134.56791,34.92749],[134.56818,34.93101],[134.57316,34.93497],[134.57254,34.94803],[134.57045,34.95432],[134.56251,34.95577],[134.55369,34.95313],[134.54879,34.95577],[134.5484,34.96826],[134.55328,34.97208],[134.55196,34.97539],[134.54489,34.97226],[134.54139,34.96883],[134.53558,34.96799],[134.53073,34.97208],[134.52382,34.9745],[134.51902,34.97409],[134.51521,34.97754],[134.50824,34.98941],[134.51119,35.00109],[134.50752,35.0027],[134.49827,35.00247],[134.49256,35.00058],[134.48864,35.00862],[134.48475,35.00727],[134.47589,34.99358],[134.47357,34.98793],[134.47584,34.97889],[134.46714,34.97725],[134.46247,34.96865],[134.44926,34.96998],[134.4404,34.96675],[134.43228,34.96027],[134.42666,34.95029],[134.42952,34.94538],[134.43326,34.94541],[134.44456,34.93908],[134.44479,34.93428],[134.44876,34.9316],[134.44673,34.92747],[134.45164,34.92018],[134.44726,34.91339],[134.44858,34.90897],[134.47055,34.91071],[134.47487,34.92118],[134.48465,34.92169],[134.48079,34.91742],[134.48043,34.91115],[134.49145,34.90472],[134.4894,34.89971],[134.49598,34.89319],[134.49024,34.89097],[134.48816,34.88655],[134.49176,34.88436],[134.4846,34.87975],[134.48106,34.86952],[134.47566,34.86512],[134.46385,34.86145],[134.46693,34.84763],[134.47124,34.84925],[134.47568,34.84333],[134.48109,34.83911],[134.47934,34.83535],[134.48757,34.82575],[134.4983,34.83027],[134.49943,34.81905],[134.50364,34.81333],[134.50098,34.80882],[134.50199,34.80175],[134.49772,34.79762],[134.49809,34.7933],[134.50296,34.78534],[134.49833,34.78059],[134.48773,34.77636],[134.4825,34.77583],[134.47668,34.77152],[134.47779,34.76504],[134.47426,34.75521],[134.4812,34.75994],[134.4812,34.76589],[134.48622,34.76913],[134.49065,34.76675],[134.49441,34.77173],[134.49974,34.77448],[134.50358,34.7633],[134.50871,34.76427],[134.51126,34.7682],[134.51793,34.77174],[134.52295,34.77924],[134.53014,34.78217],[134.53217,34.77665],[134.53737,34.77495],[134.5397,34.77101],[134.54786,34.77323],[134.5595,34.76946],[134.5583,34.76434],[134.56988,34.75803],[134.5714,34.76547],[134.57051,34.77268],[134.57383,34.77931],[134.573,34.78922],[134.56972,34.79638],[134.55916,34.8059],[134.55749,34.80933]]]},"properties":{"pref":"兵庫県","city":"たつの市","code5":"28229","code6":"282294"}},
{"type":"Feature","geometry":{"type":"Polygon","coordinates":[[[135.3398,35.02588],[135.32281,35.02471],[135.32144,35.01411],[135.31681,35.01541],[135.3145,35.01185],[135.30761,35.0098],[135.30478,35.0123],[135.29445,35.01358],[135.28775,35.01154],[135.28993,35.00901],[135.28632,34.99741],[135.28929,34.99608],[135.29838,34.99701],[135.3029,34.99511],[135.30451,34.98971],[135.31037,34.98459],[135.30169,34.98233],[135.29795,34.97433],[135.3021,34.96291],[135.3053,34.96238],[135.30928,34.95964],[135.31446,34.95963],[135.31642,34.95232],[135.32088,34.94401],[135.32653,34.94126],[135.32512,34.93419],[135.33063,34.93229],[135.33391,34.91664],[135.33961,34.91646],[135.34208,34.91136],[135.3387,34.90305],[135.33208,34.90225],[135.3298,34.8981],[135.32501,34.8988],[135.32392,34.89384],[135.33386,34.89341],[135.33746,34.88744],[135.3393,34.87568],[135.34359,34.87479],[135.34864,34.86901],[135.35051,34.86422],[135.36081,34.86382],[135.36508,34.87395],[135.37006,34.87254],[135.38368,34.8775],[135.37936,34.88573],[135.38081,34.89107],[135.38877,34.89749],[135.39078,34.90235],[135.39678,34.90582],[135.40225,34.9143],[135.40519,34.91436],[135.4106,34.92122],[135.40709,34.9281],[135.4163,34.9298],[135.41848,34.93389],[135.41576,34.94079],[135.41041,34.93992],[135.40729,34.94367],[135.39596,34.94444],[135.39235,34.94137],[135.38717,34.94661],[135.38754,34.95098],[135.38189,34.95623],[135.37533,34.95513],[135.36392,34.95624],[135.36073,34.95442],[135.35425,34.96262],[135.34507,34.96685],[135.34875,34.97197],[135.34852,34.97578],[135.35224,34.97953],[135.35953,34.98252],[135.35256,34.99039],[135.35469,35.0066],[135.35371,35.0132],[135.35576,35.01652],[135.35472,35.02461],[135.34656,35.02667],[135.3398,35.02588]]]},"properties":{"pref":"兵庫県","county":"川辺郡","city":"猪名川町","code5":"28301","code6":"283011"}},
{"type":"Feature","geometry":{"type":"Polygon","coordinates":[[[134.9786,35.07015],[134.96819,35.07119],[134.96303,35.06618],[134.96018,35.06848],[134.94901,35.06936],[134.94338,35.08741],[134.94597,35.09354],[134.93036,35.10814],[134.93271,35.11599],[134.93766,35.11758],[134.94318,35.12398],[134.94232,35.13249],[134.9547,35.1427],[134.96126,35.14706],[134.95798,35.15377],[134.94895,35.15381],[134.95064,35.16667],[134.94653,35.17561],[134.95737,35.19042],[134.94849,35.19632],[134.95185,35.20319],[134.95073,35.20873],[134.94716,35.21465],[134.93571,35.21613],[134.92862,35.21301],[134.91863,35.21211],[134.91557,35.20557],[134.90148,35.19451],[134.90753,35.18878],[134.90742,35.18299],[134.90316,35.18206],[134.89763,35.17149],[134.90224,35.16906],[134.90356,35.16083],[134.89456,35.15346],[134.89066,35.14624],[134.88631,35.1461],[134.87545,35.13952],[134.87448,35.13401],[134.87084,35.12824],[134.86643,35.12548],[134.86724,35.12071],[134.86065,35.11462],[134.85393,35.11327],[134.85011,35.10346],[134.85371,35.09286],[134.85624,35.08915],[134.845,35.08396],[134.84523,35.07866],[134.84198,35.07586],[134.84247,35.0702],[134.83502,35.06393],[134.83627,35.06002],[134.8407,35.05798],[134.84803,35.04735],[134.8403,35.04149],[134.83794,35.03756],[134.83995,35.03252],[134.84819,35.02429],[134.84671,35.01846],[134.8514,35.01038],[134.86051,35.00578],[134.85992,34.9994],[134.86211,34.98473],[134.86914,34.98362],[134.87343,34.98042],[134.87747,34.98253],[134.89198,34.98116],[134.89885,34.98694],[134.90262,34.98147],[134.91501,34.9836],[134.9204,34.98178],[134.9277,34.99247],[134.92795,35.00755],[134.93424,35.01231],[134.93403,35.01676],[134.94762,35.02393],[134.94567,35.02885],[134.94934,35.03333],[134.94604,35.03786],[134.95495,35.03709],[134.95772,35.03171],[134.96195,35.03129],[134.96471,35.03693],[134.97181,35.03829],[134.97147,35.04604],[134.96406,35.05529],[134.97657,35.06186],[134.9786,35.07015]]]},"properties":{"pref":"兵庫県","county":"多可郡","city":"多可町","code5":"28365","code6":"283657"}},
{"type":"Feature","geometry":{"type":"Polygon","coordinates":[[[134.96137,34.76302],[134.95932,34.76948],[134.96294,34.77719],[134.95366,34.77836],[134.94721,34.77724],[134.9418,34.77988],[134.93507,34.77909],[134.9331,34.77757],[134.9321,34.76846],[134.91883,34.77606],[134.90749,34.7723],[134.89682,34.77744],[134.89177,34.77127],[134.89251,34.76526],[134.89013,34.76267],[134.88404,34.7638],[134.88054,34.7604],[134.88013,34.75582],[134.88833,34.7449],[134.88357,34.74262],[134.88778,34.73862],[134.88958,34.73262],[134.89854,34.72899],[134.89998,34.72559],[134.90689,34.72482],[134.91245,34.72131],[134.91829,34.7261],[134.92678,34.72713],[134.93583,34.73077],[134.94852,34.73259],[134.95407,34.73703],[134.96642,34.7525],[134.96137,34.76302]]]},"properties":{"pref":"兵庫県","county":"加古郡","city":"稲美町","code5":"28381","code6":"283819"}},
{"type":"Feature","geometry":{"type":"MultiPolygon","coordinates":[[[[134.89072,34.72123],[134.87987,34.7303],[134.87408,34.72698],[134.86484,34.72816],[134.8535,34.72566],[134.84928,34.72118],[134.84726,34.71533],[134.85015,34.716],[134.86638,34.70752],[134.87054,34.70285],[134.87556,34.70852],[134.88058,34.71022],[134.88541,34.71897],[134.89072,34.72123]]],[[[134.85426,34.70792],[134.84592,34.70825],[134.84002,34.69671],[134.85323,34.69414],[134.85828,34.69984],[134.86212,34.70744],[134.85426,34.70792]]],[[[134.86661,34.69636],[134.86176,34.69712],[134.85733,34.69209],[134.86289,34.68992],[134.86661,34.69636]]]]},"properties":{"pref":"兵庫県","county":"加古郡","city":"播磨町","code5":"28382","code6":"283827"}},
{"type":"Feature","geometry":{"type":"Polygon","coordinates":[[[134.706,35.01985],[134.71324,35.01765],[134.72018,35.0137],[134.72093,35.00893],[134.7325,34.99351],[134.73228,34.98689],[134.74305,34.98534],[134.74712,34.98016],[134.75558,34.97787],[134.76294,34.9779],[134.76446,34.97313],[134.76238,34.96374],[134.76963,34.96779],[134.78205,34.96909],[134.78841,34.97234],[134.79642,34.96956],[134.79891,34.97131],[134.8054,34.96958],[134.80897,34.97061],[134.81197,34.97698],[134.81342,34.98454],[134.82222,34.98934],[134.82827,34.99099],[134.83423,34.99772],[134.83272,35.0055],[134.84671,35.01846],[134.84819,35.02429],[134.83995,35.03252],[134.83794,35.03756],[134.8403,35.04149],[134.84803,35.04735],[134.8407,35.05798],[134.83627,35.06002],[134.83425,35.05861],[134.81993,35.05777],[134.81322,35.05595],[134.80908,35.04882],[134.80313,35.04282],[134.79391,35.03826],[134.79002,35.04052],[134.78316,35.03754],[134.77493,35.04109],[134.76799,35.04003],[134.76134,35.0438],[134.75414,35.04289],[134.7482,35.03923],[134.74038,35.04081],[134.73674,35.04526],[134.73794,35.04941],[134.72977,35.05398],[134.72031,35.05315],[134.71835,35.04373],[134.72146,35.04203],[134.72065,35.03552],[134.71421,35.03437],[134.71029,35.03158],[134.706,35.01985]]]},"properties":{"pref":"兵庫県","county":"神崎郡","city":"市川町","code5":"28442","code6":"284424"}},
{"type":"Feature","geometry":{"type":"Polygon","coordinates":[[[134.79375,34.91786],[134.79574,34.91965],[134.79424,34.9291],[134.79941,34.93254],[134.8004,34.93621],[134.79879,34.94897],[134.79602,34.95342],[134.804,34.96149],[134.8054,34.96958],[134.79891,34.97131],[134.79642,34.96956],[134.78841,34.97234],[134.78205,34.96909],[134.76963,34.96779],[134.76238,34.96374],[134.76446,34.97313],[134.76294,34.9779],[134.75558,34.97787],[134.74712,34.98016],[134.74305,34.98534],[134.73228,34.98689],[134.7325,34.99351],[134.72093,35.00893],[134.72018,35.0137],[134.71324,35.01765],[134.706,35.01985],[134.69826,35.01758],[134.69508,35.01171],[134.69853,35.00954],[134.70082,35.00133],[134.70844,34.99912],[134.7123,34.99381],[134.70942,34.98348],[134.70495,34.98014],[134.70648,34.97391],[134.71286,34.97293],[134.71827,34.96233],[134.71507,34.95734],[134.71751,34.95282],[134.7252,34.94775],[134.72911,34.9428],[134.72899,34.93814],[134.74682,34.93762],[134.75074,34.93461],[134.75578,34.93618],[134.76536,34.9348],[134.77004,34.92424],[134.77903,34.92311],[134.78476,34.91761],[134.79219,34.92008],[134.79375,34.91786]]]},"properties":{"pref":"兵庫県","county":"神崎郡","city":"福崎町","code5":"28443","code6":"284432"}},
{"type":"Feature","geometry":{"type":"Polygon","coordinates":[[[134.72031,35.05315],[134.72977,35.05398],[134.73794,35.04941],[134.73674,35.04526],[134.74038,35.04081],[134.7482,35.03923],[134.75414,35.04289],[134.76134,35.0438],[134.76799,35.04003],[134.77493,35.04109],[134.78316,35.03754],[134.79002,35.04052],[134.79391,35.03826],[134.80313,35.04282],[134.80908,35.04882],[134.81322,35.05595],[134.81993,35.05777],[134.83425,35.05861],[134.83627,35.06002],[134.83502,35.06393],[134.84247,35.0702],[134.84198,35.07586],[134.84523,35.07866],[134.845,35.08396],[134.85624,35.08915],[134.85371,35.09286],[134.85011,35.10346],[134.85393,35.11327],[134.86065,35.11462],[134.86724,35.12071],[134.86643,35.12548],[134.87084,35.12824],[134.87448,35.13401],[134.87545,35.13952],[134.88631,35.1461],[134.89066,35.14624],[134.89456,35.15346],[134.90356,35.16083],[134.90224,35.16906],[134.89763,35.17149],[134.90316,35.18206],[134.90742,35.18299],[134.90753,35.18878],[134.90148,35.19451],[134.89157,35.19415],[134.88305,35.18542],[134.88249,35.17981],[134.8792,35.17499],[134.86813,35.17125],[134.86662,35.16822],[134.85521,35.16622],[134.84433,35.16217],[134.84621,35.15616],[134.84455,35.14931],[134.83541,35.14001],[134.82523,35.13451],[134.81355,35.14208],[134.80516,35.14005],[134.79659,35.14223],[134.78979,35.14233],[134.78636,35.13783],[134.78102,35.13463],[134.77865,35.12821],[134.77374,35.12579],[134.76997,35.13323],[134.76666,35.13631],[134.76394,35.14469],[134.75915,35.14207],[134.75521,35.13661],[134.73528,35.14107],[134.72958,35.14723],[134.72352,35.15995],[134.72831,35.16603],[134.72447,35.16912],[134.72255,35.17457],[134.71757,35.17952],[134.72087,35.18647],[134.71517,35.18703],[134.70607,35.18345],[134.69778,35.18351],[134.69282,35.17356],[134.68159,35.16845],[134.67684,35.1698],[134.66979,35.16831],[134.66906,35.16379],[134.67231,35.16013],[134.67138,35.15311],[134.66384,35.13933],[134.65672,35.13268],[134.65825,35.12686],[134.6631,35.12282],[134.65684,35.11462],[134.65617,35.11022],[134.6655,35.10486],[134.66397,35.09864],[134.67183,35.09322],[134.67537,35.09434],[134.68329,35.09265],[134.68324,35.08516],[134.6856,35.08203],[134.70055,35.07556],[134.6985,35.0685],[134.70175,35.06406],[134.70151,35.05846],[134.71005,35.05374],[134.7174,35.05653],[134.72031,35.05315]]]},"properties":{"pref":"兵庫県","county":"神崎郡","city":"神河町","code5":"28446","code6":"284467"}},
{"type":"Feature","geometry":{"type":"Polygon","coordinates":[[[134.58473,34.86018],[134.57922,34.8538],[134.57658,34.84497],[134.56037,34.83843],[134.56106,34.83312],[134.55697,34.82947],[134.55765,34.82378],[134.55589,34.81933],[134.55749,34.80933],[134.56734,34.8066],[134.57752,34.80903],[134.58141,34.81348],[134.58143,34.8203],[134.58346,34.82315],[134.59046,34.82406],[134.5955,34.82765],[134.60437,34.82636],[134.60311,34.82008],[134.61951,34.81783],[134.62291,34.82116],[134.6273,34.82084],[134.63003,34.82844],[134.62765,34.83117],[134.62839,34.83751],[134.6232,34.83953],[134.6232,34.84301],[134.61528,34.84623],[134.61901,34.8505],[134.61694,34.85285],[134.60974,34.85213],[134.607,34.84962],[134.59954,34.85243],[134.5966,34.85849],[134.58877,34.85643],[134.58473,34.86018]]]},"properties":{"pref":"兵庫県","county":"揖保郡","city":"太子町","code5":"28464","code6":"284645"}},
{"type":"Feature","geometry":{"type":"Polygon","coordinates":[[[134.44858,34.90897],[134.44726,34.91339],[134.45164,34.92018],[134.44673,34.92747],[134.44876,34.9316],[134.44479,34.93428],[134.44456,34.93908],[134.43326,34.94541],[134.42952,34.94538],[134.42493,34.94199],[134.41463,34.938],[134.40283,34.93752],[134.3979,34.93843],[134.38704,34.93711],[134.37726,34.94216],[134.37229,34.9402],[134.36009,34.94244],[134.35428,34.94051],[134.35214,34.93389],[134.34396,34.93074],[134.33867,34.92493],[134.33517,34.92549],[134.32803,34.93264],[134.3197,34.93246],[134.31392,34.92757],[134.30683,34.92624],[134.29796,34.92075],[134.29999,34.91392],[134.29501,34.90746],[134.29411,34.9028],[134.28915,34.89769],[134.27779,34.89514],[134.26929,34.88909],[134.26749,34.8833],[134.26235,34.88198],[134.26708,34.87548],[134.26016,34.86731],[134.254,34.85696],[134.25456,34.84926],[134.26096,34.84697],[134.26461,34.83731],[134.26173,34.83115],[134.2663,34.82564],[134.28335,34.82975],[134.28842,34.82693],[134.28793,34.82156],[134.29561,34.81806],[134.29866,34.82307],[134.30767,34.82528],[134.32218,34.8269],[134.32269,34.83282],[134.32076,34.83874],[134.32326,34.84597],[134.32605,34.84824],[134.3337,34.84952],[134.33762,34.85265],[134.3441,34.84547],[134.35231,34.84738],[134.3572,34.84645],[134.36545,34.84223],[134.36675,34.84686],[134.36575,34.85633],[134.37329,34.85557],[134.37908,34.84958],[134.38283,34.84088],[134.3864,34.83981],[134.3918,34.84401],[134.39873,34.84585],[134.40217,34.85037],[134.40828,34.85423],[134.41218,34.85154],[134.4156,34.85478],[134.41586,34.86413],[134.42441,34.87914],[134.41921,34.8817],[134.41991,34.88707],[134.42612,34.89452],[134.4332,34.89675],[134.4341,34.90406],[134.43987,34.90307],[134.44546,34.90939],[134.44858,34.90897]]]},"properties":{"pref":"兵庫県","county":"赤穂郡","city":"上郡町","code5":"28481","code6":"284815"}},
{"type":"Feature","geometry":{"type":"Polygon","coordinates":[[[134.40869,35.14787],[134.39747,35.15214],[134.38826,35.15126],[134.38308,35.15249],[134.37756,35.14912],[134.37472,35.15087],[134.36739,35.14696],[134.36248,35.14009],[134.36329,35.13553],[134.36052,35.12931],[134.35643,35.12482],[134.36073,35.12035],[134.35346,35.11435],[134.35228,35.1111],[134.35503,35.09943],[134.34995,35.09411],[134.34955,35.09022],[134.33654,35.08875],[134.31908,35.08344],[134.32116,35.0675],[134.31718,35.06565],[134.31454,35.0609],[134.31433,35.05079],[134.31633,35.0432],[134.30774,35.0455],[134.30531,35.04017],[134.29779,35.04311],[134.29267,35.039],[134.28159,35.03362],[134.27521,35.02331],[134.2676,35.02154],[134.26444,35.01669],[134.26576,35.00497],[134.27897,35.00102],[134.28236,34.99659],[134.27784,34.98711],[134.27109,34.9839],[134.27193,34.97894],[134.27708,34.97579],[134.2743,34.96575],[134.27696,34.96333],[134.26734,34.95746],[134.2667,34.95443],[134.25999,34.95231],[134.2542,34.946],[134.25373,34.93909],[134.25994,34.93444],[134.26288,34.93766],[134.27309,34.93255],[134.2761,34.92968],[134.2748,34.92428],[134.27824,34.92168],[134.28449,34.92103],[134.28402,34.91697],[134.28736,34.91283],[134.29501,34.90746],[134.29999,34.91392],[134.29796,34.92075],[134.30683,34.92624],[134.31392,34.92757],[134.3197,34.93246],[134.32803,34.93264],[134.33517,34.92549],[134.33867,34.92493],[134.34396,34.93074],[134.35214,34.93389],[134.35428,34.94051],[134.36009,34.94244],[134.37229,34.9402],[134.37726,34.94216],[134.38704,34.93711],[134.3979,34.93843],[134.40283,34.93752],[134.41463,34.938],[134.42493,34.94199],[134.42952,34.94538],[134.42666,34.95029],[134.43228,34.96027],[134.4404,34.96675],[134.44926,34.96998],[134.46247,34.96865],[134.46714,34.97725],[134.47584,34.97889],[134.47357,34.98793],[134.47589,34.99358],[134.48475,35.00727],[134.48661,35.01313],[134.47987,35.01993],[134.47654,35.02881],[134.47347,35.02908],[134.46549,35.03636],[134.46215,35.03362],[134.44963,35.03369],[134.44267,35.03536],[134.43557,35.03933],[134.43842,35.04195],[134.43966,35.04898],[134.43644,35.05395],[134.43862,35.05675],[134.4348,35.07199],[134.43495,35.07726],[134.44045,35.08198],[134.44153,35.08994],[134.43768,35.09562],[134.44565,35.10349],[134.44409,35.10676],[134.43633,35.11141],[134.43402,35.11787],[134.42851,35.12163],[134.42039,35.11963],[134.41275,35.12357],[134.41122,35.13163],[134.41602,35.13863],[134.41248,35.14639],[134.40869,35.14787]]]},"properties":{"pref":"兵庫県","county":"佐用郡","city":"佐用町","code5":"28501","code6":"285013"}},
{"type":"Feature","geometry":{"type":"Polygon","coordinates":[[[134.73321,35.65845],[134.72498,35.667],[134.71145,35.66548],[134.70825,35.66388],[134.70852,35.6546],[134.70257,35.65548],[134.69662,35.65396],[134.69214,35.65959],[134.687,35.65644],[134.68106,35.65715],[134.67589,35.66016],[134.66772,35.65568],[134.66321,35.64815],[134.65979,35.65047],[134.66683,35.6626],[134.66402,35.66679],[134.65415,35.66397],[134.64766,35.65982],[134.64763,35.65979],[134.64137,35.6499],[134.63041,35.6503],[134.63039,35.6503],[134.62753,35.64985],[134.63095,35.64748],[134.62951,35.64205],[134.62159,35.63955],[134.61444,35.64045],[134.61349,35.64812],[134.6067,35.64904],[134.60775,35.6535],[134.60073,35.65803],[134.59044,35.65554],[134.58601,35.65994],[134.57953,35.66007],[134.57623,35.65676],[134.5708,35.65746],[134.5652,35.65587],[134.56519,35.65586],[134.56339,35.65535],[134.55684,35.65553],[134.55683,35.65555],[134.55643,35.65593],[134.55643,35.65595],[134.55642,35.65594],[134.5537,35.65739],[134.55215,35.65883],[134.55154,35.65864],[134.55069,35.65823],[134.54953,35.65933],[134.54912,35.66047],[134.54899,35.66093],[134.54893,35.66143],[134.54893,35.66148],[134.5489,35.66153],[134.54418,35.6667],[134.54421,35.66671],[134.54354,35.6675],[134.54249,35.66824],[134.54246,35.66825],[134.54243,35.66826],[134.54211,35.66843],[134.53988,35.66983],[134.53842,35.67021],[134.53301,35.66647],[134.52835,35.66769],[134.5232,35.66696],[134.5197,35.66241],[134.51912,35.66245],[134.51909,35.66253],[134.5173,35.66622],[134.51917,35.66207],[134.52311,35.66242],[134.52799,35.65254],[134.52423,35.64861],[134.52563,35.64306],[134.52269,35.63776],[134.5348,35.62478],[134.54438,35.62293],[134.54837,35.62585],[134.55747,35.62065],[134.56391,35.621],[134.57153,35.61887],[134.57512,35.61547],[134.57334,35.60982],[134.57914,35.60107],[134.57936,35.5967],[134.58652,35.59275],[134.58309,35.58625],[134.58388,35.57732],[134.57603,35.5751],[134.56919,35.56818],[134.56406,35.56785],[134.55055,35.56408],[134.54868,35.55931],[134.54301,35.55645],[134.54488,35.54965],[134.54256,35.54671],[134.54618,35.53939],[134.54294,35.535],[134.54939,35.52281],[134.54683,35.51912],[134.55055,35.5151],[134.54918,35.51065],[134.54132,35.50698],[134.5355,35.50857],[134.52893,35.50498],[134.52483,35.50779],[134.51734,35.5078],[134.49838,35.49102],[134.49742,35.48717],[134.49246,35.48648],[134.48506,35.46745],[134.48964,35.4622],[134.48771,35.45145],[134.49078,35.4486],[134.48554,35.43873],[134.48509,35.43267],[134.47735,35.42902],[134.47987,35.42496],[134.4767,35.41456],[134.48143,35.4105],[134.47442,35.39203],[134.4744,35.38619],[134.47138,35.38003],[134.47475,35.37471],[134.48284,35.37308],[134.48656,35.36919],[134.50287,35.36596],[134.50402,35.37307],[134.5078,35.37898],[134.51234,35.38007],[134.5189,35.38866],[134.52925,35.39441],[134.53704,35.39464],[134.54149,35.38938],[134.54985,35.39049],[134.55534,35.3932],[134.56574,35.39193],[134.57638,35.39519],[134.58649,35.38972],[134.60092,35.38825],[134.60736,35.3942],[134.60824,35.39965],[134.61248,35.40031],[134.61814,35.40675],[134.62927,35.41032],[134.63927,35.40729],[134.64487,35.41093],[134.64481,35.414],[134.64927,35.42004],[134.6446,35.42801],[134.63601,35.43225],[134.63085,35.44684],[134.63126,35.45524],[134.63567,35.45893],[134.63542,35.46591],[134.64404,35.47805],[134.63701,35.48863],[134.6366,35.4942],[134.62673,35.49795],[134.62415,35.50114],[134.61843,35.50195],[134.61647,35.51067],[134.61928,35.51289],[134.61678,35.51969],[134.6174,35.5239],[134.62408,35.52246],[134.6371,35.52702],[134.6391,35.5347],[134.63663,35.53747],[134.64015,35.5419],[134.64541,35.54186],[134.651,35.55016],[134.6538,35.5648],[134.65747,35.56619],[134.66189,35.57196],[134.67056,35.57425],[134.68156,35.57339],[134.68798,35.57512],[134.69151,35.57849],[134.69706,35.58754],[134.71011,35.60067],[134.71142,35.60481],[134.7097,35.61045],[134.7165,35.6195],[134.71327,35.63477],[134.71758,35.637],[134.72121,35.64497],[134.73083,35.65241],[134.73321,35.65845]]]},"properties":{"pref":"兵庫県","county":"美方郡","city":"香美町","code5":"28585","code6":"285854"}},
{"type":"Feature","geometry":{"type":"Polygon","coordinates":[[[134.5173,35.66622],[134.51859,35.66273],[134.51244,35.65813],[134.50555,35.66137],[134.50076,35.65779],[134.48991,35.65304],[134.48046,35.64665],[134.47761,35.64238],[134.47188,35.63875],[134.46276,35.63997],[134.45669,35.635],[134.45305,35.629],[134.44657,35.6291],[134.43482,35.63331],[134.43196,35.62982],[134.4358,35.6234],[134.43395,35.62099],[134.42494,35.62155],[134.42062,35.62434],[134.41787,35.61992],[134.40104,35.61581],[134.3953,35.61971],[134.38845,35.61777],[134.38743,35.61374],[134.37483,35.61333],[134.36994,35.61458],[134.37152,35.60857],[134.37484,35.60825],[134.38163,35.60334],[134.38729,35.60372],[134.39309,35.60137],[134.3931,35.59827],[134.40164,35.59503],[134.40826,35.58732],[134.40562,35.58443],[134.40714,35.5793],[134.40507,35.57071],[134.40995,35.5629],[134.41411,35.56406],[134.4215,35.56291],[134.42228,35.55657],[134.42506,35.55203],[134.42102,35.54489],[134.42401,35.542],[134.42333,35.53491],[134.42067,35.52857],[134.4131,35.5176],[134.42443,35.50875],[134.42763,35.50865],[134.43088,35.50247],[134.42743,35.49657],[134.43022,35.49228],[134.43791,35.47428],[134.43444,35.47083],[134.43458,35.46363],[134.43818,35.46123],[134.4401,35.4428],[134.44598,35.44202],[134.45226,35.43645],[134.46273,35.4368],[134.47233,35.42981],[134.47735,35.42902],[134.48509,35.43267],[134.48554,35.43873],[134.49078,35.4486],[134.48771,35.45145],[134.48964,35.4622],[134.48506,35.46745],[134.49246,35.48648],[134.49742,35.48717],[134.49838,35.49102],[134.51734,35.5078],[134.52483,35.50779],[134.52893,35.50498],[134.5355,35.50857],[134.54132,35.50698],[134.54918,35.51065],[134.55055,35.5151],[134.54683,35.51912],[134.54939,35.52281],[134.54294,35.535],[134.54618,35.53939],[134.54256,35.54671],[134.54488,35.54965],[134.54301,35.55645],[134.54868,35.55931],[134.55055,35.56408],[134.56406,35.56785],[134.56919,35.56818],[134.57603,35.5751],[134.58388,35.57732],[134.58309,35.58625],[134.58652,35.59275],[134.57936,35.5967],[134.57914,35.60107],[134.57334,35.60982],[134.57512,35.61547],[134.57153,35.61887],[134.56391,35.621],[134.55747,35.62065],[134.54837,35.62585],[134.54438,35.62293],[134.5348,35.62478],[134.52269,35.63776],[134.52563,35.64306],[134.52423,35.64861],[134.52799,35.65254],[134.52311,35.66242],[134.51917,35.66207],[134.5173,35.66622]]]},"properties":{"pref":"兵庫県","county":"美方郡","city":"新温泉町","code5":"28586","code6":"285862"}},
{"type":"Feature","geometry":{"type":"MultiPolygon","coordinates":[[[[135.30346,34.7191],[135.2996,34.72844],[135.29613,34.72838],[135.29069,34.73862],[135.28433,34.74439],[135.28713,34.74787],[135.28015,34.75195],[135.28064,34.75864],[135.27243,34.76964],[135.26685,34.78027],[135.26752,34.781],[135.27095,34.79183],[135.26862,34.7968],[135.26979,34.80185],[135.25063,34.80817],[135.24666,34.80395],[135.23322,34.81274],[135.2328,34.81897],[135.2297,34.82468],[135.23276,34.83717],[135.23322,34.84535],[135.24403,34.84815],[135.24774,34.84535],[135.26065,34.84204],[135.26556,34.84839],[135.27276,34.84681],[135.28017,34.8476],[135.28585,34.85555],[135.2898,34.85562],[135.29384,34.86133],[135.29197,34.86606],[135.28678,34.87079],[135.28564,34.87892],[135.2804,34.88575],[135.26303,34.88481],[135.24814,34.87784],[135.24194,34.87835],[135.22867,34.87255],[135.22188,34.87505],[135.21622,34.87485],[135.20991,34.87837],[135.20121,34.87599],[135.19223,34.88044],[135.18242,34.88859],[135.17859,34.88771],[135.16751,34.88914],[135.15505,34.88211],[135.15852,34.87617],[135.15619,34.87127],[135.15646,34.86015],[135.15835,34.85118],[135.15539,34.8435],[135.15125,34.84194],[135.14016,34.83449],[135.13755,34.83614],[135.12268,34.83757],[135.11534,34.8456],[135.11142,34.84637],[135.106,34.84356],[135.101,34.83455],[135.09241,34.83232],[135.09232,34.82821],[135.08498,34.82426],[135.08116,34.81705],[135.07599,34.81605],[135.07728,34.81206],[135.07495,34.80572],[135.08191,34.80151],[135.08568,34.79358],[135.09408,34.78972],[135.09253,34.78555],[135.09464,34.77862],[135.08267,34.77839],[135.07623,34.771],[135.06691,34.76777],[135.06199,34.76403],[135.05395,34.76507],[135.04753,34.77155],[135.04048,34.76973],[135.03867,34.76473],[135.03388,34.766],[135.02562,34.76415],[135.00747,34.76781],[135.00063,34.77026],[135.00183,34.77562],[134.99014,34.77398],[134.98055,34.76946],[134.97253,34.76282],[134.96137,34.76302],[134.96642,34.7525],[134.95407,34.73703],[134.94852,34.73259],[134.93583,34.73077],[134.92678,34.72713],[134.91829,34.7261],[134.91245,34.72131],[134.91005,34.72033],[134.91713,34.70728],[134.91898,34.7088],[134.93064,34.69915],[134.94051,34.70824],[134.94288,34.71263],[134.95161,34.71159],[134.95966,34.71337],[134.96495,34.71164],[134.96603,34.70768],[134.96328,34.70406],[134.96591,34.69759],[134.96518,34.68558],[134.96733,34.67995],[134.97138,34.6775],[134.97005,34.67148],[134.97439,34.66597],[134.97668,34.65863],[134.98373,34.66097],[134.98693,34.6574],[134.9963,34.65903],[134.99973,34.65691],[135.00619,34.65803],[135.01063,34.66148],[135.01391,34.65816],[135.0223,34.65735],[135.0264,34.66063],[135.03091,34.65958],[135.02969,34.65527],[135.02012,34.6474],[135.01871,34.64319],[135.02236,34.64146],[135.0323,34.63318],[135.03187,34.63129],[135.0456,34.62477],[135.05125,34.62679],[135.06008,34.62558],[135.07452,34.62832],[135.07427,34.63076],[135.09315,34.63472],[135.10226,34.63706],[135.11048,34.64064],[135.12461,34.64175],[135.13964,34.64257],[135.14755,34.64581],[135.16715,34.64794],[135.18331,34.6496],[135.18701,34.65265],[135.18055,34.65557],[135.17824,34.66165],[135.17827,34.66166],[135.186,34.66325],[135.18738,34.66688],[135.18311,34.6702],[135.18872,34.67101],[135.18438,34.68204],[135.19031,34.68132],[135.2075,34.68429],[135.21818,34.69002],[135.21625,34.69414],[135.22402,34.6917],[135.23831,34.69327],[135.23495,34.69854],[135.23976,34.70141],[135.24541,34.69936],[135.25433,34.70034],[135.2881,34.70395],[135.28727,34.71461],[135.29167,34.71542],[135.29427,34.71946],[135.30346,34.7191]]],[[[135.2814,34.6973],[135.27277,34.69875],[135.26416,34.69778],[135.25221,34.6933],[135.25446,34.67776],[135.29051,34.6817],[135.28947,34.68803],[135.27877,34.68967],[135.27833,34.69244],[135.2891,34.69087],[135.28816,34.69667],[135.2814,34.6973]]],[[[135.30395,34.70998],[135.30329,34.71688],[135.29387,34.71761],[135.29221,34.71203],[135.29364,34.70454],[135.30407,34.7057],[135.30395,34.70998]]],[[[135.28019,34.65135],[135.28285,34.65141],[135.28046,34.66608],[135.27454,34.66542],[135.27681,34.6513],[135.28019,34.65135]]],[[[135.22,34.68278],[135.21029,34.68129],[135.2107,34.67894],[135.20144,34.67363],[135.20236,34.65924],[135.21716,34.65008],[135.24511,34.65082],[135.23889,34.66125],[135.22815,34.65797],[135.22572,34.662],[135.23645,34.66529],[135.2334,34.67105],[135.22112,34.66731],[135.21957,34.66966],[135.23189,34.67343],[135.22802,34.67581],[135.21778,34.67268],[135.21631,34.67506],[135.22552,34.67789],[135.22,34.68278]]],[[[135.23655,34.64081],[135.22784,34.64113],[135.21352,34.64],[135.20886,34.63376],[135.20928,34.63014],[135.23871,34.6324],[135.23655,34.64081]]]]},"properties":{"pref":"兵庫県","city":"神戸市","code5":"28100","code6":"281000"}}
]}