{"type":"FeatureCollection", "features": [
{"type":"Feature","geometry":{"type":"MultiPolygon","coordinates":[[[[130.61137,31.67287],[130.60494,31.67372],[130.5989,31.67781],[130.60154,31.6853],[130.59891,31.68996],[130.59303,31.69145],[130.58462,31.69647],[130.58004,31.69716],[130.57775,31.70094],[130.57018,31.70394],[130.56529,31.70838],[130.56298,31.71877],[130.57262,31.72121],[130.57226,31.72685],[130.58191,31.72983],[130.58605,31.72791],[130.58282,31.74219],[130.57703,31.74367],[130.57442,31.74699],[130.56642,31.74696],[130.56361,31.74919],[130.54686,31.74955],[130.53994,31.75239],[130.53085,31.75214],[130.52349,31.74909],[130.52031,31.74596],[130.50819,31.74562],[130.50151,31.74418],[130.50173,31.73473],[130.50609,31.72944],[130.49826,31.72301],[130.49291,31.72534],[130.48901,31.72351],[130.48337,31.72879],[130.47614,31.72803],[130.47382,31.73014],[130.46944,31.72926],[130.46231,31.73457],[130.45483,31.73645],[130.44513,31.73203],[130.43287,31.73238],[130.42501,31.72578],[130.42061,31.71893],[130.41326,31.71699],[130.41395,31.71252],[130.42009,31.71057],[130.41939,31.70379],[130.42291,31.70013],[130.43495,31.69686],[130.43717,31.68079],[130.44204,31.68112],[130.44235,31.67014],[130.43952,31.66382],[130.44228,31.6552],[130.4479,31.65721],[130.45149,31.65511],[130.45854,31.65477],[130.46429,31.64554],[130.4657,31.63958],[130.47096,31.63619],[130.46749,31.62723],[130.45981,31.6307],[130.45264,31.62911],[130.43754,31.63073],[130.4366,31.62597],[130.42265,31.62158],[130.4214,31.61706],[130.42766,31.61004],[130.42824,31.60533],[130.42489,31.60238],[130.41498,31.59977],[130.41407,31.59437],[130.40178,31.59696],[130.39641,31.59016],[130.39116,31.58682],[130.38786,31.58229],[130.39041,31.57592],[130.40367,31.56461],[130.41137,31.56469],[130.42006,31.55497],[130.41898,31.54806],[130.42414,31.54655],[130.42838,31.53899],[130.4349,31.53891],[130.44688,31.53009],[130.44632,31.52332],[130.44933,31.51707],[130.44635,31.51218],[130.44838,31.50981],[130.43281,31.4965],[130.43489,31.4926],[130.44043,31.48947],[130.44519,31.48312],[130.44592,31.47577],[130.45145,31.4673],[130.45686,31.46573],[130.45785,31.46233],[130.46955,31.46218],[130.47237,31.45813],[130.48394,31.46031],[130.48267,31.45612],[130.48625,31.44573],[130.48369,31.43821],[130.48797,31.42326],[130.49726,31.41554],[130.49677,31.41251],[130.50853,31.40249],[130.50716,31.39807],[130.51051,31.39257],[130.50678,31.38425],[130.50574,31.37823],[130.50744,31.37146],[130.50533,31.36481],[130.49659,31.36063],[130.49038,31.35046],[130.48981,31.3474],[130.49443,31.33921],[130.50024,31.33864],[130.50101,31.33371],[130.50843,31.33003],[130.51621,31.33164],[130.52158,31.32775],[130.52253,31.32379],[130.52801,31.32245],[130.52806,31.31111],[130.5322,31.30786],[130.53967,31.29781],[130.53897,31.29479],[130.54555,31.29331],[130.56287,31.29742],[130.57142,31.29697],[130.57301,31.29916],[130.58417,31.30436],[130.57538,31.30961],[130.56467,31.3225],[130.55892,31.33943],[130.55716,31.34719],[130.55435,31.35157],[130.54732,31.36972],[130.54611,31.37456],[130.54808,31.37969],[130.55823,31.38609],[130.55008,31.39646],[130.53903,31.3908],[130.53693,31.39698],[130.53312,31.39807],[130.53049,31.40585],[130.52758,31.40731],[130.52387,31.41844],[130.52481,31.42482],[130.52247,31.42758],[130.51847,31.43983],[130.51846,31.43984],[130.51845,31.43988],[130.51845,31.4399],[130.51846,31.43995],[130.51848,31.43997],[130.51849,31.44],[130.51867,31.44887],[130.51358,31.45857],[130.51549,31.46416],[130.5322,31.46234],[130.53281,31.47],[130.51924,31.4715],[130.5148,31.48257],[130.51365,31.49078],[130.52075,31.49237],[130.52426,31.49053],[130.5257,31.48488],[130.53144,31.48426],[130.53396,31.50121],[130.52019,31.5044],[130.52141,31.50927],[130.53313,31.50719],[130.53853,31.52217],[130.53908,31.52821],[130.53582,31.52922],[130.5425,31.5395],[130.54806,31.54074],[130.54476,31.54497],[130.54755,31.54933],[130.5537,31.54643],[130.55884,31.54647],[130.5621,31.55653],[130.56882,31.57025],[130.5695,31.57926],[130.56356,31.59106],[130.56281,31.59717],[130.57253,31.60336],[130.57597,31.61536],[130.58617,31.62215],[130.59339,31.62525],[130.60231,31.63198],[130.60333,31.64513],[130.61135,31.65536],[130.61812,31.65611],[130.61318,31.66547],[130.61137,31.67287]]],[[[130.70687,31.55728],[130.71593,31.55974],[130.71614,31.56491],[130.71397,31.5729],[130.71607,31.57474],[130.71018,31.58016],[130.71798,31.58755],[130.71771,31.59232],[130.71141,31.59594],[130.71352,31.60052],[130.7002,31.61661],[130.69957,31.62106],[130.69214,31.62458],[130.68431,31.62161],[130.67976,31.62891],[130.67517,31.6251],[130.66918,31.62741],[130.65334,31.62505],[130.6425,31.6207],[130.63272,31.62184],[130.62611,31.62039],[130.61865,31.61358],[130.6112,31.60847],[130.60628,31.59739],[130.59858,31.59689],[130.59976,31.59275],[130.59312,31.59159],[130.59109,31.58891],[130.59205,31.58098],[130.59667,31.57913],[130.60269,31.57343],[130.60277,31.5735],[130.6085,31.57359],[130.61271,31.56713],[130.61245,31.56232],[130.62049,31.56129],[130.62037,31.55532],[130.62411,31.55224],[130.62963,31.55611],[130.63333,31.55297],[130.63585,31.54644],[130.63912,31.54515],[130.65004,31.54957],[130.65405,31.55075],[130.66538,31.55343],[130.67464,31.551],[130.67681,31.54494],[130.68186,31.54456],[130.68845,31.55157],[130.69439,31.55255],[130.69831,31.5557],[130.70687,31.55728]]]]},"properties":{"pref":"鹿児島県","city":"鹿児島市","code5":"46201","code6":"462012"}},
{"type":"Feature","geometry":{"type":"Polygon","coordinates":[[[130.92597,31.55346],[130.92877,31.56031],[130.92384,31.56685],[130.91357,31.57033],[130.90312,31.58448],[130.89823,31.58756],[130.89448,31.59497],[130.88414,31.60282],[130.87505,31.607],[130.86849,31.60776],[130.85485,31.61644],[130.84689,31.61264],[130.8473,31.60896],[130.83556,31.60757],[130.82344,31.60476],[130.82702,31.60117],[130.8275,31.59531],[130.8181,31.58418],[130.82083,31.5755],[130.81646,31.57045],[130.8191,31.56501],[130.81338,31.55957],[130.81218,31.55564],[130.81653,31.54615],[130.81117,31.54074],[130.80411,31.54006],[130.8017,31.53078],[130.80737,31.52844],[130.80129,31.5176],[130.79412,31.51109],[130.80396,31.50069],[130.81242,31.49929],[130.81729,31.49239],[130.81881,31.48584],[130.81702,31.4807],[130.81843,31.47724],[130.80931,31.46587],[130.8071,31.44967],[130.80295,31.44349],[130.79524,31.4392],[130.79534,31.43388],[130.78315,31.43124],[130.77973,31.43301],[130.7731,31.43039],[130.76017,31.42197],[130.76026,31.41405],[130.76568,31.40764],[130.77109,31.39301],[130.7706,31.38878],[130.7766,31.38493],[130.78109,31.37486],[130.77912,31.37321],[130.78492,31.36292],[130.78987,31.36065],[130.79372,31.34921],[130.80293,31.33692],[130.80351,31.33255],[130.80004,31.32222],[130.79462,31.31538],[130.79526,31.31104],[130.79036,31.30544],[130.79303,31.29571],[130.79809,31.29956],[130.80449,31.29954],[130.80647,31.30615],[130.80953,31.30967],[130.8207,31.30698],[130.82644,31.309],[130.83475,31.30837],[130.84042,31.30583],[130.84541,31.30071],[130.86255,31.29837],[130.86726,31.29426],[130.86788,31.2894],[130.86313,31.282],[130.86366,31.27792],[130.85967,31.27399],[130.86209,31.27107],[130.8702,31.27086],[130.8753,31.26887],[130.88035,31.2599],[130.88258,31.25875],[130.88982,31.24914],[130.89944,31.25199],[130.90355,31.24252],[130.91092,31.23945],[130.91693,31.23067],[130.9262,31.22779],[130.93551,31.23371],[130.93864,31.24431],[130.93763,31.24815],[130.93131,31.25557],[130.93289,31.26134],[130.92965,31.26657],[130.92498,31.28053],[130.9308,31.28686],[130.92792,31.29453],[130.92489,31.29736],[130.92519,31.30518],[130.91742,31.31538],[130.91737,31.32595],[130.9158,31.33136],[130.91671,31.3379],[130.91523,31.34185],[130.91598,31.34959],[130.91455,31.35823],[130.90621,31.36144],[130.90402,31.36885],[130.89736,31.37335],[130.8948,31.38875],[130.89558,31.39623],[130.90766,31.39057],[130.90824,31.38463],[130.90564,31.3781],[130.90775,31.3728],[130.91427,31.36739],[130.92904,31.3615],[130.92931,31.35879],[130.94089,31.3608],[130.94573,31.36423],[130.95255,31.36235],[130.95784,31.36477],[130.9643,31.36336],[130.96902,31.36805],[130.96536,31.37302],[130.97135,31.37892],[130.96166,31.38103],[130.96071,31.38804],[130.96244,31.39486],[130.95921,31.39909],[130.95992,31.40718],[130.95453,31.4124],[130.95266,31.42018],[130.95543,31.42484],[130.95368,31.43512],[130.95651,31.43785],[130.94958,31.45204],[130.9453,31.46433],[130.94017,31.4664],[130.9284,31.46749],[130.92361,31.46906],[130.91618,31.4679],[130.91132,31.4738],[130.90772,31.48094],[130.90367,31.48227],[130.90153,31.48656],[130.90032,31.49932],[130.90253,31.50234],[130.91498,31.50219],[130.91928,31.50607],[130.92255,31.51211],[130.91927,31.51516],[130.91916,31.52289],[130.92081,31.52953],[130.92008,31.5353],[130.91683,31.5379],[130.91655,31.54365],[130.91984,31.5504],[130.92597,31.55346]]]},"properties":{"pref":"鹿児島県","city":"鹿屋市","code5":"46203","code6":"462039"}},
{"type":"Feature","geometry":{"type":"Polygon","coordinates":[[[130.31162,31.33511],[130.30301,31.3394],[130.29644,31.33782],[130.29246,31.33136],[130.28675,31.33167],[130.26871,31.31443],[130.26031,31.31118],[130.24614,31.31229],[130.24424,31.30517],[130.25183,31.30314],[130.25894,31.29569],[130.26682,31.2929],[130.26507,31.28944],[130.25786,31.28358],[130.25856,31.28088],[130.25149,31.27706],[130.25295,31.27206],[130.26177,31.26471],[130.2637,31.25997],[130.26217,31.25615],[130.2752,31.24904],[130.28237,31.25431],[130.2816,31.26118],[130.28416,31.26742],[130.29261,31.26617],[130.29846,31.26364],[130.30693,31.2667],[130.3099,31.26551],[130.31636,31.2571],[130.32303,31.25519],[130.34106,31.25574],[130.3507,31.25093],[130.36858,31.25188],[130.36672,31.25611],[130.36785,31.26989],[130.36296,31.28599],[130.36547,31.29005],[130.36271,31.2962],[130.3633,31.29981],[130.37611,31.30827],[130.36718,31.31844],[130.36282,31.31216],[130.35768,31.31432],[130.34753,31.30879],[130.34216,31.31056],[130.33307,31.30889],[130.33012,31.30996],[130.32647,31.32],[130.32196,31.3225],[130.31162,31.33511]]]},"properties":{"pref":"鹿児島県","city":"枕崎市","code5":"46204","code6":"462047"}},
{"type":"Feature","geometry":{"type":"Polygon","coordinates":[[[130.23331,32.12819],[130.22677,32.1288],[130.21633,32.12456],[130.21133,32.12515],[130.19149,32.11585],[130.18978,32.11084],[130.18121,32.11056],[130.17592,32.1059],[130.17502,32.09095],[130.17127,32.08805],[130.17155,32.07818],[130.18379,32.07087],[130.18256,32.07887],[130.19209,32.08298],[130.19249,32.07666],[130.19503,32.0747],[130.19541,32.07451],[130.19556,32.07454],[130.19559,32.07442],[130.19561,32.07442],[130.19572,32.07436],[130.19571,32.07443],[130.19587,32.07451],[130.19588,32.07452],[130.1992,32.07703],[130.2045,32.0694],[130.20756,32.05826],[130.20374,32.05335],[130.20542,32.04699],[130.2032,32.03828],[130.19451,32.03568],[130.19099,32.02962],[130.19401,32.02432],[130.19136,32.01695],[130.19087,32.01797],[130.19022,32.01839],[130.18967,32.01674],[130.17938,32.01556],[130.18081,32.00784],[130.17894,32.00101],[130.18863,31.98953],[130.19562,31.9893],[130.2,31.98229],[130.20134,31.97748],[130.20868,31.97245],[130.20996,31.96936],[130.21002,31.96922],[130.21378,31.9578],[130.21379,31.95745],[130.21654,31.94885],[130.21583,31.94056],[130.21971,31.93276],[130.22003,31.92856],[130.22669,31.92816],[130.23077,31.93181],[130.23838,31.93162],[130.24167,31.93346],[130.2609,31.92814],[130.26718,31.93644],[130.26525,31.94112],[130.26862,31.94557],[130.26896,31.95133],[130.26509,31.96186],[130.26682,31.96686],[130.28039,31.95949],[130.28696,31.95161],[130.29615,31.95235],[130.30038,31.95707],[130.30266,31.967],[130.31134,31.97318],[130.31229,31.97725],[130.30603,31.98776],[130.29801,31.99031],[130.29471,31.99659],[130.29518,32.00215],[130.28901,32.00744],[130.27907,32.01052],[130.26426,32.0209],[130.25755,32.02094],[130.25361,32.02633],[130.24636,32.02608],[130.24395,32.03016],[130.2502,32.03286],[130.24569,32.03873],[130.24972,32.04152],[130.24628,32.04501],[130.25144,32.04961],[130.24857,32.05229],[130.25115,32.05778],[130.24108,32.06638],[130.23694,32.0655],[130.23306,32.0691],[130.23395,32.07723],[130.23389,32.09148],[130.23019,32.09588],[130.22814,32.10383],[130.23193,32.11043],[130.22994,32.11542],[130.23027,32.12341],[130.23331,32.12819]]]},"properties":{"pref":"鹿児島県","city":"阿久根市","code5":"46206","code6":"462063"}},
{"type":"Feature","geometry":{"type":"Polygon","coordinates":[[[130.36079,32.16861],[130.35848,32.16217],[130.36292,32.15449],[130.36294,32.15154],[130.35436,32.14498],[130.35241,32.13589],[130.34585,32.13023],[130.34092,32.12897],[130.33699,32.12492],[130.32961,32.1237],[130.32742,32.12145],[130.31571,32.11692],[130.31167,32.11194],[130.30947,32.10817],[130.28674,32.10928],[130.28352,32.11002],[130.27154,32.11672],[130.27337,32.1262],[130.2665,32.12866],[130.26468,32.11993],[130.25576,32.12648],[130.25205,32.12785],[130.24341,32.1288],[130.23331,32.12819],[130.23027,32.12341],[130.22994,32.11542],[130.23193,32.11043],[130.22814,32.10383],[130.23019,32.09588],[130.23389,32.09148],[130.23395,32.07723],[130.23306,32.0691],[130.23694,32.0655],[130.24108,32.06638],[130.25115,32.05778],[130.24857,32.05229],[130.25144,32.04961],[130.24628,32.04501],[130.24972,32.04152],[130.24569,32.03873],[130.2502,32.03286],[130.24395,32.03016],[130.24636,32.02608],[130.25361,32.02633],[130.25755,32.02094],[130.26426,32.0209],[130.27907,32.01052],[130.28901,32.00744],[130.29518,32.00215],[130.29471,31.99659],[130.29801,31.99031],[130.30603,31.98776],[130.31229,31.97725],[130.31895,31.9775],[130.3228,31.97347],[130.33408,31.97028],[130.34292,31.97046],[130.35265,31.97475],[130.35388,31.98269],[130.35784,31.98389],[130.36765,31.98084],[130.3676,31.98818],[130.38012,31.99088],[130.39101,31.99159],[130.39667,31.99466],[130.40476,31.99531],[130.40817,31.99327],[130.41398,31.99799],[130.41516,32.00766],[130.42784,32.01106],[130.43951,32.01188],[130.44702,32.00566],[130.457,32.00952],[130.45601,32.01356],[130.46162,32.01657],[130.46336,32.02419],[130.46118,32.02938],[130.46532,32.03131],[130.47764,32.03159],[130.47925,32.03561],[130.4834,32.03645],[130.49027,32.04218],[130.48961,32.04481],[130.50046,32.05456],[130.50247,32.06154],[130.50556,32.065],[130.51311,32.06697],[130.50974,32.07103],[130.50677,32.08519],[130.49999,32.08829],[130.49625,32.09501],[130.49301,32.09654],[130.49395,32.10466],[130.4867,32.11012],[130.48245,32.11121],[130.48473,32.11663],[130.47579,32.12238],[130.4735,32.11861],[130.46705,32.11566],[130.46331,32.11882],[130.45462,32.1139],[130.44946,32.11665],[130.44116,32.11398],[130.43042,32.11491],[130.42488,32.11698],[130.41142,32.11836],[130.40267,32.1202],[130.40333,32.12437],[130.39203,32.13416],[130.38751,32.14299],[130.38666,32.14739],[130.38,32.15057],[130.37201,32.15947],[130.3627,32.16547],[130.36079,32.16861]]]},"properties":{"pref":"鹿児島県","city":"出水市","code5":"46208","code6":"462080"}},
{"type":"Feature","geometry":{"type":"MultiPolygon","coordinates":[[[[130.53897,31.29479],[130.53592,31.28678],[130.54057,31.2805],[130.54018,31.27471],[130.54415,31.26553],[130.53921,31.25903],[130.53604,31.24546],[130.53105,31.23799],[130.53298,31.23336],[130.5319,31.22759],[130.52614,31.22166],[130.52115,31.21888],[130.5109,31.21591],[130.50857,31.21339],[130.51561,31.19841],[130.50825,31.19362],[130.50968,31.18277],[130.50861,31.1751],[130.51812,31.16586],[130.5302,31.16343],[130.54011,31.1671],[130.55376,31.17834],[130.56377,31.17609],[130.57308,31.17055],[130.58578,31.16066],[130.59273,31.16287],[130.58786,31.16872],[130.58937,31.17374],[130.59593,31.17975],[130.60137,31.1823],[130.61355,31.18313],[130.62609,31.18096],[130.63036,31.18478],[130.63477,31.18504],[130.6404,31.1904],[130.6402,31.19455],[130.6441,31.1971],[130.64581,31.2025],[130.64393,31.20627],[130.63726,31.20779],[130.62987,31.20176],[130.6296,31.21069],[130.64096,31.21692],[130.64582,31.21608],[130.65465,31.21716],[130.65781,31.2204],[130.65014,31.23386],[130.65294,31.2401],[130.65296,31.24108],[130.653,31.24705],[130.65707,31.2564],[130.66655,31.26684],[130.6598,31.26673],[130.65886,31.27104],[130.64335,31.27096],[130.62791,31.27349],[130.62118,31.27663],[130.61485,31.28514],[130.6071,31.29342],[130.59926,31.29251],[130.59432,31.29526],[130.59015,31.30158],[130.58417,31.30436],[130.57301,31.29916],[130.57142,31.29697],[130.56287,31.29742],[130.54555,31.29331],[130.53897,31.29479]]],[[[130.67746,31.28052],[130.67236,31.27525],[130.67736,31.27257],[130.68182,31.27755],[130.67746,31.28052]]]]},"properties":{"pref":"鹿児島県","city":"指宿市","code5":"46210","code6":"462101"}},
{"type":"Feature","geometry":{"type":"MultiPolygon","coordinates":[[[[131.03292,30.58752],[131.0409,30.59323],[131.04772,30.59495],[131.05512,30.60488],[131.05132,30.61222],[131.05304,30.61974],[131.05287,30.62912],[131.05875,30.64036],[131.05596,30.64567],[131.04977,30.64681],[131.05107,30.65656],[131.05617,30.67085],[131.06348,30.67543],[131.06187,30.68318],[131.06583,30.68641],[131.06705,30.69206],[131.07341,30.69223],[131.07776,30.69556],[131.07723,30.7042],[131.07507,30.70637],[131.07485,30.7137],[131.0728,30.71773],[131.07377,30.73388],[131.0719,30.74037],[131.07271,30.75697],[131.07158,30.76785],[131.07395,30.77299],[131.08131,30.77739],[131.08338,30.78271],[131.08258,30.78896],[131.07957,30.79488],[131.07154,30.79736],[131.07277,30.80913],[131.07171,30.81216],[131.06374,30.8159],[131.06417,30.82384],[131.06164,30.82536],[131.06202,30.83484],[131.05526,30.83892],[131.04646,30.82967],[131.0406,30.82197],[131.03255,30.82424],[131.03179,30.81484],[131.02272,30.80346],[131.0131,30.79476],[131.01062,30.78887],[131.0044,30.78574],[131.00291,30.78238],[131.00757,30.77641],[131.0088,30.76614],[131.00271,30.75509],[131.00359,30.75184],[130.99683,30.74318],[130.99116,30.74134],[130.98952,30.73678],[130.99374,30.72724],[130.99089,30.72332],[130.9823,30.72676],[130.98232,30.72674],[130.97894,30.72548],[130.97407,30.7132],[130.97416,30.70916],[130.96581,30.69878],[130.96343,30.69399],[130.95798,30.691],[130.9551,30.68434],[130.94697,30.6787],[130.94011,30.66873],[130.94768,30.66543],[130.94182,30.64803],[130.94616,30.64322],[130.9492,30.63565],[130.9539,30.63805],[130.96874,30.63915],[130.97574,30.64389],[130.98024,30.64227],[130.97933,30.62986],[130.98192,30.62491],[130.98791,30.62256],[130.98399,30.6179],[130.9852,30.615],[130.99647,30.60837],[131.00753,30.60527],[131.01262,30.60052],[131.02135,30.59726],[131.03292,30.58752]]],[[[130.85762,30.76579],[130.85287,30.76299],[130.84975,30.75692],[130.84232,30.74893],[130.84306,30.74648],[130.83964,30.73958],[130.83833,30.72698],[130.84463,30.72728],[130.8567,30.72537],[130.86441,30.73079],[130.86797,30.74104],[130.86454,30.74877],[130.86121,30.75098],[130.85967,30.75706],[130.86065,30.76235],[130.85762,30.76579]]]]},"properties":{"pref":"鹿児島県","city":"西之表市","code5":"46213","code6":"462136"}},
{"type":"Feature","geometry":{"type":"MultiPolygon","coordinates":[[[[130.69831,31.5557],[130.70409,31.54832],[130.70701,31.5412],[130.70621,31.5315],[130.70562,31.53103],[130.70479,31.53097],[130.69931,31.53001],[130.69747,31.51735],[130.69746,31.51735],[130.69517,31.50993],[130.69801,31.50077],[130.69675,31.49805],[130.69674,31.49795],[130.69673,31.49781],[130.69672,31.4977],[130.69638,31.49716],[130.69595,31.49756],[130.6965,31.49456],[130.69117,31.4892],[130.69155,31.47843],[130.69578,31.47784],[130.69686,31.46872],[130.69933,31.46173],[130.70626,31.45821],[130.71632,31.45642],[130.72944,31.452],[130.73537,31.44713],[130.73698,31.44258],[130.74433,31.43739],[130.75201,31.42785],[130.75538,31.4259],[130.76026,31.41405],[130.76017,31.42197],[130.7731,31.43039],[130.77973,31.43301],[130.78315,31.43124],[130.79534,31.43388],[130.79524,31.4392],[130.80295,31.44349],[130.8071,31.44967],[130.80931,31.46587],[130.81843,31.47724],[130.81702,31.4807],[130.81881,31.48584],[130.81729,31.49239],[130.81242,31.49929],[130.80396,31.50069],[130.79412,31.51109],[130.80129,31.5176],[130.80737,31.52844],[130.8017,31.53078],[130.80411,31.54006],[130.81117,31.54074],[130.81653,31.54615],[130.81218,31.55564],[130.81338,31.55957],[130.8191,31.56501],[130.81646,31.57045],[130.82083,31.5755],[130.8181,31.58418],[130.8275,31.59531],[130.82702,31.60117],[130.82344,31.60476],[130.82159,31.60797],[130.81398,31.61132],[130.80901,31.61807],[130.8149,31.61834],[130.81459,31.62565],[130.80644,31.63059],[130.80106,31.63193],[130.79577,31.6183],[130.79597,31.61269],[130.79145,31.60673],[130.78665,31.60357],[130.78815,31.5945],[130.78731,31.58595],[130.7828,31.58231],[130.77729,31.57274],[130.76841,31.56768],[130.76696,31.56356],[130.75218,31.55834],[130.73597,31.559],[130.72519,31.55734],[130.70687,31.55728],[130.69831,31.5557]]],[[[130.69595,31.49756],[130.69594,31.49769],[130.6959,31.49782],[130.69595,31.49756]]]]},"properties":{"pref":"鹿児島県","city":"垂水市","code5":"46214","code6":"462144"}},
{"type":"Feature","geometry":{"type":"MultiPolygon","coordinates":[[[[130.47382,31.73014],[130.47294,31.7341],[130.48086,31.73944],[130.48235,31.747],[130.48991,31.75053],[130.49681,31.75783],[130.5019,31.75892],[130.50437,31.76853],[130.50232,31.77395],[130.50446,31.77677],[130.5019,31.78302],[130.50146,31.79128],[130.5184,31.79995],[130.5185,31.80946],[130.52122,31.81236],[130.52204,31.81898],[130.52036,31.82443],[130.52459,31.83134],[130.52732,31.82978],[130.53516,31.8346],[130.5333,31.83807],[130.53686,31.8429],[130.54931,31.85273],[130.56141,31.85916],[130.56676,31.85638],[130.57472,31.85837],[130.57999,31.86432],[130.58292,31.87247],[130.58832,31.87526],[130.58946,31.87988],[130.58393,31.88023],[130.57688,31.88336],[130.5728,31.8911],[130.56891,31.89396],[130.55793,31.895],[130.5529,31.89365],[130.54707,31.89572],[130.53901,31.89353],[130.53372,31.89402],[130.51839,31.89789],[130.51842,31.90183],[130.50558,31.90241],[130.50814,31.89272],[130.49772,31.88778],[130.48819,31.89068],[130.48706,31.89486],[130.4755,31.89236],[130.47449,31.88481],[130.46979,31.87133],[130.46581,31.86774],[130.46538,31.86323],[130.46854,31.85623],[130.46093,31.85393],[130.46541,31.8458],[130.46507,31.82754],[130.46324,31.82367],[130.45646,31.81973],[130.45215,31.8357],[130.44602,31.83999],[130.43959,31.84087],[130.42941,31.84443],[130.41518,31.84385],[130.41328,31.85076],[130.40998,31.85055],[130.40005,31.86094],[130.4025,31.8682],[130.40013,31.87777],[130.40394,31.88353],[130.40187,31.89161],[130.40324,31.89482],[130.40163,31.90369],[130.39557,31.90864],[130.39066,31.91542],[130.37903,31.92285],[130.37792,31.92625],[130.36053,31.92941],[130.34793,31.93541],[130.342,31.94657],[130.34632,31.94794],[130.34633,31.95206],[130.34025,31.96253],[130.34484,31.96362],[130.34292,31.97046],[130.33408,31.97028],[130.3228,31.97347],[130.31895,31.9775],[130.31229,31.97725],[130.31134,31.97318],[130.30266,31.967],[130.30038,31.95707],[130.29615,31.95235],[130.28696,31.95161],[130.28039,31.95949],[130.26682,31.96686],[130.26509,31.96186],[130.26896,31.95133],[130.26862,31.94557],[130.26525,31.94112],[130.26718,31.93644],[130.2609,31.92814],[130.24167,31.93346],[130.23838,31.93162],[130.23077,31.93181],[130.22669,31.92816],[130.22003,31.92856],[130.21934,31.91703],[130.22424,31.91072],[130.22125,31.89563],[130.21808,31.89366],[130.21739,31.88766],[130.21407,31.88271],[130.21479,31.88129],[130.20954,31.87154],[130.20406,31.86875],[130.19858,31.86386],[130.196,31.85742],[130.1988,31.85357],[130.19526,31.8439],[130.18755,31.83643],[130.18596,31.83001],[130.1801,31.81822],[130.1732,31.8149],[130.17439,31.80801],[130.17319,31.80097],[130.16668,31.79491],[130.172,31.78479],[130.1802,31.77882],[130.19113,31.78216],[130.19175,31.78651],[130.19552,31.78973],[130.2054,31.79066],[130.21459,31.7857],[130.22135,31.78788],[130.22758,31.78533],[130.23452,31.78786],[130.23837,31.78451],[130.23994,31.7774],[130.25118,31.77705],[130.25994,31.76716],[130.26827,31.76516],[130.27314,31.76076],[130.28273,31.7584],[130.28388,31.75537],[130.29455,31.75738],[130.29742,31.76096],[130.30369,31.76334],[130.31206,31.76365],[130.31708,31.75611],[130.31811,31.75146],[130.32404,31.74861],[130.33441,31.74961],[130.34826,31.75518],[130.35098,31.75786],[130.3589,31.75559],[130.35837,31.75181],[130.36315,31.74238],[130.37378,31.74201],[130.37868,31.7381],[130.37803,31.73066],[130.39178,31.73391],[130.40233,31.73169],[130.41131,31.73202],[130.41502,31.7245],[130.41326,31.71699],[130.42061,31.71893],[130.42501,31.72578],[130.43287,31.73238],[130.44513,31.73203],[130.45483,31.73645],[130.46231,31.73457],[130.46944,31.72926],[130.47382,31.73014]]],[[[129.66041,31.64949],[129.66618,31.64105],[129.66684,31.63527],[129.67287,31.63697],[129.68466,31.62956],[129.68495,31.62295],[129.69657,31.6228],[129.69953,31.62547],[129.69707,31.63264],[129.70123,31.63672],[129.70623,31.63749],[129.71053,31.63482],[129.7104,31.62637],[129.71659,31.62802],[129.71169,31.63342],[129.71687,31.63449],[129.71925,31.63959],[129.72836,31.64327],[129.72628,31.6482],[129.73698,31.65367],[129.73842,31.65631],[129.72681,31.66079],[129.72548,31.67112],[129.72845,31.67601],[129.73518,31.68064],[129.73815,31.68685],[129.74365,31.68716],[129.74387,31.69675],[129.73918,31.69801],[129.73949,31.70597],[129.7482,31.71729],[129.75674,31.717],[129.75803,31.71022],[129.76749,31.71222],[129.77132,31.71555],[129.77362,31.7252],[129.7795,31.73561],[129.77804,31.74364],[129.78195,31.74731],[129.78937,31.75096],[129.78925,31.75774],[129.79329,31.7616],[129.79908,31.76134],[129.80185,31.76407],[129.79647,31.76762],[129.7971,31.77263],[129.79317,31.77682],[129.79668,31.78237],[129.78606,31.78593],[129.78187,31.77384],[129.78913,31.76877],[129.78551,31.76053],[129.7798,31.7543],[129.77892,31.74713],[129.7758,31.74585],[129.7739,31.74029],[129.76597,31.7435],[129.76336,31.73758],[129.74918,31.7378],[129.74207,31.73577],[129.7396,31.7323],[129.72439,31.72747],[129.71697,31.72752],[129.70596,31.72285],[129.70538,31.71859],[129.69963,31.71398],[129.70089,31.70639],[129.69102,31.70302],[129.69336,31.69247],[129.68988,31.68961],[129.68388,31.68057],[129.68512,31.67787],[129.68171,31.67106],[129.67713,31.66699],[129.68205,31.66458],[129.67808,31.66086],[129.67078,31.66015],[129.66731,31.66279],[129.65811,31.65921],[129.66041,31.64949]]],[[[129.92535,31.81961],[129.92998,31.8243],[129.92924,31.83864],[129.92066,31.83939],[129.91954,31.84345],[129.92237,31.84764],[129.93112,31.85044],[129.928,31.85617],[129.92963,31.85906],[129.92382,31.86156],[129.92588,31.86666],[129.91543,31.86721],[129.90984,31.86534],[129.90861,31.85612],[129.91701,31.85205],[129.91725,31.84714],[129.91072,31.84295],[129.89844,31.84728],[129.89655,31.8523],[129.89235,31.85464],[129.88631,31.85464],[129.88154,31.85732],[129.87362,31.86804],[129.8628,31.8773],[129.85265,31.88296],[129.83489,31.88161],[129.82783,31.86799],[129.82324,31.86351],[129.81714,31.86166],[129.82157,31.84831],[129.82143,31.84295],[129.82678,31.84376],[129.83169,31.83858],[129.83621,31.83893],[129.83341,31.84736],[129.83401,31.85366],[129.84245,31.8599],[129.84979,31.85468],[129.85722,31.8563],[129.85669,31.85228],[129.8439,31.8517],[129.84373,31.84615],[129.84881,31.84266],[129.84772,31.83268],[129.85187,31.83307],[129.85736,31.83728],[129.86238,31.83583],[129.8614,31.82672],[129.85715,31.82229],[129.86492,31.81941],[129.86966,31.82234],[129.87352,31.82032],[129.87119,31.81282],[129.87399,31.80938],[129.88948,31.81115],[129.89925,31.81385],[129.90354,31.82012],[129.90767,31.82208],[129.91636,31.82118],[129.91906,31.8169],[129.92535,31.81961]]],[[[129.83131,31.79317],[129.83563,31.79753],[129.84188,31.79662],[129.84376,31.80069],[129.83608,31.80542],[129.8431,31.81468],[129.83962,31.81908],[129.82753,31.81597],[129.82054,31.81265],[129.81864,31.80164],[129.81356,31.79754],[129.81803,31.78421],[129.81752,31.7793],[129.82293,31.77523],[129.82965,31.77549],[129.83022,31.78107],[129.82611,31.78537],[129.82515,31.78996],[129.83131,31.79317]]]]},"properties":{"pref":"鹿児島県","city":"薩摩川内市","code5":"46215","code6":"462152"}},
{"type":"Feature","geometry":{"type":"Polygon","coordinates":[[[130.41326,31.71699],[130.41502,31.7245],[130.41131,31.73202],[130.40233,31.73169],[130.39178,31.73391],[130.37803,31.73066],[130.37697,31.7227],[130.37822,31.71],[130.37161,31.70543],[130.35055,31.70097],[130.34942,31.69917],[130.33476,31.69684],[130.32999,31.69711],[130.32804,31.69195],[130.33115,31.68686],[130.329,31.68274],[130.32277,31.67894],[130.32417,31.66842],[130.31561,31.65859],[130.32402,31.64393],[130.32917,31.62903],[130.3321,31.6153],[130.33432,31.59947],[130.33486,31.57958],[130.3337,31.56279],[130.33032,31.54166],[130.32647,31.52569],[130.31961,31.50486],[130.31299,31.49082],[130.31927,31.48939],[130.3221,31.48577],[130.33785,31.48624],[130.34628,31.4841],[130.3518,31.47789],[130.35732,31.47589],[130.36079,31.47976],[130.373,31.47853],[130.37805,31.47566],[130.3829,31.47717],[130.38642,31.47506],[130.4002,31.47833],[130.41101,31.48676],[130.42404,31.49058],[130.43289,31.49065],[130.43489,31.4926],[130.43281,31.4965],[130.44838,31.50981],[130.44635,31.51218],[130.44933,31.51707],[130.44632,31.52332],[130.44688,31.53009],[130.4349,31.53891],[130.42838,31.53899],[130.42414,31.54655],[130.41898,31.54806],[130.42006,31.55497],[130.41137,31.56469],[130.40367,31.56461],[130.39041,31.57592],[130.38786,31.58229],[130.39116,31.58682],[130.39641,31.59016],[130.40178,31.59696],[130.41407,31.59437],[130.41498,31.59977],[130.42489,31.60238],[130.42824,31.60533],[130.42766,31.61004],[130.4214,31.61706],[130.42265,31.62158],[130.4366,31.62597],[130.43754,31.63073],[130.45264,31.62911],[130.45981,31.6307],[130.46749,31.62723],[130.47096,31.63619],[130.4657,31.63958],[130.46429,31.64554],[130.45854,31.65477],[130.45149,31.65511],[130.4479,31.65721],[130.44228,31.6552],[130.43952,31.66382],[130.44235,31.67014],[130.44204,31.68112],[130.43717,31.68079],[130.43495,31.69686],[130.42291,31.70013],[130.41939,31.70379],[130.42009,31.71057],[130.41395,31.71252],[130.41326,31.71699]]]},"properties":{"pref":"鹿児島県","city":"日置市","code5":"46216","code6":"462161"}},
{"type":"Feature","geometry":{"type":"Polygon","coordinates":[[[130.88454,31.80543],[130.88012,31.79883],[130.88204,31.79614],[130.87658,31.79055],[130.87527,31.78668],[130.87884,31.78449],[130.87959,31.77614],[130.87468,31.76891],[130.88753,31.76492],[130.88763,31.76048],[130.8996,31.75281],[130.89257,31.74691],[130.88739,31.73554],[130.89472,31.73095],[130.89876,31.73051],[130.89769,31.71434],[130.90007,31.70683],[130.89851,31.69884],[130.9041,31.69317],[130.90507,31.68745],[130.90351,31.6784],[130.90586,31.67135],[130.91032,31.66788],[130.91055,31.66321],[130.90239,31.66023],[130.88203,31.66421],[130.87765,31.66587],[130.86884,31.66559],[130.86575,31.65314],[130.86771,31.64909],[130.87294,31.6461],[130.87713,31.64702],[130.87783,31.64105],[130.8829,31.63838],[130.882,31.62874],[130.88332,31.62216],[130.8809,31.62104],[130.86968,31.62413],[130.86375,31.62122],[130.86147,31.62428],[130.85485,31.61644],[130.86849,31.60776],[130.87505,31.607],[130.88414,31.60282],[130.89448,31.59497],[130.89823,31.58756],[130.90312,31.58448],[130.91357,31.57033],[130.92384,31.56685],[130.92877,31.56031],[130.92597,31.55346],[130.93115,31.54906],[130.9387,31.54016],[130.94297,31.54098],[130.94965,31.53526],[130.95393,31.53619],[130.96275,31.54017],[130.96317,31.53366],[130.96064,31.5307],[130.96848,31.53408],[130.96771,31.53936],[130.97428,31.53959],[130.98749,31.53852],[130.99575,31.53538],[130.99912,31.53624],[131.002,31.52944],[131.01761,31.53486],[131.02384,31.53871],[131.02642,31.54286],[131.01967,31.54528],[131.01891,31.55381],[131.02073,31.55584],[131.02781,31.55539],[131.03207,31.56129],[131.03921,31.56494],[131.0392,31.57236],[131.03528,31.57329],[131.03354,31.57842],[131.0295,31.58317],[131.02493,31.58423],[131.02072,31.58988],[131.01464,31.59265],[131.02118,31.59587],[131.0257,31.60472],[131.02987,31.60884],[131.03653,31.60819],[131.04017,31.60432],[131.04905,31.60207],[131.05208,31.60493],[131.05573,31.5998],[131.06285,31.60055],[131.07084,31.59738],[131.07888,31.59665],[131.08271,31.59348],[131.08958,31.59482],[131.1001,31.59459],[131.11196,31.59128],[131.11539,31.59508],[131.1221,31.59657],[131.12443,31.60636],[131.13882,31.60499],[131.14986,31.61124],[131.15599,31.61235],[131.15685,31.61922],[131.16726,31.62465],[131.16992,31.6335],[131.16854,31.63731],[131.15889,31.63714],[131.14807,31.63066],[131.14225,31.63029],[131.13885,31.62769],[131.12781,31.62648],[131.1223,31.63049],[131.11499,31.63071],[131.11344,31.63508],[131.10805,31.63763],[131.10105,31.64471],[131.09561,31.64636],[131.08939,31.65364],[131.08325,31.65613],[131.07927,31.66021],[131.07255,31.65812],[131.069,31.64987],[131.06518,31.6474],[131.05426,31.63349],[131.05217,31.64022],[131.04753,31.64207],[131.04824,31.64569],[131.04607,31.65246],[131.03684,31.66181],[131.03087,31.6629],[131.02424,31.6741],[131.02657,31.68241],[131.02376,31.68524],[131.02367,31.69177],[131.02861,31.69748],[131.01848,31.70522],[131.01306,31.71313],[131.01609,31.71718],[131.01764,31.72443],[131.01597,31.7416],[131.01784,31.74523],[131.0152,31.7488],[131.00675,31.74923],[130.99788,31.74592],[130.99072,31.75116],[130.97852,31.75157],[130.9781,31.75886],[130.98244,31.76322],[130.98844,31.76546],[130.99169,31.77118],[130.99063,31.77677],[130.98698,31.78015],[130.98025,31.77854],[130.97675,31.78239],[130.9714,31.78459],[130.96669,31.78156],[130.92954,31.78636],[130.92528,31.79123],[130.92576,31.79427],[130.91793,31.80348],[130.91507,31.80489],[130.90939,31.80072],[130.90095,31.80105],[130.89051,31.80648],[130.88454,31.80543]]]},"properties":{"pref":"鹿児島県","city":"曽於市","code5":"46217","code6":"462179"}},
{"type":"Feature","geometry":{"type":"Polygon","coordinates":[[[130.91401,31.88577],[130.91384,31.88598],[130.91117,31.88763],[130.90083,31.88575],[130.89774,31.88853],[130.89064,31.90357],[130.88288,31.91504],[130.88228,31.92122],[130.8782,31.92218],[130.86563,31.93395],[130.86137,31.93394],[130.85749,31.93807],[130.84683,31.94024],[130.84051,31.94273],[130.83717,31.94172],[130.81645,31.94124],[130.80959,31.93715],[130.80309,31.93584],[130.7913,31.93046],[130.78163,31.9296],[130.76773,31.91825],[130.76352,31.91747],[130.7524,31.91131],[130.74331,31.90987],[130.7363,31.911],[130.72917,31.90384],[130.7255,31.90443],[130.72399,31.91023],[130.7186,31.90854],[130.71449,31.91357],[130.70992,31.91546],[130.70131,31.91602],[130.69824,31.92078],[130.68309,31.92411],[130.67611,31.92742],[130.67034,31.92253],[130.6612,31.9196],[130.65746,31.92324],[130.64543,31.92024],[130.63725,31.92595],[130.63332,31.92135],[130.62221,31.92149],[130.61916,31.91341],[130.61349,31.90341],[130.60779,31.89991],[130.61822,31.89137],[130.61586,31.88802],[130.60238,31.88773],[130.59389,31.8798],[130.58946,31.87988],[130.59177,31.8775],[130.60418,31.87854],[130.61397,31.86663],[130.62567,31.86617],[130.6268,31.86048],[130.63317,31.85379],[130.63289,31.84859],[130.63549,31.84509],[130.63643,31.8288],[130.64147,31.81917],[130.64644,31.81808],[130.65679,31.80244],[130.66226,31.80299],[130.666,31.80054],[130.68357,31.79867],[130.68314,31.79412],[130.68851,31.79451],[130.69766,31.79067],[130.69362,31.78462],[130.69515,31.7795],[130.69126,31.77426],[130.69589,31.76835],[130.69416,31.76438],[130.69598,31.75928],[130.70146,31.76282],[130.70643,31.76329],[130.71335,31.76003],[130.72103,31.75903],[130.71525,31.75419],[130.70874,31.75597],[130.70006,31.74936],[130.68617,31.7517],[130.68244,31.745],[130.68145,31.73934],[130.67221,31.72803],[130.68601,31.73498],[130.69375,31.73249],[130.69445,31.72942],[130.70646,31.72543],[130.71649,31.72529],[130.71984,31.72051],[130.72818,31.71793],[130.73043,31.70992],[130.73766,31.70682],[130.73893,31.71022],[130.74951,31.70879],[130.75366,31.7065],[130.76624,31.70715],[130.78174,31.70238],[130.79244,31.70302],[130.79755,31.69968],[130.80009,31.69526],[130.79624,31.68927],[130.80284,31.68865],[130.81129,31.68361],[130.81343,31.67767],[130.81748,31.67442],[130.81994,31.66502],[130.82316,31.65972],[130.8219,31.6508],[130.81841,31.64506],[130.80976,31.6413],[130.80106,31.63193],[130.80644,31.63059],[130.81459,31.62565],[130.8149,31.61834],[130.80901,31.61807],[130.81398,31.61132],[130.82159,31.60797],[130.82344,31.60476],[130.83556,31.60757],[130.8473,31.60896],[130.84689,31.61264],[130.85485,31.61644],[130.86147,31.62428],[130.86375,31.62122],[130.86968,31.62413],[130.8809,31.62104],[130.88332,31.62216],[130.882,31.62874],[130.8829,31.63838],[130.87783,31.64105],[130.87713,31.64702],[130.87294,31.6461],[130.86771,31.64909],[130.86575,31.65314],[130.86884,31.66559],[130.87765,31.66587],[130.88203,31.66421],[130.90239,31.66023],[130.91055,31.66321],[130.91032,31.66788],[130.90586,31.67135],[130.90351,31.6784],[130.90507,31.68745],[130.9041,31.69317],[130.89851,31.69884],[130.90007,31.70683],[130.89769,31.71434],[130.89876,31.73051],[130.89472,31.73095],[130.88739,31.73554],[130.89257,31.74691],[130.8996,31.75281],[130.88763,31.76048],[130.88753,31.76492],[130.87468,31.76891],[130.87959,31.77614],[130.87884,31.78449],[130.87527,31.78668],[130.87658,31.79055],[130.88204,31.79614],[130.88012,31.79883],[130.88454,31.80543],[130.8802,31.8149],[130.8769,31.81573],[130.87826,31.82885],[130.88174,31.83351],[130.87622,31.84419],[130.88441,31.84551],[130.88922,31.85173],[130.88775,31.86086],[130.89349,31.87209],[130.89457,31.87797],[130.90245,31.88444],[130.91401,31.88577]]]},"properties":{"pref":"鹿児島県","city":"霧島市","code5":"46218","code6":"462187"}},
{"type":"Feature","geometry":{"type":"Polygon","coordinates":[[[130.1802,31.77882],[130.18051,31.77466],[130.18546,31.77047],[130.18618,31.76122],[130.18889,31.75704],[130.18606,31.74919],[130.1917,31.74652],[130.19548,31.7485],[130.19877,31.75445],[130.21113,31.75614],[130.22614,31.74633],[130.23044,31.73999],[130.23947,31.73348],[130.24844,31.73127],[130.25235,31.72218],[130.26011,31.72174],[130.26351,31.71496],[130.26337,31.70709],[130.2689,31.70767],[130.27559,31.70508],[130.29152,31.68462],[130.29918,31.6699],[130.29842,31.66166],[130.29877,31.66154],[130.3005,31.66197],[130.30064,31.66195],[130.30067,31.66196],[130.30068,31.66197],[130.30784,31.662],[130.308,31.66182],[130.30801,31.66181],[130.30935,31.66165],[130.31094,31.66076],[130.31093,31.66074],[130.31125,31.66074],[130.31561,31.65859],[130.32417,31.66842],[130.32277,31.67894],[130.329,31.68274],[130.33115,31.68686],[130.32804,31.69195],[130.32999,31.69711],[130.33476,31.69684],[130.34942,31.69917],[130.35055,31.70097],[130.37161,31.70543],[130.37822,31.71],[130.37697,31.7227],[130.37803,31.73066],[130.37868,31.7381],[130.37378,31.74201],[130.36315,31.74238],[130.35837,31.75181],[130.3589,31.75559],[130.35098,31.75786],[130.34826,31.75518],[130.33441,31.74961],[130.32404,31.74861],[130.31811,31.75146],[130.31708,31.75611],[130.31206,31.76365],[130.30369,31.76334],[130.29742,31.76096],[130.29455,31.75738],[130.28388,31.75537],[130.28273,31.7584],[130.27314,31.76076],[130.26827,31.76516],[130.25994,31.76716],[130.25118,31.77705],[130.23994,31.7774],[130.23837,31.78451],[130.23452,31.78786],[130.22758,31.78533],[130.22135,31.78788],[130.21459,31.7857],[130.2054,31.79066],[130.19552,31.78973],[130.19175,31.78651],[130.19113,31.78216],[130.1802,31.77882]]]},"properties":{"pref":"鹿児島県","city":"いちき串木野市","code5":"46219","code6":"462195"}},
{"type":"Feature","geometry":{"type":"MultiPolygon","coordinates":[[[[130.43489,31.4926],[130.43289,31.49065],[130.42404,31.49058],[130.41101,31.48676],[130.4002,31.47833],[130.38642,31.47506],[130.3829,31.47717],[130.37805,31.47566],[130.373,31.47853],[130.36079,31.47976],[130.35732,31.47589],[130.3518,31.47789],[130.34628,31.4841],[130.33785,31.48624],[130.3221,31.48577],[130.31927,31.48939],[130.31299,31.49082],[130.30725,31.47836],[130.29186,31.45311],[130.28923,31.44621],[130.28503,31.44375],[130.27689,31.43465],[130.27144,31.42676],[130.25592,31.41805],[130.25278,31.41842],[130.23391,31.40979],[130.22523,31.40239],[130.20447,31.40587],[130.20186,31.40802],[130.18668,31.41032],[130.18352,31.41812],[130.17768,31.42186],[130.17086,31.42052],[130.16912,31.43051],[130.16703,31.43493],[130.15805,31.43932],[130.154,31.43093],[130.15051,31.43088],[130.13937,31.41811],[130.13461,31.41671],[130.12234,31.42341],[130.11583,31.42399],[130.10966,31.42161],[130.1066,31.41296],[130.11727,31.41629],[130.12351,31.41638],[130.13796,31.40769],[130.14349,31.40228],[130.14416,31.3993],[130.14976,31.38955],[130.16004,31.38144],[130.16496,31.37428],[130.17184,31.37351],[130.17471,31.36638],[130.18475,31.36545],[130.19051,31.36666],[130.19006,31.35517],[130.19504,31.35787],[130.20035,31.35325],[130.20923,31.34817],[130.20923,31.34304],[130.20577,31.34174],[130.2064,31.33692],[130.20022,31.33427],[130.19586,31.32953],[130.19125,31.33212],[130.17793,31.32957],[130.17982,31.32431],[130.18851,31.32171],[130.18962,31.31659],[130.20388,31.3177],[130.20727,31.32194],[130.21476,31.32092],[130.21954,31.31277],[130.22492,31.30953],[130.22632,31.30566],[130.2218,31.30076],[130.21775,31.30245],[130.21305,31.29909],[130.20302,31.29606],[130.19887,31.29154],[130.20198,31.28613],[130.20666,31.28245],[130.21384,31.29003],[130.21671,31.28303],[130.22625,31.28311],[130.22909,31.2789],[130.22047,31.27346],[130.22824,31.27105],[130.21916,31.26708],[130.22035,31.26318],[130.21411,31.26116],[130.21296,31.25462],[130.21692,31.24973],[130.22318,31.25397],[130.22616,31.2503],[130.23168,31.25606],[130.23935,31.25938],[130.24399,31.25313],[130.24892,31.25338],[130.25329,31.25673],[130.26217,31.25615],[130.2637,31.25997],[130.26177,31.26471],[130.25295,31.27206],[130.25149,31.27706],[130.25856,31.28088],[130.25786,31.28358],[130.26507,31.28944],[130.26682,31.2929],[130.25894,31.29569],[130.25183,31.30314],[130.24424,31.30517],[130.24614,31.31229],[130.26031,31.31118],[130.26871,31.31443],[130.28675,31.33167],[130.29246,31.33136],[130.29644,31.33782],[130.30301,31.3394],[130.31162,31.33511],[130.32101,31.34502],[130.32709,31.34533],[130.32828,31.35665],[130.33758,31.36472],[130.34018,31.38029],[130.33608,31.38324],[130.33603,31.3868],[130.34102,31.39368],[130.35629,31.40396],[130.36025,31.41205],[130.36799,31.41379],[130.37455,31.4109],[130.38109,31.41223],[130.38415,31.41822],[130.38347,31.42196],[130.38958,31.42529],[130.39083,31.4294],[130.39498,31.43274],[130.39661,31.43808],[130.40782,31.44299],[130.41551,31.4538],[130.41872,31.45644],[130.42184,31.46619],[130.42463,31.46613],[130.44287,31.47577],[130.44592,31.47577],[130.44519,31.48312],[130.44043,31.48947],[130.43489,31.4926]]],[[[129.44688,31.19986],[129.44436,31.18789],[129.43978,31.18693],[129.44146,31.18034],[129.4474,31.17804],[129.4477,31.19043],[129.45134,31.19192],[129.45383,31.1975],[129.44688,31.19986]]],[[[130.16932,31.36417],[130.16257,31.35966],[130.15976,31.35558],[130.16692,31.35478],[130.16627,31.3602],[130.16932,31.36417]]]]},"properties":{"pref":"鹿児島県","city":"南さつま市","code5":"46220","code6":"462209"}},
{"type":"Feature","geometry":{"type":"MultiPolygon","coordinates":[[[[131.16992,31.6335],[131.16726,31.62465],[131.15685,31.61922],[131.15599,31.61235],[131.14986,31.61124],[131.13882,31.60499],[131.12443,31.60636],[131.1221,31.59657],[131.11539,31.59508],[131.11196,31.59128],[131.1001,31.59459],[131.08958,31.59482],[131.08271,31.59348],[131.07888,31.59665],[131.07084,31.59738],[131.06285,31.60055],[131.05573,31.5998],[131.05208,31.60493],[131.04905,31.60207],[131.04017,31.60432],[131.03653,31.60819],[131.02987,31.60884],[131.0257,31.60472],[131.02118,31.59587],[131.01464,31.59265],[131.02072,31.58988],[131.02493,31.58423],[131.0295,31.58317],[131.03354,31.57842],[131.03528,31.57329],[131.0392,31.57236],[131.03921,31.56494],[131.03207,31.56129],[131.02781,31.55539],[131.02073,31.55584],[131.01891,31.55381],[131.01967,31.54528],[131.02642,31.54286],[131.02384,31.53871],[131.01761,31.53486],[131.002,31.52944],[130.99912,31.53624],[130.99575,31.53538],[130.98749,31.53852],[130.97428,31.53959],[130.9722,31.53447],[130.97201,31.51598],[130.97648,31.51487],[130.97564,31.50985],[130.96909,31.51084],[130.96698,31.50669],[130.96227,31.50621],[130.96139,31.50083],[130.9695,31.5026],[130.97138,31.49729],[130.96867,31.49533],[130.96603,31.48444],[130.96312,31.48044],[130.96285,31.47524],[130.9745,31.46781],[130.97652,31.46424],[130.98232,31.46375],[130.98368,31.45961],[130.99247,31.45447],[130.99863,31.45737],[131.00271,31.45606],[131.00792,31.45904],[131.01091,31.46737],[131.01577,31.47249],[131.02025,31.47267],[131.03294,31.46075],[131.04444,31.46198],[131.05216,31.45725],[131.05039,31.45476],[131.05248,31.44917],[131.06042,31.44616],[131.06746,31.4517],[131.07816,31.45822],[131.08499,31.448],[131.08963,31.45103],[131.08387,31.45623],[131.08764,31.46156],[131.09487,31.45701],[131.09914,31.4602],[131.10542,31.46829],[131.10771,31.47401],[131.1179,31.47461],[131.12514,31.47114],[131.13339,31.46918],[131.14052,31.4643],[131.14408,31.46822],[131.14772,31.46813],[131.16033,31.4619],[131.16434,31.47362],[131.16319,31.48408],[131.1657,31.48895],[131.17104,31.49407],[131.16899,31.49668],[131.17208,31.50205],[131.17904,31.50623],[131.18438,31.507],[131.19685,31.51158],[131.20076,31.51774],[131.20004,31.52304],[131.20149,31.53112],[131.1973,31.53887],[131.19889,31.54136],[131.19587,31.54666],[131.19542,31.5523],[131.18934,31.55719],[131.20178,31.56721],[131.20545,31.57995],[131.19743,31.59526],[131.18721,31.60358],[131.18525,31.61014],[131.18919,31.61853],[131.1894,31.62224],[131.18835,31.62463],[131.18019,31.62629],[131.17866,31.62991],[131.16992,31.6335]],[[130.99405,31.48014],[130.99052,31.47627],[130.99284,31.46875],[130.98702,31.46725],[130.98473,31.4775],[130.99405,31.48014]]],[[[130.93884,31.51365],[130.93476,31.51382],[130.93004,31.50881],[130.93177,31.504],[130.93779,31.50625],[130.93884,31.51365]]],[[[130.95393,31.53619],[130.96064,31.5307],[130.96317,31.53366],[130.96275,31.54017],[130.95393,31.53619]]]]},"properties":{"pref":"鹿児島県","city":"志布志市","code5":"46221","code6":"462217"}},
{"type":"Feature","geometry":{"type":"MultiPolygon","coordinates":[[[[129.57085,28.34535],[129.56697,28.34788],[129.55706,28.34737],[129.54708,28.34565],[129.54358,28.34364],[129.53968,28.3478],[129.52981,28.34764],[129.52193,28.35391],[129.52446,28.35962],[129.53079,28.36713],[129.53708,28.36599],[129.54016,28.3693],[129.54179,28.37674],[129.55238,28.3823],[129.55102,28.39007],[129.55552,28.39463],[129.55711,28.39949],[129.55353,28.40781],[129.54534,28.40623],[129.54882,28.41693],[129.54526,28.42422],[129.5466,28.43036],[129.5498,28.43478],[129.55008,28.44248],[129.54373,28.45731],[129.5413,28.45954],[129.54006,28.45556],[129.5348,28.45419],[129.53567,28.45001],[129.52924,28.44582],[129.52142,28.44487],[129.51642,28.43522],[129.51898,28.42618],[129.51455,28.42415],[129.5128,28.41483],[129.51205,28.4148],[129.51211,28.40766],[129.51791,28.40373],[129.51482,28.3985],[129.50768,28.39916],[129.50325,28.39206],[129.49981,28.38289],[129.49538,28.3875],[129.49683,28.40302],[129.49391,28.40785],[129.4879,28.41113],[129.48594,28.40654],[129.47926,28.40015],[129.46791,28.40209],[129.47108,28.40755],[129.46997,28.41032],[129.46379,28.4131],[129.45875,28.41175],[129.45874,28.41174],[129.45552,28.40935],[129.45316,28.39497],[129.45315,28.39496],[129.4474,28.38846],[129.44999,28.38229],[129.4362,28.3815],[129.43106,28.38319],[129.42875,28.38835],[129.42365,28.38896],[129.41681,28.38549],[129.41256,28.38741],[129.41005,28.38383],[129.40496,28.38257],[129.39766,28.38576],[129.39484,28.38507],[129.40267,28.38009],[129.40722,28.37966],[129.41162,28.37543],[129.42229,28.37205],[129.42331,28.3654],[129.42639,28.36174],[129.42446,28.35186],[129.42629,28.34561],[129.43052,28.34022],[129.43166,28.33272],[129.43473,28.3273],[129.41906,28.32889],[129.40982,28.32688],[129.40437,28.32353],[129.40734,28.31493],[129.40312,28.30596],[129.39908,28.3076],[129.39453,28.30335],[129.38662,28.30311],[129.37301,28.29564],[129.37016,28.29697],[129.36047,28.29334],[129.36061,28.28419],[129.36651,28.27862],[129.37732,28.27292],[129.37714,28.27048],[129.35928,28.26153],[129.35684,28.25645],[129.35023,28.25237],[129.3467,28.2411],[129.34386,28.23829],[129.34818,28.22801],[129.35962,28.2233],[129.36333,28.21771],[129.36144,28.2121],[129.36555,28.21039],[129.37114,28.20407],[129.37463,28.20541],[129.38093,28.21301],[129.38934,28.21201],[129.39569,28.21611],[129.40279,28.21809],[129.40686,28.21193],[129.41572,28.21349],[129.42166,28.2074],[129.42544,28.19657],[129.4301,28.19345],[129.43325,28.19882],[129.44158,28.19588],[129.44436,28.19898],[129.44957,28.19736],[129.45353,28.19953],[129.45586,28.2083],[129.4605,28.21168],[129.46946,28.21225],[129.47098,28.20831],[129.47341,28.20976],[129.4768,28.21063],[129.47504,28.21725],[129.47138,28.21923],[129.47164,28.22127],[129.45809,28.22911],[129.45585,28.23254],[129.45147,28.23304],[129.4518,28.22986],[129.44403,28.22961],[129.43497,28.23728],[129.43493,28.23736],[129.43277,28.23893],[129.42892,28.23708],[129.42641,28.24151],[129.41766,28.24251],[129.40776,28.25044],[129.4189,28.24892],[129.43367,28.24838],[129.43614,28.24553],[129.44278,28.24567],[129.44317,28.25088],[129.44889,28.26129],[129.45324,28.26434],[129.45841,28.26451],[129.45997,28.26808],[129.45452,28.27726],[129.45751,28.28794],[129.45511,28.29179],[129.46182,28.29736],[129.47387,28.29498],[129.48031,28.28923],[129.48629,28.28952],[129.49199,28.29492],[129.49999,28.2983],[129.5071,28.29831],[129.51528,28.3015],[129.51887,28.30073],[129.52594,28.3052],[129.53026,28.30439],[129.5377,28.30645],[129.54487,28.31224],[129.53274,28.32406],[129.53677,28.33051],[129.54527,28.33082],[129.54861,28.32992],[129.55338,28.3331],[129.56242,28.33281],[129.57085,28.34535]]],[[[129.63382,28.40618],[129.64206,28.4036],[129.65184,28.40233],[129.65425,28.39843],[129.66585,28.39899],[129.66662,28.40519],[129.67318,28.41066],[129.68244,28.41048],[129.6863,28.4134],[129.69414,28.41345],[129.70209,28.42052],[129.70381,28.42397],[129.70896,28.42118],[129.71897,28.43912],[129.71425,28.44277],[129.71369,28.44684],[129.72057,28.45417],[129.72102,28.46161],[129.71728,28.46342],[129.71724,28.47078],[129.71027,28.477],[129.70402,28.47726],[129.69615,28.48848],[129.69587,28.49221],[129.69026,28.50279],[129.69367,28.51015],[129.69035,28.52465],[129.68996,28.53077],[129.67692,28.52656],[129.66453,28.50991],[129.65992,28.50588],[129.65732,28.50003],[129.64805,28.50357],[129.64594,28.49751],[129.65034,28.49487],[129.65559,28.48877],[129.65659,28.48146],[129.6662,28.47503],[129.67171,28.46797],[129.67109,28.46341],[129.67345,28.45784],[129.66756,28.4545],[129.66598,28.44741],[129.67272,28.44244],[129.66734,28.43881],[129.66066,28.44634],[129.66149,28.44959],[129.65806,28.45949],[129.65455,28.46108],[129.65345,28.46825],[129.64921,28.46852],[129.64936,28.45941],[129.65201,28.4569],[129.64829,28.44868],[129.65154,28.44706],[129.65223,28.44116],[129.65891,28.43207],[129.65573,28.42459],[129.64633,28.42808],[129.64342,28.43243],[129.64494,28.4266],[129.6483,28.42238],[129.64738,28.40843],[129.64023,28.40859],[129.63382,28.40618]]]]},"properties":{"pref":"鹿児島県","city":"奄美市","code5":"46222","code6":"462225"}},
{"type":"Feature","geometry":{"type":"Polygon","coordinates":[[[130.44592,31.47577],[130.44287,31.47577],[130.42463,31.46613],[130.42184,31.46619],[130.41872,31.45644],[130.41551,31.4538],[130.40782,31.44299],[130.39661,31.43808],[130.39498,31.43274],[130.39083,31.4294],[130.38958,31.42529],[130.38347,31.42196],[130.38415,31.41822],[130.38109,31.41223],[130.37455,31.4109],[130.36799,31.41379],[130.36025,31.41205],[130.35629,31.40396],[130.34102,31.39368],[130.33603,31.3868],[130.33608,31.38324],[130.34018,31.38029],[130.33758,31.36472],[130.32828,31.35665],[130.32709,31.34533],[130.32101,31.34502],[130.31162,31.33511],[130.32196,31.3225],[130.32647,31.32],[130.33012,31.30996],[130.33307,31.30889],[130.34216,31.31056],[130.34753,31.30879],[130.35768,31.31432],[130.36282,31.31216],[130.36718,31.31844],[130.37611,31.30827],[130.3633,31.29981],[130.36271,31.2962],[130.36547,31.29005],[130.36296,31.28599],[130.36785,31.26989],[130.36672,31.25611],[130.36858,31.25188],[130.38215,31.25275],[130.38756,31.25087],[130.39464,31.25314],[130.39895,31.25086],[130.40299,31.25355],[130.41338,31.24852],[130.41796,31.25033],[130.42253,31.24683],[130.42572,31.24946],[130.43108,31.24658],[130.43805,31.25114],[130.4442,31.25262],[130.45442,31.25028],[130.45954,31.25127],[130.47446,31.24525],[130.48626,31.23713],[130.50276,31.22116],[130.50857,31.21339],[130.5109,31.21591],[130.52115,31.21888],[130.52614,31.22166],[130.5319,31.22759],[130.53298,31.23336],[130.53105,31.23799],[130.53604,31.24546],[130.53921,31.25903],[130.54415,31.26553],[130.54018,31.27471],[130.54057,31.2805],[130.53592,31.28678],[130.53897,31.29479],[130.53967,31.29781],[130.5322,31.30786],[130.52806,31.31111],[130.52801,31.32245],[130.52253,31.32379],[130.52158,31.32775],[130.51621,31.33164],[130.50843,31.33003],[130.50101,31.33371],[130.50024,31.33864],[130.49443,31.33921],[130.48981,31.3474],[130.49038,31.35046],[130.49659,31.36063],[130.50533,31.36481],[130.50744,31.37146],[130.50574,31.37823],[130.50678,31.38425],[130.51051,31.39257],[130.50716,31.39807],[130.50853,31.40249],[130.49677,31.41251],[130.49726,31.41554],[130.48797,31.42326],[130.48369,31.43821],[130.48625,31.44573],[130.48267,31.45612],[130.48394,31.46031],[130.47237,31.45813],[130.46955,31.46218],[130.45785,31.46233],[130.45686,31.46573],[130.45145,31.4673],[130.44592,31.47577]]]},"properties":{"pref":"鹿児島県","city":"南九州市","code5":"46223","code6":"462233"}},
{"type":"Feature","geometry":{"type":"Polygon","coordinates":[[[130.65164,32.15127],[130.64125,32.15192],[130.63683,32.15493],[130.6227,32.15606],[130.61756,32.16302],[130.61532,32.17619],[130.61047,32.18666],[130.59172,32.18596],[130.59517,32.1835],[130.59674,32.17592],[130.58899,32.16783],[130.58268,32.15491],[130.5575,32.15415],[130.5461,32.14935],[130.54024,32.13741],[130.52725,32.13714],[130.51724,32.13588],[130.50921,32.14052],[130.49908,32.13547],[130.49237,32.1337],[130.48699,32.13528],[130.48234,32.1396],[130.4769,32.13899],[130.47579,32.12238],[130.48473,32.11663],[130.48245,32.11121],[130.4867,32.11012],[130.49395,32.10466],[130.49301,32.09654],[130.49625,32.09501],[130.49999,32.08829],[130.50677,32.08519],[130.50974,32.07103],[130.51311,32.06697],[130.50556,32.065],[130.50247,32.06154],[130.50046,32.05456],[130.48961,32.04481],[130.49027,32.04218],[130.4834,32.03645],[130.47925,32.03561],[130.47764,32.03159],[130.49166,32.01573],[130.49162,32.01351],[130.50022,32.00295],[130.50405,32.00646],[130.51097,32.00483],[130.51676,32.00609],[130.52859,32.01208],[130.53999,32.00616],[130.53523,32.00433],[130.53304,31.99801],[130.5354,31.99105],[130.54136,31.98945],[130.54966,31.98269],[130.55243,31.97473],[130.56302,31.96969],[130.56828,31.96331],[130.57256,31.95446],[130.5783,31.95307],[130.59002,31.95256],[130.59279,31.94731],[130.60306,31.94646],[130.60659,31.95016],[130.61348,31.95334],[130.61934,31.94897],[130.6201,31.94431],[130.62453,31.94048],[130.62629,31.93487],[130.63882,31.93879],[130.64854,31.94001],[130.66444,31.95159],[130.66493,31.96044],[130.66967,31.96978],[130.6753,31.97661],[130.67888,31.97697],[130.68527,31.98653],[130.69123,31.98987],[130.69123,31.99417],[130.6967,31.99709],[130.70519,31.99881],[130.70868,32.00653],[130.70483,32.0098],[130.70249,32.01511],[130.70399,32.01999],[130.70178,32.02957],[130.70386,32.03453],[130.70192,32.04456],[130.70502,32.0467],[130.70338,32.05855],[130.70356,32.07718],[130.70573,32.07991],[130.71231,32.08168],[130.71599,32.08569],[130.71793,32.09475],[130.7206,32.1008],[130.71406,32.10397],[130.69907,32.107],[130.69011,32.11503],[130.68389,32.11865],[130.67044,32.12893],[130.66716,32.12802],[130.66264,32.13278],[130.65501,32.13568],[130.6554,32.14076],[130.65164,32.15127]]]},"properties":{"pref":"鹿児島県","city":"伊佐市","code5":"46224","code6":"462241"}},
{"type":"Feature","geometry":{"type":"Polygon","coordinates":[[[130.61137,31.67287],[130.60932,31.67989],[130.61116,31.68716],[130.61527,31.69212],[130.61417,31.69657],[130.61967,31.70558],[130.62763,31.71366],[130.63354,31.71111],[130.63975,31.71382],[130.64648,31.72052],[130.66026,31.72857],[130.66572,31.73006],[130.67221,31.72803],[130.68145,31.73934],[130.68244,31.745],[130.68617,31.7517],[130.70006,31.74936],[130.70874,31.75597],[130.71525,31.75419],[130.72103,31.75903],[130.71335,31.76003],[130.70643,31.76329],[130.70146,31.76282],[130.69598,31.75928],[130.69416,31.76438],[130.69589,31.76835],[130.69126,31.77426],[130.69515,31.7795],[130.69362,31.78462],[130.69766,31.79067],[130.68851,31.79451],[130.68314,31.79412],[130.68357,31.79867],[130.666,31.80054],[130.66226,31.80299],[130.65679,31.80244],[130.64644,31.81808],[130.64147,31.81917],[130.63643,31.8288],[130.63549,31.84509],[130.63289,31.84859],[130.63317,31.85379],[130.6268,31.86048],[130.62567,31.86617],[130.61397,31.86663],[130.60418,31.87854],[130.59177,31.8775],[130.58946,31.87988],[130.58832,31.87526],[130.58292,31.87247],[130.57999,31.86432],[130.57472,31.85837],[130.56676,31.85638],[130.56141,31.85916],[130.54931,31.85273],[130.53686,31.8429],[130.5333,31.83807],[130.53516,31.8346],[130.52732,31.82978],[130.52459,31.83134],[130.52036,31.82443],[130.52204,31.81898],[130.52122,31.81236],[130.5185,31.80946],[130.5184,31.79995],[130.50146,31.79128],[130.5019,31.78302],[130.50446,31.77677],[130.50232,31.77395],[130.50437,31.76853],[130.5019,31.75892],[130.49681,31.75783],[130.48991,31.75053],[130.48235,31.747],[130.48086,31.73944],[130.47294,31.7341],[130.47382,31.73014],[130.47614,31.72803],[130.48337,31.72879],[130.48901,31.72351],[130.49291,31.72534],[130.49826,31.72301],[130.50609,31.72944],[130.50173,31.73473],[130.50151,31.74418],[130.50819,31.74562],[130.52031,31.74596],[130.52349,31.74909],[130.53085,31.75214],[130.53994,31.75239],[130.54686,31.74955],[130.56361,31.74919],[130.56642,31.74696],[130.57442,31.74699],[130.57703,31.74367],[130.58282,31.74219],[130.58605,31.72791],[130.58191,31.72983],[130.57226,31.72685],[130.57262,31.72121],[130.56298,31.71877],[130.56529,31.70838],[130.57018,31.70394],[130.57775,31.70094],[130.58004,31.69716],[130.58462,31.69647],[130.59303,31.69145],[130.59891,31.68996],[130.60154,31.6853],[130.5989,31.67781],[130.60494,31.67372],[130.61137,31.67287]]]},"properties":{"pref":"鹿児島県","city":"姶良市","code5":"46225","code6":"462250"}},
{"type":"Feature","geometry":{"type":"MultiPolygon","coordinates":[[[[129.93919,30.85147],[129.93188,30.84892],[129.92493,30.84924],[129.91554,30.83927],[129.90791,30.83869],[129.90448,30.83661],[129.9049,30.83127],[129.91196,30.8277],[129.91114,30.82379],[129.91724,30.81743],[129.92963,30.81201],[129.93735,30.81216],[129.95305,30.81836],[129.96456,30.83007],[129.96373,30.83549],[129.95609,30.83646],[129.95185,30.84221],[129.9426,30.84489],[129.93919,30.85147]]],[[[130.30353,30.80842],[130.2821,30.79734],[130.2761,30.79171],[130.26891,30.79328],[130.26511,30.7916],[130.26534,30.78557],[130.26161,30.78309],[130.26538,30.77905],[130.28127,30.77826],[130.28831,30.77884],[130.30549,30.78215],[130.31358,30.78093],[130.31955,30.78513],[130.32157,30.79143],[130.31864,30.79833],[130.3133,30.80279],[130.30826,30.80348],[130.30353,30.80842]]],[[[130.42772,30.81971],[130.42117,30.81502],[130.40993,30.81849],[130.40764,30.81664],[130.40638,30.80769],[130.41167,30.81026],[130.42565,30.80498],[130.43374,30.80431],[130.44178,30.80022],[130.44601,30.80986],[130.43799,30.81103],[130.43114,30.81552],[130.42772,30.81971]]]]},"properties":{"pref":"鹿児島県","county":"鹿児島郡","city":"三島村","code5":"46303","code6":"463035"}},
{"type":"Feature","geometry":{"type":"MultiPolygon","coordinates":[[[[129.85176,29.88374],[129.8501,29.88154],[129.84058,29.87637],[129.83952,29.86872],[129.83601,29.86696],[129.83409,29.86003],[129.83841,29.85246],[129.83977,29.84549],[129.84505,29.84154],[129.85209,29.83864],[129.85271,29.83397],[129.86059,29.82196],[129.86777,29.81781],[129.87909,29.81682],[129.88832,29.82232],[129.89745,29.8222],[129.90306,29.82079],[129.91551,29.82087],[129.91839,29.8237],[129.91297,29.83005],[129.90522,29.83473],[129.8953,29.84397],[129.89338,29.85364],[129.89709,29.86035],[129.8924,29.86725],[129.88628,29.87245],[129.86809,29.87717],[129.86809,29.88141],[129.85176,29.88374]]],[[[129.74011,29.67182],[129.73125,29.67042],[129.72944,29.66774],[129.72144,29.67018],[129.71313,29.6682],[129.70386,29.66427],[129.69964,29.65865],[129.69314,29.66013],[129.68362,29.65195],[129.6887,29.64855],[129.68404,29.64206],[129.68859,29.63815],[129.69032,29.6331],[129.68974,29.6219],[129.69284,29.61488],[129.69697,29.61119],[129.69799,29.60325],[129.70653,29.60226],[129.71254,29.60613],[129.71167,29.61264],[129.71749,29.61629],[129.72362,29.62289],[129.73353,29.6276],[129.73413,29.63205],[129.73928,29.64024],[129.7403,29.64618],[129.73811,29.64944],[129.73943,29.65901],[129.74242,29.66394],[129.743,29.66935],[129.74011,29.67182]]],[[[129.91673,30.00739],[129.91195,30.00574],[129.90939,30.0011],[129.91388,29.99567],[129.91463,29.99145],[129.90737,29.986],[129.90081,29.97409],[129.90645,29.97263],[129.90491,29.96533],[129.91368,29.95753],[129.92422,29.95437],[129.92855,29.95031],[129.93446,29.94896],[129.94424,29.9526],[129.94715,29.9599],[129.94172,29.96974],[129.93333,29.97408],[129.93063,29.98007],[129.92259,29.98901],[129.91673,30.00739]]],[[[129.59533,29.47708],[129.58895,29.47012],[129.58566,29.46347],[129.58678,29.45976],[129.59577,29.4555],[129.59374,29.44781],[129.59625,29.44529],[129.61278,29.4452],[129.62017,29.45015],[129.61871,29.45571],[129.61328,29.46105],[129.60948,29.47217],[129.59533,29.47708]]],[[[129.2013,29.15904],[129.19527,29.15853],[129.1867,29.15341],[129.20036,29.13872],[129.21131,29.13369],[129.22012,29.12674],[129.22205,29.12946],[129.21874,29.1357],[129.21859,29.1454],[129.22261,29.15181],[129.21859,29.15857],[129.21139,29.15908],[129.204,29.15611],[129.2013,29.15904]]],[[[129.53685,29.91638],[129.5302,29.91166],[129.53216,29.89583],[129.54784,29.89299],[129.55233,29.89384],[129.55446,29.89779],[129.55006,29.90759],[129.53685,29.91638]]],[[[128.99433,28.80718],[128.98681,28.80166],[128.9737,28.80033],[128.9782,28.79348],[128.98687,28.79666],[128.9949,28.7922],[129.00181,28.79373],[129.00354,28.79935],[128.99934,28.8058],[128.99433,28.80718]]],[[[129.53452,29.69691],[129.52792,29.69337],[129.52531,29.68735],[129.52629,29.68348],[129.5374,29.67816],[129.53988,29.68642],[129.53919,29.6945],[129.53452,29.69691]]],[[[129.32703,29.22889],[129.31908,29.22468],[129.31945,29.22237],[129.32694,29.21803],[129.33157,29.22449],[129.32703,29.22889]]],[[[129.00271,28.83658],[128.99822,28.83523],[128.9995,28.82854],[129.00414,28.82859],[129.00271,28.83658]]],[[[129.62169,29.88421],[129.61818,29.87837],[129.62195,29.87689],[129.62431,29.88237],[129.62169,29.88421]]]]},"properties":{"pref":"鹿児島県","county":"鹿児島郡","city":"十島村","code5":"46304","code6":"463043"}},
{"type":"Feature","geometry":{"type":"Polygon","coordinates":[[[130.34292,31.97046],[130.34484,31.96362],[130.34025,31.96253],[130.34633,31.95206],[130.34632,31.94794],[130.342,31.94657],[130.34793,31.93541],[130.36053,31.92941],[130.37792,31.92625],[130.37903,31.92285],[130.39066,31.91542],[130.39557,31.90864],[130.40163,31.90369],[130.40324,31.89482],[130.40187,31.89161],[130.40394,31.88353],[130.40013,31.87777],[130.4025,31.8682],[130.40005,31.86094],[130.40998,31.85055],[130.41328,31.85076],[130.41518,31.84385],[130.42941,31.84443],[130.43959,31.84087],[130.44602,31.83999],[130.45215,31.8357],[130.45646,31.81973],[130.46324,31.82367],[130.46507,31.82754],[130.46541,31.8458],[130.46093,31.85393],[130.46854,31.85623],[130.46538,31.86323],[130.46581,31.86774],[130.46979,31.87133],[130.47449,31.88481],[130.4755,31.89236],[130.48706,31.89486],[130.48819,31.89068],[130.49772,31.88778],[130.50814,31.89272],[130.50558,31.90241],[130.51842,31.90183],[130.51839,31.89789],[130.53372,31.89402],[130.53901,31.89353],[130.54707,31.89572],[130.5529,31.89365],[130.55793,31.895],[130.56891,31.89396],[130.5728,31.8911],[130.57688,31.88336],[130.58393,31.88023],[130.58946,31.87988],[130.59389,31.8798],[130.60238,31.88773],[130.61586,31.88802],[130.61822,31.89137],[130.60779,31.89991],[130.61349,31.90341],[130.61916,31.91341],[130.62221,31.92149],[130.62185,31.92987],[130.62629,31.93487],[130.62453,31.94048],[130.6201,31.94431],[130.61934,31.94897],[130.61348,31.95334],[130.60659,31.95016],[130.60306,31.94646],[130.59279,31.94731],[130.59002,31.95256],[130.5783,31.95307],[130.57256,31.95446],[130.56828,31.96331],[130.56302,31.96969],[130.55243,31.97473],[130.54966,31.98269],[130.54136,31.98945],[130.5354,31.99105],[130.53304,31.99801],[130.53523,32.00433],[130.53999,32.00616],[130.52859,32.01208],[130.51676,32.00609],[130.51097,32.00483],[130.50405,32.00646],[130.50022,32.00295],[130.49162,32.01351],[130.49166,32.01573],[130.47764,32.03159],[130.46532,32.03131],[130.46118,32.02938],[130.46336,32.02419],[130.46162,32.01657],[130.45601,32.01356],[130.457,32.00952],[130.44702,32.00566],[130.43951,32.01188],[130.42784,32.01106],[130.41516,32.00766],[130.41398,31.99799],[130.40817,31.99327],[130.40476,31.99531],[130.39667,31.99466],[130.39101,31.99159],[130.38012,31.99088],[130.3676,31.98818],[130.36765,31.98084],[130.35784,31.98389],[130.35388,31.98269],[130.35265,31.97475],[130.34292,31.97046]]]},"properties":{"pref":"鹿児島県","county":"薩摩郡","city":"さつま町","code5":"46392","code6":"463922"}},
{"type":"Feature","geometry":{"type":"MultiPolygon","coordinates":[[[[130.19772,32.19777],[130.19166,32.19754],[130.18523,32.20941],[130.18667,32.21278],[130.18226,32.21821],[130.17581,32.2212],[130.17604,32.2287],[130.1645,32.22203],[130.16738,32.21868],[130.16426,32.21482],[130.15945,32.21958],[130.15883,32.22494],[130.15569,32.22626],[130.15222,32.21888],[130.14589,32.21726],[130.14925,32.20798],[130.13143,32.21642],[130.12582,32.21601],[130.12065,32.21234],[130.11206,32.21638],[130.10574,32.21352],[130.1058,32.20957],[130.11147,32.20704],[130.10751,32.20343],[130.11841,32.20089],[130.10148,32.19279],[130.09643,32.18504],[130.09955,32.17463],[130.10517,32.17391],[130.10874,32.17054],[130.10997,32.16083],[130.11692,32.15034],[130.11389,32.1411],[130.11652,32.1386],[130.11307,32.13011],[130.11305,32.12544],[130.1174,32.1233],[130.11919,32.118],[130.12852,32.11511],[130.13166,32.10991],[130.13805,32.10516],[130.14183,32.10851],[130.14585,32.10636],[130.15075,32.09979],[130.14856,32.09388],[130.15718,32.08952],[130.1675,32.09266],[130.16685,32.09728],[130.17643,32.11547],[130.17739,32.12798],[130.17937,32.13708],[130.18521,32.13981],[130.19302,32.14749],[130.20525,32.14881],[130.20946,32.15368],[130.20646,32.1626],[130.19705,32.168],[130.1928,32.16384],[130.18725,32.16641],[130.18434,32.1793],[130.18861,32.18685],[130.19959,32.19533],[130.19772,32.19777]]],[[[130.24133,32.25654],[130.2354,32.26146],[130.23888,32.26502],[130.24709,32.2679],[130.24753,32.27122],[130.2578,32.27528],[130.25981,32.28127],[130.2676,32.27954],[130.26917,32.28252],[130.26507,32.29274],[130.26676,32.29635],[130.24864,32.30362],[130.24773,32.30142],[130.23333,32.2998],[130.23237,32.29203],[130.22938,32.28864],[130.22305,32.29286],[130.21892,32.28876],[130.21367,32.28004],[130.21761,32.27807],[130.21503,32.273],[130.21425,32.26343],[130.20951,32.25496],[130.21345,32.25243],[130.22638,32.26198],[130.23544,32.25592],[130.24133,32.25654]]],[[[130.18411,32.25585],[130.1897,32.26131],[130.18819,32.26442],[130.17687,32.25399],[130.17424,32.25696],[130.16786,32.24972],[130.16463,32.24051],[130.16016,32.23791],[130.16376,32.22966],[130.17098,32.22987],[130.17661,32.23841],[130.17553,32.24754],[130.18411,32.25585]]],[[[130.20748,32.21842],[130.2079,32.22582],[130.20356,32.22614],[130.20113,32.23007],[130.20156,32.2396],[130.19524,32.24438],[130.19291,32.24121],[130.19644,32.22675],[130.19213,32.22206],[130.19806,32.20985],[130.2025,32.21504],[130.21019,32.21012],[130.21173,32.21435],[130.20748,32.21842]]]]},"properties":{"pref":"鹿児島県","county":"出水郡","city":"長島町","code5":"46404","code6":"464040"}},
{"type":"Feature","geometry":{"type":"Polygon","coordinates":[[[130.70338,32.05855],[130.70502,32.0467],[130.70192,32.04456],[130.70386,32.03453],[130.70178,32.02957],[130.70399,32.01999],[130.70249,32.01511],[130.70483,32.0098],[130.70868,32.00653],[130.70519,31.99881],[130.6967,31.99709],[130.69123,31.99417],[130.69123,31.98987],[130.68527,31.98653],[130.67888,31.97697],[130.6753,31.97661],[130.66967,31.96978],[130.66493,31.96044],[130.66444,31.95159],[130.64854,31.94001],[130.63882,31.93879],[130.62629,31.93487],[130.62185,31.92987],[130.62221,31.92149],[130.63332,31.92135],[130.63725,31.92595],[130.64543,31.92024],[130.65746,31.92324],[130.6612,31.9196],[130.67034,31.92253],[130.67611,31.92742],[130.68309,31.92411],[130.69824,31.92078],[130.70131,31.91602],[130.70992,31.91546],[130.71449,31.91357],[130.7186,31.90854],[130.72399,31.91023],[130.7255,31.90443],[130.72917,31.90384],[130.7363,31.911],[130.74331,31.90987],[130.7524,31.91131],[130.76352,31.91747],[130.76773,31.91825],[130.78163,31.9296],[130.7913,31.93046],[130.80309,31.93584],[130.80959,31.93715],[130.81645,31.94124],[130.80529,31.94983],[130.79954,31.9502],[130.80105,31.96084],[130.7959,31.96644],[130.79451,31.9733],[130.78419,31.97907],[130.78196,31.98309],[130.78117,31.99221],[130.77869,31.99796],[130.77826,32.01364],[130.77687,32.01648],[130.76874,32.02017],[130.76145,32.02524],[130.75847,32.0333],[130.75254,32.03332],[130.74747,32.03627],[130.74305,32.04177],[130.73555,32.0482],[130.70391,32.05771],[130.70338,32.05855]]]},"properties":{"pref":"鹿児島県","county":"姶良郡","city":"湧水町","code5":"46452","code6":"464520"}},
{"type":"Feature","geometry":{"type":"MultiPolygon","coordinates":[[[[130.95651,31.43785],[130.95959,31.43576],[130.96169,31.41843],[130.9652,31.40995],[130.9749,31.40526],[130.98393,31.3968],[131.00374,31.39931],[131.00928,31.3967],[131.02043,31.39499],[131.03248,31.41507],[131.04096,31.4265],[131.0477,31.43401],[131.06042,31.44616],[131.05248,31.44917],[131.05039,31.45476],[131.05216,31.45725],[131.04444,31.46198],[131.03294,31.46075],[131.02025,31.47267],[131.01577,31.47249],[131.01091,31.46737],[131.00792,31.45904],[131.00271,31.45606],[130.99863,31.45737],[130.99247,31.45447],[130.98368,31.45961],[130.98232,31.46375],[130.97652,31.46424],[130.9745,31.46781],[130.96285,31.47524],[130.96312,31.48044],[130.96603,31.48444],[130.96867,31.49533],[130.97138,31.49729],[130.9695,31.5026],[130.96139,31.50083],[130.96227,31.50621],[130.96698,31.50669],[130.96909,31.51084],[130.97564,31.50985],[130.97648,31.51487],[130.97201,31.51598],[130.9722,31.53447],[130.97428,31.53959],[130.96771,31.53936],[130.96848,31.53408],[130.96064,31.5307],[130.95393,31.53619],[130.94965,31.53526],[130.94297,31.54098],[130.9387,31.54016],[130.93115,31.54906],[130.92597,31.55346],[130.91984,31.5504],[130.91655,31.54365],[130.91683,31.5379],[130.92008,31.5353],[130.92081,31.52953],[130.91916,31.52289],[130.91927,31.51516],[130.92255,31.51211],[130.91928,31.50607],[130.91498,31.50219],[130.90253,31.50234],[130.90032,31.49932],[130.90153,31.48656],[130.90367,31.48227],[130.90772,31.48094],[130.91132,31.4738],[130.91618,31.4679],[130.92361,31.46906],[130.9284,31.46749],[130.94017,31.4664],[130.9453,31.46433],[130.94958,31.45204],[130.95651,31.43785]],[[130.93884,31.51365],[130.93779,31.50625],[130.93177,31.504],[130.93004,31.50881],[130.93476,31.51382],[130.93884,31.51365]]],[[[130.99405,31.48014],[130.98473,31.4775],[130.98702,31.46725],[130.99284,31.46875],[130.99052,31.47627],[130.99405,31.48014]]]]},"properties":{"pref":"鹿児島県","county":"曽於郡","city":"大崎町","code5":"46468","code6":"464686"}},
{"type":"Feature","geometry":{"type":"MultiPolygon","coordinates":[[[[130.96902,31.36805],[130.97131,31.36667],[130.9705,31.35537],[130.98134,31.3502],[130.98596,31.35291],[130.98664,31.35735],[130.99828,31.35652],[131.0082,31.35951],[131.01643,31.35892],[131.01553,31.37054],[131.01736,31.37367],[131.01602,31.37993],[131.02043,31.39499],[131.00928,31.3967],[131.00374,31.39931],[130.98393,31.3968],[130.9749,31.40526],[130.9652,31.40995],[130.96169,31.41843],[130.95959,31.43576],[130.95651,31.43785],[130.95368,31.43512],[130.95543,31.42484],[130.95266,31.42018],[130.95453,31.4124],[130.95992,31.40718],[130.95921,31.39909],[130.96244,31.39486],[130.96071,31.38804],[130.96166,31.38103],[130.97135,31.37892],[130.96536,31.37302],[130.96902,31.36805]]],[[[131.02536,31.36322],[131.0284,31.3673],[131.03539,31.36789],[131.03464,31.375],[131.03243,31.37769],[131.02242,31.37692],[131.02041,31.36444],[131.02536,31.36322]]]]},"properties":{"pref":"鹿児島県","county":"肝属郡","city":"東串良町","code5":"46482","code6":"464821"}},
{"type":"Feature","geometry":{"type":"Polygon","coordinates":[[[130.79303,31.29571],[130.79578,31.29167],[130.79494,31.2851],[130.79233,31.28301],[130.79307,31.27802],[130.78928,31.26659],[130.78794,31.25662],[130.79026,31.2539],[130.78812,31.24869],[130.77288,31.23868],[130.76861,31.2282],[130.76768,31.22531],[130.77467,31.22446],[130.78163,31.23002],[130.79143,31.22988],[130.80157,31.23514],[130.80991,31.23098],[130.81063,31.22615],[130.81434,31.223],[130.8185,31.22347],[130.82166,31.23801],[130.8281,31.24395],[130.83786,31.24055],[130.83882,31.23544],[130.84278,31.23239],[130.84648,31.225],[130.84958,31.21534],[130.83877,31.21061],[130.83143,31.21264],[130.82389,31.20362],[130.8158,31.20279],[130.80795,31.20635],[130.80749,31.19756],[130.81287,31.19554],[130.81617,31.18606],[130.82079,31.18713],[130.82819,31.17507],[130.83328,31.17178],[130.83194,31.16774],[130.83584,31.16173],[130.8431,31.15786],[130.8463,31.15395],[130.84585,31.14771],[130.83964,31.14542],[130.83202,31.13732],[130.83759,31.12969],[130.8436,31.1266],[130.85644,31.12612],[130.86326,31.12175],[130.87271,31.12778],[130.88225,31.12986],[130.89034,31.13505],[130.89311,31.14082],[130.9096,31.14901],[130.90775,31.15591],[130.91225,31.15809],[130.92486,31.16795],[130.93157,31.17542],[130.93615,31.17633],[130.94204,31.18384],[130.93842,31.19205],[130.93173,31.19546],[130.91851,31.19645],[130.91539,31.19484],[130.91047,31.19992],[130.91052,31.20367],[130.92738,31.22087],[130.9262,31.22779],[130.91693,31.23067],[130.91092,31.23945],[130.90355,31.24252],[130.89944,31.25199],[130.88982,31.24914],[130.88258,31.25875],[130.88035,31.2599],[130.8753,31.26887],[130.8702,31.27086],[130.86209,31.27107],[130.85967,31.27399],[130.86366,31.27792],[130.86313,31.282],[130.86788,31.2894],[130.86726,31.29426],[130.86255,31.29837],[130.84541,31.30071],[130.84042,31.30583],[130.83475,31.30837],[130.82644,31.309],[130.8207,31.30698],[130.80953,31.30967],[130.80647,31.30615],[130.80449,31.29954],[130.79809,31.29956],[130.79303,31.29571]]]},"properties":{"pref":"鹿児島県","county":"肝属郡","city":"錦江町","code5":"46490","code6":"464902"}},
{"type":"Feature","geometry":{"type":"Polygon","coordinates":[[[130.76768,31.22531],[130.76109,31.21691],[130.75736,31.21585],[130.75367,31.21195],[130.75321,31.20321],[130.75728,31.19653],[130.7622,31.19325],[130.76556,31.18731],[130.76676,31.18061],[130.7587,31.16755],[130.75373,31.15104],[130.74412,31.13145],[130.74134,31.13025],[130.73498,31.12041],[130.73099,31.11681],[130.72265,31.11476],[130.71408,31.11488],[130.70194,31.10208],[130.68531,31.09509],[130.68279,31.08892],[130.66788,31.08524],[130.6585,31.07595],[130.65804,31.07135],[130.66934,31.06846],[130.67813,31.06158],[130.67352,31.05652],[130.67714,31.05239],[130.67473,31.04452],[130.67688,31.04275],[130.67688,31.03405],[130.66343,31.01523],[130.66493,31.01175],[130.65669,31.00694],[130.65632,31.00321],[130.66193,30.99775],[130.66659,30.99722],[130.66838,31.00847],[130.67324,31.00942],[130.68286,31.00387],[130.68431,31.00901],[130.68853,31.0146],[130.68385,31.02511],[130.68905,31.02543],[130.69217,31.0225],[130.69721,31.02322],[130.69971,31.0283],[130.70391,31.02776],[130.70724,31.03134],[130.7146,31.02908],[130.71876,31.03349],[130.71582,31.0423],[130.71726,31.0454],[130.7266,31.04579],[130.74257,31.05497],[130.74544,31.0598],[130.75253,31.06136],[130.75854,31.05708],[130.76731,31.06592],[130.77793,31.06606],[130.78338,31.07147],[130.7923,31.0742],[130.79249,31.07888],[130.79799,31.08376],[130.80215,31.08403],[130.80677,31.08091],[130.80825,31.08726],[130.81289,31.0892],[130.82179,31.08736],[130.82843,31.08996],[130.83046,31.09378],[130.84479,31.08974],[130.85563,31.09167],[130.8659,31.09525],[130.87385,31.09501],[130.87729,31.09883],[130.90113,31.11315],[130.89569,31.12123],[130.88552,31.12345],[130.88225,31.12986],[130.87271,31.12778],[130.86326,31.12175],[130.85644,31.12612],[130.8436,31.1266],[130.83759,31.12969],[130.83202,31.13732],[130.83964,31.14542],[130.84585,31.14771],[130.8463,31.15395],[130.8431,31.15786],[130.83584,31.16173],[130.83194,31.16774],[130.83328,31.17178],[130.82819,31.17507],[130.82079,31.18713],[130.81617,31.18606],[130.81287,31.19554],[130.80749,31.19756],[130.80795,31.20635],[130.8158,31.20279],[130.82389,31.20362],[130.83143,31.21264],[130.83877,31.21061],[130.84958,31.21534],[130.84648,31.225],[130.84278,31.23239],[130.83882,31.23544],[130.83786,31.24055],[130.8281,31.24395],[130.82166,31.23801],[130.8185,31.22347],[130.81434,31.223],[130.81063,31.22615],[130.80991,31.23098],[130.80157,31.23514],[130.79143,31.22988],[130.78163,31.23002],[130.77467,31.22446],[130.76768,31.22531]]]},"properties":{"pref":"鹿児島県","county":"肝属郡","city":"南大隅町","code5":"46491","code6":"464911"}},
{"type":"Feature","geometry":{"type":"MultiPolygon","coordinates":[[[[130.9262,31.22779],[130.92738,31.22087],[130.91052,31.20367],[130.91047,31.19992],[130.91539,31.19484],[130.91851,31.19645],[130.93173,31.19546],[130.93842,31.19205],[130.94204,31.18384],[130.93615,31.17633],[130.93157,31.17542],[130.92486,31.16795],[130.91225,31.15809],[130.90775,31.15591],[130.9096,31.14901],[130.89311,31.14082],[130.89034,31.13505],[130.88225,31.12986],[130.88552,31.12345],[130.89569,31.12123],[130.90113,31.11315],[130.91075,31.11247],[130.91591,31.11345],[130.92166,31.12518],[130.92872,31.12342],[130.93976,31.12745],[130.94751,31.13276],[130.95055,31.13303],[130.96271,31.13837],[130.97862,31.15088],[130.97867,31.15716],[130.97167,31.16015],[130.97258,31.16651],[130.97773,31.16887],[130.99336,31.16871],[130.98747,31.17313],[130.98506,31.1786],[130.99239,31.18484],[130.99657,31.18553],[131.00328,31.1898],[131.00434,31.19844],[131.00989,31.20497],[131.0099,31.21079],[131.00648,31.21479],[131.00923,31.2203],[131.01707,31.2283],[131.02825,31.22791],[131.03584,31.22604],[131.04207,31.22834],[131.04998,31.22469],[131.05236,31.22615],[131.06645,31.22792],[131.07706,31.23844],[131.08003,31.24469],[131.08635,31.24971],[131.09597,31.25389],[131.09958,31.25742],[131.10809,31.25946],[131.111,31.26575],[131.12204,31.27102],[131.12969,31.27689],[131.13166,31.28005],[131.13018,31.28476],[131.12154,31.28665],[131.12041,31.28212],[131.1072,31.27565],[131.10333,31.2774],[131.09152,31.27894],[131.08357,31.27473],[131.07617,31.27981],[131.07391,31.28467],[131.07349,31.29149],[131.08644,31.29723],[131.09091,31.30524],[131.09688,31.30709],[131.10734,31.3157],[131.10266,31.31915],[131.10524,31.32285],[131.10561,31.33349],[131.09911,31.3322],[131.09428,31.33443],[131.08268,31.33647],[131.0758,31.34067],[131.06219,31.34139],[131.05172,31.34555],[131.04789,31.34865],[131.03694,31.35178],[131.02329,31.35436],[131.01643,31.35892],[131.0082,31.35951],[130.99828,31.35652],[130.98664,31.35735],[130.98596,31.35291],[130.98134,31.3502],[130.9705,31.35537],[130.97131,31.36667],[130.96902,31.36805],[130.9643,31.36336],[130.95784,31.36477],[130.95255,31.36235],[130.94573,31.36423],[130.94089,31.3608],[130.92931,31.35879],[130.92904,31.3615],[130.91427,31.36739],[130.90775,31.3728],[130.90564,31.3781],[130.90824,31.38463],[130.90766,31.39057],[130.89558,31.39623],[130.8948,31.38875],[130.89736,31.37335],[130.90402,31.36885],[130.90621,31.36144],[130.91455,31.35823],[130.91598,31.34959],[130.91523,31.34185],[130.91671,31.3379],[130.9158,31.33136],[130.91737,31.32595],[130.91742,31.31538],[130.92519,31.30518],[130.92489,31.29736],[130.92792,31.29453],[130.9308,31.28686],[130.92498,31.28053],[130.92965,31.26657],[130.93289,31.26134],[130.93131,31.25557],[130.93763,31.24815],[130.93864,31.24431],[130.93551,31.23371],[130.9262,31.22779]]],[[[131.02536,31.36322],[131.03558,31.36445],[131.03539,31.36789],[131.0284,31.3673],[131.02536,31.36322]]]]},"properties":{"pref":"鹿児島県","county":"肝属郡","city":"肝付町","code5":"46492","code6":"464929"}},
{"type":"Feature","geometry":{"type":"Polygon","coordinates":[[[130.9492,30.63565],[130.95049,30.63246],[130.94981,30.60717],[130.94962,30.60412],[130.95111,30.59898],[130.95205,30.59542],[130.95234,30.595],[130.952,30.5876],[130.94512,30.57118],[130.93461,30.55131],[130.91547,30.51986],[130.90517,30.50545],[130.89579,30.4938],[130.88327,30.48735],[130.88138,30.48163],[130.88564,30.47851],[130.88771,30.4738],[130.90201,30.46724],[130.90357,30.458],[130.90683,30.45098],[130.91674,30.44523],[130.92322,30.44373],[130.93614,30.44864],[130.94126,30.44562],[130.94776,30.45125],[130.95282,30.44757],[130.96326,30.45261],[130.95887,30.45944],[130.96059,30.46283],[130.96856,30.46464],[130.96909,30.47015],[130.96262,30.4786],[130.96397,30.48261],[130.97386,30.49263],[130.97892,30.50183],[130.97934,30.50836],[130.979,30.51506],[130.98502,30.52449],[130.99516,30.53093],[130.99531,30.53752],[130.99765,30.54468],[130.99935,30.54811],[131.0054,30.55111],[131.01254,30.5491],[131.01507,30.55063],[131.02308,30.55504],[131.02808,30.55952],[131.03148,30.5651],[131.03417,30.57411],[131.03302,30.58168],[131.03292,30.58752],[131.02135,30.59726],[131.01262,30.60052],[131.00753,30.60527],[130.99647,30.60837],[130.9852,30.615],[130.98399,30.6179],[130.98791,30.62256],[130.98192,30.62491],[130.97933,30.62986],[130.98024,30.64227],[130.97574,30.64389],[130.96874,30.63915],[130.9539,30.63805],[130.9492,30.63565]]]},"properties":{"pref":"鹿児島県","county":"熊毛郡","city":"中種子町","code5":"46501","code6":"465011"}},
{"type":"Feature","geometry":{"type":"MultiPolygon","coordinates":[[[[130.88138,30.48163],[130.87834,30.47899],[130.87444,30.46802],[130.86954,30.46394],[130.85101,30.46818],[130.84872,30.46499],[130.85251,30.45773],[130.8532,30.4515],[130.85129,30.44839],[130.85383,30.44158],[130.85925,30.43265],[130.86318,30.42386],[130.86581,30.41478],[130.86574,30.41016],[130.86602,30.40735],[130.86627,30.40275],[130.86577,30.3981],[130.86499,30.39432],[130.86488,30.39425],[130.86371,30.38923],[130.86365,30.38915],[130.86369,30.38843],[130.86373,30.3883],[130.85905,30.37922],[130.85748,30.37135],[130.85963,30.36666],[130.86076,30.36132],[130.86876,30.35263],[130.87006,30.34685],[130.87727,30.34455],[130.87954,30.34474],[130.88056,30.34411],[130.88228,30.34377],[130.88272,30.34368],[130.88399,30.34344],[130.88405,30.34377],[130.88434,30.34426],[130.88441,30.34439],[130.88705,30.35229],[130.89323,30.35792],[130.9119,30.36729],[130.94121,30.37602],[130.95637,30.3737],[130.95952,30.37125],[130.96596,30.37491],[130.9628,30.38386],[130.96539,30.39258],[130.97893,30.40258],[130.97203,30.40823],[130.96834,30.41469],[130.9677,30.42187],[130.973,30.4294],[130.97768,30.43293],[130.97867,30.43816],[130.9723,30.44134],[130.97476,30.44552],[130.96326,30.45261],[130.95282,30.44757],[130.94776,30.45125],[130.94126,30.44562],[130.93614,30.44864],[130.92322,30.44373],[130.91674,30.44523],[130.90683,30.45098],[130.90357,30.458],[130.90201,30.46724],[130.88771,30.4738],[130.88564,30.47851],[130.88138,30.48163]]],[[[130.95961,30.3676],[130.95836,30.36828],[130.95901,30.36746],[130.95959,30.36756],[130.95961,30.3676]]],[[[130.97284,30.37175],[130.97278,30.37171],[130.97281,30.3717],[130.97284,30.37175]]],[[[130.85808,30.36838],[130.85785,30.3682],[130.85788,30.36819],[130.85784,30.36803],[130.85801,30.36823],[130.85808,30.36838]]],[[[130.85917,30.36682],[130.85894,30.36664],[130.85891,30.3666],[130.85897,30.36663],[130.85917,30.36682]]],[[[130.85949,30.36514],[130.85939,30.36513],[130.85945,30.36505],[130.85947,30.36511],[130.8595,30.36513],[130.85949,30.36514]]],[[[130.85823,30.36841],[130.85816,30.36834],[130.8582,30.36836],[130.85823,30.36841]]]]},"properties":{"pref":"鹿児島県","county":"熊毛郡","city":"南種子町","code5":"46502","code6":"465020"}},
{"type":"Feature","geometry":{"type":"MultiPolygon","coordinates":[[[[130.49798,30.46947],[130.49352,30.46675],[130.49656,30.45593],[130.49232,30.45407],[130.48895,30.45837],[130.4715,30.46145],[130.46885,30.45736],[130.46312,30.45412],[130.46646,30.44646],[130.4643,30.43724],[130.46004,30.43221],[130.45241,30.4327],[130.44719,30.42859],[130.44417,30.42318],[130.43913,30.4205],[130.43894,30.41491],[130.43069,30.40545],[130.41917,30.39611],[130.40595,30.39756],[130.39057,30.39666],[130.38764,30.39218],[130.38135,30.39356],[130.37738,30.38253],[130.37664,30.37569],[130.38002,30.36553],[130.37965,30.36077],[130.38277,30.35867],[130.3809,30.35122],[130.38431,30.3434],[130.38768,30.34007],[130.38823,30.33391],[130.39203,30.32167],[130.3964,30.31729],[130.40307,30.31595],[130.40527,30.31262],[130.41075,30.29386],[130.41376,30.28809],[130.41201,30.28141],[130.4142,30.27108],[130.42093,30.26768],[130.42693,30.25675],[130.43088,30.2552],[130.43121,30.24978],[130.43644,30.24064],[130.44283,30.23682],[130.47077,30.23318],[130.47674,30.23424],[130.48884,30.22745],[130.49541,30.22701],[130.49824,30.23077],[130.51203,30.2318],[130.51859,30.23048],[130.52164,30.22659],[130.52906,30.22983],[130.53237,30.23407],[130.53797,30.22984],[130.54543,30.23012],[130.55348,30.23468],[130.56949,30.23777],[130.5767,30.23742],[130.58086,30.24027],[130.58556,30.24034],[130.59155,30.24883],[130.59735,30.2488],[130.60472,30.25318],[130.60456,30.25793],[130.6116,30.26546],[130.6155,30.26655],[130.62274,30.27249],[130.62843,30.28053],[130.63406,30.28228],[130.63918,30.28978],[130.64503,30.29462],[130.65366,30.29941],[130.65888,30.3099],[130.65546,30.3132],[130.66028,30.31677],[130.66216,30.32293],[130.66356,30.33933],[130.66719,30.34887],[130.66614,30.35726],[130.67155,30.3718],[130.66825,30.38061],[130.66315,30.38595],[130.6387,30.4012],[130.62976,30.40118],[130.61116,30.40759],[130.60837,30.40676],[130.59934,30.40978],[130.59688,30.41311],[130.5978,30.4174],[130.59247,30.41808],[130.58,30.42479],[130.57325,30.42604],[130.57086,30.43227],[130.55735,30.43788],[130.55237,30.44255],[130.54714,30.44191],[130.54341,30.44713],[130.52175,30.44703],[130.51849,30.45318],[130.51075,30.45595],[130.50384,30.45302],[130.49897,30.46052],[130.49798,30.46947]]],[[[130.14693,30.4903],[130.14558,30.48563],[130.14943,30.48324],[130.14999,30.47892],[130.1548,30.47743],[130.1662,30.4704],[130.17052,30.46144],[130.16879,30.45786],[130.17772,30.45558],[130.18248,30.4568],[130.19153,30.46348],[130.19567,30.46135],[130.19599,30.45635],[130.18983,30.45357],[130.18934,30.44962],[130.19239,30.4441],[130.19262,30.43906],[130.20097,30.43323],[130.2032,30.42812],[130.20998,30.42536],[130.22613,30.42401],[130.23363,30.43067],[130.23453,30.43502],[130.25352,30.43867],[130.26087,30.43305],[130.26372,30.43388],[130.26588,30.43985],[130.26287,30.4478],[130.25332,30.45363],[130.24701,30.4596],[130.24303,30.45976],[130.23535,30.46998],[130.22857,30.46835],[130.22147,30.4736],[130.21332,30.473],[130.20738,30.47832],[130.20026,30.48127],[130.19635,30.47589],[130.19101,30.47187],[130.18603,30.47621],[130.1814,30.48384],[130.16597,30.48459],[130.16525,30.48995],[130.15568,30.48505],[130.14693,30.4903]]]]},"properties":{"pref":"鹿児島県","county":"熊毛郡","city":"屋久島町","code5":"46505","code6":"465054"}},
{"type":"Feature","geometry":{"type":"Polygon","coordinates":[[[129.39484,28.38507],[129.40442,28.37781],[129.40647,28.37337],[129.40562,28.35982],[129.39984,28.35564],[129.39591,28.36819],[129.38772,28.37374],[129.38518,28.36977],[129.37627,28.36385],[129.37002,28.35561],[129.36656,28.35462],[129.35253,28.36069],[129.35186,28.36453],[129.34551,28.36932],[129.33914,28.36851],[129.33588,28.36235],[129.32918,28.35791],[129.32646,28.35005],[129.31661,28.34789],[129.31126,28.34235],[129.31354,28.33583],[129.30506,28.33009],[129.29354,28.32734],[129.28842,28.32812],[129.27549,28.3258],[129.26762,28.32646],[129.25904,28.32342],[129.2652,28.31772],[129.26183,28.31382],[129.26533,28.30689],[129.27349,28.3077],[129.28808,28.3041],[129.29996,28.30769],[129.30333,28.31016],[129.30875,28.3073],[129.31155,28.30096],[129.31744,28.2961],[129.33103,28.29635],[129.34005,28.29398],[129.34229,28.29531],[129.34834,28.29043],[129.34988,28.28611],[129.35394,28.28325],[129.36061,28.28419],[129.36047,28.29334],[129.37016,28.29697],[129.37301,28.29564],[129.38662,28.30311],[129.39453,28.30335],[129.39908,28.3076],[129.40312,28.30596],[129.40734,28.31493],[129.40437,28.32353],[129.40982,28.32688],[129.41906,28.32889],[129.43473,28.3273],[129.43166,28.33272],[129.43052,28.34022],[129.42629,28.34561],[129.42446,28.35186],[129.42639,28.36174],[129.42331,28.3654],[129.42229,28.37205],[129.41162,28.37543],[129.40722,28.37966],[129.40267,28.38009],[129.39484,28.38507]]]},"properties":{"pref":"鹿児島県","county":"大島郡","city":"大和村","code5":"46523","code6":"465232"}},
{"type":"Feature","geometry":{"type":"MultiPolygon","coordinates":[[[[129.36061,28.28419],[129.35394,28.28325],[129.34988,28.28611],[129.34834,28.29043],[129.34229,28.29531],[129.34005,28.29398],[129.33103,28.29635],[129.31744,28.2961],[129.31155,28.30096],[129.30875,28.3073],[129.30333,28.31016],[129.29996,28.30769],[129.28808,28.3041],[129.27349,28.3077],[129.26533,28.30689],[129.26183,28.31382],[129.2652,28.31772],[129.25904,28.32342],[129.25567,28.31792],[129.24555,28.31302],[129.23935,28.31258],[129.23498,28.30829],[129.22833,28.31013],[129.22291,28.30628],[129.2126,28.3026],[129.22182,28.29382],[129.23559,28.28222],[129.23958,28.28495],[129.25112,28.27492],[129.26012,28.27268],[129.26541,28.27527],[129.2632,28.28214],[129.2641,28.28662],[129.26753,28.28856],[129.27301,28.28279],[129.27835,28.28397],[129.28515,28.28297],[129.29348,28.28463],[129.29344,28.28022],[129.29661,28.27805],[129.29499,28.27315],[129.28868,28.2776],[129.27841,28.27627],[129.2738,28.26131],[129.26467,28.26737],[129.26292,28.26141],[129.25514,28.26535],[129.25192,28.26052],[129.25187,28.25442],[129.24519,28.25696],[129.24742,28.26326],[129.2434,28.26709],[129.23533,28.26525],[129.2362,28.26938],[129.23148,28.27304],[129.22727,28.27357],[129.2192,28.2684],[129.21357,28.2687],[129.21562,28.25877],[129.21198,28.2527],[129.20208,28.25598],[129.19937,28.26216],[129.18589,28.26265],[129.17861,28.26924],[129.16792,28.26274],[129.16596,28.25609],[129.14172,28.25743],[129.13489,28.25519],[129.14621,28.25467],[129.15149,28.25038],[129.15707,28.25187],[129.16344,28.24918],[129.17539,28.25071],[129.18302,28.25022],[129.18749,28.2462],[129.18921,28.24158],[129.20206,28.24233],[129.20628,28.23794],[129.22043,28.23969],[129.22625,28.24199],[129.23216,28.23457],[129.24598,28.23714],[129.25954,28.24534],[129.27002,28.24584],[129.2768,28.24902],[129.28518,28.24954],[129.29201,28.24072],[129.30489,28.24045],[129.30897,28.23429],[129.31407,28.23364],[129.32087,28.23848],[129.32688,28.2334],[129.33681,28.2398],[129.34386,28.23829],[129.3467,28.2411],[129.35023,28.25237],[129.35684,28.25645],[129.35928,28.26153],[129.37714,28.27048],[129.37732,28.27292],[129.36651,28.27862],[129.36061,28.28419]]],[[[129.18439,28.30578],[129.17847,28.29742],[129.18903,28.29099],[129.18942,28.28626],[129.19941,28.28647],[129.20744,28.28225],[129.21276,28.28623],[129.22071,28.28514],[129.21736,28.29295],[129.2125,28.29835],[129.20454,28.30138],[129.19874,28.30029],[129.18439,28.30578]]]]},"properties":{"pref":"鹿児島県","county":"大島郡","city":"宇検村","code5":"46524","code6":"465241"}},
{"type":"Feature","geometry":{"type":"MultiPolygon","coordinates":[[[[129.34386,28.23829],[129.33681,28.2398],[129.32688,28.2334],[129.32087,28.23848],[129.31407,28.23364],[129.30897,28.23429],[129.30489,28.24045],[129.29201,28.24072],[129.28518,28.24954],[129.2768,28.24902],[129.27002,28.24584],[129.25954,28.24534],[129.24598,28.23714],[129.23216,28.23457],[129.22625,28.24199],[129.22043,28.23969],[129.20628,28.23794],[129.20206,28.24233],[129.18921,28.24158],[129.18749,28.2462],[129.18302,28.25022],[129.17539,28.25071],[129.16344,28.24918],[129.15707,28.25187],[129.15149,28.25038],[129.14621,28.25467],[129.13489,28.25519],[129.13817,28.25198],[129.14367,28.25166],[129.14331,28.24767],[129.15031,28.24589],[129.15226,28.23681],[129.15831,28.23813],[129.16306,28.24305],[129.16981,28.24278],[129.17332,28.23929],[129.17598,28.22717],[129.17889,28.22401],[129.18012,28.22389],[129.18575,28.22178],[129.19136,28.22681],[129.19829,28.22587],[129.20532,28.21858],[129.2114,28.21923],[129.21149,28.21923],[129.21397,28.22723],[129.21906,28.22866],[129.22183,28.22218],[129.22982,28.21897],[129.23163,28.22089],[129.23905,28.21926],[129.24189,28.21677],[129.24225,28.20904],[129.24562,28.20443],[129.25113,28.20355],[129.25709,28.20508],[129.25693,28.20994],[129.24932,28.21213],[129.25419,28.21936],[129.25194,28.22762],[129.25309,28.23224],[129.26208,28.23207],[129.26252,28.22879],[129.2686,28.22819],[129.27636,28.23246],[129.27625,28.22491],[129.26942,28.22213],[129.26869,28.21862],[129.26205,28.21538],[129.26701,28.21456],[129.27359,28.21601],[129.2803,28.22127],[129.28993,28.22251],[129.29526,28.21954],[129.28455,28.21299],[129.28014,28.20823],[129.27284,28.20727],[129.2728,28.19943],[129.26446,28.19327],[129.26574,28.18944],[129.26271,28.18495],[129.26838,28.18163],[129.27364,28.18176],[129.27446,28.18633],[129.27982,28.18739],[129.28197,28.19055],[129.28943,28.18961],[129.28742,28.18516],[129.28318,28.18217],[129.28474,28.17915],[129.29075,28.18146],[129.29447,28.17812],[129.29136,28.1731],[129.29741,28.17158],[129.29679,28.16791],[129.28722,28.16304],[129.29676,28.16111],[129.29714,28.15794],[129.29146,28.15344],[129.30211,28.15005],[129.30844,28.14491],[129.31593,28.14309],[129.32193,28.13247],[129.32613,28.13545],[129.33089,28.1345],[129.33309,28.12914],[129.33787,28.13227],[129.33794,28.13668],[129.34494,28.1386],[129.34836,28.1311],[129.35604,28.13647],[129.36035,28.13492],[129.36034,28.12676],[129.36386,28.12308],[129.36197,28.12012],[129.37315,28.11279],[129.37684,28.11127],[129.37807,28.10956],[129.37954,28.11039],[129.37898,28.11035],[129.37952,28.11157],[129.37987,28.11221],[129.37994,28.11419],[129.37865,28.11555],[129.37902,28.11777],[129.37731,28.11923],[129.37896,28.1248],[129.37615,28.12685],[129.37175,28.12973],[129.37366,28.13559],[129.36342,28.14882],[129.35735,28.14979],[129.3547,28.15643],[129.3485,28.15905],[129.33701,28.16707],[129.35077,28.17405],[129.35886,28.16929],[129.36815,28.16545],[129.37618,28.16356],[129.38348,28.16485],[129.38634,28.16224],[129.39674,28.15889],[129.40173,28.15614],[129.40494,28.16026],[129.40743,28.175],[129.40806,28.18104],[129.40911,28.18187],[129.40921,28.18201],[129.40259,28.1865],[129.40627,28.19362],[129.41158,28.19145],[129.41542,28.1891],[129.41853,28.18738],[129.42558,28.1922],[129.42562,28.1922],[129.42679,28.19218],[129.4301,28.19345],[129.42544,28.19657],[129.42166,28.2074],[129.41572,28.21349],[129.40686,28.21193],[129.40279,28.21809],[129.39569,28.21611],[129.38934,28.21201],[129.38093,28.21301],[129.37463,28.20541],[129.37114,28.20407],[129.36555,28.21039],[129.36144,28.2121],[129.36333,28.21771],[129.35962,28.2233],[129.34818,28.22801],[129.34386,28.23829]]],[[[129.22051,28.19117],[129.21223,28.1925],[129.20906,28.19719],[129.20434,28.19955],[129.19239,28.19418],[129.18998,28.1876],[129.17619,28.18659],[129.17819,28.1782],[129.1851,28.17373],[129.18827,28.15678],[129.19541,28.15479],[129.19858,28.15112],[129.1991,28.14515],[129.20311,28.14338],[129.20986,28.14647],[129.21418,28.14177],[129.21989,28.13888],[129.21552,28.13457],[129.21432,28.12621],[129.21689,28.11997],[129.21569,28.11256],[129.22113,28.11063],[129.2244,28.09874],[129.22015,28.08808],[129.21522,28.08611],[129.21558,28.07684],[129.222,28.07781],[129.22922,28.08547],[129.22894,28.08917],[129.24069,28.10007],[129.24874,28.09986],[129.24645,28.1081],[129.25022,28.11126],[129.25882,28.10682],[129.26185,28.09923],[129.26148,28.09071],[129.26474,28.08967],[129.2652,28.08313],[129.26131,28.07826],[129.2677,28.07292],[129.26879,28.07002],[129.28355,28.06278],[129.28608,28.06684],[129.28465,28.07397],[129.28812,28.07562],[129.28476,28.08349],[129.29059,28.08516],[129.29151,28.09054],[129.30127,28.08929],[129.30385,28.0867],[129.31386,28.09248],[129.31463,28.09634],[129.32058,28.09675],[129.32539,28.0897],[129.32086,28.08723],[129.31645,28.07632],[129.31559,28.07092],[129.32335,28.06843],[129.32753,28.07241],[129.34023,28.07639],[129.34159,28.08487],[129.35186,28.10049],[129.35354,28.10891],[129.34816,28.10808],[129.34114,28.11383],[129.33727,28.11029],[129.33036,28.11042],[129.32215,28.10393],[129.3069,28.11529],[129.30246,28.12215],[129.29822,28.11055],[129.29475,28.10755],[129.29064,28.10847],[129.28607,28.11679],[129.2891,28.12274],[129.28235,28.12246],[129.27869,28.11527],[129.27494,28.11309],[129.27122,28.11512],[129.2721,28.12092],[129.27094,28.13028],[129.27542,28.1342],[129.27502,28.14204],[129.26718,28.13561],[129.25611,28.13001],[129.25336,28.12379],[129.24532,28.1221],[129.2459,28.12797],[129.24978,28.13066],[129.24898,28.13408],[129.24327,28.13387],[129.24217,28.13759],[129.25046,28.14236],[129.24785,28.14771],[129.25063,28.15314],[129.25677,28.15162],[129.26812,28.1527],[129.27488,28.15112],[129.27446,28.15801],[129.27137,28.16394],[129.26262,28.17061],[129.26153,28.16555],[129.25716,28.16335],[129.25752,28.17221],[129.25362,28.17232],[129.25663,28.16264],[129.25548,28.15903],[129.24538,28.15173],[129.24044,28.15052],[129.23645,28.1536],[129.22699,28.15534],[129.21988,28.16139],[129.2101,28.1672],[129.21461,28.17349],[129.2111,28.17685],[129.20352,28.17952],[129.20517,28.18343],[129.21042,28.18389],[129.21489,28.18755],[129.22379,28.19099],[129.23014,28.19201],[129.23927,28.18495],[129.24288,28.18791],[129.2317,28.19846],[129.22051,28.19117]]],[[[129.21393,28.05498],[129.21184,28.04546],[129.20591,28.04142],[129.20556,28.0343],[129.21035,28.02989],[129.21154,28.02283],[129.22574,28.02523],[129.23502,28.02324],[129.23978,28.01857],[129.24916,28.01725],[129.25332,28.0141],[129.25727,28.00513],[129.26476,28.01069],[129.2694,28.01732],[129.26616,28.02035],[129.26975,28.02599],[129.26934,28.03243],[129.2657,28.03648],[129.25945,28.03147],[129.25431,28.03041],[129.25288,28.03683],[129.24777,28.03945],[129.24303,28.03313],[129.23577,28.03103],[129.23056,28.03408],[129.23169,28.0371],[129.22652,28.04345],[129.21393,28.05498]]],[[[129.17252,28.06886],[129.16615,28.0679],[129.16413,28.06168],[129.15879,28.05976],[129.15663,28.05196],[129.15052,28.04742],[129.14921,28.03609],[129.14616,28.0328],[129.14395,28.02332],[129.14769,28.01394],[129.15376,28.01835],[129.15937,28.01744],[129.16551,28.02142],[129.16383,28.02432],[129.16483,28.03048],[129.17007,28.03739],[129.16536,28.04267],[129.16611,28.04622],[129.17205,28.04868],[129.177,28.0477],[129.16978,28.06222],[129.17252,28.06886]]],[[[129.16467,28.12289],[129.15939,28.12095],[129.16262,28.11596],[129.17104,28.11485],[129.17109,28.11969],[129.16467,28.12289]]],[[[129.27409,28.02698],[129.272,28.02027],[129.27936,28.01962],[129.27409,28.02698]]],[[[129.1707,28.19842],[129.16528,28.19477],[129.17009,28.19172],[129.1707,28.19842]]]]},"properties":{"pref":"鹿児島県","county":"大島郡","city":"瀬戸内町","code5":"46525","code6":"465259"}},
{"type":"Feature","geometry":{"type":"Polygon","coordinates":[[[129.57085,28.34535],[129.57478,28.34801],[129.57652,28.35439],[129.58362,28.35964],[129.58361,28.36338],[129.59313,28.36671],[129.59458,28.37546],[129.5975,28.38066],[129.60352,28.38661],[129.60805,28.38845],[129.61368,28.40096],[129.62851,28.40691],[129.63382,28.40618],[129.64023,28.40859],[129.64738,28.40843],[129.6483,28.42238],[129.64494,28.4266],[129.64342,28.43243],[129.64336,28.42549],[129.6397,28.41672],[129.62907,28.4145],[129.62027,28.41825],[129.61839,28.42432],[129.62044,28.42963],[129.62913,28.43558],[129.62498,28.44944],[129.62089,28.44998],[129.61519,28.44647],[129.61963,28.4392],[129.61794,28.43229],[129.61207,28.43193],[129.61102,28.43521],[129.60304,28.43174],[129.60146,28.42369],[129.60197,28.41527],[129.59374,28.4126],[129.58962,28.41372],[129.59441,28.42178],[129.59253,28.42617],[129.59698,28.42882],[129.59648,28.43574],[129.60646,28.43565],[129.60741,28.43959],[129.605,28.44583],[129.60497,28.45135],[129.60942,28.4558],[129.61503,28.4656],[129.62156,28.46778],[129.61557,28.47752],[129.61303,28.47612],[129.60043,28.47439],[129.59518,28.47491],[129.58836,28.46693],[129.58156,28.46807],[129.5729,28.46363],[129.56999,28.45749],[129.56122,28.45342],[129.55839,28.44793],[129.55386,28.45547],[129.54432,28.46248],[129.5413,28.45954],[129.54373,28.45731],[129.55008,28.44248],[129.5498,28.43478],[129.5466,28.43036],[129.54526,28.42422],[129.54882,28.41693],[129.54534,28.40623],[129.55353,28.40781],[129.55711,28.39949],[129.55552,28.39463],[129.55102,28.39007],[129.55238,28.3823],[129.54179,28.37674],[129.54016,28.3693],[129.53708,28.36599],[129.53079,28.36713],[129.52446,28.35962],[129.52193,28.35391],[129.52981,28.34764],[129.53968,28.3478],[129.54358,28.34364],[129.54708,28.34565],[129.55706,28.34737],[129.56697,28.34788],[129.57085,28.34535]]]},"properties":{"pref":"鹿児島県","county":"大島郡","city":"龍郷町","code5":"46527","code6":"465275"}},
{"type":"Feature","geometry":{"type":"MultiPolygon","coordinates":[[[[129.91734,28.31693],[129.91318,28.31186],[129.91525,28.29649],[129.91974,28.29052],[129.93012,28.29222],[129.93775,28.27808],[129.94376,28.2744],[129.95401,28.27577],[129.95939,28.27975],[129.96458,28.28027],[129.97299,28.28384],[129.97781,28.28801],[129.98743,28.30257],[129.98683,28.30467],[129.9927,28.31322],[129.99956,28.31919],[130.0029,28.33177],[130.00905,28.33593],[130.0177,28.33784],[130.02198,28.34312],[130.02298,28.34861],[130.03012,28.35198],[130.03518,28.36163],[130.03331,28.36927],[130.02745,28.37458],[130.01907,28.37857],[130.00939,28.37626],[130.00268,28.36818],[129.9941,28.36381],[129.98866,28.35587],[129.98343,28.35074],[129.97902,28.34882],[129.97434,28.34266],[129.96757,28.34092],[129.96311,28.33696],[129.9494,28.32827],[129.93814,28.32743],[129.93682,28.32567],[129.92775,28.32464],[129.92311,28.32384],[129.92018,28.32011],[129.91734,28.31693]]],[[[129.95487,28.33235],[129.95486,28.33249],[129.95485,28.3325],[129.95484,28.3324],[129.95487,28.33235]]]]},"properties":{"pref":"鹿児島県","county":"大島郡","city":"喜界町","code5":"46529","code6":"465291"}},
{"type":"Feature","geometry":{"type":"Polygon","coordinates":[[[128.99819,27.69578],[129.00525,27.70055],[129.00324,27.70457],[129.01107,27.71343],[129.01743,27.71411],[129.02167,27.71831],[129.01915,27.72442],[129.02311,27.73645],[129.02235,27.73942],[129.02138,27.74036],[129.026,27.7415],[129.032,27.74784],[129.03669,27.75704],[129.03769,27.76824],[129.03274,27.77521],[129.02276,27.77632],[129.01487,27.7809],[129.01478,27.78644],[129.00954,27.7931],[128.99789,27.80218],[128.99705,27.80575],[128.98602,27.80433],[128.98115,27.81221],[128.9708,27.81599],[128.96642,27.82373],[128.9682,27.83035],[128.97118,27.8314],[128.96988,27.83763],[128.96556,27.84101],[128.9699,27.84516],[128.97165,27.85515],[128.96847,27.85855],[128.96139,27.85802],[128.95672,27.85939],[128.956,27.86281],[128.96523,27.87111],[128.97591,27.8726],[128.96881,27.88634],[128.96954,27.89288],[128.94932,27.88981],[128.93654,27.89178],[128.92761,27.88863],[128.91254,27.89251],[128.90806,27.89258],[128.90696,27.88785],[128.90833,27.87841],[128.9076,27.87201],[128.91373,27.87393],[128.92662,27.86995],[128.92682,27.86574],[128.93003,27.86199],[128.93301,27.85416],[128.92928,27.84989],[128.91685,27.84331],[128.92393,27.82886],[128.92737,27.82381],[128.92366,27.81874],[128.92645,27.81525],[128.93203,27.81303],[128.94304,27.80007],[128.95013,27.8],[128.96103,27.79588],[128.96095,27.79139],[128.9751,27.78403],[128.98223,27.78312],[128.98488,27.78082],[128.97683,27.77195],[128.978,27.76529],[128.9731,27.76159],[128.97359,27.75742],[128.96872,27.75027],[128.95938,27.7489],[128.95471,27.74654],[128.95311,27.73916],[128.95319,27.73427],[128.95088,27.72672],[128.9519,27.72224],[128.96022,27.72252],[128.96287,27.71975],[128.9715,27.72217],[128.97654,27.71443],[128.98316,27.71137],[128.99192,27.70125],[128.99261,27.69825],[128.99819,27.69578]]]},"properties":{"pref":"鹿児島県","county":"大島郡","city":"徳之島町","code5":"46530","code6":"465305"}},
{"type":"Feature","geometry":{"type":"Polygon","coordinates":[[[128.90806,27.89258],[128.90118,27.8933],[128.89694,27.89085],[128.8888,27.87696],[128.89019,27.87338],[128.8883,27.8651],[128.89319,27.86136],[128.89094,27.85638],[128.89194,27.85258],[128.88399,27.83954],[128.88153,27.84648],[128.87912,27.82651],[128.88752,27.81968],[128.89157,27.81942],[128.89063,27.81122],[128.88734,27.80705],[128.89012,27.79637],[128.88817,27.7947],[128.88989,27.78676],[128.89544,27.78344],[128.89503,27.7776],[128.8969,27.7719],[128.90618,27.76549],[128.90636,27.7603],[128.90316,27.75316],[128.90557,27.74981],[128.91163,27.74841],[128.92322,27.74076],[128.94125,27.74175],[128.95311,27.73916],[128.95471,27.74654],[128.95938,27.7489],[128.96872,27.75027],[128.97359,27.75742],[128.9731,27.76159],[128.978,27.76529],[128.97683,27.77195],[128.98488,27.78082],[128.98223,27.78312],[128.9751,27.78403],[128.96095,27.79139],[128.96103,27.79588],[128.95013,27.8],[128.94304,27.80007],[128.93203,27.81303],[128.92645,27.81525],[128.92366,27.81874],[128.92737,27.82381],[128.92393,27.82886],[128.91685,27.84331],[128.92928,27.84989],[128.93301,27.85416],[128.93003,27.86199],[128.92682,27.86574],[128.92662,27.86995],[128.91373,27.87393],[128.9076,27.87201],[128.90833,27.87841],[128.90696,27.88785],[128.90806,27.89258]]]},"properties":{"pref":"鹿児島県","county":"大島郡","city":"天城町","code5":"46531","code6":"465313"}},
{"type":"Feature","geometry":{"type":"Polygon","coordinates":[[[128.95311,27.73916],[128.94125,27.74175],[128.92322,27.74076],[128.91163,27.74841],[128.90557,27.74981],[128.90316,27.75316],[128.89978,27.74489],[128.89974,27.73602],[128.89169,27.73101],[128.88536,27.72452],[128.88102,27.72226],[128.89349,27.70799],[128.89829,27.70836],[128.90516,27.70288],[128.91076,27.70111],[128.91656,27.69625],[128.9198,27.6883],[128.92123,27.67994],[128.92052,27.67423],[128.9258,27.66597],[128.93621,27.661],[128.95261,27.66356],[128.96043,27.66632],[128.96575,27.67097],[128.97476,27.66847],[128.98216,27.66844],[128.98788,27.67115],[128.9976,27.68449],[129.0001,27.69061],[128.99819,27.69578],[128.99261,27.69825],[128.99192,27.70125],[128.98316,27.71137],[128.97654,27.71443],[128.9715,27.72217],[128.96287,27.71975],[128.96022,27.72252],[128.9519,27.72224],[128.95088,27.72672],[128.95319,27.73427],[128.95311,27.73916]]]},"properties":{"pref":"鹿児島県","county":"大島郡","city":"伊仙町","code5":"46532","code6":"465321"}},
{"type":"Feature","geometry":{"type":"Polygon","coordinates":[[[128.62398,27.3622],[128.63161,27.36525],[128.63609,27.36524],[128.64833,27.38065],[128.65657,27.38965],[128.65932,27.39549],[128.66288,27.39561],[128.66494,27.40294],[128.66792,27.40363],[128.67725,27.41412],[128.68712,27.41595],[128.69005,27.41858],[128.70124,27.42386],[128.71374,27.43479],[128.71124,27.43887],[128.70387,27.4406],[128.69146,27.44079],[128.68425,27.43694],[128.68351,27.43362],[128.67872,27.43011],[128.66667,27.42634],[128.66098,27.42324],[128.65495,27.42351],[128.63494,27.40932],[128.62655,27.40826],[128.62123,27.40489],[128.61312,27.4091],[128.60904,27.40473],[128.60365,27.40442],[128.59748,27.4007],[128.59105,27.3995],[128.57765,27.40114],[128.58007,27.39076],[128.57461,27.38142],[128.58073,27.37646],[128.59198,27.37495],[128.59945,27.37999],[128.60863,27.37908],[128.61674,27.37105],[128.62,27.36419],[128.62398,27.3622]]]},"properties":{"pref":"鹿児島県","county":"大島郡","city":"和泊町","code5":"46533","code6":"465330"}},
{"type":"Feature","geometry":{"type":"Polygon","coordinates":[[[128.57765,27.40114],[128.55886,27.39575],[128.54848,27.39743],[128.54111,27.40006],[128.53697,27.40514],[128.52955,27.40199],[128.52361,27.39097],[128.52005,27.37317],[128.5247,27.36244],[128.52965,27.3541],[128.53148,27.3486],[128.54332,27.33722],[128.55021,27.33242],[128.55975,27.32905],[128.56815,27.32986],[128.5925,27.33682],[128.5961,27.33974],[128.60693,27.34467],[128.60895,27.34909],[128.61265,27.34939],[128.61698,27.35618],[128.62398,27.3622],[128.62,27.36419],[128.61674,27.37105],[128.60863,27.37908],[128.59945,27.37999],[128.59198,27.37495],[128.58073,27.37646],[128.57461,27.38142],[128.58007,27.39076],[128.57765,27.40114]]]},"properties":{"pref":"鹿児島県","county":"大島郡","city":"知名町","code5":"46534","code6":"465348"}},
{"type":"Feature","geometry":{"type":"Polygon","coordinates":[[[128.432,27.06811],[128.42127,27.06591],[128.41521,27.05989],[128.41571,27.0576],[128.41149,27.04755],[128.40738,27.0473],[128.39911,27.05127],[128.39553,27.04802],[128.39737,27.03903],[128.40561,27.03829],[128.40942,27.03456],[128.41248,27.02832],[128.41799,27.02944],[128.42298,27.02329],[128.43404,27.02138],[128.4421,27.02133],[128.44529,27.01902],[128.4574,27.02362],[128.45346,27.04043],[128.45511,27.0477],[128.44667,27.05992],[128.44046,27.06582],[128.432,27.06811]]]},"properties":{"pref":"鹿児島県","county":"大島郡","city":"与論町","code5":"46535","code6":"465356"}}
]}